County_and_Quarter,X,County.x,Quarter,Petition_for_Modification,FTA_Warrant,Prison,Probation,Straight_1170h,Split_1170h,Probation_Petition,MS_Petition,PRCS_Petition,Parole_Petition,County.y,Name,Decarceratory,Did_Incumbent_Seek_Reelection,If_Sought_Did_Incumbent_Win,Contested,Election_Year,Notes...election.years...2014..2018..2022.with.New.DA.coming.in.Q1.after..,Total_Sentences,Percentage_Prison,Percentage_Probation,Percentage_Split,Percentage_Straight
Alameda_2013 Q1 Court,1,Alameda,2013 Q1 Court,1985,340,162,628,32,5,1672,1,308,NA,Alameda,Nancy E. O'Malley,1,1,1,0,0,,827,19.588875,75.937122,0.604595,3.869407
Alameda_2013 Q2 Court,2,Alameda,2013 Q2 Court,2026,403,191,755,16,4,1750,9,370,NA,Alameda,Nancy E. O'Malley,1,1,1,0,0,,966,19.772257,78.15735,0.414079,1.656315
Alameda_2013 Q3 Court,3,Alameda,2013 Q3 Court,2137,398,165,742,28,4,1838,12,334,153,Alameda,Nancy E. O'Malley,1,1,1,0,0,,939,17.571885,79.020234,0.425985,2.981896
Alameda_2013 Q4 Court,4,Alameda,2013 Q4 Court,1921,404,202,749,31,2,1823,19,236,170,Alameda,Nancy E. O'Malley,1,1,1,0,0,,984,20.528455,76.117886,0.203252,3.150407
Alameda_2014 Q1 Court,5,Alameda,2014 Q1 Court,1980,220,244,624,47,1,878,3,150,211,Alameda,Nancy E. O'Malley,1,1,1,0,0,,916,26.637555,68.122271,0.10917,5.131004
Alameda_2014 Q2 Court,6,Alameda,2014 Q2 Court,2072,233,270,689,27,5,1231,2,163,229,Alameda,Nancy E. O'Malley,1,1,1,0,0,,991,27.245207,69.525732,0.504541,2.724521
Alameda_2014 Q3 Court,7,Alameda,2014 Q3 Court,2001,268,169,674,22,1,1065,1,180,214,Alameda,Nancy E. O'Malley,1,1,1,0,1,,866,19.515012,77.829099,0.115473,2.540416
Alameda_2014 Q4 Court,8,Alameda,2014 Q4 Court,1599,255,209,660,40,5,923,0,165,177,Alameda,Nancy E. O'Malley,1,1,1,0,1,,914,22.866521,72.210066,0.547046,4.376368
Alameda_2015 Q1 Court,9,Alameda,2015 Q1 Court,1815,221,155,748,28,14,1054,0,140,153,Alameda,Nancy E. O'Malley,1,1,1,1,0,,945,16.402116,79.153439,1.481481,2.962963
Alameda_2015 Q2 Court,10,Alameda,2015 Q2 Court,1749,238,232,636,43,6,1115,3,199,124,Alameda,Nancy E. O'Malley,1,1,1,1,0,,917,25.299891,69.356598,0.654308,4.689204
Alameda_2015 Q3 Court,11,Alameda,2015 Q3 Court,1848,252,254,658,36,3,1116,2,171,157,Alameda,Nancy E. O'Malley,1,1,1,1,0,,951,26.708728,69.190326,0.315457,3.785489
Alameda_2015 Q4 Court,12,Alameda,2015 Q4 Court,1758,250,271,676,39,11,1093,2,152,146,Alameda,Nancy E. O'Malley,1,1,1,1,0,,997,27.181545,67.80341,1.10331,3.911735
Alameda_2016 Q1 Court,13,Alameda,2016 Q1 Court,1812,279,227,661,30,8,1019,2,188,129,Alameda,Nancy E. O'Malley,1,1,1,1,0,,926,24.514039,71.382289,0.863931,3.239741
Alameda_2016 Q2 Court,14,Alameda,2016 Q2 Court,1865,229,203,722,37,7,858,2,193,129,Alameda,Nancy E. O'Malley,1,1,1,1,0,,969,20.949432,74.509804,0.722394,3.818369
Alameda_2016 Q3 Court,15,Alameda,2016 Q3 Court,1912,183,193,951,3,4,1843,2,148,173,Alameda,Nancy E. O'Malley,1,1,1,1,0,,1151,16.768028,82.623805,0.347524,0.260643
Alameda_2016 Q4 Court,16,Alameda,2016 Q4 Court,1521,157,131,942,8,1,1491,0,151,121,Alameda,Nancy E. O'Malley,1,1,1,1,0,,1082,12.107209,87.060998,0.092421,0.739372
Alameda_2017 Q1 Court,17,Alameda,2017 Q1 Court,1477,205,186,1222,6,4,1711,0,205,168,Alameda,Nancy E. O'Malley,1,1,1,1,0,,1418,13.117066,86.177715,0.282087,0.423131
Alameda_2017 Q2 Court,18,Alameda,2017 Q2 Court,1546,225,229,1241,1,4,1809,2,198,161,Alameda,Nancy E. O'Malley,1,1,1,1,0,,1475,15.525424,84.135593,0.271186,0.067797
Alameda_2017 Q3 Court,19,Alameda,2017 Q3 Court,1450,193,180,1049,5,1,1605,0,211,156,Alameda,Nancy E. O'Malley,1,1,1,1,0,,1235,14.574899,84.939271,0.080972,0.404858
Alameda_2017 Q4 Court,20,Alameda,2017 Q4 Court,1444,224,181,965,3,2,1505,0,166,179,Alameda,Nancy E. O'Malley,1,1,1,1,0,,1151,15.725456,83.840139,0.173762,0.260643
Alameda_2018 Q1 Court,21,Alameda,2018 Q1 Court,1456,271,180,1155,3,3,1804,2,193,218,Alameda,Nancy E. O'Malley,1,1,1,1,0,,1341,13.422819,86.129754,0.223714,0.223714
Alameda_2018 Q2 Court,22,Alameda,2018 Q2 Court,1345,269,141,1053,0,1,1583,2,168,163,Alameda,Nancy E. O'Malley,1,1,1,1,0,,1195,11.799163,88.117155,0.083682,0.0
Alameda_2018 Q3 Court,23,Alameda,2018 Q3 Court,1302,256,139,916,0,0,1308,0,153,208,Alameda,Nancy E. O'Malley,1,1,1,1,1,,1055,13.175355,86.824645,0.0,0.0
Alameda_2018 Q4 Court,24,Alameda,2018 Q4 Court,1375,258,147,921,0,0,1489,2,126,192,Alameda,Nancy E. O'Malley,1,1,1,1,1,,1068,13.764045,86.235955,0.0,0.0
Alameda_2019 Q1 Court,25,Alameda,2019 Q1 Court,1315,264,170,920,0,1,1374,2,142,218,Alameda,Nancy E. O'Malley,1,0,NA,NA,0,,1091,15.582035,84.326306,0.091659,0.0
Alameda_2019 Q2 Court,26,Alameda,2019 Q2 Court,1397,229,161,888,0,0,1486,2,176,225,Alameda,Nancy E. O'Malley,1,0,NA,NA,0,,1049,15.34795,84.65205,0.0,0.0
Alameda_2019 Q3 Court,27,Alameda,2019 Q3 Court,1578,295,137,891,1,0,1678,0,145,241,Alameda,Nancy E. O'Malley,1,0,NA,NA,0,,1029,13.313897,86.588921,0.0,0.097182
Alameda_2019 Q4 Court,28,Alameda,2019 Q4 Court,1379,293,141,954,0,0,1455,2,76,212,Alameda,Nancy E. O'Malley,1,0,NA,NA,0,,1095,12.876712,87.123288,0.0,0.0
Alameda_2020 Q1 Court,29,Alameda,2020 Q1 Court,1369,270,118,815,0,1,1627,0,72,191,Alameda,Nancy E. O'Malley,1,0,NA,NA,0,,934,12.633833,87.259101,0.107066,0.0
Alameda_2020 Q2 Court,30,Alameda,2020 Q2 Court,1201,36,35,217,0,0,1164,0,86,112,Alameda,Nancy E. O'Malley,1,0,NA,NA,0,,252,13.888889,86.111111,0.0,0.0
Alameda_2020 Q3 Court,31,Alameda,2020 Q3 Court,1443,369,77,540,0,0,1391,0,62,181,Alameda,Nancy E. O'Malley,1,0,NA,NA,0,,617,12.479741,87.520259,0.0,0.0
Alameda_2020 Q4 Court,32,Alameda,2020 Q4 Court,1456,511,43,317,0,1,958,0,37,110,Alameda,Nancy E. O'Malley,1,0,NA,NA,0,,361,11.911357,87.811634,0.277008,0.0
Alameda_2021 Q1 Court,33,Alameda,2021 Q1 Court,1522,580,66,496,0,0,977,0,110,137,Alameda,Nancy E. O'Malley,1,0,NA,NA,0,,562,11.743772,88.256228,0.0,0.0
Alameda_2021 Q2 Court,34,Alameda,2021 Q2 Court,1306,592,84,549,0,0,771,0,60,149,Alameda,Nancy E. O'Malley,1,0,NA,NA,0,,633,13.270142,86.729858,0.0,0.0
Alameda_2021 Q3 Court,35,Alameda,2021 Q3 Court,1335,565,69,560,0,1,631,0,74,132,Alameda,Nancy E. O'Malley,1,0,NA,NA,0,,630,10.952381,88.888889,0.15873,0.0
Alameda_2021 Q4 Court,36,Alameda,2021 Q4 Court,1285,508,101,631,0,0,694,0,73,148,Alameda,Nancy E. O'Malley,1,0,NA,NA,0,,732,13.797814,86.202186,0.0,0.0
Alameda_2022 Q1 Court,37,Alameda,2022 Q1 Court,1441,570,109,752,1,1,724,0,64,112,Alameda,Nancy E. O'Malley,1,0,NA,1,0,,863,12.630359,87.137891,0.115875,0.115875
Alameda_2022 Q2 Court,38,Alameda,2022 Q2 Court,1404,571,119,680,0,0,780,0,61,115,Alameda,Nancy E. O'Malley,1,0,NA,1,0,,799,14.893617,85.106383,0.0,0.0
Alameda_2022 Q3 Court,39,Alameda,2022 Q3 Court,1449,579,116,686,0,0,1060,3,66,135,Alameda,Nancy E. O'Malley,1,0,NA,1,1,,802,14.46384,85.53616,0.0,0.0
Alameda_2022 Q4 Court,40,Alameda,2022 Q4 Court,1178,425,128,649,0,0,969,3,45,77,Alameda,Nancy E. O'Malley,1,0,NA,1,1,,777,16.473616,83.526384,0.0,0.0
Alameda_2023 Q1 Court,41,Alameda,2023 Q1 Court,1077,375,93,711,0,0,1125,2,59,106,Alameda,Pamela Y. Price,1,NA,NA,NA,0,,804,11.567164,88.432836,0.0,0.0
Alameda_2023 Q2 Court,42,Alameda,2023 Q2 Court,1087,356,123,616,0,0,1192,1,57,129,,,,,,,,,739,16.644114,83.355886,0.0,0.0
Alameda_2023 Q3 Court,43,Alameda,2023 Q3 Court,1043,359,95,566,0,0,1220,3,32,106,,,,,,,,,661,14.372163,85.627837,0.0,0.0
Alameda_2023 Q4 Court,44,Alameda,2023 Q4 Court,1027,368,78,466,0,0,1198,0,46,106,,,,,,,,,544,14.338235,85.661765,0.0,0.0
Alameda_2024 Q1 Court,45,Alameda,2024 Q1 Court,1198,506,102,499,0,0,946,0,64,162,,,,,,,,,601,16.971714,83.028286,0.0,0.0
Alameda_2024 Q2 Court,46,Alameda,2024 Q2 Court,1164,506,113,462,1,0,961,1,68,140,,,,,,,,,576,19.618056,80.208333,0.0,0.173611
Alameda_2024 Q3 Court,47,Alameda,2024 Q3 Court,1177,477,90,450,0,0,938,0,82,134,,,,,,,,,540,16.666667,83.333333,0.0,0.0
Alameda_2024 Q4 Court,48,Alameda,2024 Q4 Court,1220,429,104,429,0,0,749,0,76,120,,,,,,,,,533,19.512195,80.487805,0.0,0.0
Alpine_2013 Q1 Court,49,Alpine,2013 Q1 Court,0,0,0,3,0,0,NA,0,1,0,Alpine,Terese Drabec,0,0,NA,NA,0,,3,0.0,100.0,0.0,0.0
Alpine_2013 Q2 Court,50,Alpine,2013 Q2 Court,1,0,0,1,0,0,2,1,1,0,Alpine,Terese Drabec,0,0,NA,NA,0,,1,0.0,100.0,0.0,0.0
Alpine_2013 Q3 Court,51,Alpine,2013 Q3 Court,1,1,0,0,0,0,2,2,0,0,Alpine,Terese Drabec,0,0,NA,NA,0,,,,,,
Alpine_2013 Q4 Court,52,Alpine,2013 Q4 Court,2,NA,NA,NA,NA,NA,NA,NA,NA,NA,Alpine,Terese Drabec,0,0,NA,NA,0,,,,,,
Alpine_2014 Q1 Court,53,Alpine,2014 Q1 Court,0,0,0,0,0,0,0,0,0,0,Alpine,Terese Drabec,0,0,NA,0,0,,,,,,
Alpine_2014 Q2 Court,54,Alpine,2014 Q2 Court,0,0,0,0,0,0,0,0,0,1,Alpine,Terese Drabec,0,0,NA,0,0,,,,,,
Alpine_2014 Q3 Court,55,Alpine,2014 Q3 Court,2,NA,NA,NA,NA,NA,NA,NA,NA,NA,Alpine,Terese Drabec,0,0,NA,0,1,,,,,,
Alpine_2014 Q4 Court,56,Alpine,2014 Q4 Court,1,NA,NA,NA,NA,NA,NA,NA,NA,NA,Alpine,Terese Drabec,0,0,NA,0,1,,,,,,
Alpine_2015 Q1 Court,57,Alpine,2015 Q1 Court,4,NA,NA,NA,NA,NA,NA,NA,NA,NA,Alpine,Karen Dustman,0,0,NA,NA,0,,,,,,
Alpine_2015 Q2 Court,58,Alpine,2015 Q2 Court,4,NA,NA,NA,NA,NA,NA,NA,NA,NA,Alpine,Karen Dustman,0,0,NA,NA,0,,,,,,
Alpine_2015 Q3 Court,59,Alpine,2015 Q3 Court,1,NA,NA,NA,NA,NA,NA,NA,NA,NA,Alpine,Karen Dustman,0,0,NA,NA,0,,,,,,
Alpine_2015 Q4 Court,60,Alpine,2015 Q4 Court,4,NA,NA,NA,NA,NA,NA,NA,NA,NA,Alpine,Karen Dustman,0,0,NA,NA,0,,,,,,
Alpine_2016 Q1 Court,61,Alpine,2016 Q1 Court,7,NA,NA,NA,NA,NA,NA,NA,NA,NA,Alpine,Karen Dustman,0,0,NA,NA,0,,,,,,
Alpine_2016 Q2 Court,62,Alpine,2016 Q2 Court,5,0,0,0,0,0,0,0,0,0,Alpine,Karen Dustman,0,0,NA,NA,0,,,,,,
Alpine_2016 Q3 Court,63,Alpine,2016 Q3 Court,0,0,0,0,0,0,7,0,0,0,Alpine,Karen Dustman,0,0,NA,NA,0,,,,,,
Alpine_2016 Q4 Court,64,Alpine,2016 Q4 Court,2,0,0,0,0,0,3,0,1,0,Alpine,Karen Dustman,0,0,NA,NA,0,,,,,,
Alpine_2017 Q1 Court,65,Alpine,2017 Q1 Court,2,0,0,1,1,0,5,0,0,0,Alpine,Karen Dustman,0,0,NA,NA,0,,2,0.0,50.0,0.0,50.0
Alpine_2017 Q2 Court,66,Alpine,2017 Q2 Court,8,0,0,0,0,0,7,0,0,0,Alpine,Karen Dustman,0,0,NA,NA,0,,,,,,
Alpine_2017 Q3 Court,67,Alpine,2017 Q3 Court,2,0,0,1,0,0,4,0,0,0,Alpine,Karen Dustman,0,0,NA,NA,0,,1,0.0,100.0,0.0,0.0
Alpine_2017 Q4 Court,68,Alpine,2017 Q4 Court,5,0,0,2,0,0,6,0,0,1,Alpine,Karen Dustman,0,0,NA,NA,0,,2,0.0,100.0,0.0,0.0
Alpine_2018 Q1 Court,69,Alpine,2018 Q1 Court,1,1,1,2,0,0,3,0,0,0,Alpine,Karen Dustman,0,0,NA,0,0,,3,33.333333,66.666667,0.0,0.0
Alpine_2018 Q2 Court,70,Alpine,2018 Q2 Court,3,0,0,0,0,0,4,0,0,0,Alpine,Karen Dustman,0,0,NA,0,0,,,,,,
Alpine_2018 Q3 Court,71,Alpine,2018 Q3 Court,5,0,0,1,0,0,1,0,0,0,Alpine,Karen Dustman,0,0,NA,0,1,,1,0.0,100.0,0.0,0.0
Alpine_2018 Q4 Court,72,Alpine,2018 Q4 Court,3,3,0,1,0,0,1,0,0,0,Alpine,Karen Dustman,0,0,NA,0,1,,1,0.0,100.0,0.0,0.0
Alpine_2019 Q1 Court,73,Alpine,2019 Q1 Court,8,0,0,1,0,0,1,0,0,0,Alpine,Michael Atwell,0,0,NA,NA,0,,1,0.0,100.0,0.0,0.0
Alpine_2019 Q2 Court,74,Alpine,2019 Q2 Court,4,2,1,0,0,0,0,0,0,1,Alpine,Michael Atwell,0,0,NA,NA,0,,1,100.0,0.0,0.0,0.0
Alpine_2019 Q3 Court,75,Alpine,2019 Q3 Court,7,0,0,1,0,0,1,0,0,0,Alpine,Michael Atwell,0,0,NA,NA,0,,1,0.0,100.0,0.0,0.0
Alpine_2019 Q4 Court,76,Alpine,2019 Q4 Court,6,0,0,1,0,0,2,0,0,0,Alpine,Michael Atwell,0,0,NA,NA,0,,1,0.0,100.0,0.0,0.0
Alpine_2020 Q1 Court,77,Alpine,2020 Q1 Court,3,0,1,2,0,0,0,0,0,0,Alpine,Michael Atwell,0,0,NA,NA,0,,3,33.333333,66.666667,0.0,0.0
Alpine_2020 Q2 Court,78,Alpine,2020 Q2 Court,0,0,0,1,0,0,0,0,0,0,Alpine,Michael Atwell,0,0,NA,NA,0,,1,0.0,100.0,0.0,0.0
Alpine_2020 Q3 Court,79,Alpine,2020 Q3 Court,1,1,0,0,0,0,1,0,0,0,Alpine,Michael Atwell,0,0,NA,NA,0,,,,,,
Alpine_2020 Q4 Court,80,Alpine,2020 Q4 Court,3,0,0,0,0,0,0,0,0,0,Alpine,Michael Atwell,0,0,NA,NA,0,,,,,,
Alpine_2021 Q1 Court,81,Alpine,2021 Q1 Court,3,1,0,0,0,0,0,0,0,1,Alpine,Michael Atwell,0,0,NA,NA,0,,,,,,
Alpine_2021 Q2 Court,82,Alpine,2021 Q2 Court,2,0,0,0,0,0,2,0,0,0,Alpine,Michael Atwell,0,0,NA,NA,0,,,,,,
Alpine_2021 Q3 Court,83,Alpine,2021 Q3 Court,1,0,0,0,0,0,0,0,0,0,Alpine,Michael Atwell,0,0,NA,NA,0,,,,,,
Alpine_2021 Q4 Court,84,Alpine,2021 Q4 Court,6,0,0,3,0,0,0,0,0,0,Alpine,Michael Atwell,0,0,NA,NA,0,,3,0.0,100.0,0.0,0.0
Alpine_2022 Q1 Court,85,Alpine,2022 Q1 Court,1,1,0,1,0,0,0,0,0,0,Alpine,Michael Atwell,0,0,NA,0,0,,1,0.0,100.0,0.0,0.0
Alpine_2022 Q2 Court,86,Alpine,2022 Q2 Court,3,0,0,0,0,0,2,0,0,0,Alpine,Michael Atwell,0,0,NA,0,0,,,,,,
Alpine_2022 Q3 Court,87,Alpine,2022 Q3 Court,7,0,0,0,0,0,3,0,0,2,Alpine,Michael Atwell,0,0,NA,0,1,,,,,,
Alpine_2022 Q4 Court,88,Alpine,2022 Q4 Court,1,0,0,0,0,0,0,0,0,0,Alpine,Michael Atwell,0,0,NA,0,1,,,,,,
Alpine_2023 Q1 Court,89,Alpine,2023 Q1 Court,1,0,0,0,1,0,2,0,0,0,Alpine,Robert Priscaro,0,1,1,0,0,,1,0.0,0.0,0.0,100.0
Alpine_2023 Q2 Court,90,Alpine,2023 Q2 Court,8,2,0,0,0,0,0,0,0,0,,,,,,,,,,,,,
Alpine_2023 Q3 Court,91,Alpine,2023 Q3 Court,1,2,0,3,0,0,1,0,0,0,,,,,,,,,3,0.0,100.0,0.0,0.0
Alpine_2023 Q4 Court,92,Alpine,2023 Q4 Court,2,1,0,0,0,0,1,0,0,0,,,,,,,,,,,,,
Alpine_2024 Q1 Court,93,Alpine,2024 Q1 Court,5,1,0,0,0,0,1,0,0,0,,,,,,,,,,,,,
Alpine_2024 Q2 Court,94,Alpine,2024 Q2 Court,0,0,0,0,0,0,1,0,0,0,,,,,,,,,,,,,
Alpine_2024 Q3 Court,95,Alpine,2024 Q3 Court,0,0,0,0,0,0,1,0,0,0,,,,,,,,,,,,,
Alpine_2024 Q4 Court,96,Alpine,2024 Q4 Court,2,0,0,0,0,0,1,0,0,0,,,,,,,,,,,,,
Amador_2013 Q1 Court,97,Amador,2013 Q1 Court,107,NA,16,36,8,NA,NA,1,4,NA,Amador,Todd Riebe,1,1,1,0,0,,,,,,
Amador_2013 Q2 Court,98,Amador,2013 Q2 Court,158,20,33,25,3,3,55,1,3,0,Amador,Todd Riebe,1,1,1,0,0,,64,51.5625,39.0625,4.6875,4.6875
Amador_2013 Q3 Court,99,Amador,2013 Q3 Court,145,36,20,32,3,0,49,10,2,1,Amador,Todd Riebe,1,1,1,0,0,,55,36.363636,58.181818,0.0,5.454545
Amador_2013 Q4 Court,100,Amador,2013 Q4 Court,133,45,33,43,8,0,51,3,3,5,Amador,Todd Riebe,1,1,1,0,0,,84,39.285714,51.190476,0.0,9.52381
Amador_2014 Q1 Court,101,Amador,2014 Q1 Court,138,47,17,32,5,0,113,0,2,2,Amador,Todd Riebe,1,1,1,0,0,,54,31.481481,59.259259,0.0,9.259259
Amador_2014 Q2 Court,102,Amador,2014 Q2 Court,156,42,21,24,3,0,102,3,5,3,Amador,Todd Riebe,1,1,1,0,0,,48,43.75,50.0,0.0,6.25
Amador_2014 Q3 Court,103,Amador,2014 Q3 Court,167,42,17,18,6,3,68,0,2,2,Amador,Todd Riebe,1,1,1,0,1,,44,38.636364,40.909091,6.818182,13.636364
Amador_2014 Q4 Court,104,Amador,2014 Q4 Court,168,19,20,19,2,0,59,0,6,0,Amador,Todd Riebe,1,1,1,0,1,,41,48.780488,46.341463,0.0,4.878049
Amador_2015 Q1 Court,105,Amador,2015 Q1 Court,80,14,36,16,4,0,49,2,6,1,Amador,Todd Riebe,1,1,1,0,0,,56,64.285714,28.571429,0.0,7.142857
Amador_2015 Q2 Court,106,Amador,2015 Q2 Court,122,19,23,12,2,0,32,1,10,0,Amador,Todd Riebe,1,1,1,0,0,,37,62.162162,32.432432,0.0,5.405405
Amador_2015 Q3 Court,107,Amador,2015 Q3 Court,126,32,29,8,2,0,42,2,7,0,Amador,Todd Riebe,1,1,1,0,0,,39,74.358974,20.512821,0.0,5.128205
Amador_2015 Q4 Court,108,Amador,2015 Q4 Court,127,30,30,10,2,0,25,6,6,2,Amador,Todd Riebe,1,1,1,0,0,,42,71.428571,23.809524,0.0,4.761905
Amador_2016 Q1 Court,109,Amador,2016 Q1 Court,125,32,42,16,0,0,47,5,3,2,Amador,Todd Riebe,1,1,1,0,0,,58,72.413793,27.586207,0.0,0.0
Amador_2016 Q2 Court,110,Amador,2016 Q2 Court,100,24,42,18,3,0,42,2,2,0,Amador,Todd Riebe,1,1,1,0,0,,63,66.666667,28.571429,0.0,4.761905
Amador_2016 Q3 Court,111,Amador,2016 Q3 Court,140,26,31,13,0,0,38,3,8,0,Amador,Todd Riebe,1,1,1,0,0,,44,70.454545,29.545455,0.0,0.0
Amador_2016 Q4 Court,112,Amador,2016 Q4 Court,91,26,36,27,1,0,31,0,11,2,Amador,Todd Riebe,1,1,1,0,0,,64,56.25,42.1875,0.0,1.5625
Amador_2017 Q1 Court,113,Amador,2017 Q1 Court,120,31,38,24,NA,NA,41,2,4,NA,Amador,Todd Riebe,1,1,1,0,0,,,,,,
Amador_2017 Q2 Court,114,Amador,2017 Q2 Court,119,26,28,23,NA,NA,37,2,8,1,Amador,Todd Riebe,1,1,1,0,0,,,,,,
Amador_2017 Q3 Court,115,Amador,2017 Q3 Court,144,21,31,25,0,0,34,0,4,4,Amador,Todd Riebe,1,1,1,0,0,,56,55.357143,44.642857,0.0,0.0
Amador_2017 Q4 Court,116,Amador,2017 Q4 Court,125,26,37,10,NA,NA,28,1,10,NA,Amador,Todd Riebe,1,1,1,0,0,,,,,,
Amador_2018 Q1 Court,117,Amador,2018 Q1 Court,103,16,30,30,0,0,22,3,7,1,Amador,Todd Riebe,1,1,1,0,0,,60,50.0,50.0,0.0,0.0
Amador_2018 Q2 Court,118,Amador,2018 Q2 Court,144,24,34,22,0,0,29,1,7,1,Amador,Todd Riebe,1,1,1,0,0,,56,60.714286,39.285714,0.0,0.0
Amador_2018 Q3 Court,119,Amador,2018 Q3 Court,138,14,39,26,0,0,30,1,5,1,Amador,Todd Riebe,1,1,1,0,1,,65,60.0,40.0,0.0,0.0
Amador_2018 Q4 Court,120,Amador,2018 Q4 Court,98,15,41,15,1,0,21,0,6,0,Amador,Todd Riebe,1,1,1,0,1,,57,71.929825,26.315789,0.0,1.754386
Amador_2019 Q1 Court,121,Amador,2019 Q1 Court,123,22,32,19,0,0,18,0,4,0,Amador,Todd Riebe,1,1,1,0,0,,51,62.745098,37.254902,0.0,0.0
Amador_2019 Q2 Court,122,Amador,2019 Q2 Court,141,24,34,15,0,0,23,0,3,0,Amador,Todd Riebe,1,1,1,0,0,,49,69.387755,30.612245,0.0,0.0
Amador_2019 Q3 Court,123,Amador,2019 Q3 Court,189,19,30,18,0,0,32,0,6,1,Amador,Todd Riebe,1,1,1,0,0,,48,62.5,37.5,0.0,0.0
Amador_2019 Q4 Court,124,Amador,2019 Q4 Court,143,15,45,26,0,0,26,1,8,1,Amador,Todd Riebe,1,1,1,0,0,,71,63.380282,36.619718,0.0,0.0
Amador_2020 Q1 Court,125,Amador,2020 Q1 Court,139,22,55,19,0,0,38,2,7,1,Amador,Todd Riebe,1,1,1,0,0,,74,74.324324,25.675676,0.0,0.0
Amador_2020 Q2 Court,126,Amador,2020 Q2 Court,116,9,10,14,0,0,24,1,2,0,Amador,Todd Riebe,1,1,1,0,0,,24,41.666667,58.333333,0.0,0.0
Amador_2020 Q3 Court,127,Amador,2020 Q3 Court,178,45,26,27,0,0,31,1,7,1,Amador,Todd Riebe,1,1,1,0,0,,53,49.056604,50.943396,0.0,0.0
Amador_2020 Q4 Court,128,Amador,2020 Q4 Court,135,34,12,12,0,0,27,2,7,1,Amador,Todd Riebe,1,1,1,0,0,,24,50.0,50.0,0.0,0.0
Amador_2021 Q1 Court,129,Amador,2021 Q1 Court,158,38,24,18,0,0,36,1,8,0,Amador,Todd Riebe,1,1,1,0,0,,42,57.142857,42.857143,0.0,0.0
Amador_2021 Q2 Court,130,Amador,2021 Q2 Court,145,58,32,11,0,0,35,1,6,1,Amador,Todd Riebe,1,1,1,0,0,,43,74.418605,25.581395,0.0,0.0
Amador_2021 Q3 Court,131,Amador,2021 Q3 Court,161,42,26,27,0,0,17,0,5,1,Amador,Todd Riebe,1,1,1,0,0,,53,49.056604,50.943396,0.0,0.0
Amador_2021 Q4 Court,132,Amador,2021 Q4 Court,109,32,34,27,0,0,27,1,3,0,Amador,Todd Riebe,1,1,1,0,0,,61,55.737705,44.262295,0.0,0.0
Amador_2022 Q1 Court,133,Amador,2022 Q1 Court,119,26,24,12,0,0,8,0,3,1,Amador,Todd Riebe,1,1,1,0,0,,36,66.666667,33.333333,0.0,0.0
Amador_2022 Q2 Court,134,Amador,2022 Q2 Court,98,32,29,23,NA,NA,12,1,6,NA,Amador,Todd Riebe,1,1,1,0,0,,,,,,
Amador_2022 Q3 Court,135,Amador,2022 Q3 Court,118,51,24,29,0,2,14,0,5,3,Amador,Todd Riebe,1,1,1,0,1,,55,43.636364,52.727273,3.636364,0.0
Amador_2022 Q4 Court,136,Amador,2022 Q4 Court,140,36,21,14,0,0,5,3,5,0,Amador,Todd Riebe,1,1,1,0,1,,35,60.0,40.0,0.0,0.0
Amador_2023 Q1 Court,137,Amador,2023 Q1 Court,173,42,13,43,3,2,18,2,4,2,Amador,Todd Riebe,1,1,1,0,0,,61,21.311475,70.491803,3.278689,4.918033
Amador_2023 Q2 Court,138,Amador,2023 Q2 Court,130,46,15,36,3,0,13,1,9,2,,,,,,,,,54,27.777778,66.666667,0.0,5.555556
Amador_2023 Q3 Court,139,Amador,2023 Q3 Court,190,74,12,31,3,0,8,0,5,1,,,,,,,,,46,26.086957,67.391304,0.0,6.521739
Amador_2023 Q4 Court,140,Amador,2023 Q4 Court,108,43,15,33,2,0,10,0,6,0,,,,,,,,,50,30.0,66.0,0.0,4.0
Amador_2024 Q1 Court,141,Amador,2024 Q1 Court,81,24,21,33,0,0,8,0,6,1,,,,,,,,,54,38.888889,61.111111,0.0,0.0
Amador_2024 Q2 Court,142,Amador,2024 Q2 Court,139,6,13,25,2,0,20,0,7,0,,,,,,,,,40,32.5,62.5,0.0,5.0
Amador_2024 Q3 Court,143,Amador,2024 Q3 Court,93,16,17,22,2,0,14,0,8,2,,,,,,,,,41,41.463415,53.658537,0.0,4.878049
Amador_2024 Q4 Court,144,Amador,2024 Q4 Court,115,12,14,24,0,0,25,0,8,0,,,,,,,,,38,36.842105,63.157895,0.0,0.0
Butte_2013 Q1 Court,145,Butte,2013 Q1 Court,597,274,88,172,49,6,14,4,49,0,Butte,Michael L. Ramsey,0,1,1,0,0,,315,27.936508,54.603175,1.904762,15.555556
Butte_2013 Q2 Court,146,Butte,2013 Q2 Court,591,231,78,179,54,17,34,3,63,0,Butte,Michael L. Ramsey,0,1,1,0,0,,328,23.780488,54.573171,5.182927,16.463415
Butte_2013 Q3 Court,147,Butte,2013 Q3 Court,581,251,94,190,56,27,40,1,62,28,Butte,Michael L. Ramsey,0,1,1,0,0,,367,25.613079,51.771117,7.356948,15.258856
Butte_2013 Q4 Court,148,Butte,2013 Q4 Court,611,301,81,172,39,11,21,22,45,45,Butte,Michael L. Ramsey,0,1,1,0,0,,303,26.732673,56.765677,3.630363,12.871287
Butte_2014 Q1 Court,149,Butte,2014 Q1 Court,676,371,98,189,43,9,258,12,41,42,Butte,Michael L. Ramsey,0,1,1,0,0,,339,28.908555,55.752212,2.654867,12.684366
Butte_2014 Q2 Court,150,Butte,2014 Q2 Court,602,310,117,175,49,13,279,25,44,57,Butte,Michael L. Ramsey,0,1,1,0,0,,354,33.050847,49.435028,3.672316,13.841808
Butte_2014 Q3 Court,151,Butte,2014 Q3 Court,580,320,93,205,48,2,333,31,38,46,Butte,Michael L. Ramsey,0,1,1,0,1,,348,26.724138,58.908046,0.574713,13.793103
Butte_2014 Q4 Court,152,Butte,2014 Q4 Court,473,243,94,198,39,6,273,14,28,39,Butte,Michael L. Ramsey,0,1,1,0,1,,337,27.893175,58.753709,1.780415,11.5727
Butte_2015 Q1 Court,153,Butte,2015 Q1 Court,454,205,79,114,19,8,259,21,57,28,Butte,Michael L. Ramsey,0,1,1,0,0,,220,35.909091,51.818182,3.636364,8.636364
Butte_2015 Q2 Court,154,Butte,2015 Q2 Court,454,237,76,128,25,20,214,23,52,30,Butte,Michael L. Ramsey,0,1,1,0,0,,249,30.522088,51.405622,8.032129,10.040161
Butte_2015 Q3 Court,155,Butte,2015 Q3 Court,459,226,85,127,19,13,319,27,57,37,Butte,Michael L. Ramsey,0,1,1,0,0,,244,34.836066,52.04918,5.327869,7.786885
Butte_2015 Q4 Court,156,Butte,2015 Q4 Court,406,207,73,114,16,23,26,35,70,41,Butte,Michael L. Ramsey,0,1,1,0,0,,226,32.300885,50.442478,10.176991,7.079646
Butte_2016 Q1 Court,157,Butte,2016 Q1 Court,392,92,82,121,16,27,187,21,83,35,Butte,Michael L. Ramsey,0,1,1,0,0,,246,33.333333,49.186992,10.97561,6.504065
Butte_2016 Q2 Court,158,Butte,2016 Q2 Court,431,113,88,192,13,12,197,42,55,35,Butte,Michael L. Ramsey,0,1,1,0,0,,305,28.852459,62.95082,3.934426,4.262295
Butte_2016 Q3 Court,159,Butte,2016 Q3 Court,406,142,76,209,13,21,220,64,69,45,Butte,Michael L. Ramsey,0,1,1,0,0,,319,23.824451,65.517241,6.583072,4.075235
Butte_2016 Q4 Court,160,Butte,2016 Q4 Court,365,165,88,22,21,17,208,35,67,36,Butte,Michael L. Ramsey,0,1,1,0,0,,148,59.459459,14.864865,11.486486,14.189189
Butte_2017 Q1 Court,161,Butte,2017 Q1 Court,398,110,65,190,7,14,244,61,76,42,Butte,Michael L. Ramsey,0,1,1,0,0,,276,23.550725,68.84058,5.072464,2.536232
Butte_2017 Q2 Court,162,Butte,2017 Q2 Court,337,113,91,227,18,10,271,47,82,46,Butte,Michael L. Ramsey,0,1,1,0,0,,346,26.300578,65.606936,2.890173,5.202312
Butte_2017 Q3 Court,163,Butte,2017 Q3 Court,413,111,90,163,14,16,251,89,87,34,Butte,Michael L. Ramsey,0,1,1,0,0,,283,31.80212,57.597173,5.65371,4.946996
Butte_2017 Q4 Court,164,Butte,2017 Q4 Court,354,141,113,183,13,12,255,62,95,32,Butte,Michael L. Ramsey,0,1,1,0,0,,321,35.202492,57.009346,3.738318,4.049844
Butte_2018 Q1 Court,165,Butte,2018 Q1 Court,378,116,82,158,9,5,340,72,92,48,Butte,Michael L. Ramsey,0,1,1,0,0,,254,32.283465,62.204724,1.968504,3.543307
Butte_2018 Q2 Court,166,Butte,2018 Q2 Court,466,107,90,209,8,9,306,94,108,46,Butte,Michael L. Ramsey,0,1,1,0,0,,316,28.481013,66.139241,2.848101,2.531646
Butte_2018 Q3 Court,167,Butte,2018 Q3 Court,456,100,96,198,19,16,335,81,88,39,Butte,Michael L. Ramsey,0,1,1,0,1,,329,29.179331,60.182371,4.863222,5.775076
Butte_2018 Q4 Court,168,Butte,2018 Q4 Court,322,108,73,148,6,9,272,72,93,41,Butte,Michael L. Ramsey,0,1,1,0,1,,236,30.932203,62.711864,3.813559,2.542373
Butte_2019 Q1 Court,169,Butte,2019 Q1 Court,385,144,81,215,16,28,307,88,102,50,Butte,Michael L. Ramsey,0,1,1,0,0,,340,23.823529,63.235294,8.235294,4.705882
Butte_2019 Q2 Court,170,Butte,2019 Q2 Court,427,108,90,220,9,14,296,89,105,59,Butte,Michael L. Ramsey,0,1,1,0,0,,333,27.027027,66.066066,4.204204,2.702703
Butte_2019 Q3 Court,171,Butte,2019 Q3 Court,417,131,75,204,17,9,333,97,100,67,Butte,Michael L. Ramsey,0,1,1,0,0,,305,24.590164,66.885246,2.95082,5.57377
Butte_2019 Q4 Court,172,Butte,2019 Q4 Court,349,126,68,201,14,5,288,72,88,65,Butte,Michael L. Ramsey,0,1,1,0,0,,288,23.611111,69.791667,1.736111,4.861111
Butte_2020 Q1 Court,173,Butte,2020 Q1 Court,366,97,78,137,10,13,228,90,86,73,Butte,Michael L. Ramsey,0,1,1,0,0,,238,32.773109,57.563025,5.462185,4.201681
Butte_2020 Q2 Court,174,Butte,2020 Q2 Court,340,83,53,61,5,8,158,45,42,23,Butte,Michael L. Ramsey,0,1,1,0,0,,127,41.732283,48.031496,6.299213,3.937008
Butte_2020 Q3 Court,175,Butte,2020 Q3 Court,364,175,39,110,7,2,269,67,49,29,Butte,Michael L. Ramsey,0,1,1,0,0,,158,24.683544,69.620253,1.265823,4.43038
Butte_2020 Q4 Court,176,Butte,2020 Q4 Court,407,175,40,158,8,4,232,71,84,28,Butte,Michael L. Ramsey,0,1,1,0,0,,210,19.047619,75.238095,1.904762,3.809524
Butte_2021 Q1 Court,177,Butte,2021 Q1 Court,425,157,72,178,6,10,184,36,84,38,Butte,Michael L. Ramsey,0,1,1,0,0,,266,27.067669,66.917293,3.759398,2.255639
Butte_2021 Q2 Court,178,Butte,2021 Q2 Court,445,237,116,218,8,4,241,83,98,34,Butte,Michael L. Ramsey,0,1,1,0,0,,346,33.526012,63.00578,1.156069,2.312139
Butte_2021 Q3 Court,179,Butte,2021 Q3 Court,397,216,121,215,10,10,216,58,74,29,Butte,Michael L. Ramsey,0,1,1,0,0,,356,33.988764,60.393258,2.808989,2.808989
Butte_2021 Q4 Court,180,Butte,2021 Q4 Court,384,219,96,213,3,17,205,43,70,20,Butte,Michael L. Ramsey,0,1,1,0,0,,329,29.179331,64.741641,5.167173,0.911854
Butte_2022 Q1 Court,181,Butte,2022 Q1 Court,399,192,100,201,7,19,197,58,71,29,Butte,Michael L. Ramsey,0,1,1,0,0,,327,30.58104,61.46789,5.810398,2.140673
Butte_2022 Q2 Court,182,Butte,2022 Q2 Court,393,193,109,204,10,6,183,39,64,9,Butte,Michael L. Ramsey,0,1,1,0,0,,329,33.130699,62.006079,1.823708,3.039514
Butte_2022 Q3 Court,183,Butte,2022 Q3 Court,336,143,113,187,19,14,211,68,67,32,Butte,Michael L. Ramsey,0,1,1,0,1,,333,33.933934,56.156156,4.204204,5.705706
Butte_2022 Q4 Court,184,Butte,2022 Q4 Court,313,200,81,157,17,18,235,65,66,38,Butte,Michael L. Ramsey,0,1,1,0,1,,273,29.67033,57.509158,6.593407,6.227106
Butte_2023 Q1 Court,185,Butte,2023 Q1 Court,326,135,85,201,15,11,209,50,79,42,Butte,Michael L. Ramsey,0,1,1,0,0,,312,27.24359,64.423077,3.525641,4.807692
Butte_2023 Q2 Court,186,Butte,2023 Q2 Court,326,132,91,193,8,14,259,65,77,42,,,,,,,,,306,29.738562,63.071895,4.575163,2.614379
Butte_2023 Q3 Court,187,Butte,2023 Q3 Court,338,124,60,218,7,10,233,55,84,33,,,,,,,,,295,20.338983,73.898305,3.389831,2.372881
Butte_2023 Q4 Court,188,Butte,2023 Q4 Court,308,114,102,172,6,8,208,33,68,26,,,,,,,,,288,35.416667,59.722222,2.777778,2.083333
Butte_2024 Q1 Court,189,Butte,2024 Q1 Court,305,115,104,152,6,7,222,51,76,33,,,,,,,,,269,38.66171,56.505576,2.60223,2.230483
Butte_2024 Q2 Court,190,Butte,2024 Q2 Court,289,108,95,156,12,2,200,70,79,41,,,,,,,,,265,35.849057,58.867925,0.754717,4.528302
Butte_2024 Q3 Court,191,Butte,2024 Q3 Court,273,65,76,150,4,8,200,41,88,53,,,,,,,,,238,31.932773,63.02521,3.361345,1.680672
Butte_2024 Q4 Court,192,Butte,2024 Q4 Court,289,48,105,132,4,13,150,26,68,40,,,,,,,,,254,41.338583,51.968504,5.11811,1.574803
Calaveras_2013 Q1 Court,193,Calaveras,2013 Q1 Court,86,9,4,11,1,1,29,2,7,NA,Calaveras,Barbara M. Yook,0,1,1,0,0,https://www.calaverasenterprise.com/articles/news/calaveras-county-district-attorney-candidate-barbara-yook/,17,23.529412,64.705882,5.882353,5.882353
Calaveras_2013 Q2 Court,194,Calaveras,2013 Q2 Court,86,11,2,12,NA,NA,36,3,5,NA,Calaveras,Barbara M. Yook,0,1,1,0,0,https://elections.calaverasgov.us/Results/Archive,,,,,
Calaveras_2013 Q3 Court,195,Calaveras,2013 Q3 Court,98,23,0,10,4,1,45,2,9,0,Calaveras,Barbara M. Yook,0,1,1,0,0,,15,0.0,66.666667,6.666667,26.666667
Calaveras_2013 Q4 Court,196,Calaveras,2013 Q4 Court,108,7,4,14,1,0,32,0,3,0,Calaveras,Barbara M. Yook,0,1,1,0,0,,19,21.052632,73.684211,0.0,5.263158
Calaveras_2014 Q1 Court,197,Calaveras,2014 Q1 Court,85,5,2,11,1,3,63,3,4,0,Calaveras,Barbara M. Yook,0,1,1,0,0,,17,11.764706,64.705882,17.647059,5.882353
Calaveras_2014 Q2 Court,198,Calaveras,2014 Q2 Court,88,8,3,15,2,1,50,0,2,0,Calaveras,Barbara M. Yook,0,1,1,0,0,,21,14.285714,71.428571,4.761905,9.52381
Calaveras_2014 Q3 Court,199,Calaveras,2014 Q3 Court,81,2,3,24,4,1,44,1,4,1,Calaveras,Barbara M. Yook,0,1,1,0,1,,32,9.375,75.0,3.125,12.5
Calaveras_2014 Q4 Court,200,Calaveras,2014 Q4 Court,66,4,5,30,2,2,57,2,2,1,Calaveras,Barbara M. Yook,0,1,1,0,1,,39,12.820513,76.923077,5.128205,5.128205
Calaveras_2015 Q1 Court,201,Calaveras,2015 Q1 Court,65,3,6,6,1,1,63,2,8,0,Calaveras,Barbara M. Yook,0,1,1,0,0,,14,42.857143,42.857143,7.142857,7.142857
Calaveras_2015 Q2 Court,202,Calaveras,2015 Q2 Court,63,6,4,5,0,1,53,2,5,1,Calaveras,Barbara M. Yook,0,1,1,0,0,,10,40.0,50.0,10.0,0.0
Calaveras_2015 Q3 Court,203,Calaveras,2015 Q3 Court,71,5,2,0,0,0,59,2,2,1,Calaveras,Barbara M. Yook,0,1,1,0,0,,2,100.0,0.0,0.0,0.0
Calaveras_2015 Q4 Court,204,Calaveras,2015 Q4 Court,52,6,2,3,0,1,29,8,3,0,Calaveras,Barbara M. Yook,0,1,1,0,0,,6,33.333333,50.0,16.666667,0.0
Calaveras_2016 Q1 Court,205,Calaveras,2016 Q1 Court,44,3,3,1,0,0,43,0,1,0,Calaveras,Barbara M. Yook,0,1,1,0,0,,4,75.0,25.0,0.0,0.0
Calaveras_2016 Q2 Court,206,Calaveras,2016 Q2 Court,63,8,6,4,2,0,29,1,2,0,Calaveras,Barbara M. Yook,0,1,1,0,0,,12,50.0,33.333333,0.0,16.666667
Calaveras_2016 Q3 Court,207,Calaveras,2016 Q3 Court,75,16,3,9,0,0,33,2,0,1,Calaveras,Barbara M. Yook,0,1,1,0,0,,12,25.0,75.0,0.0,0.0
Calaveras_2016 Q4 Court,208,Calaveras,2016 Q4 Court,58,6,0,6,0,0,33,0,4,0,Calaveras,Barbara M. Yook,0,1,1,0,0,,6,0.0,100.0,0.0,0.0
Calaveras_2017 Q1 Court,209,Calaveras,2017 Q1 Court,46,8,3,11,1,2,41,2,9,1,Calaveras,Barbara M. Yook,0,1,1,0,0,,17,17.647059,64.705882,11.764706,5.882353
Calaveras_2017 Q2 Court,210,Calaveras,2017 Q2 Court,63,3,14,11,1,1,40,1,6,2,Calaveras,Barbara M. Yook,0,1,1,0,0,,27,51.851852,40.740741,3.703704,3.703704
Calaveras_2017 Q3 Court,211,Calaveras,2017 Q3 Court,63,7,8,20,0,0,47,2,7,0,Calaveras,Barbara M. Yook,0,1,1,0,0,,28,28.571429,71.428571,0.0,0.0
Calaveras_2017 Q4 Court,212,Calaveras,2017 Q4 Court,62,6,9,8,2,4,37,3,8,0,Calaveras,Barbara M. Yook,0,1,1,0,0,,23,39.130435,34.782609,17.391304,8.695652
Calaveras_2018 Q1 Court,213,Calaveras,2018 Q1 Court,51,5,12,14,0,3,31,2,9,1,Calaveras,Barbara M. Yook,0,1,1,0,0,,29,41.37931,48.275862,10.344828,0.0
Calaveras_2018 Q2 Court,214,Calaveras,2018 Q2 Court,67,2,5,21,0,2,38,2,12,3,Calaveras,Barbara M. Yook,0,1,1,0,0,,28,17.857143,75.0,7.142857,0.0
Calaveras_2018 Q3 Court,215,Calaveras,2018 Q3 Court,56,11,9,21,1,1,32,0,12,0,Calaveras,Barbara M. Yook,0,1,1,0,1,,32,28.125,65.625,3.125,3.125
Calaveras_2018 Q4 Court,216,Calaveras,2018 Q4 Court,95,13,5,8,0,1,27,2,9,0,Calaveras,Barbara M. Yook,0,1,1,0,1,,14,35.714286,57.142857,7.142857,0.0
Calaveras_2019 Q1 Court,217,Calaveras,2019 Q1 Court,62,1,11,26,0,0,42,1,10,0,Calaveras,Barbara M. Yook,0,1,1,0,0,,37,29.72973,70.27027,0.0,0.0
Calaveras_2019 Q2 Court,218,Calaveras,2019 Q2 Court,83,10,7,18,1,1,34,1,18,1,Calaveras,Barbara M. Yook,0,1,1,0,0,,27,25.925926,66.666667,3.703704,3.703704
Calaveras_2019 Q3 Court,219,Calaveras,2019 Q3 Court,87,1,6,16,1,1,37,0,11,1,Calaveras,Barbara M. Yook,0,1,1,0,0,,24,25.0,66.666667,4.166667,4.166667
Calaveras_2019 Q4 Court,220,Calaveras,2019 Q4 Court,76,12,8,18,2,2,50,0,7,2,Calaveras,Barbara M. Yook,0,1,1,0,0,,30,26.666667,60.0,6.666667,6.666667
Calaveras_2020 Q1 Court,221,Calaveras,2020 Q1 Court,69,3,14,14,1,6,46,1,9,0,Calaveras,Barbara M. Yook,0,1,1,0,0,,35,40.0,40.0,17.142857,2.857143
Calaveras_2020 Q2 Court,222,Calaveras,2020 Q2 Court,74,9,3,20,2,0,29,0,10,0,Calaveras,Barbara M. Yook,0,1,1,0,0,,25,12.0,80.0,0.0,8.0
Calaveras_2020 Q3 Court,223,Calaveras,2020 Q3 Court,64,6,10,17,1,0,34,0,12,0,Calaveras,Barbara M. Yook,0,1,1,0,0,,28,35.714286,60.714286,0.0,3.571429
Calaveras_2020 Q4 Court,224,Calaveras,2020 Q4 Court,52,4,12,15,1,0,27,0,8,0,Calaveras,Barbara M. Yook,0,1,1,0,0,,28,42.857143,53.571429,0.0,3.571429
Calaveras_2021 Q1 Court,225,Calaveras,2021 Q1 Court,47,6,7,12,0,0,21,0,6,2,Calaveras,Barbara M. Yook,0,1,1,0,0,,19,36.842105,63.157895,0.0,0.0
Calaveras_2021 Q2 Court,226,Calaveras,2021 Q2 Court,66,4,7,13,3,1,31,1,4,0,Calaveras,Barbara M. Yook,0,1,1,0,0,,24,29.166667,54.166667,4.166667,12.5
Calaveras_2021 Q3 Court,227,Calaveras,2021 Q3 Court,69,3,11,14,3,0,39,2,11,2,Calaveras,Barbara M. Yook,0,1,1,0,0,,28,39.285714,50.0,0.0,10.714286
Calaveras_2021 Q4 Court,228,Calaveras,2021 Q4 Court,60,6,4,17,0,0,27,1,9,1,Calaveras,Barbara M. Yook,0,1,1,0,0,,21,19.047619,80.952381,0.0,0.0
Calaveras_2022 Q1 Court,229,Calaveras,2022 Q1 Court,66,1,8,13,0,0,23,1,5,0,Calaveras,Barbara M. Yook,0,1,1,0,0,,21,38.095238,61.904762,0.0,0.0
Calaveras_2022 Q2 Court,230,Calaveras,2022 Q2 Court,77,7,7,18,0,1,20,1,11,0,Calaveras,Barbara M. Yook,0,1,1,0,0,,26,26.923077,69.230769,3.846154,0.0
Calaveras_2022 Q3 Court,231,Calaveras,2022 Q3 Court,72,4,8,21,0,1,27,3,9,0,Calaveras,Barbara M. Yook,0,1,1,0,1,,30,26.666667,70.0,3.333333,0.0
Calaveras_2022 Q4 Court,232,Calaveras,2022 Q4 Court,79,2,10,17,0,0,24,0,6,1,Calaveras,Barbara M. Yook,0,1,1,0,1,,27,37.037037,62.962963,0.0,0.0
Calaveras_2023 Q1 Court,233,Calaveras,2023 Q1 Court,63,2,12,18,0,0,31,0,12,0,Calaveras,Barbara M. Yook,0,NA,NA,NA,0,,30,40.0,60.0,0.0,0.0
Calaveras_2023 Q2 Court,234,Calaveras,2023 Q2 Court,63,4,10,17,1,0,23,0,8,0,,,,,,,,,28,35.714286,60.714286,0.0,3.571429
Calaveras_2023 Q3 Court,235,Calaveras,2023 Q3 Court,63,1,9,15,2,2,27,0,9,0,,,,,,,,,28,32.142857,53.571429,7.142857,7.142857
Calaveras_2023 Q4 Court,236,Calaveras,2023 Q4 Court,58,6,7,12,0,0,24,0,11,0,,,,,,,,,19,36.842105,63.157895,0.0,0.0
Calaveras_2024 Q1 Court,237,Calaveras,2024 Q1 Court,19,3,7,3,3,12,27,0,9,0,,,,,,,,,25,28.0,12.0,48.0,12.0
Calaveras_2024 Q2 Court,238,Calaveras,2024 Q2 Court,59,3,5,12,1,1,25,0,14,0,,,,,,,,,19,26.315789,63.157895,5.263158,5.263158
Calaveras_2024 Q3 Court,239,Calaveras,2024 Q3 Court,49,5,9,8,3,1,24,0,7,0,,,,,,,,,21,42.857143,38.095238,4.761905,14.285714
Calaveras_2024 Q4 Court,240,Calaveras,2024 Q4 Court,55,2,13,12,2,0,15,0,0,0,,,,,,,,,27,48.148148,44.444444,0.0,7.407407
Colusa_2013 Q1 Court,241,Colusa,2013 Q1 Court,91,11,4,10,3,0,16,0,5,0,Colusa,John R. Poyner,0,1,1,0,0,https://www.countyofcolusa.org/679/Past-Election-Results,17,23.529412,58.823529,0.0,17.647059
Colusa_2013 Q2 Court,242,Colusa,2013 Q2 Court,77,19,9,19,1,0,13,0,1,0,Colusa,John R. Poyner,0,1,1,0,0,,29,31.034483,65.517241,0.0,3.448276
Colusa_2013 Q3 Court,243,Colusa,2013 Q3 Court,70,22,10,15,3,0,4,0,2,1,Colusa,John R. Poyner,0,1,1,0,0,,28,35.714286,53.571429,0.0,10.714286
Colusa_2013 Q4 Court,244,Colusa,2013 Q4 Court,91,17,4,12,0,1,20,0,6,0,Colusa,John R. Poyner,0,1,1,0,0,,17,23.529412,70.588235,5.882353,0.0
Colusa_2014 Q1 Court,245,Colusa,2014 Q1 Court,94,13,7,20,2,3,22,0,3,2,Colusa,John R. Poyner,0,1,1,0,0,,32,21.875,62.5,9.375,6.25
Colusa_2014 Q2 Court,246,Colusa,2014 Q2 Court,88,12,13,8,0,2,8,3,2,0,Colusa,John R. Poyner,0,1,1,0,0,,23,56.521739,34.782609,8.695652,0.0
Colusa_2014 Q3 Court,247,Colusa,2014 Q3 Court,73,11,7,9,0,4,20,5,1,0,Colusa,John R. Poyner,0,1,1,0,1,,20,35.0,45.0,20.0,0.0
Colusa_2014 Q4 Court,248,Colusa,2014 Q4 Court,72,13,7,15,3,2,26,3,1,0,Colusa,John R. Poyner,0,1,1,0,1,,27,25.925926,55.555556,7.407407,11.111111
Colusa_2015 Q1 Court,249,Colusa,2015 Q1 Court,61,6,6,14,4,2,19,9,7,0,Colusa,John R. Poyner,0,0,NA,NA,0,,26,23.076923,53.846154,7.692308,15.384615
Colusa_2015 Q2 Court,250,Colusa,2015 Q2 Court,59,9,1,11,0,2,28,4,3,1,Colusa,John R. Poyner,0,0,NA,NA,0,,14,7.142857,78.571429,14.285714,0.0
Colusa_2015 Q3 Court,251,Colusa,2015 Q3 Court,67,10,3,16,6,0,29,5,5,0,Colusa,John R. Poyner,0,0,NA,NA,0,,25,12.0,64.0,0.0,24.0
Colusa_2015 Q4 Court,252,Colusa,2015 Q4 Court,66,13,10,11,1,0,10,1,3,1,Colusa,John R. Poyner,0,0,NA,NA,0,,22,45.454545,50.0,0.0,4.545455
Colusa_2016 Q1 Court,253,Colusa,2016 Q1 Court,85,21,8,18,6,1,23,1,4,1,Colusa,John R. Poyner,0,0,NA,NA,0,,33,24.242424,54.545455,3.030303,18.181818
Colusa_2016 Q2 Court,254,Colusa,2016 Q2 Court,70,12,11,20,1,3,35,2,4,2,Colusa,John R. Poyner,0,0,NA,NA,0,,35,31.428571,57.142857,8.571429,2.857143
Colusa_2016 Q3 Court,255,Colusa,2016 Q3 Court,58,10,8,21,2,3,29,4,3,0,Colusa,John R. Poyner,0,0,NA,NA,0,,34,23.529412,61.764706,8.823529,5.882353
Colusa_2016 Q4 Court,256,Colusa,2016 Q4 Court,63,12,4,13,2,0,28,2,3,1,Colusa,John R. Poyner,0,0,NA,NA,0,,19,21.052632,68.421053,0.0,10.526316
Colusa_2017 Q1 Court,257,Colusa,2017 Q1 Court,90,12,10,16,2,2,29,6,7,0,Colusa,John R. Poyner,0,0,NA,NA,0,,30,33.333333,53.333333,6.666667,6.666667
Colusa_2017 Q2 Court,258,Colusa,2017 Q2 Court,76,11,12,14,2,1,31,4,8,3,Colusa,John R. Poyner,0,0,NA,NA,0,,29,41.37931,48.275862,3.448276,6.896552
Colusa_2017 Q3 Court,259,Colusa,2017 Q3 Court,90,17,7,14,3,1,20,4,3,2,Colusa,John R. Poyner,0,0,NA,NA,0,,25,28.0,56.0,4.0,12.0
Colusa_2017 Q4 Court,260,Colusa,2017 Q4 Court,62,11,9,10,2,1,29,4,4,1,Colusa,John R. Poyner,0,0,NA,NA,0,,22,40.909091,45.454545,4.545455,9.090909
Colusa_2018 Q1 Court,261,Colusa,2018 Q1 Court,64,2,5,13,5,2,15,0,4,3,Colusa,John R. Poyner,0,0,NA,0,0,,25,20.0,52.0,8.0,20.0
Colusa_2018 Q2 Court,262,Colusa,2018 Q2 Court,65,13,4,26,6,0,55,1,8,1,Colusa,John R. Poyner,0,0,NA,0,0,,36,11.111111,72.222222,0.0,16.666667
Colusa_2018 Q3 Court,263,Colusa,2018 Q3 Court,58,5,4,9,5,5,11,0,7,2,Colusa,John R. Poyner,0,0,NA,0,1,,23,17.391304,39.130435,21.73913,21.73913
Colusa_2018 Q4 Court,264,Colusa,2018 Q4 Court,93,11,5,3,0,0,4,2,8,4,Colusa,John R. Poyner,0,0,NA,0,1,,8,62.5,37.5,0.0,0.0
Colusa_2019 Q1 Court,265,Colusa,2019 Q1 Court,96,45,6,3,0,0,3,0,4,1,Colusa,Matthew R. Beauchamp,0,0,NA,NA,0,,9,66.666667,33.333333,0.0,0.0
Colusa_2019 Q2 Court,266,Colusa,2019 Q2 Court,66,9,7,6,1,1,6,1,5,2,Colusa,Matthew R. Beauchamp,0,0,NA,NA,0,,15,46.666667,40.0,6.666667,6.666667
Colusa_2019 Q3 Court,267,Colusa,2019 Q3 Court,73,33,3,20,5,0,18,0,4,0,Colusa,Matthew R. Beauchamp,0,0,NA,NA,0,,28,10.714286,71.428571,0.0,17.857143
Colusa_2019 Q4 Court,268,Colusa,2019 Q4 Court,77,21,9,16,3,0,19,0,4,4,Colusa,Matthew R. Beauchamp,0,0,NA,NA,0,,28,32.142857,57.142857,0.0,10.714286
Colusa_2020 Q1 Court,269,Colusa,2020 Q1 Court,67,29,7,10,5,0,17,0,7,2,Colusa,Matthew R. Beauchamp,0,0,NA,NA,0,,22,31.818182,45.454545,0.0,22.727273
Colusa_2020 Q2 Court,270,Colusa,2020 Q2 Court,62,20,2,4,0,0,10,0,4,0,Colusa,Matthew R. Beauchamp,0,0,NA,NA,0,,6,33.333333,66.666667,0.0,0.0
Colusa_2020 Q3 Court,271,Colusa,2020 Q3 Court,65,29,5,16,0,0,15,1,12,0,Colusa,Matthew R. Beauchamp,0,0,NA,NA,0,,21,23.809524,76.190476,0.0,0.0
Colusa_2020 Q4 Court,272,Colusa,2020 Q4 Court,57,30,3,10,1,0,5,0,4,0,Colusa,Matthew R. Beauchamp,0,0,NA,NA,0,,14,21.428571,71.428571,0.0,7.142857
Colusa_2021 Q1 Court,273,Colusa,2021 Q1 Court,58,41,6,4,2,0,18,0,7,0,Colusa,Matthew R. Beauchamp,0,0,NA,NA,0,,12,50.0,33.333333,0.0,16.666667
Colusa_2021 Q2 Court,274,Colusa,2021 Q2 Court,72,28,9,6,3,0,12,0,9,0,Colusa,Matthew R. Beauchamp,0,0,NA,NA,0,,18,50.0,33.333333,0.0,16.666667
Colusa_2021 Q3 Court,275,Colusa,2021 Q3 Court,67,16,10,7,1,1,11,0,7,0,Colusa,Matthew R. Beauchamp,0,0,NA,NA,0,,19,52.631579,36.842105,5.263158,5.263158
Colusa_2021 Q4 Court,276,Colusa,2021 Q4 Court,63,30,7,7,0,0,7,2,5,0,Colusa,Matthew R. Beauchamp,0,0,NA,NA,0,,14,50.0,50.0,0.0,0.0
Colusa_2022 Q1 Court,277,Colusa,2022 Q1 Court,53,29,14,18,0,3,8,0,6,0,Colusa,Matthew R. Beauchamp,0,0,NA,0,0,,35,40.0,51.428571,8.571429,0.0
Colusa_2022 Q2 Court,278,Colusa,2022 Q2 Court,69,27,17,15,3,0,14,0,11,1,Colusa,Matthew R. Beauchamp,0,0,NA,0,0,,35,48.571429,42.857143,0.0,8.571429
Colusa_2022 Q3 Court,279,Colusa,2022 Q3 Court,77,32,7,16,2,2,18,3,4,0,Colusa,Matthew R. Beauchamp,0,0,NA,0,1,,27,25.925926,59.259259,7.407407,7.407407
Colusa_2022 Q4 Court,280,Colusa,2022 Q4 Court,50,22,10,9,3,1,23,0,8,1,Colusa,Matthew R. Beauchamp,0,0,NA,0,1,,23,43.478261,39.130435,4.347826,13.043478
Colusa_2023 Q1 Court,281,Colusa,2023 Q1 Court,32,13,13,9,9,0,12,0,8,0,Colusa,Brendan Michael Farrell,0,1,1,1,0,,31,41.935484,29.032258,0.0,29.032258
Colusa_2023 Q2 Court,282,Colusa,2023 Q2 Court,49,24,19,13,6,2,23,0,9,0,,,,,,,,,40,47.5,32.5,5.0,15.0
Colusa_2023 Q3 Court,283,Colusa,2023 Q3 Court,54,22,14,14,1,0,17,0,8,1,,,,,,,,,29,48.275862,48.275862,0.0,3.448276
Colusa_2023 Q4 Court,284,Colusa,2023 Q4 Court,48,16,9,9,7,4,21,2,9,1,,,,,,,,,29,31.034483,31.034483,13.793103,24.137931
Colusa_2024 Q1 Court,285,Colusa,2024 Q1 Court,45,11,4,10,2,1,18,0,12,1,,,,,,,,,17,23.529412,58.823529,5.882353,11.764706
Colusa_2024 Q2 Court,286,Colusa,2024 Q2 Court,48,13,14,10,3,2,16,0,7,1,,,,,,,,,29,48.275862,34.482759,6.896552,10.344828
Colusa_2024 Q3 Court,287,Colusa,2024 Q3 Court,50,11,12,14,2,3,17,0,11,3,,,,,,,,,31,38.709677,45.16129,9.677419,6.451613
Colusa_2024 Q4 Court,288,Colusa,2024 Q4 Court,48,10,11,9,6,3,20,1,7,2,,,,,,,,,29,37.931034,31.034483,10.344828,20.689655
Contra Costa_2013 Q1 Court,289,Contra Costa,2013 Q1 Court,1027,143,85,286,5,51,446,23,24,NA,Contra Costa,Mark A. Peterson,0,1,1,1,0,2010 was contested,427,19.906323,66.978923,11.943794,1.17096
Contra Costa_2013 Q2 Court,290,Contra Costa,2013 Q2 Court,1139,172,88,323,11,38,524,48,33,NA,Contra Costa,Mark A. Peterson,0,1,1,1,0,,460,19.130435,70.217391,8.26087,2.391304
Contra Costa_2013 Q3 Court,291,Contra Costa,2013 Q3 Court,1165,185,98,353,1,42,567,27,45,34,Contra Costa,Mark A. Peterson,0,1,1,1,0,,494,19.838057,71.45749,8.502024,0.202429
Contra Costa_2013 Q4 Court,292,Contra Costa,2013 Q4 Court,1097,182,82,336,1,47,527,24,45,28,Contra Costa,Mark A. Peterson,0,1,1,1,0,,466,17.596567,72.103004,10.085837,0.214592
Contra Costa_2014 Q1 Court,293,Contra Costa,2014 Q1 Court,1236,183,103,362,2,57,610,36,57,62,Contra Costa,Mark A. Peterson,0,1,1,1,0,,524,19.656489,69.083969,10.877863,0.381679
Contra Costa_2014 Q2 Court,294,Contra Costa,2014 Q2 Court,1329,223,98,342,2,57,658,53,60,77,Contra Costa,Mark A. Peterson,0,1,1,1,0,,499,19.639279,68.537074,11.422846,0.400802
Contra Costa_2014 Q3 Court,295,Contra Costa,2014 Q3 Court,1254,243,51,295,0,51,656,85,51,89,Contra Costa,Mark A. Peterson,0,1,1,1,1,,397,12.846348,74.307305,12.846348,0.0
Contra Costa_2014 Q4 Court,296,Contra Costa,2014 Q4 Court,1073,298,100,229,0,38,471,75,44,54,Contra Costa,Mark A. Peterson,0,1,1,1,1,,367,27.247956,62.39782,10.354223,0.0
Contra Costa_2015 Q1 Court,297,Contra Costa,2015 Q1 Court,1018,167,93,200,2,36,495,82,46,41,Contra Costa,Mark A. Peterson,0,NA,NA,NA,0,,331,28.096677,60.422961,10.876133,0.60423
Contra Costa_2015 Q2 Court,298,Contra Costa,2015 Q2 Court,987,163,116,331,0,38,521,73,50,47,Contra Costa,Mark A. Peterson,0,NA,NA,NA,0,,485,23.917526,68.247423,7.835052,0.0
Contra Costa_2015 Q3 Court,299,Contra Costa,2015 Q3 Court,1060,162,115,293,0,33,528,81,70,58,Contra Costa,Mark A. Peterson,0,NA,NA,NA,0,,441,26.077098,66.439909,7.482993,0.0
Contra Costa_2015 Q4 Court,300,Contra Costa,2015 Q4 Court,873,145,88,297,0,34,447,51,98,29,Contra Costa,Mark A. Peterson,0,NA,NA,NA,0,,419,21.002387,70.883055,8.114558,0.0
Contra Costa_2016 Q1 Court,301,Contra Costa,2016 Q1 Court,949,154,92,271,0,22,513,66,125,26,Contra Costa,Mark A. Peterson,0,NA,NA,NA,0,,385,23.896104,70.38961,5.714286,0.0
Contra Costa_2016 Q2 Court,302,Contra Costa,2016 Q2 Court,973,167,116,238,1,51,476,74,91,26,Contra Costa,Mark A. Peterson,0,NA,NA,NA,0,,406,28.571429,58.62069,12.561576,0.246305
Contra Costa_2016 Q3 Court,303,Contra Costa,2016 Q3 Court,969,116,90,240,0,33,308,27,81,27,Contra Costa,Mark A. Peterson,0,NA,NA,NA,0,,363,24.793388,66.115702,9.090909,0.0
Contra Costa_2016 Q4 Court,304,Contra Costa,2016 Q4 Court,863,140,105,243,0,31,303,36,110,81,Contra Costa,Mark A. Peterson,0,NA,NA,NA,0,,379,27.704485,64.116095,8.17942,0.0
Contra Costa_2017 Q1 Court,305,Contra Costa,2017 Q1 Court,960,115,147,282,0,48,497,62,84,36,Contra Costa,Mark A. Peterson,0,NA,NA,NA,0,,477,30.81761,59.119497,10.062893,0.0
Contra Costa_2017 Q2 Court,306,Contra Costa,2017 Q2 Court,981,130,139,302,0,36,503,62,93,43,Contra Costa,Mark A. Peterson,0,NA,NA,NA,0,,477,29.140461,63.312369,7.54717,0.0
Contra Costa_2017 Q3 Court,307,Contra Costa,2017 Q3 Court,965,132,108,266,0,39,465,129,96,49,Contra Costa,Mark A. Peterson,0,NA,NA,NA,0,,413,26.150121,64.40678,9.443099,0.0
Contra Costa_2017 Q4 Court,308,Contra Costa,2017 Q4 Court,934,130,99,311,1,40,446,54,96,47,Contra Costa,Mark A. Peterson,0,NA,NA,NA,0,,451,21.95122,68.957871,8.86918,0.221729
Contra Costa_2018 Q1 Court,309,Contra Costa,2018 Q1 Court,918,128,97,297,0,31,554,64,101,49,Contra Costa,Diana Becton,1,0,NA,0,0,She was placed in office because of a scandal with Mark Peterson,425,22.823529,69.882353,7.294118,0.0
Contra Costa_2018 Q2 Court,310,Contra Costa,2018 Q2 Court,1078,158,94,265,2,26,412,51,103,75,Contra Costa,Diana Becton,1,0,NA,0,0,,387,24.289406,68.475452,6.718346,0.516796
Contra Costa_2018 Q3 Court,311,Contra Costa,2018 Q3 Court,956,162,107,265,2,16,252,30,101,53,Contra Costa,Diana Becton,1,0,NA,0,1,,390,27.435897,67.948718,4.102564,0.512821
Contra Costa_2018 Q4 Court,312,Contra Costa,2018 Q4 Court,925,137,111,292,2,19,121,27,129,57,Contra Costa,Diana Becton,1,0,NA,0,1,,424,26.179245,68.867925,4.481132,0.471698
Contra Costa_2019 Q1 Court,313,Contra Costa,2019 Q1 Court,1131,160,104,295,0,16,178,18,139,38,Contra Costa,Diana Becton,1,1,1,1,0,,415,25.060241,71.084337,3.855422,0.0
Contra Costa_2019 Q2 Court,314,Contra Costa,2019 Q2 Court,1058,155,108,308,0,24,523,36,128,26,Contra Costa,Diana Becton,1,1,1,1,0,,440,24.545455,70.0,5.454545,0.0
Contra Costa_2019 Q3 Court,315,Contra Costa,2019 Q3 Court,1007,155,99,271,0,19,506,45,147,49,Contra Costa,Diana Becton,1,1,1,1,0,,389,25.449871,69.66581,4.884319,0.0
Contra Costa_2019 Q4 Court,316,Contra Costa,2019 Q4 Court,1073,139,86,316,0,12,463,26,118,66,Contra Costa,Diana Becton,1,1,1,1,0,,414,20.772947,76.328502,2.898551,0.0
Contra Costa_2020 Q1 Court,317,Contra Costa,2020 Q1 Court,878,105,85,267,0,10,427,18,85,83,Contra Costa,Diana Becton,1,1,1,1,0,,362,23.480663,73.756906,2.762431,0.0
Contra Costa_2020 Q2 Court,318,Contra Costa,2020 Q2 Court,671,73,43,140,0,8,177,0,25,22,Contra Costa,Diana Becton,1,1,1,1,0,,191,22.513089,73.298429,4.188482,0.0
Contra Costa_2020 Q3 Court,319,Contra Costa,2020 Q3 Court,1015,327,79,170,0,1,356,2,68,53,Contra Costa,Diana Becton,1,1,1,1,0,,250,31.6,68.0,0.4,0.0
Contra Costa_2020 Q4 Court,320,Contra Costa,2020 Q4 Court,881,248,76,217,0,11,390,3,85,47,Contra Costa,Diana Becton,1,1,1,1,0,,304,25.0,71.381579,3.618421,0.0
Contra Costa_2021 Q1 Court,321,Contra Costa,2021 Q1 Court,934,296,45,203,0,3,137,1,47,53,Contra Costa,Diana Becton,1,1,1,1,0,,251,17.928287,80.876494,1.195219,0.0
Contra Costa_2021 Q2 Court,322,Contra Costa,2021 Q2 Court,880,395,49,226,0,8,269,3,57,6,Contra Costa,Diana Becton,1,1,1,1,0,,283,17.314488,79.858657,2.826855,0.0
Contra Costa_2021 Q3 Court,323,Contra Costa,2021 Q3 Court,380,391,43,260,0,2,280,1,57,2,Contra Costa,Diana Becton,1,1,1,1,0,,305,14.098361,85.245902,0.655738,0.0
Contra Costa_2021 Q4 Court,324,Contra Costa,2021 Q4 Court,510,304,52,262,1,1,274,4,47,0,Contra Costa,Diana Becton,1,1,1,1,0,,316,16.455696,82.911392,0.316456,0.316456
Contra Costa_2022 Q1 Court,325,Contra Costa,2022 Q1 Court,805,279,43,214,0,6,289,4,39,3,Contra Costa,Diana Becton,1,1,1,1,0,,263,16.34981,81.368821,2.281369,0.0
Contra Costa_2022 Q2 Court,326,Contra Costa,2022 Q2 Court,774,187,53,1099,40,6,279,1,13,45,Contra Costa,Diana Becton,1,1,1,1,0,,1198,4.42404,91.736227,0.500835,3.338898
Contra Costa_2022 Q3 Court,327,Contra Costa,2022 Q3 Court,806,233,24,922,11,16,304,0,1,33,Contra Costa,Diana Becton,1,1,1,1,1,,973,2.466598,94.758479,1.644399,1.130524
Contra Costa_2022 Q4 Court,328,Contra Costa,2022 Q4 Court,937,202,17,944,22,14,283,3,2,34,Contra Costa,Diana Becton,1,1,1,1,1,,997,1.705115,94.684052,1.404213,2.20662
Contra Costa_2023 Q1 Court,329,Contra Costa,2023 Q1 Court,906,226,22,961,37,7,255,2,13,40,Contra Costa,Diana Becton,1,NA,NA,NA,0,,1027,2.142162,93.573515,0.681597,3.602726
Contra Costa_2023 Q2 Court,330,Contra Costa,2023 Q2 Court,989,200,21,1050,47,8,304,2,7,48,,,,,,,,,1126,1.865009,93.250444,0.71048,4.174067
Contra Costa_2023 Q3 Court,331,Contra Costa,2023 Q3 Court,712,194,22,887,37,6,283,5,5,28,,,,,,,,,952,2.310924,93.172269,0.630252,3.886555
Contra Costa_2023 Q4 Court,332,Contra Costa,2023 Q4 Court,748,171,19,839,39,13,210,1,11,34,,,,,,,,,910,2.087912,92.197802,1.428571,4.285714
Contra Costa_2024 Q1 Court,333,Contra Costa,2024 Q1 Court,850,200,92,298,10,16,264,11,67,35,,,,,,,,,416,22.115385,71.634615,3.846154,2.403846
Contra Costa_2024 Q2 Court,334,Contra Costa,2024 Q2 Court,813,179,127,305,8,23,274,13,62,39,,,,,,,,,463,27.429806,65.87473,4.967603,1.727862
Contra Costa_2024 Q3 Court,335,Contra Costa,2024 Q3 Court,797,193,122,270,6,28,260,15,70,22,,,,,,,,,426,28.638498,63.380282,6.57277,1.408451
Contra Costa_2024 Q4 Court,336,Contra Costa,2024 Q4 Court,706,201,132,296,6,12,246,14,69,24,,,,,,,,,446,29.596413,66.367713,2.690583,1.345291
Del Norte_2013 Q1 Court,337,Del Norte,2013 Q1 Court,124,56,5,12,16,22,23,2,4,0,Del Norte,Jon Alexander,0,NA,NA,NA,0,,55,9.090909,21.818182,40.0,29.090909
Del Norte_2013 Q2 Court,338,Del Norte,2013 Q2 Court,139,43,3,11,14,14,24,6,15,0,Del Norte,Jon Alexander,0,NA,NA,NA,0,,42,7.142857,26.190476,33.333333,33.333333
Del Norte_2013 Q3 Court,339,Del Norte,2013 Q3 Court,94,49,15,17,5,8,31,2,5,1,Del Norte,Jon Alexander,0,NA,NA,NA,0,,45,33.333333,37.777778,17.777778,11.111111
Del Norte_2013 Q4 Court,340,Del Norte,2013 Q4 Court,77,20,6,14,3,0,17,11,10,1,Del Norte,Jon Alexander,0,NA,NA,NA,0,Micks was appointed DA after Jon Alexander left mid-term,23,26.086957,60.869565,0.0,13.043478
Del Norte_2014 Q1 Court,341,Del Norte,2014 Q1 Court,111,52,8,19,7,4,42,3,15,3,Del Norte,Katherine Nell Micks,0,NA,NA,NA,0,,38,21.052632,50.0,10.526316,18.421053
Del Norte_2014 Q2 Court,342,Del Norte,2014 Q2 Court,86,53,15,25,13,19,27,4,8,2,Del Norte,Katherine Nell Micks,0,NA,NA,NA,0,,72,20.833333,34.722222,26.388889,18.055556
Del Norte_2014 Q3 Court,343,Del Norte,2014 Q3 Court,86,49,3,15,3,6,41,3,9,1,,,,,,,,,27,11.111111,55.555556,22.222222,11.111111
Del Norte_2014 Q4 Court,344,Del Norte,2014 Q4 Court,82,46,16,31,1,4,40,2,3,0,,,,,,,,,52,30.769231,59.615385,7.692308,1.923077
Del Norte_2015 Q1 Court,345,Del Norte,2015 Q1 Court,74,41,18,35,2,1,25,4,11,2,Del Norte,Katherine Nell Micks,0,1,1,0,0,,56,32.142857,62.5,1.785714,3.571429
Del Norte_2015 Q2 Court,346,Del Norte,2015 Q2 Court,69,63,15,23,4,1,7,1,3,0,Del Norte,Katherine Nell Micks,0,1,1,0,0,,43,34.883721,53.488372,2.325581,9.302326
Del Norte_2015 Q3 Court,347,Del Norte,2015 Q3 Court,68,48,13,14,3,3,12,5,7,9,Del Norte,Katherine Nell Micks,0,1,1,0,0,,33,39.393939,42.424242,9.090909,9.090909
Del Norte_2015 Q4 Court,348,Del Norte,2015 Q4 Court,58,59,14,19,0,2,15,0,7,2,Del Norte,Katherine Nell Micks,0,1,1,0,0,,35,40.0,54.285714,5.714286,0.0
Del Norte_2016 Q1 Court,349,Del Norte,2016 Q1 Court,62,41,21,33,7,1,24,1,6,5,Del Norte,Katherine Nell Micks,0,1,1,0,0,,62,33.870968,53.225806,1.612903,11.290323
Del Norte_2016 Q2 Court,350,Del Norte,2016 Q2 Court,58,34,17,20,2,3,3,0,7,4,Del Norte,Katherine Nell Micks,0,1,1,0,0,,42,40.47619,47.619048,7.142857,4.761905
Del Norte_2016 Q3 Court,351,Del Norte,2016 Q3 Court,55,27,24,16,9,1,22,1,7,4,Del Norte,Katherine Nell Micks,0,1,1,0,0,,50,48.0,32.0,2.0,18.0
Del Norte_2016 Q4 Court,352,Del Norte,2016 Q4 Court,62,39,15,15,3,4,17,0,8,1,Del Norte,Katherine Nell Micks,0,1,1,0,0,,37,40.540541,40.540541,10.810811,8.108108
Del Norte_2017 Q1 Court,353,Del Norte,2017 Q1 Court,68,48,18,29,0,1,26,3,14,5,Del Norte,Katherine Nell Micks,0,1,1,0,0,,48,37.5,60.416667,2.083333,0.0
Del Norte_2017 Q2 Court,354,Del Norte,2017 Q2 Court,98,60,23,17,8,5,38,1,7,6,Del Norte,Katherine Nell Micks,0,1,1,0,0,,53,43.396226,32.075472,9.433962,15.09434
Del Norte_2017 Q3 Court,355,Del Norte,2017 Q3 Court,50,50,26,23,1,3,25,6,8,2,Del Norte,Katherine Nell Micks,0,1,1,0,0,,53,49.056604,43.396226,5.660377,1.886792
Del Norte_2017 Q4 Court,356,Del Norte,2017 Q4 Court,59,33,33,23,5,5,22,12,22,0,Del Norte,Katherine Nell Micks,0,1,1,0,0,,66,50.0,34.848485,7.575758,7.575758
Del Norte_2018 Q1 Court,357,Del Norte,2018 Q1 Court,71,38,38,31,4,1,18,1,9,1,Del Norte,Katherine Nell Micks,0,1,1,0,0,,74,51.351351,41.891892,1.351351,5.405405
Del Norte_2018 Q2 Court,358,Del Norte,2018 Q2 Court,67,51,27,28,5,3,7,3,16,4,Del Norte,Katherine Nell Micks,0,1,1,0,0,,63,42.857143,44.444444,4.761905,7.936508
Del Norte_2018 Q3 Court,359,Del Norte,2018 Q3 Court,128,69,25,38,5,4,2,0,8,5,Del Norte,Katherine Nell Micks,0,1,1,0,1,,72,34.722222,52.777778,5.555556,6.944444
Del Norte_2018 Q4 Court,360,Del Norte,2018 Q4 Court,83,47,33,23,10,9,6,1,10,2,Del Norte,Katherine Nell Micks,0,1,1,0,1,,75,44.0,30.666667,12.0,13.333333
Del Norte_2019 Q1 Court,361,Del Norte,2019 Q1 Court,116,95,22,37,12,2,23,2,15,2,Del Norte,Katherine Nell Micks,0,1,1,0,0,,73,30.136986,50.684932,2.739726,16.438356
Del Norte_2019 Q2 Court,362,Del Norte,2019 Q2 Court,149,93,33,18,10,8,40,4,21,6,Del Norte,Katherine Nell Micks,0,1,1,0,0,,69,47.826087,26.086957,11.594203,14.492754
Del Norte_2019 Q3 Court,363,Del Norte,2019 Q3 Court,140,169,51,23,19,6,52,5,16,6,Del Norte,Katherine Nell Micks,0,1,1,0,0,,99,51.515152,23.232323,6.060606,19.191919
Del Norte_2019 Q4 Court,364,Del Norte,2019 Q4 Court,111,118,39,18,16,12,53,6,14,9,Del Norte,Katherine Nell Micks,0,1,1,0,0,,85,45.882353,21.176471,14.117647,18.823529
Del Norte_2020 Q1 Court,365,Del Norte,2020 Q1 Court,110,85,37,15,17,11,47,5,11,3,Del Norte,Katherine Nell Micks,0,1,1,0,0,,80,46.25,18.75,13.75,21.25
Del Norte_2020 Q2 Court,366,Del Norte,2020 Q2 Court,100,49,27,11,12,10,57,5,19,2,Del Norte,Katherine Nell Micks,0,1,1,0,0,,60,45.0,18.333333,16.666667,20.0
Del Norte_2020 Q3 Court,367,Del Norte,2020 Q3 Court,111,143,54,4,16,3,49,14,23,2,Del Norte,Katherine Nell Micks,0,1,1,0,0,,77,70.12987,5.194805,3.896104,20.779221
Del Norte_2020 Q4 Court,368,Del Norte,2020 Q4 Court,84,185,31,22,16,4,50,0,19,3,Del Norte,Katherine Nell Micks,0,1,1,0,0,,73,42.465753,30.136986,5.479452,21.917808
Del Norte_2021 Q1 Court,369,Del Norte,2021 Q1 Court,103,129,55,0,14,5,30,5,12,7,Del Norte,Katherine Nell Micks,0,1,1,0,0,,74,74.324324,0.0,6.756757,18.918919
Del Norte_2021 Q2 Court,370,Del Norte,2021 Q2 Court,110,219,40,14,25,6,37,2,7,4,Del Norte,Katherine Nell Micks,0,1,1,0,0,,85,47.058824,16.470588,7.058824,29.411765
Del Norte_2021 Q3 Court,371,Del Norte,2021 Q3 Court,118,204,33,8,24,7,25,0,10,4,Del Norte,Katherine Nell Micks,0,1,1,0,0,,72,45.833333,11.111111,9.722222,33.333333
Del Norte_2021 Q4 Court,372,Del Norte,2021 Q4 Court,108,281,34,5,7,1,19,4,2,2,Del Norte,Katherine Nell Micks,0,1,1,0,0,,47,72.340426,10.638298,2.12766,14.893617
Del Norte_2022 Q1 Court,373,Del Norte,2022 Q1 Court,115,212,37,5,9,1,26,0,2,5,Del Norte,Katherine Nell Micks,0,1,1,0,0,,52,71.153846,9.615385,1.923077,17.307692
Del Norte_2022 Q2 Court,374,Del Norte,2022 Q2 Court,156,295,37,0,10,2,37,1,22,4,Del Norte,Katherine Nell Micks,0,1,1,0,0,,49,75.510204,0.0,4.081633,20.408163
Del Norte_2022 Q3 Court,375,Del Norte,2022 Q3 Court,95,244,48,3,17,1,19,2,14,3,Del Norte,Katherine Nell Micks,0,1,1,0,1,,69,69.565217,4.347826,1.449275,24.637681
Del Norte_2022 Q4 Court,376,Del Norte,2022 Q4 Court,101,323,52,7,25,3,22,2,8,4,Del Norte,Katherine Nell Micks,0,1,1,0,1,,87,59.770115,8.045977,3.448276,28.735632
Del Norte_2023 Q1 Court,377,Del Norte,2023 Q1 Court,113,234,37,6,9,1,26,0,8,9,Del Norte,Katherine Nell Micks,0,NA,NA,NA,0,,53,69.811321,11.320755,1.886792,16.981132
Del Norte_2023 Q2 Court,378,Del Norte,2023 Q2 Court,114,246,28,4,27,3,21,1,15,5,,,,,,,,,62,45.16129,6.451613,4.83871,43.548387
Del Norte_2023 Q3 Court,379,Del Norte,2023 Q3 Court,130,336,35,4,6,0,10,2,17,12,,,,,,,,,45,77.777778,8.888889,0.0,13.333333
Del Norte_2023 Q4 Court,380,Del Norte,2023 Q4 Court,66,26,14,12,0,0,11,0,11,9,,,,,,,,,26,53.846154,46.153846,0.0,0.0
Del Norte_2024 Q1 Court,381,Del Norte,2024 Q1 Court,67,NA,18,20,1,1,8,0,17,9,,,,,,,,,40,45.0,50.0,2.5,2.5
Del Norte_2024 Q2 Court,382,Del Norte,2024 Q2 Court,69,0,24,11,5,2,18,2,7,5,,,,,,,,,42,57.142857,26.190476,4.761905,11.904762
Del Norte_2024 Q3 Court,383,Del Norte,2024 Q3 Court,52,NA,25,7,4,0,12,5,6,4,,,,,,,,,36,69.444444,19.444444,0.0,11.111111
Del Norte_2024 Q4 Court,384,Del Norte,2024 Q4 Court,69,NA,19,10,6,1,8,2,9,7,,,,,,,,,36,52.777778,27.777778,2.777778,16.666667
El Dorado_2013 Q1 Court,385,El Dorado,2013 Q1 Court,278,56,44,103,9,11,119,13,16,0,El Dorado,Vern Pierson,0,1,1,1,0,,167,26.347305,61.676647,6.586826,5.389222
El Dorado_2013 Q2 Court,386,El Dorado,2013 Q2 Court,296,169,39,89,6,7,101,13,12,0,El Dorado,Vern Pierson,0,1,1,1,0,,141,27.659574,63.120567,4.964539,4.255319
El Dorado_2013 Q3 Court,387,El Dorado,2013 Q3 Court,291,64,43,106,7,10,96,7,19,21,El Dorado,Vern Pierson,0,1,1,1,0,,166,25.903614,63.855422,6.024096,4.216867
El Dorado_2013 Q4 Court,388,El Dorado,2013 Q4 Court,250,46,37,93,0,8,69,16,19,35,El Dorado,Vern Pierson,0,1,1,1,0,,138,26.811594,67.391304,5.797101,0.0
El Dorado_2014 Q1 Court,389,El Dorado,2014 Q1 Court,338,81,33,129,8,20,107,18,18,28,El Dorado,Vern Pierson,0,1,1,1,0,,190,17.368421,67.894737,10.526316,4.210526
El Dorado_2014 Q2 Court,390,El Dorado,2014 Q2 Court,279,58,34,131,9,9,94,27,11,25,El Dorado,Vern Pierson,0,1,1,1,0,,183,18.579235,71.584699,4.918033,4.918033
El Dorado_2014 Q3 Court,391,El Dorado,2014 Q3 Court,318,85,35,119,4,15,104,26,12,34,El Dorado,Vern Pierson,0,1,1,1,1,,173,20.231214,68.786127,8.67052,2.312139
El Dorado_2014 Q4 Court,392,El Dorado,2014 Q4 Court,251,72,36,95,8,12,100,12,13,20,El Dorado,Vern Pierson,0,1,1,1,1,,151,23.84106,62.913907,7.94702,5.298013
El Dorado_2015 Q1 Court,393,El Dorado,2015 Q1 Court,219,66,46,99,2,8,82,14,10,21,El Dorado,Vern Pierson,0,1,1,1,0,,155,29.677419,63.870968,5.16129,1.290323
El Dorado_2015 Q2 Court,394,El Dorado,2015 Q2 Court,205,80,46,92,9,11,75,11,21,28,El Dorado,Vern Pierson,0,1,1,1,0,,158,29.113924,58.227848,6.962025,5.696203
El Dorado_2015 Q3 Court,395,El Dorado,2015 Q3 Court,191,61,40,81,6,14,78,17,14,35,El Dorado,Vern Pierson,0,1,1,1,0,,141,28.368794,57.446809,9.929078,4.255319
El Dorado_2015 Q4 Court,396,El Dorado,2015 Q4 Court,177,63,35,71,6,13,75,12,17,40,El Dorado,Vern Pierson,0,1,1,1,0,,125,28.0,56.8,10.4,4.8
El Dorado_2016 Q1 Court,397,El Dorado,2016 Q1 Court,188,28,29,57,1,10,76,18,14,38,El Dorado,Vern Pierson,0,1,1,1,0,,97,29.896907,58.762887,10.309278,1.030928
El Dorado_2016 Q2 Court,398,El Dorado,2016 Q2 Court,165,37,43,56,9,13,70,15,18,46,El Dorado,Vern Pierson,0,1,1,1,0,,121,35.53719,46.280992,10.743802,7.438017
El Dorado_2016 Q3 Court,399,El Dorado,2016 Q3 Court,208,44,44,79,2,11,48,15,18,34,El Dorado,Vern Pierson,0,1,1,1,0,,136,32.352941,58.088235,8.088235,1.470588
El Dorado_2016 Q4 Court,400,El Dorado,2016 Q4 Court,193,56,36,64,4,8,51,13,19,29,El Dorado,Vern Pierson,0,1,1,1,0,,112,32.142857,57.142857,7.142857,3.571429
El Dorado_2017 Q1 Court,401,El Dorado,2017 Q1 Court,195,67,25,64,5,16,57,8,30,28,El Dorado,Vern Pierson,0,1,1,1,0,,110,22.727273,58.181818,14.545455,4.545455
El Dorado_2017 Q2 Court,402,El Dorado,2017 Q2 Court,214,65,28,64,2,10,67,12,20,35,El Dorado,Vern Pierson,0,1,1,1,0,,104,26.923077,61.538462,9.615385,1.923077
El Dorado_2017 Q3 Court,403,El Dorado,2017 Q3 Court,236,92,38,62,3,10,64,10,27,30,El Dorado,Vern Pierson,0,1,1,1,0,,113,33.628319,54.867257,8.849558,2.654867
El Dorado_2017 Q4 Court,404,El Dorado,2017 Q4 Court,185,55,43,50,4,11,44,10,14,31,El Dorado,Vern Pierson,0,1,1,1,0,,108,39.814815,46.296296,10.185185,3.703704
El Dorado_2018 Q1 Court,405,El Dorado,2018 Q1 Court,237,70,26,50,7,7,35,17,24,30,El Dorado,Vern Pierson,0,1,1,1,0,,90,28.888889,55.555556,7.777778,7.777778
El Dorado_2018 Q2 Court,406,El Dorado,2018 Q2 Court,289,88,30,81,2,14,60,15,13,37,El Dorado,Vern Pierson,0,1,1,1,0,,127,23.622047,63.779528,11.023622,1.574803
El Dorado_2018 Q3 Court,407,El Dorado,2018 Q3 Court,214,91,48,50,1,3,61,16,24,38,El Dorado,Vern Pierson,0,1,1,1,1,,102,47.058824,49.019608,2.941176,0.980392
El Dorado_2018 Q4 Court,408,El Dorado,2018 Q4 Court,192,68,46,62,7,5,42,15,22,26,El Dorado,Vern Pierson,0,1,1,1,1,,120,38.333333,51.666667,4.166667,5.833333
El Dorado_2019 Q1 Court,409,El Dorado,2019 Q1 Court,257,61,36,56,3,3,47,12,15,35,El Dorado,Vern Pierson,0,1,1,0,0,,98,36.734694,57.142857,3.061224,3.061224
El Dorado_2019 Q2 Court,410,El Dorado,2019 Q2 Court,262,67,41,77,3,9,56,8,19,41,El Dorado,Vern Pierson,0,1,1,0,0,,130,31.538462,59.230769,6.923077,2.307692
El Dorado_2019 Q3 Court,411,El Dorado,2019 Q3 Court,253,82,49,53,4,3,56,11,22,26,El Dorado,Vern Pierson,0,1,1,0,0,,109,44.954128,48.623853,2.752294,3.669725
El Dorado_2019 Q4 Court,412,El Dorado,2019 Q4 Court,216,70,27,75,3,4,30,11,21,36,El Dorado,Vern Pierson,0,1,1,0,0,,109,24.770642,68.807339,3.669725,2.752294
El Dorado_2020 Q1 Court,413,El Dorado,2020 Q1 Court,278,65,40,82,3,6,46,13,22,32,El Dorado,Vern Pierson,0,1,1,0,0,,131,30.534351,62.59542,4.580153,2.290076
El Dorado_2020 Q2 Court,414,El Dorado,2020 Q2 Court,249,51,22,61,1,6,39,11,20,14,El Dorado,Vern Pierson,0,1,1,0,0,,90,24.444444,67.777778,6.666667,1.111111
El Dorado_2020 Q3 Court,415,El Dorado,2020 Q3 Court,296,120,36,94,1,1,56,11,25,34,El Dorado,Vern Pierson,0,1,1,0,0,,132,27.272727,71.212121,0.757576,0.757576
El Dorado_2020 Q4 Court,416,El Dorado,2020 Q4 Court,240,100,21,66,3,1,54,1,23,29,El Dorado,Vern Pierson,0,1,1,0,0,,91,23.076923,72.527473,1.098901,3.296703
El Dorado_2021 Q1 Court,417,El Dorado,2021 Q1 Court,272,137,43,90,0,5,26,4,21,20,El Dorado,Vern Pierson,0,1,1,0,0,,138,31.15942,65.217391,3.623188,0.0
El Dorado_2021 Q2 Court,418,El Dorado,2021 Q2 Court,225,128,33,66,1,12,51,5,25,28,El Dorado,Vern Pierson,0,1,1,0,0,,112,29.464286,58.928571,10.714286,0.892857
El Dorado_2021 Q3 Court,419,El Dorado,2021 Q3 Court,277,129,16,66,4,3,52,9,26,38,El Dorado,Vern Pierson,0,1,1,0,0,,89,17.977528,74.157303,3.370787,4.494382
El Dorado_2021 Q4 Court,420,El Dorado,2021 Q4 Court,179,23,34,44,0,3,76,7,19,15,El Dorado,Vern Pierson,0,1,1,0,0,,81,41.975309,54.320988,3.703704,0.0
El Dorado_2022 Q1 Court,421,El Dorado,2022 Q1 Court,198,19,22,46,1,3,78,14,20,19,El Dorado,Vern Pierson,0,1,1,0,0,,72,30.555556,63.888889,4.166667,1.388889
El Dorado_2022 Q2 Court,422,El Dorado,2022 Q2 Court,180,33,35,67,0,1,74,15,20,26,El Dorado,Vern Pierson,0,1,1,0,0,,103,33.980583,65.048544,0.970874,0.0
El Dorado_2022 Q3 Court,423,El Dorado,2022 Q3 Court,188,47,73,0,0,2,83,14,25,21,El Dorado,Vern Pierson,0,1,1,0,1,,75,97.333333,0.0,2.666667,0.0
El Dorado_2022 Q4 Court,424,El Dorado,2022 Q4 Court,183,25,34,89,0,10,76,18,17,28,El Dorado,Vern Pierson,0,1,1,0,1,,133,25.56391,66.917293,7.518797,0.0
El Dorado_2023 Q1 Court,425,El Dorado,2023 Q1 Court,199,34,32,103,0,1,76,11,24,21,El Dorado,Vern Pierson,0,NA,NA,NA,0,,136,23.529412,75.735294,0.735294,0.0
El Dorado_2023 Q2 Court,426,El Dorado,2023 Q2 Court,214,28,35,91,1,7,70,21,31,20,,,,,,,,,134,26.119403,67.910448,5.223881,0.746269
El Dorado_2023 Q3 Court,427,El Dorado,2023 Q3 Court,204,26,30,70,0,4,76,4,35,23,,,,,,,,,104,28.846154,67.307692,3.846154,0.0
El Dorado_2023 Q4 Court,428,El Dorado,2023 Q4 Court,218,17,26,90,1,4,81,14,29,21,,,,,,,,,121,21.487603,74.380165,3.305785,0.826446
El Dorado_2024 Q1 Court,429,El Dorado,2024 Q1 Court,237,28,35,89,1,5,86,7,48,38,,,,,,,,,130,26.923077,68.461538,3.846154,0.769231
El Dorado_2024 Q2 Court,430,El Dorado,2024 Q2 Court,196,8,19,32,2,2,96,11,35,24,,,,,,,,,55,34.545455,58.181818,3.636364,3.636364
El Dorado_2024 Q3 Court,431,El Dorado,2024 Q3 Court,243,11,23,48,3,1,103,20,30,19,,,,,,,,,75,30.666667,64.0,1.333333,4.0
El Dorado_2024 Q4 Court,432,El Dorado,2024 Q4 Court,218,3,27,34,1,6,94,14,38,22,,,,,,,,,68,39.705882,50.0,8.823529,1.470588
Fresno_2013 Q1 Court,433,Fresno,2013 Q1 Court,2938,2453,439,872,158,168,706,253,367,NA,Fresno,Elizabeth Egan,0,1,1,1,0,,1637,26.817349,53.268173,10.262676,9.651802
Fresno_2013 Q2 Court,434,Fresno,2013 Q2 Court,2786,2677,491,931,145,121,717,241,337,NA,Fresno,Elizabeth Egan,0,1,1,1,0,,1688,29.087678,55.154028,7.168246,8.590047
Fresno_2013 Q3 Court,435,Fresno,2013 Q3 Court,3061,3386,562,1024,110,123,660,258,342,47,Fresno,Elizabeth Egan,0,1,1,1,0,,1819,30.896097,56.294667,6.761957,6.047279
Fresno_2013 Q4 Court,436,Fresno,2013 Q4 Court,2921,3082,416,942,117,128,720,289,243,52,Fresno,Elizabeth Egan,0,1,1,1,0,,1603,25.951341,58.764816,7.985028,7.298815
Fresno_2014 Q1 Court,437,Fresno,2014 Q1 Court,2802,3160,504,1096,89,192,697,280,239,73,Fresno,Elizabeth Egan,0,1,1,1,0,,1881,26.794258,58.266879,10.207337,4.731526
Fresno_2014 Q2 Court,438,Fresno,2014 Q2 Court,3136,2998,574,1092,88,253,653,279,287,67,Fresno,Elizabeth Egan,0,1,1,1,0,,2007,28.5999,54.409567,12.605879,4.384654
Fresno_2014 Q3 Court,439,Fresno,2014 Q3 Court,2877,2825,567,1251,79,250,836,242,244,85,Fresno,Elizabeth Egan,0,1,1,1,1,,2147,26.408943,58.26735,11.644155,3.679553
Fresno_2014 Q4 Court,440,Fresno,2014 Q4 Court,2158,1953,436,687,44,148,825,373,216,92,Fresno,Elizabeth Egan,0,1,1,1,1,,1315,33.155894,52.243346,11.254753,3.346008
Fresno_2015 Q1 Court,441,Fresno,2015 Q1 Court,1847,1639,354,665,32,207,589,268,271,99,Fresno,Lisa A. Smittcamp,0,1,1,1,0,Smittcamp beat Egan withs upport of local law enforcement and from the prosecutors and investigators in her office,1258,28.139905,52.861685,16.45469,2.54372
Fresno_2015 Q2 Court,442,Fresno,2015 Q2 Court,1936,1528,506,593,51,224,623,280,381,176,Fresno,Lisa A. Smittcamp,0,1,1,1,0,,1374,36.826783,43.158661,16.302766,3.71179
Fresno_2015 Q3 Court,443,Fresno,2015 Q3 Court,1994,1169,304,716,36,131,771,196,336,170,Fresno,Lisa A. Smittcamp,0,1,1,1,0,,1187,25.610783,60.320135,11.036226,3.032856
Fresno_2015 Q4 Court,444,Fresno,2015 Q4 Court,1571,973,293,711,43,134,599,227,315,196,Fresno,Lisa A. Smittcamp,0,1,1,1,0,,1181,24.809483,60.203218,11.346317,3.640982
Fresno_2016 Q1 Court,445,Fresno,2016 Q1 Court,1809,891,324,698,58,117,853,270,362,153,Fresno,Lisa A. Smittcamp,0,1,1,1,0,,1197,27.067669,58.312448,9.774436,4.845447
Fresno_2016 Q2 Court,446,Fresno,2016 Q2 Court,1999,828,379,720,24,124,762,327,419,112,Fresno,Lisa A. Smittcamp,0,1,1,1,0,,1247,30.392943,57.738573,9.943865,1.924619
Fresno_2016 Q3 Court,447,Fresno,2016 Q3 Court,1733,1049,382,724,32,120,1195,318,414,72,Fresno,Lisa A. Smittcamp,0,1,1,1,0,,1258,30.36566,57.551669,9.538951,2.54372
Fresno_2016 Q4 Court,448,Fresno,2016 Q4 Court,1554,822,344,629,32,78,1539,313,327,114,Fresno,Lisa A. Smittcamp,0,1,1,1,0,,1083,31.76362,58.079409,7.202216,2.954755
Fresno_2017 Q1 Court,449,Fresno,2017 Q1 Court,1650,840,401,642,25,97,1040,298,380,127,Fresno,Lisa A. Smittcamp,0,1,1,1,0,,1165,34.420601,55.107296,8.32618,2.145923
Fresno_2017 Q2 Court,450,Fresno,2017 Q2 Court,1650,734,392,590,35,129,891,204,409,115,Fresno,Lisa A. Smittcamp,0,1,1,1,0,,1146,34.205934,51.483421,11.256545,3.054101
Fresno_2017 Q3 Court,451,Fresno,2017 Q3 Court,1691,631,345,616,27,107,951,325,411,168,Fresno,Lisa A. Smittcamp,0,1,1,1,0,,1095,31.506849,56.255708,9.771689,2.465753
Fresno_2017 Q4 Court,452,Fresno,2017 Q4 Court,1641,654,361,566,24,93,830,286,354,130,Fresno,Lisa A. Smittcamp,0,1,1,1,0,,1044,34.578544,54.214559,8.908046,2.298851
Fresno_2018 Q1 Court,453,Fresno,2018 Q1 Court,1856,790,401,618,36,97,1208,288,383,144,Fresno,Lisa A. Smittcamp,0,1,1,1,0,Need the info on whether it was contested here,1152,34.809028,53.645833,8.420139,3.125
Fresno_2018 Q2 Court,454,Fresno,2018 Q2 Court,1963,1167,444,720,43,87,1210,286,194,102,Fresno,Lisa A. Smittcamp,0,1,1,1,0,,1294,34.31221,55.641422,6.723338,3.323029
Fresno_2018 Q3 Court,455,Fresno,2018 Q3 Court,2062,1171,448,713,33,99,975,186,160,100,Fresno,Lisa A. Smittcamp,0,1,1,1,1,,1293,34.648105,55.143078,7.656613,2.552204
Fresno_2018 Q4 Court,456,Fresno,2018 Q4 Court,1925,2221,368,667,43,76,726,218,410,123,Fresno,Lisa A. Smittcamp,0,1,1,1,1,,1154,31.889081,57.79896,6.585789,3.72617
Fresno_2019 Q1 Court,457,Fresno,2019 Q1 Court,1874,5649,375,678,34,96,450,188,353,138,Fresno,Lisa A. Smittcamp,0,1,1,0,0,,1183,31.69907,57.311919,8.114962,2.874049
Fresno_2019 Q2 Court,458,Fresno,2019 Q2 Court,1946,5745,383,629,49,73,465,139,342,148,Fresno,Lisa A. Smittcamp,0,1,1,0,0,,1134,33.77425,55.467372,6.43739,4.320988
Fresno_2019 Q3 Court,459,Fresno,2019 Q3 Court,2141,6038,386,645,61,68,438,177,349,162,Fresno,Lisa A. Smittcamp,0,1,1,0,0,,1160,33.275862,55.603448,5.862069,5.258621
Fresno_2019 Q4 Court,460,Fresno,2019 Q4 Court,1799,5608,380,620,52,51,363,201,285,179,Fresno,Lisa A. Smittcamp,0,1,1,0,0,,1103,34.451496,56.210335,4.623753,4.714415
Fresno_2020 Q1 Court,461,Fresno,2020 Q1 Court,1917,4208,346,609,41,61,375,139,363,237,Fresno,Lisa A. Smittcamp,0,1,1,0,0,,1057,32.734153,57.615894,5.77105,3.878903
Fresno_2020 Q2 Court,462,Fresno,2020 Q2 Court,1791,661,183,216,23,22,110,108,280,49,Fresno,Lisa A. Smittcamp,0,1,1,0,0,,444,41.216216,48.648649,4.954955,5.18018
Fresno_2020 Q3 Court,463,Fresno,2020 Q3 Court,2140,2450,215,428,9,9,149,107,213,67,Fresno,Lisa A. Smittcamp,0,1,1,0,0,,661,32.526475,64.750378,1.361573,1.361573
Fresno_2020 Q4 Court,464,Fresno,2020 Q4 Court,2149,2494,270,425,14,17,486,99,212,69,Fresno,Lisa A. Smittcamp,0,1,1,0,0,,726,37.190083,58.539945,2.341598,1.928375
Fresno_2021 Q1 Court,465,Fresno,2021 Q1 Court,2286,3090,293,440,18,28,567,94,129,24,Fresno,Lisa A. Smittcamp,0,1,1,0,0,,779,37.612323,56.48267,3.594352,2.310655
Fresno_2021 Q2 Court,466,Fresno,2021 Q2 Court,2174,3823,388,454,33,24,366,62,140,30,Fresno,Lisa A. Smittcamp,0,1,1,0,0,,899,43.159066,50.500556,2.669633,3.670745
Fresno_2021 Q3 Court,467,Fresno,2021 Q3 Court,2284,1754,395,574,29,31,224,24,117,50,Fresno,Lisa A. Smittcamp,0,1,1,0,0,,1029,38.386783,55.782313,3.012634,2.81827
Fresno_2021 Q4 Court,468,Fresno,2021 Q4 Court,1757,1064,415,630,46,27,196,22,116,32,Fresno,Lisa A. Smittcamp,0,1,1,0,0,,1118,37.119857,56.350626,2.415027,4.11449
Fresno_2022 Q1 Court,469,Fresno,2022 Q1 Court,1981,1381,416,676,30,36,167,24,118,20,Fresno,Lisa A. Smittcamp,0,1,1,0,0,,1158,35.924007,58.376511,3.108808,2.590674
Fresno_2022 Q2 Court,470,Fresno,2022 Q2 Court,2141,1255,458,707,42,33,252,32,177,37,Fresno,Lisa A. Smittcamp,0,1,1,0,0,,1240,36.935484,57.016129,2.66129,3.387097
Fresno_2022 Q3 Court,471,Fresno,2022 Q3 Court,2108,1175,400,731,34,51,349,34,153,28,Fresno,Lisa A. Smittcamp,0,1,1,0,1,,1216,32.894737,60.115132,4.194079,2.796053
Fresno_2022 Q4 Court,472,Fresno,2022 Q4 Court,1799,881,431,621,44,47,324,61,179,22,Fresno,Lisa A. Smittcamp,0,1,1,0,1,,1143,37.707787,54.330709,4.111986,3.849519
Fresno_2023 Q1 Court,473,Fresno,2023 Q1 Court,2036,949,492,658,40,35,358,64,201,28,Fresno,Lisa A. Smittcamp,0,NA,NA,NA,0,,1225,40.163265,53.714286,2.857143,3.265306
Fresno_2023 Q2 Court,474,Fresno,2023 Q2 Court,2168,979,430,675,54,63,483,45,252,24,,,,,,,,,1222,35.188216,55.237316,5.155483,4.418985
Fresno_2023 Q3 Court,475,Fresno,2023 Q3 Court,2005,999,415,637,38,57,403,53,281,24,,,,,,,,,1147,36.181343,55.536181,4.969486,3.31299
Fresno_2023 Q4 Court,476,Fresno,2023 Q4 Court,1909,794,421,673,57,36,401,62,261,23,,,,,,,,,1187,35.467565,56.697557,3.032856,4.802022
Fresno_2024 Q1 Court,477,Fresno,2024 Q1 Court,1751,838,393,684,52,51,466,72,230,29,,,,,,,,,1180,33.305085,57.966102,4.322034,4.40678
Fresno_2024 Q2 Court,478,Fresno,2024 Q2 Court,1832,837,357,631,28,41,406,56,269,36,,,,,,,,,1057,33.774834,59.697256,3.878903,2.649007
Fresno_2024 Q3 Court,479,Fresno,2024 Q3 Court,1817,941,388,595,30,33,452,47,222,36,,,,,,,,,1046,37.09369,56.883365,3.154876,2.868069
Fresno_2024 Q4 Court,480,Fresno,2024 Q4 Court,1587,862,396,531,42,25,329,38,219,35,,,,,,,,,994,39.839034,53.420523,2.515091,4.225352
Glenn_2013 Q1 Court,481,Glenn,2013 Q1 Court,50,6,2,22,3,9,30,12,8,1,Glenn,Robert J. Maloney,0,1,0,1,0,,36,5.555556,61.111111,25.0,8.333333
Glenn_2013 Q2 Court,482,Glenn,2013 Q2 Court,65,12,4,27,5,19,87,3,3,NA,Glenn,Robert J. Maloney,0,1,0,1,0,,55,7.272727,49.090909,34.545455,9.090909
Glenn_2013 Q3 Court,483,Glenn,2013 Q3 Court,72,1,8,34,7,24,82,6,5,1,Glenn,Robert J. Maloney,0,1,0,1,0,,73,10.958904,46.575342,32.876712,9.589041
Glenn_2013 Q4 Court,484,Glenn,2013 Q4 Court,62,4,7,33,6,28,58,8,5,1,Glenn,Robert J. Maloney,0,1,0,1,0,,74,9.459459,44.594595,37.837838,8.108108
Glenn_2014 Q1 Court,485,Glenn,2014 Q1 Court,51,6,2,22,3,9,30,12,8,1,Glenn,Robert J. Maloney,0,1,0,1,0,,36,5.555556,61.111111,25.0,8.333333
Glenn_2014 Q2 Court,486,Glenn,2014 Q2 Court,56,7,2,28,4,18,38,12,3,2,Glenn,Robert J. Maloney,0,1,0,1,0,,52,3.846154,53.846154,34.615385,7.692308
Glenn_2014 Q3 Court,487,Glenn,2014 Q3 Court,69,6,3,29,3,22,22,8,4,1,Glenn,Robert J. Maloney,0,1,0,1,1,,57,5.263158,50.877193,38.596491,5.263158
Glenn_2014 Q4 Court,488,Glenn,2014 Q4 Court,116,4,3,38,3,31,28,8,2,3,Glenn,Robert J. Maloney,0,1,0,1,1,,75,4.0,50.666667,41.333333,4.0
Glenn_2015 Q1 Court,489,Glenn,2015 Q1 Court,52,2,1,29,0,15,10,4,2,1,Glenn,Dwayne R. Stewart,0,1,1,0,0,,45,2.222222,64.444444,33.333333,0.0
Glenn_2015 Q2 Court,490,Glenn,2015 Q2 Court,63,1,3,34,0,12,8,5,2,2,Glenn,Dwayne R. Stewart,0,1,1,0,0,,49,6.122449,69.387755,24.489796,0.0
Glenn_2015 Q3 Court,491,Glenn,2015 Q3 Court,68,NA,NA,NA,NA,NA,NA,NA,NA,NA,Glenn,Dwayne R. Stewart,0,1,1,0,0,,,,,,
Glenn_2015 Q4 Court,492,Glenn,2015 Q4 Court,58,1,3,20,0,9,10,3,2,2,Glenn,Dwayne R. Stewart,0,1,1,0,0,,32,9.375,62.5,28.125,0.0
Glenn_2016 Q1 Court,493,Glenn,2016 Q1 Court,79,4,6,40,2,12,8,4,1,0,Glenn,Dwayne R. Stewart,0,1,1,0,0,,60,10.0,66.666667,20.0,3.333333
Glenn_2016 Q2 Court,494,Glenn,2016 Q2 Court,115,12,8,52,4,18,16,9,3,2,Glenn,Dwayne R. Stewart,0,1,1,0,0,,82,9.756098,63.414634,21.95122,4.878049
Glenn_2016 Q3 Court,495,Glenn,2016 Q3 Court,109,12,2,24,1,15,22,8,4,1,Glenn,Dwayne R. Stewart,0,1,1,0,0,,42,4.761905,57.142857,35.714286,2.380952
Glenn_2016 Q4 Court,496,Glenn,2016 Q4 Court,81,14,1,42,3,16,26,3,0,0,Glenn,Dwayne R. Stewart,0,1,1,0,0,,62,1.612903,67.741935,25.806452,4.83871
Glenn_2017 Q1 Court,497,Glenn,2017 Q1 Court,64,0,2,32,0,12,25,3,2,1,Glenn,Dwayne R. Stewart,0,1,1,0,0,,46,4.347826,69.565217,26.086957,0.0
Glenn_2017 Q2 Court,498,Glenn,2017 Q2 Court,65,1,1,34,1,8,22,8,2,2,Glenn,Dwayne R. Stewart,0,1,1,0,0,,44,2.272727,77.272727,18.181818,2.272727
Glenn_2017 Q3 Court,499,Glenn,2017 Q3 Court,67,1,1,32,1,9,25,7,3,0,Glenn,Dwayne R. Stewart,0,1,1,0,0,,43,2.325581,74.418605,20.930233,2.325581
Glenn_2017 Q4 Court,500,Glenn,2017 Q4 Court,63,NA,NA,NA,NA,NA,NA,NA,NA,NA,Glenn,Dwayne R. Stewart,0,1,1,0,0,,,,,,
Glenn_2018 Q1 Court,501,Glenn,2018 Q1 Court,94,3,NA,45,37,0,27,0,7,1,Glenn,Dwayne R. Stewart,0,1,1,0,0,,,,,,
Glenn_2018 Q2 Court,502,Glenn,2018 Q2 Court,66,NA,NA,NA,NA,NA,NA,NA,NA,NA,Glenn,Dwayne R. Stewart,0,1,1,0,0,,,,,,
Glenn_2018 Q3 Court,503,Glenn,2018 Q3 Court,76,NA,NA,NA,NA,NA,NA,NA,NA,NA,Glenn,Dwayne R. Stewart,0,1,1,0,1,,,,,,
Glenn_2018 Q4 Court,504,Glenn,2018 Q4 Court,89,NA,NA,NA,NA,NA,NA,NA,NA,NA,Glenn,Dwayne R. Stewart,0,1,1,0,1,,,,,,
Glenn_2019 Q1 Court,505,Glenn,2019 Q1 Court,80,12,16,17,5,2,64,0,9,3,Glenn,Dwayne R. Stewart,0,1,1,0,0,,40,40.0,42.5,5.0,12.5
Glenn_2019 Q2 Court,506,Glenn,2019 Q2 Court,73,5,11,21,4,3,55,4,0,2,Glenn,Dwayne R. Stewart,0,1,1,0,0,,39,28.205128,53.846154,7.692308,10.25641
Glenn_2019 Q3 Court,507,Glenn,2019 Q3 Court,124,9,12,26,4,2,86,0,9,5,Glenn,Dwayne R. Stewart,0,1,1,0,0,,44,27.272727,59.090909,4.545455,9.090909
Glenn_2019 Q4 Court,508,Glenn,2019 Q4 Court,83,7,5,13,2,1,89,0,14,4,Glenn,Dwayne R. Stewart,0,1,1,0,0,,21,23.809524,61.904762,4.761905,9.52381
Glenn_2020 Q1 Court,509,Glenn,2020 Q1 Court,69,35,14,14,2,3,62,2,11,6,Glenn,Dwayne R. Stewart,0,1,1,0,0,,33,42.424242,42.424242,9.090909,6.060606
Glenn_2020 Q2 Court,510,Glenn,2020 Q2 Court,62,32,23,35,0,0,61,3,6,0,Glenn,Dwayne R. Stewart,0,1,1,0,0,,58,39.655172,60.344828,0.0,0.0
Glenn_2020 Q3 Court,511,Glenn,2020 Q3 Court,69,16,14,36,3,0,77,4,6,4,Glenn,Dwayne R. Stewart,0,1,1,0,0,,53,26.415094,67.924528,0.0,5.660377
Glenn_2020 Q4 Court,512,Glenn,2020 Q4 Court,67,38,3,28,2,0,64,7,9,0,Glenn,Dwayne R. Stewart,0,1,1,0,0,,33,9.090909,84.848485,0.0,6.060606
Glenn_2021 Q1 Court,513,Glenn,2021 Q1 Court,83,32,12,NA,2,NA,69,1,18,0,Glenn,Dwayne R. Stewart,0,1,1,0,0,,,,,,
Glenn_2021 Q2 Court,514,Glenn,2021 Q2 Court,74,NA,12,NA,1,NA,99,0,12,0,Glenn,Dwayne R. Stewart,0,1,1,0,0,,,,,,
Glenn_2021 Q3 Court,515,Glenn,2021 Q3 Court,101,NA,15,NA,2,NA,92,5,11,0,Glenn,Dwayne R. Stewart,0,1,1,0,0,,,,,,
Glenn_2021 Q4 Court,516,Glenn,2021 Q4 Court,56,NA,3,NA,0,NA,71,1,6,0,Glenn,Dwayne R. Stewart,0,1,1,0,0,,,,,,
Glenn_2022 Q1 Court,517,Glenn,2022 Q1 Court,67,NA,9,NA,3,NA,85,2,6,1,Glenn,Dwayne R. Stewart,0,1,1,0,0,,,,,,
Glenn_2022 Q2 Court,518,Glenn,2022 Q2 Court,88,NA,7,NA,0,NA,76,0,1,4,Glenn,Dwayne R. Stewart,0,1,1,0,0,,,,,,
Glenn_2022 Q3 Court,519,Glenn,2022 Q3 Court,62,NA,11,NA,0,NA,58,1,1,1,Glenn,Dwayne R. Stewart,0,1,1,0,1,,,,,,
Glenn_2022 Q4 Court,520,Glenn,2022 Q4 Court,61,NA,8,NA,1,NA,38,0,5,1,Glenn,Dwayne R. Stewart,0,1,1,0,1,,,,,,
Glenn_2023 Q1 Court,521,Glenn,2023 Q1 Court,51,67,17,36,4,NA,63,0,3,0,,,,,,,,,,,,,
Glenn_2023 Q2 Court,522,Glenn,2023 Q2 Court,55,65,7,25,3,NA,96,0,7,1,,,,,,,,,,,,,
Glenn_2023 Q3 Court,523,Glenn,2023 Q3 Court,101,72,10,31,4,NA,68,0,6,2,,,,,,,,,,,,,
Glenn_2023 Q4 Court,524,Glenn,2023 Q4 Court,53,54,6,38,1,NA,55,0,6,2,,,,,,,,,,,,,
Glenn_2024 Q1 Court,525,Glenn,2024 Q1 Court,57,82,7,45,3,1,77,0,7,1,,,,,,,,,56,12.5,80.357143,1.785714,5.357143
Glenn_2024 Q2 Court,526,Glenn,2024 Q2 Court,59,91,7,25,2,5,36,1,10,0,,,,,,,,,39,17.948718,64.102564,12.820513,5.128205
Glenn_2024 Q3 Court,527,Glenn,2024 Q3 Court,31,85,9,21,3,0,51,0,7,1,,,,,,,,,33,27.272727,63.636364,0.0,9.090909
Glenn_2024 Q4 Court,528,Glenn,2024 Q4 Court,35,66,4,16,1,0,32,0,11,0,,,,,,,,,21,19.047619,76.190476,0.0,4.761905
Humboldt_2013 Q1 Court,529,Humboldt,2013 Q1 Court,509,150,21,125,6,23,180,56,58,NA,Humboldt,Paul Gallegos,0,0,NA,NA,0,,175,12.0,71.428571,13.142857,3.428571
Humboldt_2013 Q2 Court,530,Humboldt,2013 Q2 Court,445,172,30,101,2,20,254,61,48,NA,Humboldt,Paul Gallegos,0,0,NA,NA,0,,153,19.607843,66.013072,13.071895,1.30719
Humboldt_2013 Q3 Court,531,Humboldt,2013 Q3 Court,555,192,31,91,4,11,195,61,51,4,Humboldt,Paul Gallegos,0,0,NA,NA,0,,137,22.627737,66.423358,8.029197,2.919708
Humboldt_2013 Q4 Court,532,Humboldt,2013 Q4 Court,544,167,28,134,4,16,231,51,53,4,Humboldt,Paul Gallegos,0,0,NA,NA,0,,182,15.384615,73.626374,8.791209,2.197802
Humboldt_2014 Q1 Court,533,Humboldt,2014 Q1 Court,476,173,32,128,2,8,284,64,35,3,Humboldt,Paul Gallegos,0,0,NA,1,0,,170,18.823529,75.294118,4.705882,1.176471
Humboldt_2014 Q2 Court,534,Humboldt,2014 Q2 Court,476,121,28,118,4,8,248,76,52,8,Humboldt,Paul Gallegos,0,0,NA,1,0,,158,17.721519,74.683544,5.063291,2.531646
Humboldt_2014 Q3 Court,535,Humboldt,2014 Q3 Court,420,159,11,113,1,18,277,50,55,4,Humboldt,Paul Gallegos,0,0,NA,1,1,,143,7.692308,79.020979,12.587413,0.699301
Humboldt_2014 Q4 Court,536,Humboldt,2014 Q4 Court,335,142,20,63,3,5,149,76,49,5,Humboldt,Paul Gallegos,0,0,NA,1,1,,91,21.978022,69.230769,5.494505,3.296703
Humboldt_2015 Q1 Court,537,Humboldt,2015 Q1 Court,378,163,27,65,6,3,150,33,45,6,Humboldt,Maggie Fleming,0,1,1,0,0,,101,26.732673,64.356436,2.970297,5.940594
Humboldt_2015 Q2 Court,538,Humboldt,2015 Q2 Court,406,120,42,90,1,10,130,28,49,4,Humboldt,Maggie Fleming,0,1,1,0,0,,143,29.370629,62.937063,6.993007,0.699301
Humboldt_2015 Q3 Court,539,Humboldt,2015 Q3 Court,294,115,27,94,2,7,138,28,54,10,Humboldt,Maggie Fleming,0,1,1,0,0,,130,20.769231,72.307692,5.384615,1.538462
Humboldt_2015 Q4 Court,540,Humboldt,2015 Q4 Court,356,65,22,45,0,8,93,19,37,0,Humboldt,Maggie Fleming,0,1,1,0,0,,75,29.333333,60.0,10.666667,0.0
Humboldt_2016 Q1 Court,541,Humboldt,2016 Q1 Court,342,130,36,75,2,12,141,29,50,6,Humboldt,Maggie Fleming,0,1,1,0,0,,125,28.8,60.0,9.6,1.6
Humboldt_2016 Q2 Court,542,Humboldt,2016 Q2 Court,377,101,30,83,0,13,135,34,51,7,Humboldt,Maggie Fleming,0,1,1,0,0,,126,23.809524,65.873016,10.31746,0.0
Humboldt_2016 Q3 Court,543,Humboldt,2016 Q3 Court,296,97,41,104,2,24,146,40,66,6,Humboldt,Maggie Fleming,0,1,1,0,0,,171,23.976608,60.818713,14.035088,1.169591
Humboldt_2016 Q4 Court,544,Humboldt,2016 Q4 Court,300,88,24,94,1,16,154,58,55,8,Humboldt,Maggie Fleming,0,1,1,0,0,,135,17.777778,69.62963,11.851852,0.740741
Humboldt_2017 Q1 Court,545,Humboldt,2017 Q1 Court,261,87,39,83,1,16,151,83,60,10,Humboldt,Maggie Fleming,0,1,1,0,0,,139,28.057554,59.71223,11.510791,0.719424
Humboldt_2017 Q2 Court,546,Humboldt,2017 Q2 Court,295,88,56,104,1,16,168,57,68,11,Humboldt,Maggie Fleming,0,1,1,0,0,,177,31.638418,58.757062,9.039548,0.564972
Humboldt_2017 Q3 Court,547,Humboldt,2017 Q3 Court,315,75,44,88,1,15,141,52,51,11,Humboldt,Maggie Fleming,0,1,1,0,0,,148,29.72973,59.459459,10.135135,0.675676
Humboldt_2017 Q4 Court,548,Humboldt,2017 Q4 Court,313,52,40,102,1,21,160,45,45,17,Humboldt,Maggie Fleming,0,1,1,0,0,,164,24.390244,62.195122,12.804878,0.609756
Humboldt_2018 Q1 Court,549,Humboldt,2018 Q1 Court,331,70,41,82,2,18,142,50,34,10,Humboldt,Maggie Fleming,0,1,1,0,0,,143,28.671329,57.342657,12.587413,1.398601
Humboldt_2018 Q2 Court,550,Humboldt,2018 Q2 Court,399,97,51,106,4,15,129,61,41,13,Humboldt,Maggie Fleming,0,1,1,0,0,,176,28.977273,60.227273,8.522727,2.272727
Humboldt_2018 Q3 Court,551,Humboldt,2018 Q3 Court,297,95,39,102,0,10,133,74,28,10,Humboldt,Maggie Fleming,0,1,1,0,0,,151,25.827815,67.549669,6.622517,0.0
Humboldt_2018 Q4 Court,552,Humboldt,2018 Q4 Court,290,71,47,96,0,17,158,47,44,17,Humboldt,Maggie Fleming,0,1,1,0,0,,160,29.375,60.0,10.625,0.0
Humboldt_2019 Q1 Court,553,Humboldt,2019 Q1 Court,277,78,34,83,2,23,125,49,40,11,Humboldt,Maggie Fleming,0,1,1,0,0,,142,23.943662,58.450704,16.197183,1.408451
Humboldt_2019 Q2 Court,554,Humboldt,2019 Q2 Court,297,101,61,80,1,6,145,59,48,22,Humboldt,Maggie Fleming,0,1,1,0,0,,148,41.216216,54.054054,4.054054,0.675676
Humboldt_2019 Q3 Court,555,Humboldt,2019 Q3 Court,319,86,18,54,0,11,92,37,34,15,Humboldt,Maggie Fleming,0,1,1,0,1,,83,21.686747,65.060241,13.253012,0.0
Humboldt_2019 Q4 Court,556,Humboldt,2019 Q4 Court,249,47,54,162,0,11,135,46,44,33,Humboldt,Maggie Fleming,0,1,1,0,1,,227,23.788546,71.365639,4.845815,0.0
Humboldt_2020 Q1 Court,557,Humboldt,2020 Q1 Court,275,46,44,207,1,15,130,51,35,32,Humboldt,Maggie Fleming,0,0,NA,1,0,,267,16.479401,77.52809,5.617978,0.374532
Humboldt_2020 Q2 Court,558,Humboldt,2020 Q2 Court,240,49,21,60,0,2,57,18,17,4,Humboldt,Maggie Fleming,0,0,NA,1,0,,83,25.301205,72.289157,2.409639,0.0
Humboldt_2020 Q3 Court,559,Humboldt,2020 Q3 Court,332,91,35,111,1,4,120,25,25,7,Humboldt,Maggie Fleming,0,0,NA,1,0,,151,23.178808,73.509934,2.649007,0.662252
Humboldt_2020 Q4 Court,560,Humboldt,2020 Q4 Court,258,109,40,84,0,9,103,15,23,13,Humboldt,Maggie Fleming,0,0,NA,1,0,,133,30.075188,63.157895,6.766917,0.0
Humboldt_2021 Q1 Court,561,Humboldt,2021 Q1 Court,381,131,24,89,0,7,98,30,16,19,Humboldt,Maggie Fleming,0,0,NA,1,0,,120,20.0,74.166667,5.833333,0.0
Humboldt_2021 Q2 Court,562,Humboldt,2021 Q2 Court,326,189,36,95,1,12,89,20,18,36,Humboldt,Maggie Fleming,0,0,NA,1,0,,144,25.0,65.972222,8.333333,0.694444
Humboldt_2021 Q3 Court,563,Humboldt,2021 Q3 Court,340,206,77,114,0,18,108,20,13,22,Humboldt,Maggie Fleming,0,0,NA,1,0,,209,36.842105,54.545455,8.61244,0.0
Humboldt_2021 Q4 Court,564,Humboldt,2021 Q4 Court,353,192,65,116,1,11,87,22,17,9,Humboldt,Maggie Fleming,0,0,NA,1,0,,193,33.678756,60.103627,5.699482,0.518135
Humboldt_2022 Q1 Court,565,Humboldt,2022 Q1 Court,243,225,52,127,0,12,77,18,11,16,Humboldt,Maggie Fleming,0,0,NA,1,0,Maggie Fleming did not run again. Stacey Eads ,191,27.225131,66.492147,6.282723,0.0
Humboldt_2022 Q2 Court,566,Humboldt,2022 Q2 Court,296,203,72,146,4,18,71,22,8,16,Humboldt,Maggie Fleming,0,0,NA,1,0,,240,30.0,60.833333,7.5,1.666667
Humboldt_2022 Q3 Court,567,Humboldt,2022 Q3 Court,309,197,81,120,1,19,82,29,15,7,Humboldt,Maggie Fleming,0,0,NA,1,1,,221,36.651584,54.298643,8.597285,0.452489
Humboldt_2022 Q4 Court,568,Humboldt,2022 Q4 Court,271,143,33,103,3,19,80,29,20,10,Humboldt,Maggie Fleming,0,0,NA,1,1,,158,20.886076,65.189873,12.025316,1.898734
Humboldt_2023 Q1 Court,569,Humboldt,2023 Q1 Court,303,158,38,92,0,14,97,33,20,14,Humboldt,Stacey Eads,0,NA,NA,NA,0,,144,26.388889,63.888889,9.722222,0.0
Humboldt_2023 Q2 Court,570,Humboldt,2023 Q2 Court,270,125,55,147,1,15,98,42,23,NA,,,,,,,,,218,25.229358,67.431193,6.880734,0.458716
Humboldt_2023 Q3 Court,571,Humboldt,2023 Q3 Court,278,134,52,169,0,16,90,19,26,18,,,,,,,,,237,21.940928,71.308017,6.751055,0.0
Humboldt_2023 Q4 Court,572,Humboldt,2023 Q4 Court,270,93,57,153,1,13,85,45,21,16,,,,,,,,,224,25.446429,68.303571,5.803571,0.446429
Humboldt_2024 Q1 Court,573,Humboldt,2024 Q1 Court,264,103,43,75,0,15,105,30,29,19,,,,,,,,,133,32.330827,56.390977,11.278195,0.0
Humboldt_2024 Q2 Court,574,Humboldt,2024 Q2 Court,258,114,43,76,1,10,80,27,37,13,,,,,,,,,130,33.076923,58.461538,7.692308,0.769231
Humboldt_2024 Q3 Court,575,Humboldt,2024 Q3 Court,241,94,26,67,0,9,102,41,30,17,,,,,,,,,102,25.490196,65.686275,8.823529,0.0
Humboldt_2024 Q4 Court,576,Humboldt,2024 Q4 Court,291,71,26,83,1,5,101,42,31,18,,,,,,,,,115,22.608696,72.173913,4.347826,0.869565
Imperial_2013 Q1 Court,577,Imperial,2013 Q1 Court,580,78,67,146,27,0,101,0,7,0,Imperial,Gilbert G. Otero,0,1,1,0,0,https://elections.imperialcounty.org/election-data/,240,27.916667,60.833333,0.0,11.25
Imperial_2013 Q2 Court,578,Imperial,2013 Q2 Court,556,88,59,168,27,0,141,0,14,NA,Imperial,Gilbert G. Otero,0,1,1,0,0,,254,23.228346,66.141732,0.0,10.629921
Imperial_2013 Q3 Court,579,Imperial,2013 Q3 Court,552,71,44,155,32,0,132,0,20,13,Imperial,Gilbert G. Otero,0,1,1,0,0,,231,19.047619,67.099567,0.0,13.852814
Imperial_2013 Q4 Court,580,Imperial,2013 Q4 Court,570,113,70,171,29,6,139,2,17,17,Imperial,Gilbert G. Otero,0,1,1,0,0,,276,25.362319,61.956522,2.173913,10.507246
Imperial_2014 Q1 Court,581,Imperial,2014 Q1 Court,501,99,45,136,29,8,138,1,20,14,Imperial,Gilbert G. Otero,0,1,1,0,0,,218,20.642202,62.385321,3.669725,13.302752
Imperial_2014 Q2 Court,582,Imperial,2014 Q2 Court,570,96,53,204,29,14,167,3,25,22,Imperial,Gilbert G. Otero,0,1,1,0,0,,300,17.666667,68.0,4.666667,9.666667
Imperial_2014 Q3 Court,583,Imperial,2014 Q3 Court,485,92,65,161,33,7,196,14,40,12,Imperial,Gilbert G. Otero,0,1,1,0,0,,266,24.43609,60.526316,2.631579,12.406015
Imperial_2014 Q4 Court,584,Imperial,2014 Q4 Court,401,76,53,143,15,5,132,15,26,23,Imperial,Gilbert G. Otero,0,1,1,0,0,,216,24.537037,66.203704,2.314815,6.944444
Imperial_2015 Q1 Court,585,Imperial,2015 Q1 Court,379,60,43,126,16,6,131,12,28,13,Imperial,Gilbert G. Otero,0,1,1,0,0,,191,22.513089,65.968586,3.141361,8.376963
Imperial_2015 Q2 Court,586,Imperial,2015 Q2 Court,470,58,36,170,19,6,136,13,37,7,Imperial,Gilbert G. Otero,0,1,1,0,0,,231,15.584416,73.593074,2.597403,8.225108
Imperial_2015 Q3 Court,587,Imperial,2015 Q3 Court,438,63,75,155,25,4,184,9,40,15,Imperial,Gilbert G. Otero,0,1,1,0,1,,259,28.957529,59.84556,1.544402,9.65251
Imperial_2015 Q4 Court,588,Imperial,2015 Q4 Court,367,74,47,142,21,2,186,8,24,7,Imperial,Gilbert G. Otero,0,1,1,0,1,,212,22.169811,66.981132,0.943396,9.90566
Imperial_2016 Q1 Court,589,Imperial,2016 Q1 Court,404,87,76,130,19,7,150,8,32,10,Imperial,Gilbert G. Otero,0,1,1,1,0,,232,32.758621,56.034483,3.017241,8.189655
Imperial_2016 Q2 Court,590,Imperial,2016 Q2 Court,410,71,80,147,19,6,184,7,42,17,Imperial,Gilbert G. Otero,0,1,1,1,0,,252,31.746032,58.333333,2.380952,7.539683
Imperial_2016 Q3 Court,591,Imperial,2016 Q3 Court,408,59,74,124,13,5,156,4,29,14,Imperial,Gilbert G. Otero,0,1,1,1,0,,216,34.259259,57.407407,2.314815,6.018519
Imperial_2016 Q4 Court,592,Imperial,2016 Q4 Court,302,42,58,104,15,2,160,2,42,15,Imperial,Gilbert G. Otero,0,1,1,1,0,,179,32.402235,58.100559,1.117318,8.379888
Imperial_2017 Q1 Court,593,Imperial,2017 Q1 Court,398,45,72,123,10,4,159,4,29,14,Imperial,Gilbert G. Otero,0,1,1,1,0,,209,34.449761,58.851675,1.913876,4.784689
Imperial_2017 Q2 Court,594,Imperial,2017 Q2 Court,407,50,60,96,21,2,226,4,45,14,Imperial,Gilbert G. Otero,0,1,1,1,0,,179,33.519553,53.631285,1.117318,11.731844
Imperial_2017 Q3 Court,595,Imperial,2017 Q3 Court,362,68,99,130,11,6,204,4,34,14,Imperial,Gilbert G. Otero,0,1,1,1,0,,246,40.243902,52.845528,2.439024,4.471545
Imperial_2017 Q4 Court,596,Imperial,2017 Q4 Court,344,58,72,255,7,3,162,1,37,15,Imperial,Gilbert G. Otero,0,1,1,1,0,,337,21.364985,75.667656,0.890208,2.077151
Imperial_2018 Q1 Court,597,Imperial,2018 Q1 Court,309,43,69,230,0,2,182,8,30,11,Imperial,Gilbert G. Otero,0,1,1,1,0,,301,22.923588,76.41196,0.664452,0.0
Imperial_2018 Q2 Court,598,Imperial,2018 Q2 Court,375,63,80,236,5,3,193,0,30,11,Imperial,Gilbert G. Otero,0,1,1,1,0,,324,24.691358,72.839506,0.925926,1.54321
Imperial_2018 Q3 Court,599,Imperial,2018 Q3 Court,375,76,101,256,7,1,194,1,35,8,Imperial,Gilbert G. Otero,0,1,1,1,1,,365,27.671233,70.136986,0.273973,1.917808
Imperial_2018 Q4 Court,600,Imperial,2018 Q4 Court,280,70,80,203,10,4,158,1,34,5,Imperial,Gilbert G. Otero,0,1,1,1,1,,297,26.936027,68.350168,1.346801,3.367003
Imperial_2019 Q1 Court,601,Imperial,2019 Q1 Court,268,59,54,161,3,5,123,0,29,6,Imperial,Gilbert G. Otero,0,0,NA,NA,0,,223,24.215247,72.197309,2.242152,1.345291
Imperial_2019 Q2 Court,602,Imperial,2019 Q2 Court,328,77,58,181,4,6,156,1,23,6,Imperial,Gilbert G. Otero,0,0,NA,NA,0,,249,23.293173,72.690763,2.409639,1.606426
Imperial_2019 Q3 Court,603,Imperial,2019 Q3 Court,343,84,55,193,5,19,134,1,30,10,Imperial,Gilbert G. Otero,0,0,NA,NA,0,,272,20.220588,70.955882,6.985294,1.838235
Imperial_2019 Q4 Court,604,Imperial,2019 Q4 Court,252,65,53,166,8,9,131,1,19,4,Imperial,Gilbert G. Otero,0,0,NA,NA,0,,236,22.457627,70.338983,3.813559,3.389831
Imperial_2020 Q1 Court,605,Imperial,2020 Q1 Court,252,54,49,150,5,6,130,0,27,10,Imperial,Gilbert G. Otero,0,0,NA,NA,0,,210,23.333333,71.428571,2.857143,2.380952
Imperial_2020 Q2 Court,606,Imperial,2020 Q2 Court,169,42,19,52,1,3,24,0,4,0,Imperial,Gilbert G. Otero,0,0,NA,NA,0,,75,25.333333,69.333333,4.0,1.333333
Imperial_2020 Q3 Court,607,Imperial,2020 Q3 Court,248,75,20,74,6,6,53,4,28,1,Imperial,Gilbert G. Otero,0,0,NA,NA,0,,106,18.867925,69.811321,5.660377,5.660377
Imperial_2020 Q4 Court,608,Imperial,2020 Q4 Court,348,60,15,50,3,1,86,1,32,1,Imperial,Gilbert G. Otero,0,0,NA,NA,0,,69,21.73913,72.463768,1.449275,4.347826
Imperial_2021 Q1 Court,609,Imperial,2021 Q1 Court,394,60,25,48,2,0,78,4,24,0,Imperial,Gilbert G. Otero,0,0,NA,NA,0,,75,33.333333,64.0,0.0,2.666667
Imperial_2021 Q2 Court,610,Imperial,2021 Q2 Court,363,112,36,92,7,2,70,6,19,3,Imperial,Gilbert G. Otero,0,0,NA,NA,0,,137,26.277372,67.153285,1.459854,5.109489
Imperial_2021 Q3 Court,611,Imperial,2021 Q3 Court,427,102,57,120,8,5,72,15,10,3,Imperial,Gilbert G. Otero,0,0,NA,NA,0,,190,30.0,63.157895,2.631579,4.210526
Imperial_2021 Q4 Court,612,Imperial,2021 Q4 Court,195,83,82,120,3,3,55,5,21,0,Imperial,Gilbert G. Otero,0,0,NA,NA,0,,208,39.423077,57.692308,1.442308,1.442308
Imperial_2022 Q1 Court,613,Imperial,2022 Q1 Court,243,60,56,69,4,4,76,1,24,8,Imperial,Gilbert G. Otero,0,0,NA,1,0,,133,42.105263,51.879699,3.007519,3.007519
Imperial_2022 Q2 Court,614,Imperial,2022 Q2 Court,306,73,57,116,8,5,90,2,13,3,Imperial,Gilbert G. Otero,0,0,NA,1,0,,186,30.645161,62.365591,2.688172,4.301075
Imperial_2022 Q3 Court,615,Imperial,2022 Q3 Court,422,80,67,122,5,10,85,3,29,5,Imperial,Gilbert G. Otero,0,0,NA,1,1,,204,32.843137,59.803922,4.901961,2.45098
Imperial_2022 Q4 Court,616,Imperial,2022 Q4 Court,272,58,56,92,1,8,72,2,30,0,Imperial,Gilbert G. Otero,0,0,NA,1,1,,157,35.66879,58.598726,5.095541,0.636943
Imperial_2023 Q1 Court,617,Imperial,2023 Q1 Court,205,69,72,96,5,8,85,10,35,4,Imperial,George Marquez,0,0,NA,NA,0,,181,39.779006,53.038674,4.41989,2.762431
Imperial_2023 Q2 Court,618,Imperial,2023 Q2 Court,275,46,66,103,3,7,71,3,21,1,,,,,,,,,179,36.871508,57.541899,3.910615,1.675978
Imperial_2023 Q3 Court,619,Imperial,2023 Q3 Court,252,36,54,148,5,8,78,4,24,2,,,,,,,,,215,25.116279,68.837209,3.72093,2.325581
Imperial_2023 Q4 Court,620,Imperial,2023 Q4 Court,221,46,62,106,6,4,66,2,35,2,,,,,,,,,178,34.831461,59.550562,2.247191,3.370787
Imperial_2024 Q1 Court,621,Imperial,2024 Q1 Court,263,37,56,130,1,2,63,5,35,4,,,,,,,,,189,29.62963,68.783069,1.058201,0.529101
Imperial_2024 Q2 Court,622,Imperial,2024 Q2 Court,241,37,62,115,5,6,73,8,36,12,,,,,,,,,188,32.978723,61.170213,3.191489,2.659574
Imperial_2024 Q3 Court,623,Imperial,2024 Q3 Court,257,33,58,127,5,6,74,5,46,7,,,,,,,,,196,29.591837,64.795918,3.061224,2.55102
Imperial_2024 Q4 Court,624,Imperial,2024 Q4 Court,258,20,57,139,4,1,67,1,24,5,,,,,,,,,201,28.358209,69.154229,0.497512,1.99005
Inyo_2013 Q1 Court,625,Inyo,2013 Q1 Court,48,13,5,8,3,2,3,1,0,0,Inyo,Arthur Maillett,0,0,NA,NA,0,https://elections.inyocounty.us/results/,18,27.777778,44.444444,11.111111,16.666667
Inyo_2013 Q2 Court,626,Inyo,2013 Q2 Court,47,8,2,5,5,3,8,3,0,0,Inyo,Arthur Maillett,0,0,NA,NA,0,,15,13.333333,33.333333,20.0,33.333333
Inyo_2013 Q3 Court,627,Inyo,2013 Q3 Court,78,3,3,26,0,9,10,8,1,1,Inyo,Arthur Maillett,0,0,NA,NA,0,,38,7.894737,68.421053,23.684211,0.0
Inyo_2013 Q4 Court,628,Inyo,2013 Q4 Court,55,3,1,16,1,2,40,2,0,5,Inyo,Arthur Maillett,0,0,NA,NA,0,,20,5.0,80.0,10.0,5.0
Inyo_2014 Q1 Court,629,Inyo,2014 Q1 Court,39,2,3,20,1,8,37,3,1,2,Inyo,Arthur Maillett,0,0,NA,NA,0,,32,9.375,62.5,25.0,3.125
Inyo_2014 Q2 Court,630,Inyo,2014 Q2 Court,45,2,3,17,3,5,39,1,5,2,Inyo,Arthur Maillett,0,0,NA,NA,0,,28,10.714286,60.714286,17.857143,10.714286
Inyo_2014 Q3 Court,631,Inyo,2014 Q3 Court,76,7,3,15,0,1,33,5,2,2,,,,,,,,,19,15.789474,78.947368,5.263158,0.0
Inyo_2014 Q4 Court,632,Inyo,2014 Q4 Court,47,10,3,31,2,1,33,1,1,0,,,,,,,,,37,8.108108,83.783784,2.702703,5.405405
Inyo_2015 Q1 Court,633,Inyo,2015 Q1 Court,57,19,3,25,4,1,28,0,0,0,Inyo,Thomas Hardy,0,1,1,0,0,,33,9.090909,75.757576,3.030303,12.121212
Inyo_2015 Q2 Court,634,Inyo,2015 Q2 Court,58,16,9,27,1,0,36,0,1,3,Inyo,Thomas Hardy,0,1,1,0,0,,37,24.324324,72.972973,0.0,2.702703
Inyo_2015 Q3 Court,635,Inyo,2015 Q3 Court,48,8,4,36,2,0,48,3,1,0,Inyo,Thomas Hardy,0,1,1,0,0,,42,9.52381,85.714286,0.0,4.761905
Inyo_2015 Q4 Court,636,Inyo,2015 Q4 Court,38,14,3,19,0,2,37,2,4,0,Inyo,Thomas Hardy,0,1,1,0,0,,24,12.5,79.166667,8.333333,0.0
Inyo_2016 Q1 Court,637,Inyo,2016 Q1 Court,37,10,6,22,0,3,31,1,6,0,Inyo,Thomas Hardy,0,1,1,0,0,,31,19.354839,70.967742,9.677419,0.0
Inyo_2016 Q2 Court,638,Inyo,2016 Q2 Court,49,2,2,27,0,0,39,3,7,0,Inyo,Thomas Hardy,0,1,1,0,0,,29,6.896552,93.103448,0.0,0.0
Inyo_2016 Q3 Court,639,Inyo,2016 Q3 Court,35,7,6,17,1,2,46,2,9,0,Inyo,Thomas Hardy,0,1,1,0,0,,26,23.076923,65.384615,7.692308,3.846154
Inyo_2016 Q4 Court,640,Inyo,2016 Q4 Court,45,4,3,16,0,1,46,6,7,0,Inyo,Thomas Hardy,0,1,1,0,0,,20,15.0,80.0,5.0,0.0
Inyo_2017 Q1 Court,641,Inyo,2017 Q1 Court,39,17,2,13,0,1,45,5,5,1,Inyo,Thomas Hardy,0,1,1,0,0,,16,12.5,81.25,6.25,0.0
Inyo_2017 Q2 Court,642,Inyo,2017 Q2 Court,61,9,2,22,0,1,45,8,7,0,Inyo,Thomas Hardy,0,1,1,0,0,,25,8.0,88.0,4.0,0.0
Inyo_2017 Q3 Court,643,Inyo,2017 Q3 Court,49,4,0,19,1,1,43,6,9,0,Inyo,Thomas Hardy,0,1,1,0,0,,21,0.0,90.47619,4.761905,4.761905
Inyo_2017 Q4 Court,644,Inyo,2017 Q4 Court,37,11,7,23,0,1,49,4,10,0,Inyo,Thomas Hardy,0,1,1,0,0,,31,22.580645,74.193548,3.225806,0.0
Inyo_2018 Q1 Court,645,Inyo,2018 Q1 Court,35,13,4,14,0,1,42,2,6,0,Inyo,Thomas Hardy,0,1,1,0,0,,19,21.052632,73.684211,5.263158,0.0
Inyo_2018 Q2 Court,646,Inyo,2018 Q2 Court,59,6,5,12,0,3,64,3,4,0,Inyo,Thomas Hardy,0,1,1,0,0,,20,25.0,60.0,15.0,0.0
Inyo_2018 Q3 Court,647,Inyo,2018 Q3 Court,40,4,8,13,0,1,51,2,13,0,Inyo,Thomas Hardy,0,1,1,0,1,,22,36.363636,59.090909,4.545455,0.0
Inyo_2018 Q4 Court,648,Inyo,2018 Q4 Court,46,8,2,8,1,1,31,2,5,1,Inyo,Thomas Hardy,0,1,1,0,1,,12,16.666667,66.666667,8.333333,8.333333
Inyo_2019 Q1 Court,649,Inyo,2019 Q1 Court,34,8,4,9,0,1,28,4,8,0,Inyo,Thomas Hardy,0,1,1,0,0,,14,28.571429,64.285714,7.142857,0.0
Inyo_2019 Q2 Court,650,Inyo,2019 Q2 Court,47,20,3,11,0,1,26,9,8,1,Inyo,Thomas Hardy,0,1,1,0,0,,15,20.0,73.333333,6.666667,0.0
Inyo_2019 Q3 Court,651,Inyo,2019 Q3 Court,51,8,5,15,1,1,30,1,9,1,Inyo,Thomas Hardy,0,1,1,0,0,,22,22.727273,68.181818,4.545455,4.545455
Inyo_2019 Q4 Court,652,Inyo,2019 Q4 Court,27,9,5,15,4,0,32,1,10,0,Inyo,Thomas Hardy,0,1,1,0,0,,24,20.833333,62.5,0.0,16.666667
Inyo_2020 Q1 Court,653,Inyo,2020 Q1 Court,37,5,3,11,0,0,24,0,10,0,Inyo,Thomas Hardy,0,1,1,0,0,,14,21.428571,78.571429,0.0,0.0
Inyo_2020 Q2 Court,654,Inyo,2020 Q2 Court,34,5,3,4,0,0,17,1,5,0,Inyo,Thomas Hardy,0,1,1,0,0,,7,42.857143,57.142857,0.0,0.0
Inyo_2020 Q3 Court,655,Inyo,2020 Q3 Court,70,19,2,7,0,0,40,2,7,0,Inyo,Thomas Hardy,0,1,1,0,0,,9,22.222222,77.777778,0.0,0.0
Inyo_2020 Q4 Court,656,Inyo,2020 Q4 Court,48,15,3,17,1,0,29,0,7,0,Inyo,Thomas Hardy,0,1,1,0,0,,21,14.285714,80.952381,0.0,4.761905
Inyo_2021 Q1 Court,657,Inyo,2021 Q1 Court,54,16,2,11,0,0,22,0,12,0,Inyo,Thomas Hardy,0,1,1,0,0,,13,15.384615,84.615385,0.0,0.0
Inyo_2021 Q2 Court,658,Inyo,2021 Q2 Court,71,31,3,18,0,0,30,0,6,0,Inyo,Thomas Hardy,0,1,1,0,0,,21,14.285714,85.714286,0.0,0.0
Inyo_2021 Q3 Court,659,Inyo,2021 Q3 Court,74,22,4,18,0,3,31,0,11,0,Inyo,Thomas Hardy,0,1,1,0,0,,25,16.0,72.0,12.0,0.0
Inyo_2021 Q4 Court,660,Inyo,2021 Q4 Court,64,20,6,18,0,0,30,2,12,1,Inyo,Thomas Hardy,0,1,1,0,0,,24,25.0,75.0,0.0,0.0
Inyo_2022 Q1 Court,661,Inyo,2022 Q1 Court,58,20,4,13,0,0,46,0,9,0,Inyo,Thomas Hardy,0,1,1,0,0,,17,23.529412,76.470588,0.0,0.0
Inyo_2022 Q2 Court,662,Inyo,2022 Q2 Court,48,20,4,22,0,0,31,0,6,0,Inyo,Thomas Hardy,0,1,1,0,0,,26,15.384615,84.615385,0.0,0.0
Inyo_2022 Q3 Court,663,Inyo,2022 Q3 Court,48,22,2,20,1,0,28,1,10,0,Inyo,Thomas Hardy,0,1,1,0,1,,23,8.695652,86.956522,0.0,4.347826
Inyo_2022 Q4 Court,664,Inyo,2022 Q4 Court,42,12,1,10,0,1,16,0,8,0,Inyo,Thomas Hardy,0,1,1,0,1,,12,8.333333,83.333333,8.333333,0.0
Inyo_2023 Q1 Court,665,Inyo,2023 Q1 Court,54,11,5,16,1,0,22,0,12,0,Inyo,Thomas Hardy,0,NA,NA,NA,0,,22,22.727273,72.727273,0.0,4.545455
Inyo_2023 Q2 Court,666,Inyo,2023 Q2 Court,54,12,3,10,2,1,23,1,8,0,,,,,,,,,16,18.75,62.5,6.25,12.5
Inyo_2023 Q3 Court,667,Inyo,2023 Q3 Court,57,13,13,17,1,0,19,1,7,0,,,,,,,,,31,41.935484,54.83871,0.0,3.225806
Inyo_2023 Q4 Court,668,Inyo,2023 Q4 Court,52,19,6,15,2,0,27,0,6,1,,,,,,,,,23,26.086957,65.217391,0.0,8.695652
Inyo_2024 Q1 Court,669,Inyo,2024 Q1 Court,67,13,2,12,1,1,18,0,2,0,,,,,,,,,16,12.5,75.0,6.25,6.25
Inyo_2024 Q2 Court,670,Inyo,2024 Q2 Court,42,0,6,28,0,1,25,2,7,0,,,,,,,,,35,17.142857,80.0,2.857143,0.0
Inyo_2024 Q3 Court,671,Inyo,2024 Q3 Court,55,14,7,12,1,0,22,0,5,0,,,,,,,,,20,35.0,60.0,0.0,5.0
Inyo_2024 Q4 Court,672,Inyo,2024 Q4 Court,48,7,5,23,1,0,20,0,8,0,,,,,,,,,29,17.241379,79.310345,0.0,3.448276
Kern_2013 Q1 Court,673,Kern,2013 Q1 Court,2805,329,369,897,403,225,1471,14,468,NA,Kern,Lisa S. Green,0,1,1,0,0,https://kernvote.com/ElectionInformation/ElectionResults,1894,19.482577,47.360084,11.87962,21.277719
Kern_2013 Q2 Court,674,Kern,2013 Q2 Court,2872,418,437,868,443,256,2103,29,463,NA,Kern,Lisa S. Green,0,1,1,0,0,,2004,21.806387,43.313373,12.774451,22.105788
Kern_2013 Q3 Court,675,Kern,2013 Q3 Court,2749,177,385,534,276,128,1792,128,477,58,Kern,Lisa S. Green,0,1,1,0,0,,1323,29.100529,40.362812,9.674981,20.861678
Kern_2013 Q4 Court,676,Kern,2013 Q4 Court,2520,171,381,772,265,98,1615,145,377,55,Kern,Lisa S. Green,0,1,1,0,0,,1516,25.131926,50.923483,6.46438,17.480211
Kern_2014 Q1 Court,677,Kern,2014 Q1 Court,2600,168,342,725,210,130,1638,232,376,90,Kern,Lisa S. Green,0,1,1,0,0,,1407,24.307036,51.528074,9.239517,14.925373
Kern_2014 Q2 Court,678,Kern,2014 Q2 Court,2683,216,346,751,252,136,1746,289,436,121,Kern,Lisa S. Green,0,1,1,0,0,,1485,23.299663,50.572391,9.158249,16.969697
Kern_2014 Q3 Court,679,Kern,2014 Q3 Court,2707,186,404,811,257,157,1825,262,399,110,Kern,Lisa S. Green,0,1,1,0,1,,1629,24.800491,49.785144,9.637815,15.77655
Kern_2014 Q4 Court,680,Kern,2014 Q4 Court,2183,145,351,501,134,106,1254,193,354,86,Kern,Lisa S. Green,0,1,1,0,1,,1092,32.142857,45.879121,9.70696,12.271062
Kern_2015 Q1 Court,681,Kern,2015 Q1 Court,1721,145,356,375,49,57,923,162,327,89,Kern,Lisa S. Green,0,0,NA,NA,0,,837,42.532855,44.802867,6.810036,5.854241
Kern_2015 Q2 Court,682,Kern,2015 Q2 Court,1763,112,405,403,43,93,948,128,332,75,Kern,Lisa S. Green,0,0,NA,NA,0,,944,42.902542,42.690678,9.851695,4.555085
Kern_2015 Q3 Court,683,Kern,2015 Q3 Court,1862,118,397,403,45,116,1012,135,306,86,Kern,Lisa S. Green,0,0,NA,NA,0,,961,41.311134,41.935484,12.07076,4.682622
Kern_2015 Q4 Court,684,Kern,2015 Q4 Court,1672,118,378,435,30,95,987,121,302,96,Kern,Lisa S. Green,0,0,NA,NA,0,,938,40.298507,46.375267,10.127932,3.198294
Kern_2016 Q1 Court,685,Kern,2016 Q1 Court,1730,139,344,381,37,113,963,123,303,87,Kern,Lisa S. Green,0,0,NA,NA,0,,875,39.314286,43.542857,12.914286,4.228571
Kern_2016 Q2 Court,686,Kern,2016 Q2 Court,1810,136,352,409,24,132,1068,115,346,81,Kern,Lisa S. Green,0,0,NA,NA,0,,917,38.386041,44.601963,14.394766,2.61723
Kern_2016 Q3 Court,687,Kern,2016 Q3 Court,1950,107,313,409,30,141,1024,137,311,79,Kern,Lisa S. Green,0,0,NA,NA,0,,893,35.050392,45.800672,15.789474,3.359462
Kern_2016 Q4 Court,688,Kern,2016 Q4 Court,1545,81,385,381,43,122,1009,141,334,93,Kern,Lisa S. Green,0,0,NA,NA,0,,931,41.353383,40.923738,13.104189,4.61869
Kern_2017 Q1 Court,689,Kern,2017 Q1 Court,1780,104,264,369,46,116,999,163,342,120,Kern,Lisa S. Green,0,0,NA,NA,0,,795,33.207547,46.415094,14.591195,5.786164
Kern_2017 Q2 Court,690,Kern,2017 Q2 Court,1842,115,272,459,33,119,1100,181,320,89,Kern,Lisa S. Green,0,0,NA,NA,0,,883,30.804077,51.98188,13.476784,3.737259
Kern_2017 Q3 Court,691,Kern,2017 Q3 Court,1731,126,295,480,23,90,1147,171,358,103,Kern,Lisa S. Green,0,0,NA,NA,0,,888,33.220721,54.054054,10.135135,2.59009
Kern_2017 Q4 Court,692,Kern,2017 Q4 Court,1635,129,259,417,30,71,1108,169,317,88,Kern,Lisa S. Green,0,0,NA,NA,0,,777,33.333333,53.667954,9.137709,3.861004
Kern_2018 Q1 Court,693,Kern,2018 Q1 Court,1831,156,283,456,34,94,1083,173,326,94,Kern,Lisa S. Green,0,0,NA,1,0,,867,32.641292,52.595156,10.841984,3.921569
Kern_2018 Q2 Court,694,Kern,2018 Q2 Court,2023,132,311,496,36,106,1189,211,395,92,Kern,Lisa S. Green,0,0,NA,1,0,,949,32.771338,52.265543,11.169652,3.793467
Kern_2018 Q3 Court,695,Kern,2018 Q3 Court,1947,129,347,524,33,152,1191,177,456,74,Kern,Lisa S. Green,0,0,NA,1,1,,1056,32.859848,49.621212,14.393939,3.125
Kern_2018 Q4 Court,696,Kern,2018 Q4 Court,2042,153,294,477,31,93,1117,183,404,108,Kern,Lisa S. Green,0,0,NA,1,1,,895,32.849162,53.296089,10.391061,3.463687
Kern_2019 Q1 Court,697,Kern,2019 Q1 Court,2041,160,346,490,35,162,1211,215,474,90,Kern,Cynthia Zimmer,0,0,NA,NA,0,,1033,33.494676,47.434656,15.682478,3.38819
Kern_2019 Q2 Court,698,Kern,2019 Q2 Court,2017,144,447,572,34,148,1291,252,439,106,Kern,Cynthia Zimmer,0,0,NA,NA,0,,1201,37.218984,47.626978,12.323064,2.830974
Kern_2019 Q3 Court,699,Kern,2019 Q3 Court,2130,130,387,556,28,141,1086,273,475,99,Kern,Cynthia Zimmer,0,0,NA,NA,0,,1112,34.802158,50.0,12.679856,2.517986
Kern_2019 Q4 Court,700,Kern,2019 Q4 Court,2082,121,346,511,41,166,1104,255,399,96,Kern,Cynthia Zimmer,0,0,NA,NA,0,,1064,32.518797,48.026316,15.601504,3.853383
Kern_2020 Q1 Court,701,Kern,2020 Q1 Court,1864,155,373,528,39,139,1065,212,413,72,Kern,Cynthia Zimmer,0,0,NA,NA,0,,1079,34.569045,48.934198,12.882298,3.614458
Kern_2020 Q2 Court,702,Kern,2020 Q2 Court,1839,283,187,268,12,46,601,182,321,16,Kern,Cynthia Zimmer,0,0,NA,NA,0,,513,36.452242,52.241715,8.966862,2.339181
Kern_2020 Q3 Court,703,Kern,2020 Q3 Court,1952,472,253,441,18,82,1026,238,368,37,Kern,Cynthia Zimmer,0,0,NA,NA,0,,794,31.86398,55.541562,10.327456,2.267003
Kern_2020 Q4 Court,704,Kern,2020 Q4 Court,2078,508,280,368,14,37,909,211,316,28,Kern,Cynthia Zimmer,0,0,NA,NA,0,,699,40.057225,52.646638,5.293276,2.002861
Kern_2021 Q1 Court,705,Kern,2021 Q1 Court,2237,557,323,358,23,57,955,172,225,40,Kern,Cynthia Zimmer,0,0,NA,NA,0,,761,42.444152,47.043364,7.490145,3.022339
Kern_2021 Q2 Court,706,Kern,2021 Q2 Court,2204,637,394,542,33,87,903,153,265,46,Kern,Cynthia Zimmer,0,0,NA,NA,0,,1056,37.310606,51.325758,8.238636,3.125
Kern_2021 Q3 Court,707,Kern,2021 Q3 Court,2334,645,461,516,25,82,874,148,279,40,Kern,Cynthia Zimmer,0,0,NA,NA,0,,1084,42.527675,47.601476,7.564576,2.306273
Kern_2021 Q4 Court,708,Kern,2021 Q4 Court,1900,440,403,580,26,69,807,153,221,52,Kern,Cynthia Zimmer,0,0,NA,NA,0,,1078,37.384045,53.80334,6.400742,2.411874
Kern_2022 Q1 Court,709,Kern,2022 Q1 Court,1808,324,466,501,24,62,810,126,245,48,Kern,Cynthia Zimmer,0,0,NA,0,0,,1053,44.254511,47.578348,5.887939,2.279202
Kern_2022 Q2 Court,710,Kern,2022 Q2 Court,1937,439,546,487,32,59,872,79,284,50,Kern,Cynthia Zimmer,0,0,NA,0,0,,1124,48.576512,43.327402,5.24911,2.846975
Kern_2022 Q3 Court,711,Kern,2022 Q3 Court,1959,411,512,607,21,59,861,95,247,36,Kern,Cynthia Zimmer,0,0,NA,0,1,,1199,42.702252,50.625521,4.920767,1.75146
Kern_2022 Q4 Court,712,Kern,2022 Q4 Court,1671,347,456,542,20,91,807,65,269,45,Kern,Cynthia Zimmer,0,0,NA,0,1,,1109,41.118124,48.872858,8.205591,1.803427
Kern_2023 Q1 Court,713,Kern,2023 Q1 Court,2198,352,453,521,9,68,818,77,275,47,Kern,Cynthia Zimmer,0,NA,NA,NA,0,,1051,43.101808,49.571836,6.470029,0.856327
Kern_2023 Q2 Court,714,Kern,2023 Q2 Court,2114,416,407,567,8,44,918,75,272,59,,,,,,,,,1026,39.668616,55.263158,4.288499,0.779727
Kern_2023 Q3 Court,715,Kern,2023 Q3 Court,1647,380,432,512,17,75,862,68,213,75,,,,,,,,,1036,41.698842,49.420849,7.239382,1.640927
Kern_2023 Q4 Court,716,Kern,2023 Q4 Court,1747,299,432,487,9,80,865,57,243,49,,,,,,,,,1008,42.857143,48.313492,7.936508,0.892857
Kern_2024 Q1 Court,717,Kern,2024 Q1 Court,1953,344,436,502,14,100,940,71,280,51,,,,,,,,,1052,41.444867,47.718631,9.505703,1.330798
Kern_2024 Q2 Court,718,Kern,2024 Q2 Court,1945,392,452,498,13,79,1028,77,203,59,,,,,,,,,1042,43.378119,47.792706,7.581574,1.247601
Kern_2024 Q3 Court,719,Kern,2024 Q3 Court,2168,350,403,490,13,60,940,66,253,51,,,,,,,,,966,41.718427,50.724638,6.21118,1.345756
Kern_2024 Q4 Court,720,Kern,2024 Q4 Court,1852,380,449,487,13,75,878,63,209,41,,,,,,,,,1024,43.847656,47.558594,7.324219,1.269531
Kings_2013 Q1 Court,721,Kings,2013 Q1 Court,635,NA,NA,NA,NA,NA,NA,NA,39,NA,Kings,Greg Strickland,0,1,0,1,0,https://www.countyofkings.com/departments/administration/elections/election-information/election-results/historical-results/-fsiteid-1,,,,,
Kings_2013 Q2 Court,722,Kings,2013 Q2 Court,714,NA,NA,NA,NA,NA,NA,NA,31,NA,Kings,Greg Strickland,0,1,0,1,0,,,,,,
Kings_2013 Q3 Court,723,Kings,2013 Q3 Court,733,NA,NA,NA,NA,NA,NA,NA,21,52,Kings,Greg Strickland,0,1,0,1,0,,,,,,
Kings_2013 Q4 Court,724,Kings,2013 Q4 Court,609,NA,NA,NA,NA,NA,NA,NA,16,48,Kings,Greg Strickland,0,1,0,1,0,,,,,,
Kings_2014 Q1 Court,725,Kings,2014 Q1 Court,669,NA,NA,NA,NA,NA,NA,NA,13,25,Kings,Greg Strickland,0,1,0,1,0,,,,,,
Kings_2014 Q2 Court,726,Kings,2014 Q2 Court,593,NA,NA,NA,NA,NA,NA,NA,11,30,Kings,Greg Strickland,0,1,0,1,0,,,,,,
Kings_2014 Q3 Court,727,Kings,2014 Q3 Court,782,NA,NA,NA,NA,NA,NA,NA,31,47,Kings,Greg Strickland,0,1,0,1,1,,,,,,
Kings_2014 Q4 Court,728,Kings,2014 Q4 Court,458,175,1,0,0,0,72,0,20,48,Kings,Greg Strickland,0,1,0,1,1,,1,100.0,0.0,0.0,0.0
Kings_2015 Q1 Court,729,Kings,2015 Q1 Court,504,249,1,0,1,0,131,0,15,56,Kings,Keith Fagundes,0,1,1,1,0,,2,50.0,0.0,0.0,50.0
Kings_2015 Q2 Court,730,Kings,2015 Q2 Court,490,250,0,0,0,0,237,0,17,58,Kings,Keith Fagundes,0,1,1,1,0,,,,,,
Kings_2015 Q3 Court,731,Kings,2015 Q3 Court,467,242,2,0,0,0,274,0,30,78,Kings,Keith Fagundes,0,1,1,1,0,,2,100.0,0.0,0.0,0.0
Kings_2015 Q4 Court,732,Kings,2015 Q4 Court,539,205,2,4,0,0,259,0,15,51,Kings,Keith Fagundes,0,1,1,1,0,,6,33.333333,66.666667,0.0,0.0
Kings_2016 Q1 Court,733,Kings,2016 Q1 Court,459,303,58,86,9,9,283,0,26,46,Kings,Keith Fagundes,0,1,1,1,0,,162,35.802469,53.08642,5.555556,5.555556
Kings_2016 Q2 Court,734,Kings,2016 Q2 Court,388,256,115,129,20,10,282,0,19,53,Kings,Keith Fagundes,0,1,1,1,0,,274,41.970803,47.080292,3.649635,7.29927
Kings_2016 Q3 Court,735,Kings,2016 Q3 Court,335,217,122,154,16,21,203,0,42,44,Kings,Keith Fagundes,0,1,1,1,0,,313,38.977636,49.201278,6.709265,5.111821
Kings_2016 Q4 Court,736,Kings,2016 Q4 Court,401,206,99,98,14,9,214,0,23,59,Kings,Keith Fagundes,0,1,1,1,0,,220,45.0,44.545455,4.090909,6.363636
Kings_2017 Q1 Court,737,Kings,2017 Q1 Court,388,916,NA,NA,NA,NA,193,12,22,43,Kings,Keith Fagundes,0,1,1,1,0,,,,,,
Kings_2017 Q2 Court,738,Kings,2017 Q2 Court,504,220,NA,NA,8,24,112,9,39,46,Kings,Keith Fagundes,0,1,1,1,0,,,,,,
Kings_2017 Q3 Court,739,Kings,2017 Q3 Court,484,271,NA,NA,13,15,252,13,42,50,Kings,Keith Fagundes,0,1,1,1,0,,,,,,
Kings_2017 Q4 Court,740,Kings,2017 Q4 Court,636,215,122,127,16,33,221,21,33,43,Kings,Keith Fagundes,0,1,1,1,0,,298,40.939597,42.61745,11.073826,5.369128
Kings_2018 Q1 Court,741,Kings,2018 Q1 Court,530,258,98,204,6,25,221,23,39,37,Kings,Keith Fagundes,0,1,1,1,0,,333,29.429429,61.261261,7.507508,1.801802
Kings_2018 Q2 Court,742,Kings,2018 Q2 Court,539,322,116,112,5,21,290,21,27,32,Kings,Keith Fagundes,0,1,1,1,0,,254,45.669291,44.094488,8.267717,1.968504
Kings_2018 Q3 Court,743,Kings,2018 Q3 Court,613,276,132,165,10,38,281,30,51,55,Kings,Keith Fagundes,0,1,1,1,1,,345,38.26087,47.826087,11.014493,2.898551
Kings_2018 Q4 Court,744,Kings,2018 Q4 Court,583,234,133,117,11,37,240,24,52,38,Kings,Keith Fagundes,0,1,1,1,1,,298,44.630872,39.261745,12.416107,3.691275
Kings_2019 Q1 Court,745,Kings,2019 Q1 Court,605,213,144,121,3,28,211,27,58,52,Kings,Keith Fagundes,0,0,NA,NA,0,,296,48.648649,40.878378,9.459459,1.013514
Kings_2019 Q2 Court,746,Kings,2019 Q2 Court,693,266,136,132,6,25,156,20,63,53,Kings,Keith Fagundes,0,0,NA,NA,0,,299,45.48495,44.147157,8.361204,2.006689
Kings_2019 Q3 Court,747,Kings,2019 Q3 Court,651,249,193,135,6,29,162,37,56,40,Kings,Keith Fagundes,0,0,NA,NA,0,,363,53.168044,37.190083,7.988981,1.652893
Kings_2019 Q4 Court,748,Kings,2019 Q4 Court,530,264,190,101,6,32,125,24,52,40,Kings,Keith Fagundes,0,0,NA,NA,0,,329,57.75076,30.699088,9.726444,1.823708
Kings_2020 Q1 Court,749,Kings,2020 Q1 Court,635,280,168,113,5,30,125,19,63,35,Kings,Keith Fagundes,0,0,NA,NA,0,,316,53.164557,35.759494,9.493671,1.582278
Kings_2020 Q2 Court,750,Kings,2020 Q2 Court,798,270,97,56,1,13,100,18,37,10,Kings,Keith Fagundes,0,0,NA,NA,0,,167,58.083832,33.532934,7.784431,0.598802
Kings_2020 Q3 Court,751,Kings,2020 Q3 Court,660,444,202,88,7,8,105,12,60,19,Kings,Keith Fagundes,0,0,NA,NA,0,,305,66.229508,28.852459,2.622951,2.295082
Kings_2020 Q4 Court,752,Kings,2020 Q4 Court,512,409,184,100,1,21,118,10,46,31,Kings,Keith Fagundes,0,0,NA,NA,0,,306,60.130719,32.679739,6.862745,0.326797
Kings_2021 Q1 Court,753,Kings,2021 Q1 Court,556,432,142,83,2,8,73,6,34,35,Kings,Keith Fagundes,0,0,NA,NA,0,,235,60.425532,35.319149,3.404255,0.851064
Kings_2021 Q2 Court,754,Kings,2021 Q2 Court,522,452,218,126,2,14,85,25,47,27,Kings,Keith Fagundes,0,0,NA,NA,0,,360,60.555556,35.0,3.888889,0.555556
Kings_2021 Q3 Court,755,Kings,2021 Q3 Court,570,447,220,125,1,26,89,11,46,23,Kings,Keith Fagundes,0,0,NA,NA,0,,372,59.139785,33.602151,6.989247,0.268817
Kings_2021 Q4 Court,756,Kings,2021 Q4 Court,418,326,148,84,6,17,73,11,42,30,Kings,Keith Fagundes,0,0,NA,NA,0,,255,58.039216,32.941176,6.666667,2.352941
Kings_2022 Q1 Court,757,Kings,2022 Q1 Court,404,403,182,107,2,21,72,9,31,30,Kings,Keith Fagundes,0,0,NA,1,0,,312,58.333333,34.294872,6.730769,0.641026
Kings_2022 Q2 Court,758,Kings,2022 Q2 Court,473,371,190,115,5,34,96,13,29,26,Kings,Keith Fagundes,0,0,NA,1,0,,344,55.232558,33.430233,9.883721,1.453488
Kings_2022 Q3 Court,759,Kings,2022 Q3 Court,435,369,145,152,2,14,105,17,55,49,Kings,Keith Fagundes,0,0,NA,1,1,,313,46.325879,48.5623,4.472843,0.638978
Kings_2022 Q4 Court,760,Kings,2022 Q4 Court,433,338,155,121,7,21,97,11,28,40,Kings,Keith Fagundes,0,0,NA,1,1,,304,50.986842,39.802632,6.907895,2.302632
Kings_2023 Q1 Court,761,Kings,2023 Q1 Court,342,350,150,105,11,21,99,13,33,34,Kings,Sarah Hacker,0,NA,NA,NA,0,,287,52.264808,36.585366,7.317073,3.832753
Kings_2023 Q2 Court,762,Kings,2023 Q2 Court,403,43,146,130,7,9,43,5,35,8,,,,,,,,,292,50.0,44.520548,3.082192,2.39726
Kings_2023 Q3 Court,763,Kings,2023 Q3 Court,353,45,115,173,7,12,50,5,41,8,,,,,,,,,307,37.459283,56.351792,3.908795,2.28013
Kings_2023 Q4 Court,764,Kings,2023 Q4 Court,292,53,116,139,6,5,44,4,45,13,,,,,,,,,266,43.609023,52.255639,1.879699,2.255639
Kings_2024 Q1 Court,765,Kings,2024 Q1 Court,376,115,101,76,4,11,65,5,45,12,,,,,,,,,192,52.604167,39.583333,5.729167,2.083333
Kings_2024 Q2 Court,766,Kings,2024 Q2 Court,364,88,109,103,3,13,51,7,54,11,,,,,,,,,228,47.807018,45.175439,5.701754,1.315789
Kings_2024 Q3 Court,767,Kings,2024 Q3 Court,398,113,113,105,3,15,74,11,55,15,,,,,,,,,236,47.881356,44.491525,6.355932,1.271186
Kings_2024 Q4 Court,768,Kings,2024 Q4 Court,579,149,94,77,3,8,52,12,58,15,,,,,,,,,182,51.648352,42.307692,4.395604,1.648352
Lake_2013 Q1 Court,769,Lake,2013 Q1 Court,220,42,21,47,15,1,0,0,12,NA,,,0,NA,NA,NA,0,,84,25.0,55.952381,1.190476,17.857143
Lake_2013 Q2 Court,770,Lake,2013 Q2 Court,256,62,38,63,22,0,62,1,14,0,,,0,NA,NA,NA,0,,123,30.894309,51.219512,0.0,17.886179
Lake_2013 Q3 Court,771,Lake,2013 Q3 Court,284,47,41,85,16,0,65,0,7,1,,,0,NA,NA,NA,0,,142,28.873239,59.859155,0.0,11.267606
Lake_2013 Q4 Court,772,Lake,2013 Q4 Court,288,59,34,68,20,0,74,1,13,2,,,0,NA,NA,NA,0,,122,27.868852,55.737705,0.0,16.393443
Lake_2014 Q1 Court,773,Lake,2014 Q1 Court,268,62,22,74,23,0,76,0,12,6,,,0,NA,NA,NA,0,,119,18.487395,62.184874,0.0,19.327731
Lake_2014 Q2 Court,774,Lake,2014 Q2 Court,316,62,38,85,26,0,49,0,10,7,,,0,NA,NA,NA,0,,149,25.503356,57.04698,0.0,17.449664
Lake_2014 Q3 Court,775,Lake,2014 Q3 Court,215,41,25,84,23,0,56,0,14,12,,,0,NA,NA,NA,0,,132,18.939394,63.636364,0.0,17.424242
Lake_2014 Q4 Court,776,Lake,2014 Q4 Court,242,46,27,39,13,0,22,0,5,5,,,0,NA,NA,NA,0,,79,34.177215,49.367089,0.0,16.455696
Lake_2015 Q1 Court,777,Lake,2015 Q1 Court,193,49,25,48,8,2,33,0,13,2,,,0,NA,NA,NA,0,,83,30.120482,57.831325,2.409639,9.638554
Lake_2015 Q2 Court,778,Lake,2015 Q2 Court,245,58,35,60,8,2,48,1,11,3,,,0,NA,NA,NA,0,,105,33.333333,57.142857,1.904762,7.619048
Lake_2015 Q3 Court,779,Lake,2015 Q3 Court,193,50,35,52,2,5,51,2,12,8,,,0,NA,NA,NA,0,,94,37.234043,55.319149,5.319149,2.12766
Lake_2015 Q4 Court,780,Lake,2015 Q4 Court,212,54,36,48,4,4,41,0,13,4,,,0,NA,NA,NA,0,,92,39.130435,52.173913,4.347826,4.347826
Lake_2016 Q1 Court,781,Lake,2016 Q1 Court,168,40,30,54,7,2,43,1,9,2,,,0,NA,NA,NA,0,,93,32.258065,58.064516,2.150538,7.526882
Lake_2016 Q2 Court,782,Lake,2016 Q2 Court,212,27,42,42,2,2,67,0,20,4,,,0,NA,NA,NA,0,,88,47.727273,47.727273,2.272727,2.272727
Lake_2016 Q3 Court,783,Lake,2016 Q3 Court,284,41,40,41,5,4,27,0,9,3,,,0,NA,NA,NA,0,,90,44.444444,45.555556,4.444444,5.555556
Lake_2016 Q4 Court,784,Lake,2016 Q4 Court,242,41,35,58,2,5,35,4,13,1,,,0,NA,NA,NA,0,,100,35.0,58.0,5.0,2.0
Lake_2017 Q1 Court,785,Lake,2017 Q1 Court,186,53,33,59,4,11,43,2,17,1,,,0,NA,NA,NA,0,,107,30.841121,55.140187,10.280374,3.738318
Lake_2017 Q2 Court,786,Lake,2017 Q2 Court,228,37,47,46,4,8,47,2,18,2,,,0,NA,NA,NA,0,,105,44.761905,43.809524,7.619048,3.809524
Lake_2017 Q3 Court,787,Lake,2017 Q3 Court,230,51,58,59,2,13,33,1,9,2,,,0,NA,NA,NA,0,,132,43.939394,44.69697,9.848485,1.515152
Lake_2017 Q4 Court,788,Lake,2017 Q4 Court,251,27,39,45,4,7,41,0,17,3,,,0,NA,NA,NA,0,,95,41.052632,47.368421,7.368421,4.210526
Lake_2018 Q1 Court,789,Lake,2018 Q1 Court,235,45,32,71,3,9,44,1,17,6,,,0,NA,NA,1,0,,115,27.826087,61.73913,7.826087,2.608696
Lake_2018 Q2 Court,790,Lake,2018 Q2 Court,239,67,37,65,4,17,69,1,8,4,,,0,NA,NA,1,0,,123,30.081301,52.845528,13.821138,3.252033
Lake_2018 Q3 Court,791,Lake,2018 Q3 Court,189,67,30,66,0,10,40,1,15,7,,,,,,,,,106,28.301887,62.264151,9.433962,0.0
Lake_2018 Q4 Court,792,Lake,2018 Q4 Court,193,35,39,61,2,8,50,1,18,16,,,,,,,,,110,35.454545,55.454545,7.272727,1.818182
Lake_2019 Q1 Court,793,Lake,2019 Q1 Court,186,57,24,66,4,10,50,1,13,12,Lake,Susan Krones,0,1,1,1,0,,104,23.076923,63.461538,9.615385,3.846154
Lake_2019 Q2 Court,794,Lake,2019 Q2 Court,181,62,27,41,9,5,32,2,18,17,Lake,Susan Krones,0,1,1,1,0,,82,32.926829,50.0,6.097561,10.97561
Lake_2019 Q3 Court,795,Lake,2019 Q3 Court,260,66,47,41,8,15,47,3,23,18,Lake,Susan Krones,0,1,1,1,0,,111,42.342342,36.936937,13.513514,7.207207
Lake_2019 Q4 Court,796,Lake,2019 Q4 Court,197,68,39,57,9,11,25,0,11,9,Lake,Susan Krones,0,1,1,1,0,,116,33.62069,49.137931,9.482759,7.758621
Lake_2020 Q1 Court,797,Lake,2020 Q1 Court,200,53,35,38,5,5,38,1,10,8,Lake,Susan Krones,0,1,1,1,0,,83,42.168675,45.783133,6.024096,6.024096
Lake_2020 Q2 Court,798,Lake,2020 Q2 Court,251,20,17,12,2,3,14,0,4,5,Lake,Susan Krones,0,1,1,1,0,,34,50.0,35.294118,8.823529,5.882353
Lake_2020 Q3 Court,799,Lake,2020 Q3 Court,155,63,20,35,3,0,27,1,13,1,Lake,Susan Krones,0,1,1,1,0,,58,34.482759,60.344828,0.0,5.172414
Lake_2020 Q4 Court,800,Lake,2020 Q4 Court,183,56,17,32,1,5,40,1,13,8,Lake,Susan Krones,0,1,1,1,0,,55,30.909091,58.181818,9.090909,1.818182
Lake_2021 Q1 Court,801,Lake,2021 Q1 Court,199,91,14,33,0,6,18,2,8,6,Lake,Susan Krones,0,1,1,1,0,,53,26.415094,62.264151,11.320755,0.0
Lake_2021 Q2 Court,802,Lake,2021 Q2 Court,234,96,20,47,0,3,22,0,1,6,Lake,Susan Krones,0,1,1,1,0,,70,28.571429,67.142857,4.285714,0.0
Lake_2021 Q3 Court,803,Lake,2021 Q3 Court,215,125,15,40,0,1,36,3,5,6,Lake,Susan Krones,0,1,1,1,0,,56,26.785714,71.428571,1.785714,0.0
Lake_2021 Q4 Court,804,Lake,2021 Q4 Court,166,97,36,51,2,6,27,0,6,5,Lake,Susan Krones,0,1,1,1,0,,95,37.894737,53.684211,6.315789,2.105263
Lake_2022 Q1 Court,805,Lake,2022 Q1 Court,208,118,36,52,0,6,12,0,6,5,Lake,Susan Krones,0,1,1,1,0,,94,38.297872,55.319149,6.382979,0.0
Lake_2022 Q2 Court,806,Lake,2022 Q2 Court,261,114,39,48,3,5,11,1,9,8,Lake,Susan Krones,0,1,1,1,0,,95,41.052632,50.526316,5.263158,3.157895
Lake_2022 Q3 Court,807,Lake,2022 Q3 Court,280,135,31,37,1,2,16,0,8,8,Lake,Susan Krones,0,1,1,1,1,,71,43.661972,52.112676,2.816901,1.408451
Lake_2022 Q4 Court,808,Lake,2022 Q4 Court,229,133,51,78,0,6,17,0,3,6,Lake,Susan Krones,0,1,1,1,1,,135,37.777778,57.777778,4.444444,0.0
Lake_2023 Q1 Court,809,Lake,2023 Q1 Court,260,143,19,42,0,9,27,1,14,5,Lake,Susan Krones,0,NA,NA,NA,0,,70,27.142857,60.0,12.857143,0.0
Lake_2023 Q2 Court,810,Lake,2023 Q2 Court,319,141,31,60,2,8,35,8,7,6,,,,,,,,,101,30.693069,59.405941,7.920792,1.980198
Lake_2023 Q3 Court,811,Lake,2023 Q3 Court,263,160,28,63,0,3,25,0,8,5,,,,,,,,,94,29.787234,67.021277,3.191489,0.0
Lake_2023 Q4 Court,812,Lake,2023 Q4 Court,206,129,28,47,0,4,17,0,13,9,,,,,,,,,79,35.443038,59.493671,5.063291,0.0
Lake_2024 Q1 Court,813,Lake,2024 Q1 Court,251,116,28,38,1,3,29,2,2,4,,,,,,,,,70,40.0,54.285714,4.285714,1.428571
Lake_2024 Q2 Court,814,Lake,2024 Q2 Court,234,142,17,41,4,11,44,2,7,7,,,,,,,,,73,23.287671,56.164384,15.068493,5.479452
Lake_2024 Q3 Court,815,Lake,2024 Q3 Court,266,155,28,27,4,5,47,0,9,6,,,,,,,,,64,43.75,42.1875,7.8125,6.25
Lake_2024 Q4 Court,816,Lake,2024 Q4 Court,201,112,25,37,7,6,21,0,4,5,,,,,,,,,75,33.333333,49.333333,8.0,9.333333
Lassen_2013 Q1 Court,817,Lassen,2013 Q1 Court,127,13,23,15,5,0,18,0,4,NA,Lassen,Robert Burns,0,0,NA,NA,0,,43,53.488372,34.883721,0.0,11.627907
Lassen_2013 Q2 Court,818,Lassen,2013 Q2 Court,140,23,22,1,25,0,35,0,2,NA,Lassen,Robert Burns,0,0,NA,NA,0,,48,45.833333,2.083333,0.0,52.083333
Lassen_2013 Q3 Court,819,Lassen,2013 Q3 Court,112,13,20,21,12,0,24,3,3,2,Lassen,Robert Burns,0,0,NA,NA,0,,53,37.735849,39.622642,0.0,22.641509
Lassen_2013 Q4 Court,820,Lassen,2013 Q4 Court,101,10,26,18,16,0,25,6,11,3,Lassen,Robert Burns,0,0,NA,NA,0,,60,43.333333,30.0,0.0,26.666667
Lassen_2014 Q1 Court,821,Lassen,2014 Q1 Court,98,8,17,22,6,0,16,11,11,6,Lassen,Robert Burns,0,0,NA,1,0,,45,37.777778,48.888889,0.0,13.333333
Lassen_2014 Q2 Court,822,Lassen,2014 Q2 Court,90,11,37,27,11,0,17,0,8,5,Lassen,Robert Burns,0,0,NA,1,0,,75,49.333333,36.0,0.0,14.666667
Lassen_2014 Q3 Court,823,Lassen,2014 Q3 Court,124,17,45,26,10,0,18,0,9,5,Lassen,Robert Burns,0,0,NA,1,1,,81,55.555556,32.098765,0.0,12.345679
Lassen_2014 Q4 Court,824,Lassen,2014 Q4 Court,154,16,32,11,6,0,32,0,8,1,Lassen,Robert Burns,0,0,NA,1,1,,49,65.306122,22.44898,0.0,12.244898
Lassen_2015 Q1 Court,825,Lassen,2015 Q1 Court,125,22,36,12,6,2,21,0,2,2,Lassen,Stacey Montgomery ,0,0,NA,NA,0,,56,64.285714,21.428571,3.571429,10.714286
Lassen_2015 Q2 Court,826,Lassen,2015 Q2 Court,105,14,30,19,4,3,14,0,5,1,Lassen,Stacey Montgomery ,0,0,NA,NA,0,,56,53.571429,33.928571,5.357143,7.142857
Lassen_2015 Q3 Court,827,Lassen,2015 Q3 Court,125,16,59,11,5,0,12,0,5,2,Lassen,Stacey Montgomery ,0,0,NA,NA,0,,75,78.666667,14.666667,0.0,6.666667
Lassen_2015 Q4 Court,828,Lassen,2015 Q4 Court,104,11,38,9,3,1,11,0,9,0,Lassen,Stacey Montgomery ,0,0,NA,NA,0,,51,74.509804,17.647059,1.960784,5.882353
Lassen_2016 Q1 Court,829,Lassen,2016 Q1 Court,96,5,42,13,3,0,11,0,5,1,Lassen,Stacey Montgomery ,0,0,NA,NA,0,,58,72.413793,22.413793,0.0,5.172414
Lassen_2016 Q2 Court,830,Lassen,2016 Q2 Court,100,10,41,16,6,1,22,0,10,0,Lassen,Stacey Montgomery ,0,0,NA,NA,0,,64,64.0625,25.0,1.5625,9.375
Lassen_2016 Q3 Court,831,Lassen,2016 Q3 Court,101,15,36,4,3,1,24,0,8,1,Lassen,Stacey Montgomery ,0,0,NA,NA,0,,44,81.818182,9.090909,2.272727,6.818182
Lassen_2016 Q4 Court,832,Lassen,2016 Q4 Court,141,15,29,8,4,1,20,0,7,1,Lassen,Stacey Montgomery ,0,0,NA,NA,0,,42,69.047619,19.047619,2.380952,9.52381
Lassen_2017 Q1 Court,833,Lassen,2017 Q1 Court,147,0,65,4,1,5,14,14,10,0,Lassen,Stacey Montgomery ,0,0,NA,NA,0,,75,86.666667,5.333333,6.666667,1.333333
Lassen_2017 Q2 Court,834,Lassen,2017 Q2 Court,104,0,53,11,1,1,36,10,9,1,Lassen,Stacey Montgomery ,0,0,NA,NA,0,,66,80.30303,16.666667,1.515152,1.515152
Lassen_2017 Q3 Court,835,Lassen,2017 Q3 Court,94,0,40,8,2,0,36,2,4,5,Lassen,Stacey Montgomery ,0,0,NA,NA,0,,50,80.0,16.0,0.0,4.0
Lassen_2017 Q4 Court,836,Lassen,2017 Q4 Court,105,13,31,7,5,2,11,0,1,5,Lassen,Stacey Montgomery ,0,0,NA,NA,0,,45,68.888889,15.555556,4.444444,11.111111
Lassen_2018 Q1 Court,837,Lassen,2018 Q1 Court,91,17,38,9,3,0,18,0,4,5,Lassen,Stacey Montgomery ,0,0,NA,1,0,,50,76.0,18.0,0.0,6.0
Lassen_2018 Q2 Court,838,Lassen,2018 Q2 Court,134,6,58,5,11,0,9,0,0,2,Lassen,Stacey Montgomery ,0,0,NA,1,0,,74,78.378378,6.756757,0.0,14.864865
Lassen_2018 Q3 Court,839,Lassen,2018 Q3 Court,113,7,57,17,5,1,10,0,4,0,Lassen,Stacey Montgomery ,0,0,NA,1,1,,80,71.25,21.25,1.25,6.25
Lassen_2018 Q4 Court,840,Lassen,2018 Q4 Court,82,13,71,12,6,2,12,0,4,3,Lassen,Stacey Montgomery ,0,0,NA,1,1,,91,78.021978,13.186813,2.197802,6.593407
Lassen_2019 Q1 Court,841,Lassen,2019 Q1 Court,81,11,81,11,5,3,7,0,4,2,Lassen,Susan Rios,0,1,1,0,0,,100,81.0,11.0,3.0,5.0
Lassen_2019 Q2 Court,842,Lassen,2019 Q2 Court,73,15,51,11,5,4,12,0,3,5,Lassen,Susan Rios,0,1,1,0,0,,71,71.830986,15.492958,5.633803,7.042254
Lassen_2019 Q3 Court,843,Lassen,2019 Q3 Court,78,7,75,12,7,0,12,0,2,3,Lassen,Susan Rios,0,1,1,0,0,,94,79.787234,12.765957,0.0,7.446809
Lassen_2019 Q4 Court,844,Lassen,2019 Q4 Court,85,8,35,15,0,1,20,0,6,2,Lassen,Susan Rios,0,1,1,0,0,,51,68.627451,29.411765,1.960784,0.0
Lassen_2020 Q1 Court,845,Lassen,2020 Q1 Court,90,17,62,10,4,1,11,0,6,1,Lassen,Susan Rios,0,1,1,0,0,,77,80.519481,12.987013,1.298701,5.194805
Lassen_2020 Q2 Court,846,Lassen,2020 Q2 Court,82,21,19,9,4,3,8,1,5,1,Lassen,Susan Rios,0,1,1,0,0,,35,54.285714,25.714286,8.571429,11.428571
Lassen_2020 Q3 Court,847,Lassen,2020 Q3 Court,105,35,15,7,0,1,10,1,4,2,Lassen,Susan Rios,0,1,1,0,0,,23,65.217391,30.434783,4.347826,0.0
Lassen_2020 Q4 Court,848,Lassen,2020 Q4 Court,83,23,21,15,3,4,5,0,6,3,Lassen,Susan Rios,0,1,1,0,0,,43,48.837209,34.883721,9.302326,6.976744
Lassen_2021 Q1 Court,849,Lassen,2021 Q1 Court,81,31,61,17,12,1,11,0,8,4,Lassen,Susan Rios,0,1,1,0,0,,91,67.032967,18.681319,1.098901,13.186813
Lassen_2021 Q2 Court,850,Lassen,2021 Q2 Court,82,20,116,11,2,2,9,1,11,0,Lassen,Susan Rios,0,1,1,0,0,,131,88.549618,8.396947,1.526718,1.526718
Lassen_2021 Q3 Court,851,Lassen,2021 Q3 Court,105,30,71,10,6,1,5,2,8,3,Lassen,Susan Rios,0,1,1,0,0,,88,80.681818,11.363636,1.136364,6.818182
Lassen_2021 Q4 Court,852,Lassen,2021 Q4 Court,59,16,59,6,5,2,7,0,12,1,Lassen,Susan Rios,0,1,1,0,0,,72,81.944444,8.333333,2.777778,6.944444
Lassen_2022 Q1 Court,853,Lassen,2022 Q1 Court,90,22,27,13,4,3,9,0,4,4,Lassen,Susan Rios,0,1,1,0,0,,47,57.446809,27.659574,6.382979,8.510638
Lassen_2022 Q2 Court,854,Lassen,2022 Q2 Court,112,44,49,10,3,0,6,0,7,1,Lassen,Susan Rios,0,1,1,0,0,,62,79.032258,16.129032,0.0,4.83871
Lassen_2022 Q3 Court,855,Lassen,2022 Q3 Court,130,16,49,17,2,1,11,2,7,2,Lassen,Susan Rios,0,1,1,0,1,,69,71.014493,24.637681,1.449275,2.898551
Lassen_2022 Q4 Court,856,Lassen,2022 Q4 Court,96,13,41,28,0,0,6,0,12,0,Lassen,Susan Rios,0,1,1,0,1,,69,59.42029,40.57971,0.0,0.0
Lassen_2023 Q1 Court,857,Lassen,2023 Q1 Court,120,16,54,17,1,4,27,2,9,1,Lassen,Susan Rios,0,NA,NA,NA,0,,76,71.052632,22.368421,5.263158,1.315789
Lassen_2023 Q2 Court,858,Lassen,2023 Q2 Court,96,11,47,23,0,3,13,2,8,0,,,,,,,,,73,64.383562,31.506849,4.109589,0.0
Lassen_2023 Q3 Court,859,Lassen,2023 Q3 Court,92,15,28,18,3,0,10,2,5,1,,,,,,,,,49,57.142857,36.734694,0.0,6.122449
Lassen_2023 Q4 Court,860,Lassen,2023 Q4 Court,81,16,31,14,5,3,21,0,16,0,,,,,,,,,53,58.490566,26.415094,5.660377,9.433962
Lassen_2024 Q1 Court,861,Lassen,2024 Q1 Court,103,12,34,15,2,2,26,1,10,1,,,,,,,,,53,64.150943,28.301887,3.773585,3.773585
Lassen_2024 Q2 Court,862,Lassen,2024 Q2 Court,159,15,32,24,0,3,8,2,15,1,,,,,,,,,59,54.237288,40.677966,5.084746,0.0
Lassen_2024 Q3 Court,863,Lassen,2024 Q3 Court,119,17,39,31,2,2,27,0,11,1,,,,,,,,,74,52.702703,41.891892,2.702703,2.702703
Lassen_2024 Q4 Court,864,Lassen,2024 Q4 Court,90,9,53,10,2,0,23,1,15,1,,,,,,,,,65,81.538462,15.384615,0.0,3.076923
Los Angeles_2013 Q1 Court,865,Los Angeles,2013 Q1 Court,14116,625,2977,6173,1861,60,NA,NA,2125,NA,Los Angeles,Jackey Lacey,0,1,1,0,0,https://www.laalmanac.com/election/el13.php,11071,26.890073,55.758287,0.541956,16.809683
Los Angeles_2013 Q2 Court,866,Los Angeles,2013 Q2 Court,14638,999,3057,6317,1849,31,NA,NA,2230,NA,Los Angeles,Jackey Lacey,0,1,1,0,0,,11254,27.163675,56.131153,0.275458,16.429714
Los Angeles_2013 Q3 Court,867,Los Angeles,2013 Q3 Court,14472,1114,2382,5570,1926,16,NA,NA,3392,2277,Los Angeles,Jackey Lacey,0,1,1,0,0,,9894,24.075197,56.296746,0.161714,19.466343
Los Angeles_2013 Q4 Court,868,Los Angeles,2013 Q4 Court,13153,1045,2301,5416,1771,18,NA,NA,3038,2569,Los Angeles,Jackey Lacey,0,1,1,0,0,,9506,24.205765,56.974542,0.189354,18.630339
Los Angeles_2014 Q1 Court,869,Los Angeles,2014 Q1 Court,14351,1196,2629,5900,1964,15,NA,NA,2063,2493,Los Angeles,Jackey Lacey,0,1,1,0,0,,10508,25.019033,56.147697,0.142748,18.690522
Los Angeles_2014 Q2 Court,870,Los Angeles,2014 Q2 Court,14644,1426,2846,6424,1983,29,NA,NA,2496,2328,Los Angeles,Jackey Lacey,0,1,1,0,0,,11282,25.226024,56.940259,0.257047,17.576671
Los Angeles_2014 Q3 Court,871,Los Angeles,2014 Q3 Court,14761,1301,1860,6861,1676,135,NA,NA,2224,2108,Los Angeles,Jackey Lacey,0,1,1,0,0,,10532,17.660463,65.144322,1.281808,15.913407
Los Angeles_2014 Q4 Court,872,Los Angeles,2014 Q4 Court,11015,1111,1488,4061,913,156,3831,10,1996,2210,Los Angeles,Jackey Lacey,0,1,1,0,0,,6618,22.484134,61.36295,2.357208,13.795709
Los Angeles_2015 Q1 Court,873,Los Angeles,2015 Q1 Court,9559,1171,1459,3107,805,197,3554,7,2071,2303,Los Angeles,Jackey Lacey,0,1,1,0,0,,5568,26.203305,55.801006,3.538075,14.457615
Los Angeles_2015 Q2 Court,874,Los Angeles,2015 Q2 Court,9996,625,1580,3012,819,187,3375,29,1924,2686,Los Angeles,Jackey Lacey,0,1,1,0,0,,5598,28.224366,53.80493,3.340479,14.630225
Los Angeles_2015 Q3 Court,875,Los Angeles,2015 Q3 Court,9536,1064,1522,3295,846,185,3042,48,1942,2842,Los Angeles,Jackey Lacey,0,1,1,0,0,,5848,26.025992,56.344049,3.163475,14.466484
Los Angeles_2015 Q4 Court,876,Los Angeles,2015 Q4 Court,9258,1208,1471,3051,817,203,2827,52,1858,2543,Los Angeles,Jackey Lacey,0,1,1,0,0,,5542,26.542764,55.052328,3.662938,14.74197
Los Angeles_2016 Q1 Court,877,Los Angeles,2016 Q1 Court,9688,1254,1541,2939,909,209,2996,84,1720,2358,Los Angeles,Jackey Lacey,0,1,1,0,0,,5598,27.527688,52.500893,3.733476,16.237942
Los Angeles_2016 Q2 Court,878,Los Angeles,2016 Q2 Court,10379,1309,1556,3364,850,208,3256,86,1666,2309,Los Angeles,Jackey Lacey,0,1,1,0,0,,5978,26.028772,56.273001,3.479425,14.218802
Los Angeles_2016 Q3 Court,879,Los Angeles,2016 Q3 Court,10045,991,1616,3366,1031,189,3332,82,1725,2219,Los Angeles,Jackey Lacey,0,1,1,0,1,,6202,26.056111,54.272815,3.047404,16.62367
Los Angeles_2016 Q4 Court,880,Los Angeles,2016 Q4 Court,9383,1285,1295,2807,848,189,2784,102,1514,1744,Los Angeles,Jackey Lacey,0,1,1,0,1,,5139,25.199455,54.621522,3.677758,16.501265
Los Angeles_2017 Q1 Court,881,Los Angeles,2017 Q1 Court,9118,1188,1574,2963,1028,172,3651,137,1659,1100,Los Angeles,Jackey Lacey,0,1,0,1,0,,5737,27.435942,51.647202,2.998083,17.918773
Los Angeles_2017 Q2 Court,882,Los Angeles,2017 Q2 Court,10041,1242,1684,3050,897,179,3397,139,1905,1544,Los Angeles,Jackey Lacey,0,1,0,1,0,,5810,28.984509,52.495697,3.080895,15.438898
Los Angeles_2017 Q3 Court,883,Los Angeles,2017 Q3 Court,10894,1200,1678,3020,960,152,3171,132,1900,1536,Los Angeles,Jackey Lacey,0,1,0,1,0,,5810,28.881239,51.979346,2.616179,16.523236
Los Angeles_2017 Q4 Court,884,Los Angeles,2017 Q4 Court,9785,1007,1496,2817,836,112,2926,160,2059,1720,Los Angeles,Jackey Lacey,0,1,0,1,0,,5261,28.435659,53.544953,2.128873,15.890515
Los Angeles_2018 Q1 Court,885,Los Angeles,2018 Q1 Court,8811,1049,1711,2792,894,121,2694,107,2030,1987,Los Angeles,Jackey Lacey,0,1,0,1,0,,5518,31.007611,50.598043,2.192823,16.201522
Los Angeles_2018 Q2 Court,886,Los Angeles,2018 Q2 Court,9057,1150,1804,2926,864,107,3516,109,2152,2012,Los Angeles,Jackey Lacey,0,1,0,1,0,,5701,31.643571,51.324329,1.876864,15.155236
Los Angeles_2018 Q3 Court,887,Los Angeles,2018 Q3 Court,9748,1161,1723,2931,908,86,3461,101,2372,2039,Los Angeles,Jackey Lacey,0,1,0,1,0,,5648,30.506374,51.894476,1.522663,16.076487
Los Angeles_2018 Q4 Court,888,Los Angeles,2018 Q4 Court,8430,1024,1482,2551,873,72,3336,99,2132,1952,Los Angeles,Jackey Lacey,0,1,0,1,0,,4978,29.770992,51.24548,1.446364,17.537164
Los Angeles_2019 Q1 Court,889,Los Angeles,2019 Q1 Court,9132,1113,1574,2731,898,78,3675,90,2103,2192,Los Angeles,Jackey Lacey,0,1,0,1,0,,5281,29.804961,51.713691,1.476993,17.004355
Los Angeles_2019 Q2 Court,890,Los Angeles,2019 Q2 Court,9838,1259,1572,2613,870,74,3720,70,2426,2337,Los Angeles,Jackey Lacey,0,1,0,1,0,,5129,30.649249,50.945603,1.442776,16.962371
Los Angeles_2019 Q3 Court,891,Los Angeles,2019 Q3 Court,9446,1105,1709,2681,797,75,3481,100,2475,2450,Los Angeles,Jackey Lacey,0,1,0,1,0,,5262,32.478145,50.950209,1.425314,15.146332
Los Angeles_2019 Q4 Court,892,Los Angeles,2019 Q4 Court,8383,1171,1493,2560,783,77,3049,114,2197,2255,Los Angeles,Jackey Lacey,0,1,0,1,0,,4913,30.388765,52.106656,1.567271,15.937309
Los Angeles_2020 Q1 Court,893,Los Angeles,2020 Q1 Court,8509,1147,1309,2603,713,81,3029,86,2095,2223,Los Angeles,Jackey Lacey,0,1,0,1,0,,4706,27.815555,55.312367,1.721207,15.150871
Los Angeles_2020 Q2 Court,894,Los Angeles,2020 Q2 Court,7048,1174,629,1250,201,34,885,22,1680,1670,Los Angeles,Jackey Lacey,0,1,0,1,0,,2114,29.754021,59.129612,1.608325,9.508042
Los Angeles_2020 Q3 Court,895,Los Angeles,2020 Q3 Court,8669,2462,1159,1964,462,28,2286,61,1737,2057,Los Angeles,Jackey Lacey,0,1,0,1,1,,3613,32.078605,54.359258,0.774979,12.787157
Los Angeles_2020 Q4 Court,896,Los Angeles,2020 Q4 Court,7738,2122,1014,2382,507,38,2032,50,1517,1893,Los Angeles,Jackey Lacey,0,1,0,1,1,,3941,25.72951,60.441512,0.964222,12.864755
Los Angeles_2021 Q1 Court,897,Los Angeles,2021 Q1 Court,9028,2123,1223,3090,569,14,2170,53,1276,1829,Los Angeles,George Gascon,1,NA,NA,NA,0,LA Elections are on Presidential Years,4896,24.979575,63.112745,0.285948,11.621732
Los Angeles_2021 Q2 Court,898,Los Angeles,2021 Q2 Court,8845,2102,1313,2994,589,21,2202,61,1312,2099,Los Angeles,George Gascon,1,NA,NA,NA,0,,4917,26.703274,60.890787,0.42709,11.978849
Los Angeles_2021 Q3 Court,899,Los Angeles,2021 Q3 Court,8721,2190,1272,2898,663,14,2231,30,1334,2034,Los Angeles,George Gascon,1,NA,NA,NA,0,,4847,26.243037,59.789561,0.288838,13.678564
Los Angeles_2021 Q4 Court,900,Los Angeles,2021 Q4 Court,8112,2042,1267,2765,697,7,1929,31,1307,1704,Los Angeles,George Gascon,1,NA,NA,NA,0,,4736,26.752534,58.382601,0.147804,14.717061
Los Angeles_2022 Q1 Court,901,Los Angeles,2022 Q1 Court,8086,2172,1325,2612,679,3,1976,30,1240,1702,Los Angeles,George Gascon,1,NA,NA,NA,0,,4619,28.685863,56.549037,0.064949,14.700152
Los Angeles_2022 Q2 Court,902,Los Angeles,2022 Q2 Court,8211,2278,1476,2516,722,5,2232,17,1507,2021,Los Angeles,George Gascon,1,NA,NA,NA,0,,4719,31.277813,53.316381,0.105955,15.299852
Los Angeles_2022 Q3 Court,903,Los Angeles,2022 Q3 Court,9983,2026,1315,2681,737,3,2481,9,1543,1964,Los Angeles,George Gascon,1,NA,NA,NA,0,,4736,27.766047,56.608953,0.063345,15.561655
Los Angeles_2022 Q4 Court,904,Los Angeles,2022 Q4 Court,8465,1804,1279,2501,689,3,2327,10,1561,1338,Los Angeles,George Gascon,1,NA,NA,NA,0,,4472,28.600179,55.92576,0.067084,15.406977
Los Angeles_2023 Q1 Court,905,Los Angeles,2023 Q1 Court,7667,1628,1171,2661,700,13,2537,3,1527,1771,Los Angeles,George Gascon,1,NA,NA,NA,0,,4545,25.764576,58.547855,0.286029,15.40154
Los Angeles_2023 Q2 Court,906,Los Angeles,2023 Q2 Court,8136,1598,1267,2571,603,1,2222,3,1487,1911,,,,,,,,,4442,28.523188,57.879334,0.022512,13.574966
Los Angeles_2023 Q3 Court,907,Los Angeles,2023 Q3 Court,7631,1521,1206,2489,490,3,1887,2,1510,1983,,,,,,,,,4188,28.796562,59.43171,0.071633,11.700096
Los Angeles_2023 Q4 Court,908,Los Angeles,2023 Q4 Court,7481,937,1767,2136,491,3,1828,1,1639,2038,,,,,,,,,4397,40.186491,48.578576,0.068228,11.166705
Los Angeles_2024 Q1 Court,909,Los Angeles,2024 Q1 Court,8579,1142,1863,2514,621,8,2547,0,1291,1772,,,,,,,,,5006,37.215342,50.219736,0.159808,12.405114
Los Angeles_2024 Q2 Court,910,Los Angeles,2024 Q2 Court,8289,2260,1842,2341,544,8,2220,0,1343,1820,,,,,,,,,4735,38.901795,49.440338,0.168955,11.488912
Los Angeles_2024 Q3 Court,911,Los Angeles,2024 Q3 Court,8272,2396,1753,2111,520,10,2240,0,1413,1964,,,,,,,,,4394,39.895312,48.042786,0.227583,11.83432
Los Angeles_2024 Q4 Court,912,Los Angeles,2024 Q4 Court,7896,2281,1765,1995,490,3,2043,0,1554,1807,,,,,,,,,4253,41.500118,46.908065,0.070538,11.521279
Madera_2013 Q1 Court,913,Madera,2013 Q1 Court,483,244,66,119,24,18,206,16,56,NA,Madera,Michael Keitz,0,1,0,1,0,https://votemadera.com/election-data/past-election-results/,227,29.07489,52.422907,7.929515,10.572687
Madera_2013 Q2 Court,914,Madera,2013 Q2 Court,479,295,61,112,17,15,201,11,36,NA,Madera,Michael Keitz,0,1,0,1,0,,205,29.756098,54.634146,7.317073,8.292683
Madera_2013 Q3 Court,915,Madera,2013 Q3 Court,510,255,71,130,10,16,175,30,41,10,Madera,Michael Keitz,0,1,0,1,0,,227,31.277533,57.268722,7.048458,4.405286
Madera_2013 Q4 Court,916,Madera,2013 Q4 Court,496,212,49,157,18,17,154,15,40,14,Madera,Michael Keitz,0,1,0,1,0,,241,20.33195,65.145228,7.053942,7.46888
Madera_2014 Q1 Court,917,Madera,2014 Q1 Court,495,215,72,122,11,3,320,28,30,14,Madera,Michael Keitz,0,1,0,1,0,,208,34.615385,58.653846,1.442308,5.288462
Madera_2014 Q2 Court,918,Madera,2014 Q2 Court,498,230,72,101,11,5,276,27,45,18,Madera,Michael Keitz,0,1,0,1,0,,189,38.095238,53.439153,2.645503,5.820106
Madera_2014 Q3 Court,919,Madera,2014 Q3 Court,524,267,73,119,15,6,230,9,34,11,Madera,Michael Keitz,0,1,0,1,1,,213,34.2723,55.868545,2.816901,7.042254
Madera_2014 Q4 Court,920,Madera,2014 Q4 Court,437,215,50,87,11,8,197,16,40,9,Madera,Michael Keitz,0,1,0,1,1,,156,32.051282,55.769231,5.128205,7.051282
Madera_2015 Q1 Court,921,Madera,2015 Q1 Court,315,201,71,61,4,6,201,15,40,18,Madera,David Linn,0,1,0,1,0,,142,50.0,42.957746,4.225352,2.816901
Madera_2015 Q2 Court,922,Madera,2015 Q2 Court,321,192,82,103,7,4,164,7,37,17,Madera,David Linn,0,1,0,1,0,,196,41.836735,52.55102,2.040816,3.571429
Madera_2015 Q3 Court,923,Madera,2015 Q3 Court,254,133,73,87,6,12,147,20,37,12,Madera,David Linn,0,1,0,1,0,,178,41.011236,48.876404,6.741573,3.370787
Madera_2015 Q4 Court,924,Madera,2015 Q4 Court,287,107,58,81,5,8,120,4,42,16,Madera,David Linn,0,1,0,1,0,,152,38.157895,53.289474,5.263158,3.289474
Madera_2016 Q1 Court,925,Madera,2016 Q1 Court,300,119,60,76,0,5,94,4,45,15,Madera,David Linn,0,1,0,1,0,,141,42.553191,53.900709,3.546099,0.0
Madera_2016 Q2 Court,926,Madera,2016 Q2 Court,420,101,64,99,1,5,137,14,37,11,Madera,David Linn,0,1,0,1,0,,169,37.869822,58.579882,2.95858,0.591716
Madera_2016 Q3 Court,927,Madera,2016 Q3 Court,296,113,65,107,5,7,130,13,48,8,Madera,David Linn,0,1,0,1,0,,184,35.326087,58.152174,3.804348,2.717391
Madera_2016 Q4 Court,928,Madera,2016 Q4 Court,372,91,62,93,6,5,116,10,33,17,Madera,David Linn,0,1,0,1,0,,166,37.349398,56.024096,3.012048,3.614458
Madera_2017 Q1 Court,929,Madera,2017 Q1 Court,329,80,68,68,15,15,111,15,31,18,Madera,David Linn,0,1,0,1,0,,166,40.963855,40.963855,9.036145,9.036145
Madera_2017 Q2 Court,930,Madera,2017 Q2 Court,366,89,59,81,8,13,122,12,44,12,Madera,David Linn,0,1,0,1,0,,161,36.645963,50.310559,8.074534,4.968944
Madera_2017 Q3 Court,931,Madera,2017 Q3 Court,337,118,55,68,3,0,112,7,31,12,Madera,David Linn,0,1,0,1,0,,126,43.650794,53.968254,0.0,2.380952
Madera_2017 Q4 Court,932,Madera,2017 Q4 Court,350,80,46,51,5,4,110,10,26,12,Madera,David Linn,0,1,0,1,0,,106,43.396226,48.113208,3.773585,4.716981
Madera_2018 Q1 Court,933,Madera,2018 Q1 Court,354,88,43,95,14,7,113,6,44,12,Madera,David Linn,0,1,0,1,0,,159,27.044025,59.748428,4.402516,8.805031
Madera_2018 Q2 Court,934,Madera,2018 Q2 Court,462,158,76,91,12,4,121,7,41,16,Madera,David Linn,0,1,0,1,0,,183,41.530055,49.726776,2.185792,6.557377
Madera_2018 Q3 Court,935,Madera,2018 Q3 Court,438,113,72,107,8,7,96,16,37,14,Madera,David Linn,0,1,0,1,1,,194,37.113402,55.154639,3.608247,4.123711
Madera_2018 Q4 Court,936,Madera,2018 Q4 Court,422,102,106,81,5,4,135,7,38,11,Madera,David Linn,0,1,0,1,1,,196,54.081633,41.326531,2.040816,2.55102
Madera_2019 Q1 Court,937,Madera,2019 Q1 Court,338,86,66,147,6,1,113,5,50,12,Madera,Sally Orme Moreno,0,1,1,0,0,,220,30.0,66.818182,0.454545,2.727273
Madera_2019 Q2 Court,938,Madera,2019 Q2 Court,297,84,104,199,15,5,107,2,43,20,Madera,Sally Orme Moreno,0,1,1,0,0,,323,32.198142,61.609907,1.547988,4.643963
Madera_2019 Q3 Court,939,Madera,2019 Q3 Court,378,99,70,166,7,3,129,4,48,13,Madera,Sally Orme Moreno,0,1,1,0,0,,246,28.455285,67.479675,1.219512,2.845528
Madera_2019 Q4 Court,940,Madera,2019 Q4 Court,332,144,53,169,17,2,190,5,99,26,Madera,Sally Orme Moreno,0,1,1,0,0,,241,21.991701,70.124481,0.829876,7.053942
Madera_2020 Q1 Court,941,Madera,2020 Q1 Court,302,71,43,85,8,1,90,2,49,11,Madera,Sally Orme Moreno,0,1,1,0,0,,137,31.386861,62.043796,0.729927,5.839416
Madera_2020 Q2 Court,942,Madera,2020 Q2 Court,310,51,28,63,7,1,63,6,33,4,Madera,Sally Orme Moreno,0,1,1,0,0,,99,28.282828,63.636364,1.010101,7.070707
Madera_2020 Q3 Court,943,Madera,2020 Q3 Court,391,125,31,66,6,2,99,2,53,6,Madera,Sally Orme Moreno,0,1,1,0,0,,105,29.52381,62.857143,1.904762,5.714286
Madera_2020 Q4 Court,944,Madera,2020 Q4 Court,374,84,35,47,0,0,53,5,29,3,Madera,Sally Orme Moreno,0,1,1,0,0,,82,42.682927,57.317073,0.0,0.0
Madera_2021 Q1 Court,945,Madera,2021 Q1 Court,443,107,70,88,7,2,70,2,42,4,Madera,Sally Orme Moreno,0,1,1,0,0,,167,41.916168,52.694611,1.197605,4.191617
Madera_2021 Q2 Court,946,Madera,2021 Q2 Court,556,150,102,128,9,9,65,8,37,8,Madera,Sally Orme Moreno,0,1,1,0,0,,248,41.129032,51.612903,3.629032,3.629032
Madera_2021 Q3 Court,947,Madera,2021 Q3 Court,451,200,79,121,8,12,77,3,36,6,Madera,Sally Orme Moreno,0,1,1,0,0,,220,35.909091,55.0,5.454545,3.636364
Madera_2021 Q4 Court,948,Madera,2021 Q4 Court,305,153,24,38,1,NA,67,12,30,7,Madera,Sally Orme Moreno,0,1,1,0,0,,,,,,
Madera_2022 Q1 Court,949,Madera,2022 Q1 Court,360,157,62,112,15,7,60,5,42,8,Madera,Sally Orme Moreno,0,1,1,0,0,,196,31.632653,57.142857,3.571429,7.653061
Madera_2022 Q2 Court,950,Madera,2022 Q2 Court,357,147,101,142,12,6,69,6,30,6,Madera,Sally Orme Moreno,0,1,1,0,0,,261,38.697318,54.40613,2.298851,4.597701
Madera_2022 Q3 Court,951,Madera,2022 Q3 Court,428,166,89,124,4,4,67,7,41,4,Madera,Sally Orme Moreno,0,1,1,0,1,,221,40.271493,56.108597,1.809955,1.809955
Madera_2022 Q4 Court,952,Madera,2022 Q4 Court,308,127,6,29,0,0,66,22,41,4,Madera,Sally Orme Moreno,0,1,1,0,1,,35,17.142857,82.857143,0.0,0.0
Madera_2023 Q1 Court,953,Madera,2023 Q1 Court,390,127,69,146,5,4,53,11,35,2,Madera,Sally Orme Moreno,0,NA,NA,NA,0,,224,30.803571,65.178571,1.785714,2.232143
Madera_2023 Q2 Court,954,Madera,2023 Q2 Court,321,111,70,117,5,3,75,12,57,3,,,,,,,,,195,35.897436,60.0,1.538462,2.564103
Madera_2023 Q3 Court,955,Madera,2023 Q3 Court,353,115,78,139,7,7,71,20,45,2,,,,,,,,,231,33.766234,60.17316,3.030303,3.030303
Madera_2023 Q4 Court,956,Madera,2023 Q4 Court,359,122,51,110,15,8,54,11,41,3,,,,,,,,,184,27.717391,59.782609,4.347826,8.152174
Madera_2024 Q1 Court,957,Madera,2024 Q1 Court,348,133,75,107,11,6,84,10,57,6,,,,,,,,,199,37.688442,53.768844,3.015075,5.527638
Madera_2024 Q2 Court,958,Madera,2024 Q2 Court,353,114,66,39,5,15,84,9,44,8,,,,,,,,,125,52.8,31.2,12.0,4.0
Madera_2024 Q3 Court,959,Madera,2024 Q3 Court,354,99,54,58,3,9,88,11,52,7,,,,,,,,,124,43.548387,46.774194,7.258065,2.419355
Madera_2024 Q4 Court,960,Madera,2024 Q4 Court,358,143,52,51,3,8,94,10,47,8,,,,,,,,,114,45.614035,44.736842,7.017544,2.631579
Marin_2013 Q1 Court,961,Marin,2013 Q1 Court,253,12,10,60,3,1,166,1,6,NA,Marin,Edward Berberian,0,1,1,0,0,https://www.marincounty.org/depts/rv/election-info/past-elections?tabnum=13,74,13.513514,81.081081,1.351351,4.054054
Marin_2013 Q2 Court,962,Marin,2013 Q2 Court,274,20,19,67,2,4,221,0,7,NA,Marin,Edward Berberian,0,1,1,0,0,,92,20.652174,72.826087,4.347826,2.173913
Marin_2013 Q3 Court,963,Marin,2013 Q3 Court,231,19,14,61,0,10,343,4,4,3,Marin,Edward Berberian,0,1,1,0,0,,85,16.470588,71.764706,11.764706,0.0
Marin_2013 Q4 Court,964,Marin,2013 Q4 Court,294,21,17,16,4,14,319,4,9,7,Marin,Edward Berberian,0,1,1,0,0,,51,33.333333,31.372549,27.45098,7.843137
Marin_2014 Q1 Court,965,Marin,2014 Q1 Court,282,34,17,74,1,7,184,5,2,16,Marin,Edward Berberian,0,1,1,0,0,,99,17.171717,74.747475,7.070707,1.010101
Marin_2014 Q2 Court,966,Marin,2014 Q2 Court,264,23,23,96,4,9,216,2,11,21,Marin,Edward Berberian,0,1,1,0,0,,132,17.424242,72.727273,6.818182,3.030303
Marin_2014 Q3 Court,967,Marin,2014 Q3 Court,249,16,25,71,4,17,191,12,9,27,Marin,Edward Berberian,0,1,1,0,1,,117,21.367521,60.683761,14.529915,3.418803
Marin_2014 Q4 Court,968,Marin,2014 Q4 Court,225,30,14,61,2,5,108,16,7,25,Marin,Edward Berberian,0,1,1,0,1,,82,17.073171,74.390244,6.097561,2.439024
Marin_2015 Q1 Court,969,Marin,2015 Q1 Court,240,17,10,52,1,3,108,5,13,11,Marin,Edward Berberian,0,0,NA,NA,0,,66,15.151515,78.787879,4.545455,1.515152
Marin_2015 Q2 Court,970,Marin,2015 Q2 Court,231,NA,2,31,2,7,100,8,9,11,Marin,Edward Berberian,0,0,NA,NA,0,,42,4.761905,73.809524,16.666667,4.761905
Marin_2015 Q3 Court,971,Marin,2015 Q3 Court,198,NA,3,NA,8,7,NA,9,9,12,Marin,Edward Berberian,0,0,NA,NA,0,,,,,,
Marin_2015 Q4 Court,972,Marin,2015 Q4 Court,242,NA,5,NA,2,4,NA,0,6,9,Marin,Edward Berberian,0,0,NA,NA,0,,,,,,
Marin_2016 Q1 Court,973,Marin,2016 Q1 Court,223,NA,3,27,3,11,155,6,11,4,Marin,Edward Berberian,0,0,NA,NA,0,,44,6.818182,61.363636,25.0,6.818182
Marin_2016 Q2 Court,974,Marin,2016 Q2 Court,257,NA,4,46,3,17,166,7,11,13,Marin,Edward Berberian,0,0,NA,NA,0,,70,5.714286,65.714286,24.285714,4.285714
Marin_2016 Q3 Court,975,Marin,2016 Q3 Court,195,NA,21,41,3,14,177,3,14,12,Marin,Edward Berberian,0,0,NA,NA,0,,79,26.582278,51.898734,17.721519,3.797468
Marin_2016 Q4 Court,976,Marin,2016 Q4 Court,242,NA,25,45,0,11,197,11,8,12,Marin,Edward Berberian,0,0,NA,NA,0,,81,30.864198,55.555556,13.580247,0.0
Marin_2017 Q1 Court,977,Marin,2017 Q1 Court,184,NA,37,44,6,9,194,8,10,10,Marin,Edward Berberian,0,0,NA,NA,0,,96,38.541667,45.833333,9.375,6.25
Marin_2017 Q2 Court,978,Marin,2017 Q2 Court,200,NA,24,36,3,8,167,9,10,23,Marin,Edward Berberian,0,0,NA,NA,0,,71,33.802817,50.704225,11.267606,4.225352
Marin_2017 Q3 Court,979,Marin,2017 Q3 Court,193,NA,26,45,4,1,146,9,10,19,Marin,Edward Berberian,0,0,NA,NA,0,,76,34.210526,59.210526,1.315789,5.263158
Marin_2017 Q4 Court,980,Marin,2017 Q4 Court,180,NA,22,34,6,6,152,14,8,17,Marin,Edward Berberian,0,0,NA,NA,0,,68,32.352941,50.0,8.823529,8.823529
Marin_2018 Q1 Court,981,Marin,2018 Q1 Court,166,NA,24,60,4,14,136,13,14,9,Marin,Edward Berberian,0,0,NA,1,0,,102,23.529412,58.823529,13.72549,3.921569
Marin_2018 Q2 Court,982,Marin,2018 Q2 Court,178,NA,25,38,6,10,151,9,9,15,Marin,Edward Berberian,0,0,NA,1,0,,79,31.64557,48.101266,12.658228,7.594937
Marin_2018 Q3 Court,983,Marin,2018 Q3 Court,181,NA,26,44,9,3,137,14,11,18,Marin,Edward Berberian,0,0,NA,1,1,,82,31.707317,53.658537,3.658537,10.97561
Marin_2018 Q4 Court,984,Marin,2018 Q4 Court,202,NA,NA,NA,NA,NA,NA,NA,NA,NA,Marin,Edward Berberian,0,0,NA,1,1,,,,,,
Marin_2019 Q1 Court,985,Marin,2019 Q1 Court,223,NA,18,48,2,15,111,6,15,19,Marin,Lori Frugoli,0,1,1,0,0,,83,21.686747,57.831325,18.072289,2.409639
Marin_2019 Q2 Court,986,Marin,2019 Q2 Court,187,NA,24,45,2,7,142,10,13,14,Marin,Lori Frugoli,0,1,1,0,0,,78,30.769231,57.692308,8.974359,2.564103
Marin_2019 Q3 Court,987,Marin,2019 Q3 Court,215,NA,23,39,2,9,118,9,11,21,Marin,Lori Frugoli,0,1,1,0,0,,73,31.506849,53.424658,12.328767,2.739726
Marin_2019 Q4 Court,988,Marin,2019 Q4 Court,161,NA,26,38,2,10,140,25,10,19,Marin,Lori Frugoli,0,1,1,0,0,,76,34.210526,50.0,13.157895,2.631579
Marin_2020 Q1 Court,989,Marin,2020 Q1 Court,186,NA,10,8,5,7,97,6,13,10,Marin,Lori Frugoli,0,1,1,0,0,,30,33.333333,26.666667,23.333333,16.666667
Marin_2020 Q2 Court,990,Marin,2020 Q2 Court,183,NA,7,7,0,3,81,11,14,7,Marin,Lori Frugoli,0,1,1,0,0,,17,41.176471,41.176471,17.647059,0.0
Marin_2020 Q3 Court,991,Marin,2020 Q3 Court,776,NA,14,12,2,7,108,11,17,11,Marin,Lori Frugoli,0,1,1,0,0,,35,40.0,34.285714,20.0,5.714286
Marin_2020 Q4 Court,992,Marin,2020 Q4 Court,475,NA,14,11,0,6,104,7,17,20,Marin,Lori Frugoli,0,1,1,0,0,,31,45.16129,35.483871,19.354839,0.0
Marin_2021 Q1 Court,993,Marin,2021 Q1 Court,192,NA,8,19,1,8,91,5,11,19,Marin,Lori Frugoli,0,1,1,0,0,,36,22.222222,52.777778,22.222222,2.777778
Marin_2021 Q2 Court,994,Marin,2021 Q2 Court,200,NA,4,16,2,3,113,7,12,17,Marin,Lori Frugoli,0,1,1,0,0,,25,16.0,64.0,12.0,8.0
Marin_2021 Q3 Court,995,Marin,2021 Q3 Court,216,NA,11,13,3,6,74,6,17,13,Marin,Lori Frugoli,0,1,1,0,0,,33,33.333333,39.393939,18.181818,9.090909
Marin_2021 Q4 Court,996,Marin,2021 Q4 Court,201,NA,12,22,0,9,97,7,7,18,Marin,Lori Frugoli,0,1,1,0,0,,43,27.906977,51.162791,20.930233,0.0
Marin_2022 Q1 Court,997,Marin,2022 Q1 Court,362,NA,13,9,1,12,88,12,7,22,Marin,Lori Frugoli,0,1,1,0,0,,35,37.142857,25.714286,34.285714,2.857143
Marin_2022 Q2 Court,998,Marin,2022 Q2 Court,235,NA,26,15,4,9,90,11,10,16,Marin,Lori Frugoli,0,1,1,0,0,,54,48.148148,27.777778,16.666667,7.407407
Marin_2022 Q3 Court,999,Marin,2022 Q3 Court,201,NA,13,21,3,4,112,4,12,7,Marin,Lori Frugoli,0,1,1,0,1,,41,31.707317,51.219512,9.756098,7.317073
Marin_2022 Q4 Court,1000,Marin,2022 Q4 Court,181,NA,19,16,2,8,96,12,11,12,Marin,Lori Frugoli,0,1,1,0,1,,45,42.222222,35.555556,17.777778,4.444444
Marin_2023 Q1 Court,1001,Marin,2023 Q1 Court,210,NA,16,9,2,6,107,4,13,10,Marin,Lori Frugoli,0,NA,NA,NA,0,,33,48.484848,27.272727,18.181818,6.060606
Marin_2023 Q2 Court,1002,Marin,2023 Q2 Court,207,NA,20,13,1,8,77,4,8,11,,,,,,,,,42,47.619048,30.952381,19.047619,2.380952
Marin_2023 Q3 Court,1003,Marin,2023 Q3 Court,181,70,14,36,0,2,70,5,10,6,,,,,,,,,52,26.923077,69.230769,3.846154,0.0
Marin_2023 Q4 Court,1004,Marin,2023 Q4 Court,138,59,21,64,7,7,77,7,7,15,,,,,,,,,99,21.212121,64.646465,7.070707,7.070707
Marin_2024 Q1 Court,1005,Marin,2024 Q1 Court,167,71,13,44,1,1,120,7,14,11,,,,,,,,,59,22.033898,74.576271,1.694915,1.694915
Marin_2024 Q2 Court,1006,Marin,2024 Q2 Court,153,58,15,38,5,6,89,8,15,11,,,,,,,,,64,23.4375,59.375,9.375,7.8125
Marin_2024 Q3 Court,1007,Marin,2024 Q3 Court,NA,52,13,48,5,4,95,6,15,10,,,,,,,,,70,18.571429,68.571429,5.714286,7.142857
Marin_2024 Q4 Court,1008,Marin,2024 Q4 Court,NA,54,17,43,2,6,65,4,13,10,,,,,,,,,68,25.0,63.235294,8.823529,2.941176
Mariposa_2013 Q1 Court,1009,Mariposa,2013 Q1 Court,69,0,5,41,0,5,30,3,3,0,Mariposa,Robert H. Brown,0,0,NA,NA,0,https://www.mariposacounty.org/132/Election-Results,51,9.803922,80.392157,9.803922,0.0
Mariposa_2013 Q2 Court,1010,Mariposa,2013 Q2 Court,55,2,6,58,0,2,88,0,4,0,Mariposa,Robert H. Brown,0,0,NA,NA,0,,66,9.090909,87.878788,3.030303,0.0
Mariposa_2013 Q3 Court,1011,Mariposa,2013 Q3 Court,62,1,5,69,1,16,80,0,2,0,Mariposa,Robert H. Brown,0,0,NA,NA,0,,91,5.494505,75.824176,17.582418,1.098901
Mariposa_2013 Q4 Court,1012,Mariposa,2013 Q4 Court,25,0,9,40,0,2,28,2,1,1,Mariposa,Robert H. Brown,0,0,NA,NA,0,,51,17.647059,78.431373,3.921569,0.0
Mariposa_2014 Q1 Court,1013,Mariposa,2014 Q1 Court,40,0,6,17,0,1,27,0,1,0,Mariposa,Robert H. Brown,0,0,NA,0,0,,24,25.0,70.833333,4.166667,0.0
Mariposa_2014 Q2 Court,1014,Mariposa,2014 Q2 Court,54,0,5,17,0,7,38,0,0,0,Mariposa,Robert H. Brown,0,0,NA,0,0,,29,17.241379,58.62069,24.137931,0.0
Mariposa_2014 Q3 Court,1015,Mariposa,2014 Q3 Court,36,0,4,18,0,2,22,1,0,0,Mariposa,Robert H. Brown,0,0,NA,0,1,,24,16.666667,75.0,8.333333,0.0
Mariposa_2014 Q4 Court,1016,Mariposa,2014 Q4 Court,29,0,2,20,0,0,12,0,2,1,Mariposa,Robert H. Brown,0,0,NA,0,1,,22,9.090909,90.909091,0.0,0.0
Mariposa_2015 Q1 Court,1017,Mariposa,2015 Q1 Court,22,0,4,15,0,5,16,0,2,2,Mariposa,Thomas K. Cook,0,0,NA,NA,0,,24,16.666667,62.5,20.833333,0.0
Mariposa_2015 Q2 Court,1018,Mariposa,2015 Q2 Court,28,0,8,16,1,8,26,0,0,0,Mariposa,Thomas K. Cook,0,0,NA,NA,0,,33,24.242424,48.484848,24.242424,3.030303
Mariposa_2015 Q3 Court,1019,Mariposa,2015 Q3 Court,53,0,8,36,0,2,33,3,3,0,Mariposa,Thomas K. Cook,0,0,NA,NA,0,,46,17.391304,78.26087,4.347826,0.0
Mariposa_2015 Q4 Court,1020,Mariposa,2015 Q4 Court,49,0,5,27,0,3,17,1,4,2,Mariposa,Thomas K. Cook,0,0,NA,NA,0,,35,14.285714,77.142857,8.571429,0.0
Mariposa_2016 Q1 Court,1021,Mariposa,2016 Q1 Court,29,0,5,54,0,0,33,4,4,0,Mariposa,Thomas K. Cook,0,0,NA,NA,0,,59,8.474576,91.525424,0.0,0.0
Mariposa_2016 Q2 Court,1022,Mariposa,2016 Q2 Court,37,1,8,20,0,13,24,1,6,2,Mariposa,Thomas K. Cook,0,0,NA,NA,0,,41,19.512195,48.780488,31.707317,0.0
Mariposa_2016 Q3 Court,1023,Mariposa,2016 Q3 Court,13,1,11,10,0,8,28,0,6,0,Mariposa,Thomas K. Cook,0,0,NA,NA,0,,29,37.931034,34.482759,27.586207,0.0
Mariposa_2016 Q4 Court,1024,Mariposa,2016 Q4 Court,33,3,5,22,0,3,8,0,4,0,Mariposa,Thomas K. Cook,0,0,NA,NA,0,,30,16.666667,73.333333,10.0,0.0
Mariposa_2017 Q1 Court,1025,Mariposa,2017 Q1 Court,34,0,5,29,0,0,15,1,7,1,Mariposa,Thomas K. Cook,0,0,NA,NA,0,,34,14.705882,85.294118,0.0,0.0
Mariposa_2017 Q2 Court,1026,Mariposa,2017 Q2 Court,31,0,1,16,0,7,25,0,4,0,Mariposa,Thomas K. Cook,0,0,NA,NA,0,,24,4.166667,66.666667,29.166667,0.0
Mariposa_2017 Q3 Court,1027,Mariposa,2017 Q3 Court,39,2,8,16,0,2,17,3,9,0,Mariposa,Thomas K. Cook,0,0,NA,NA,0,,26,30.769231,61.538462,7.692308,0.0
Mariposa_2017 Q4 Court,1028,Mariposa,2017 Q4 Court,47,3,4,14,0,0,23,3,6,0,Mariposa,Thomas K. Cook,0,0,NA,NA,0,,18,22.222222,77.777778,0.0,0.0
Mariposa_2018 Q1 Court,1029,Mariposa,2018 Q1 Court,29,15,8,10,0,8,28,0,14,0,Mariposa,Thomas K. Cook,0,0,NA,0,0,,26,30.769231,38.461538,30.769231,0.0
Mariposa_2018 Q2 Court,1030,Mariposa,2018 Q2 Court,40,5,3,18,0,5,6,0,4,0,Mariposa,Thomas K. Cook,0,0,NA,0,0,,26,11.538462,69.230769,19.230769,0.0
Mariposa_2018 Q3 Court,1031,Mariposa,2018 Q3 Court,24,3,4,11,0,6,22,1,2,0,Mariposa,Thomas K. Cook,0,0,NA,0,1,,21,19.047619,52.380952,28.571429,0.0
Mariposa_2018 Q4 Court,1032,Mariposa,2018 Q4 Court,16,3,3,20,0,2,18,4,5,0,Mariposa,Thomas K. Cook,0,0,NA,0,1,,25,12.0,80.0,8.0,0.0
Mariposa_2019 Q1 Court,1033,Mariposa,2019 Q1 Court,37,0,2,13,0,6,24,1,4,1,Mariposa,Walter W. Wall,0,1,1,0,0,,21,9.52381,61.904762,28.571429,0.0
Mariposa_2019 Q2 Court,1034,Mariposa,2019 Q2 Court,35,1,5,38,0,10,30,0,2,2,Mariposa,Walter W. Wall,0,1,1,0,0,,53,9.433962,71.698113,18.867925,0.0
Mariposa_2019 Q3 Court,1035,Mariposa,2019 Q3 Court,46,1,6,25,0,7,24,3,18,0,Mariposa,Walter W. Wall,0,1,1,0,0,,38,15.789474,65.789474,18.421053,0.0
Mariposa_2019 Q4 Court,1036,Mariposa,2019 Q4 Court,28,1,6,33,0,4,20,1,10,3,Mariposa,Walter W. Wall,0,1,1,0,0,,43,13.953488,76.744186,9.302326,0.0
Mariposa_2020 Q1 Court,1037,Mariposa,2020 Q1 Court,49,1,4,14,0,11,10,0,5,0,Mariposa,Walter W. Wall,0,1,1,0,0,,29,13.793103,48.275862,37.931034,0.0
Mariposa_2020 Q2 Court,1038,Mariposa,2020 Q2 Court,12,0,2,3,0,6,11,5,5,0,Mariposa,Walter W. Wall,0,1,1,0,0,,11,18.181818,27.272727,54.545455,0.0
Mariposa_2020 Q3 Court,1039,Mariposa,2020 Q3 Court,55,1,3,18,0,1,14,0,4,0,Mariposa,Walter W. Wall,0,1,1,0,0,,22,13.636364,81.818182,4.545455,0.0
Mariposa_2020 Q4 Court,1040,Mariposa,2020 Q4 Court,21,0,2,4,0,12,15,1,4,0,Mariposa,Walter W. Wall,0,1,1,0,0,,18,11.111111,22.222222,66.666667,0.0
Mariposa_2021 Q1 Court,1041,Mariposa,2021 Q1 Court,32,3,1,16,0,1,6,5,10,0,Mariposa,Walter W. Wall,0,1,1,0,0,,18,5.555556,88.888889,5.555556,0.0
Mariposa_2021 Q2 Court,1042,Mariposa,2021 Q2 Court,35,2,5,18,0,1,16,0,10,0,Mariposa,Walter W. Wall,0,1,1,0,0,,24,20.833333,75.0,4.166667,0.0
Mariposa_2021 Q3 Court,1043,Mariposa,2021 Q3 Court,40,0,9,28,0,0,6,3,5,0,Mariposa,Walter W. Wall,0,1,1,0,0,,37,24.324324,75.675676,0.0,0.0
Mariposa_2021 Q4 Court,1044,Mariposa,2021 Q4 Court,33,1,6,11,0,2,4,0,4,3,Mariposa,Walter W. Wall,0,1,1,0,0,,19,31.578947,57.894737,10.526316,0.0
Mariposa_2022 Q1 Court,1045,Mariposa,2022 Q1 Court,29,5,3,17,0,5,29,0,0,2,Mariposa,Walter W. Wall,0,1,1,0,0,,25,12.0,68.0,20.0,0.0
Mariposa_2022 Q2 Court,1046,Mariposa,2022 Q2 Court,33,0,3,11,0,2,7,0,6,0,Mariposa,Walter W. Wall,0,1,1,0,0,,16,18.75,68.75,12.5,0.0
Mariposa_2022 Q3 Court,1047,Mariposa,2022 Q3 Court,64,20,8,9,0,0,11,1,6,0,Mariposa,Walter W. Wall,0,1,1,0,1,,17,47.058824,52.941176,0.0,0.0
Mariposa_2022 Q4 Court,1048,Mariposa,2022 Q4 Court,45,21,9,13,0,0,16,1,4,0,Mariposa,Walter W. Wall,0,1,1,0,1,,22,40.909091,59.090909,0.0,0.0
Mariposa_2023 Q1 Court,1049,Mariposa,2023 Q1 Court,31,22,5,16,0,0,4,0,0,0,Mariposa,Walter W. Wall,0,NA,NA,NA,0,,21,23.809524,76.190476,0.0,0.0
Mariposa_2023 Q2 Court,1050,Mariposa,2023 Q2 Court,37,12,14,11,3,1,5,0,5,0,,,,,,,,,29,48.275862,37.931034,3.448276,10.344828
Mariposa_2023 Q3 Court,1051,Mariposa,2023 Q3 Court,68,22,4,4,2,0,15,0,4,0,,,,,,,,,10,40.0,40.0,0.0,20.0
Mariposa_2023 Q4 Court,1052,Mariposa,2023 Q4 Court,40,11,3,14,0,0,7,0,6,0,,,,,,,,,17,17.647059,82.352941,0.0,0.0
Mariposa_2024 Q1 Court,1053,Mariposa,2024 Q1 Court,32,7,3,12,0,0,24,3,5,0,,,,,,,,,15,20.0,80.0,0.0,0.0
Mariposa_2024 Q2 Court,1054,Mariposa,2024 Q2 Court,34,6,6,5,0,1,8,1,2,0,,,,,,,,,12,50.0,41.666667,8.333333,0.0
Mariposa_2024 Q3 Court,1055,Mariposa,2024 Q3 Court,36,6,2,4,1,4,7,0,4,0,,,,,,,,,11,18.181818,36.363636,36.363636,9.090909
Mariposa_2024 Q4 Court,1056,Mariposa,2024 Q4 Court,32,11,3,1,0,0,6,3,5,0,,,,,,,,,4,75.0,25.0,0.0,0.0
Mendocino_2013 Q1 Court,1057,Mendocino,2013 Q1 Court,241,35,41,73,18,2,127,1,14,0,Mendocino,Meredith Lintott,0,0,NA,NA,0,https://www.mendocinocounty.org/government/assessor-county-clerk-recorder-elections/elections/past-election-results,134,30.597015,54.477612,1.492537,13.432836
Mendocino_2013 Q2 Court,1058,Mendocino,2013 Q2 Court,271,36,31,79,11,6,98,1,12,0,Mendocino,Meredith Lintott,0,0,NA,NA,0,,127,24.409449,62.204724,4.724409,8.661417
Mendocino_2013 Q3 Court,1059,Mendocino,2013 Q3 Court,263,26,24,79,6,3,116,1,22,1,Mendocino,Meredith Lintott,0,0,NA,NA,0,,112,21.428571,70.535714,2.678571,5.357143
Mendocino_2013 Q4 Court,1060,Mendocino,2013 Q4 Court,270,12,35,78,5,2,103,3,24,6,Mendocino,Meredith Lintott,0,0,NA,NA,0,,120,29.166667,65.0,1.666667,4.166667
Mendocino_2014 Q1 Court,1061,Mendocino,2014 Q1 Court,285,31,25,83,11,6,100,3,15,17,Mendocino,Meredith Lintott,0,0,NA,0,0,,125,20.0,66.4,4.8,8.8
Mendocino_2014 Q2 Court,1062,Mendocino,2014 Q2 Court,266,46,33,88,10,4,120,7,10,18,Mendocino,Meredith Lintott,0,0,NA,0,0,,135,24.444444,65.185185,2.962963,7.407407
Mendocino_2014 Q3 Court,1063,Mendocino,2014 Q3 Court,325,47,34,80,14,10,131,8,25,23,Mendocino,Meredith Lintott,0,0,NA,0,1,,138,24.637681,57.971014,7.246377,10.144928
Mendocino_2014 Q4 Court,1064,Mendocino,2014 Q4 Court,330,41,31,84,12,7,117,6,17,19,Mendocino,Meredith Lintott,0,0,NA,0,1,,134,23.134328,62.686567,5.223881,8.955224
Mendocino_2015 Q1 Court,1065,Mendocino,2015 Q1 Court,254,31,33,53,4,10,114,16,25,5,Mendocino,C. David Eyster,0,1,1,0,0,,100,33.0,53.0,10.0,4.0
Mendocino_2015 Q2 Court,1066,Mendocino,2015 Q2 Court,225,52,42,75,6,9,88,6,26,13,Mendocino,C. David Eyster,0,1,1,0,0,,132,31.818182,56.818182,6.818182,4.545455
Mendocino_2015 Q3 Court,1067,Mendocino,2015 Q3 Court,288,48,27,67,3,2,85,6,27,10,Mendocino,C. David Eyster,0,1,1,0,0,,99,27.272727,67.676768,2.020202,3.030303
Mendocino_2015 Q4 Court,1068,Mendocino,2015 Q4 Court,223,32,40,61,8,8,66,10,27,21,Mendocino,C. David Eyster,0,1,1,0,0,,117,34.188034,52.136752,6.837607,6.837607
Mendocino_2016 Q1 Court,1069,Mendocino,2016 Q1 Court,263,37,27,63,13,7,94,12,29,19,Mendocino,C. David Eyster,0,1,1,0,0,,110,24.545455,57.272727,6.363636,11.818182
Mendocino_2016 Q2 Court,1070,Mendocino,2016 Q2 Court,231,38,34,71,5,16,92,16,19,25,Mendocino,C. David Eyster,0,1,1,0,0,,126,26.984127,56.349206,12.698413,3.968254
Mendocino_2016 Q3 Court,1071,Mendocino,2016 Q3 Court,466,43,41,90,6,13,94,12,33,18,Mendocino,C. David Eyster,0,1,1,0,0,,150,27.333333,60.0,8.666667,4.0
Mendocino_2016 Q4 Court,1072,Mendocino,2016 Q4 Court,328,35,36,72,13,3,127,8,37,14,Mendocino,C. David Eyster,0,1,1,0,0,,124,29.032258,58.064516,2.419355,10.483871
Mendocino_2017 Q1 Court,1073,Mendocino,2017 Q1 Court,239,122,37,61,8,14,92,9,33,19,Mendocino,C. David Eyster,0,1,1,0,0,,120,30.833333,50.833333,11.666667,6.666667
Mendocino_2017 Q2 Court,1074,Mendocino,2017 Q2 Court,272,156,38,54,5,12,119,10,31,30,Mendocino,C. David Eyster,0,1,1,0,0,,109,34.862385,49.541284,11.009174,4.587156
Mendocino_2017 Q3 Court,1075,Mendocino,2017 Q3 Court,254,112,34,58,9,6,102,14,36,18,Mendocino,C. David Eyster,0,1,1,0,0,,107,31.775701,54.205607,5.607477,8.411215
Mendocino_2017 Q4 Court,1076,Mendocino,2017 Q4 Court,227,139,43,60,5,2,111,28,36,20,Mendocino,C. David Eyster,0,1,1,0,0,,110,39.090909,54.545455,1.818182,4.545455
Mendocino_2018 Q1 Court,1077,Mendocino,2018 Q1 Court,249,68,28,69,3,1,91,15,34,27,Mendocino,C. David Eyster,0,1,1,0,0,,101,27.722772,68.316832,0.990099,2.970297
Mendocino_2018 Q2 Court,1078,Mendocino,2018 Q2 Court,222,65,39,73,6,2,111,13,31,25,Mendocino,C. David Eyster,0,1,1,0,0,,120,32.5,60.833333,1.666667,5.0
Mendocino_2018 Q3 Court,1079,Mendocino,2018 Q3 Court,237,65,31,72,4,0,95,6,28,22,Mendocino,C. David Eyster,0,1,1,0,1,,107,28.971963,67.28972,0.0,3.738318
Mendocino_2018 Q4 Court,1080,Mendocino,2018 Q4 Court,224,84,28,68,4,1,93,4,33,27,Mendocino,C. David Eyster,0,1,1,0,1,,101,27.722772,67.326733,0.990099,3.960396
Mendocino_2019 Q1 Court,1081,Mendocino,2019 Q1 Court,248,79,29,65,1,6,93,8,24,31,Mendocino,C. David Eyster,0,1,1,0,0,,101,28.712871,64.356436,5.940594,0.990099
Mendocino_2019 Q2 Court,1082,Mendocino,2019 Q2 Court,220,67,27,78,3,10,93,7,27,32,Mendocino,C. David Eyster,0,1,1,0,0,,118,22.881356,66.101695,8.474576,2.542373
Mendocino_2019 Q3 Court,1083,Mendocino,2019 Q3 Court,265,80,23,52,1,1,109,9,25,42,Mendocino,C. David Eyster,0,1,1,0,0,,77,29.87013,67.532468,1.298701,1.298701
Mendocino_2019 Q4 Court,1084,Mendocino,2019 Q4 Court,223,76,39,70,5,6,99,2,24,34,Mendocino,C. David Eyster,0,1,1,0,0,,120,32.5,58.333333,5.0,4.166667
Mendocino_2020 Q1 Court,1085,Mendocino,2020 Q1 Court,228,76,21,62,8,6,89,11,17,29,Mendocino,C. David Eyster,0,1,1,0,0,,97,21.649485,63.917526,6.185567,8.247423
Mendocino_2020 Q2 Court,1086,Mendocino,2020 Q2 Court,205,131,23,35,6,6,72,9,25,17,Mendocino,C. David Eyster,0,1,1,0,0,,70,32.857143,50.0,8.571429,8.571429
Mendocino_2020 Q3 Court,1087,Mendocino,2020 Q3 Court,279,125,22,45,6,4,85,11,33,23,Mendocino,C. David Eyster,0,1,1,0,0,,77,28.571429,58.441558,5.194805,7.792208
Mendocino_2020 Q4 Court,1088,Mendocino,2020 Q4 Court,270,145,16,58,6,1,69,14,28,33,Mendocino,C. David Eyster,0,1,1,0,0,,81,19.753086,71.604938,1.234568,7.407407
Mendocino_2021 Q1 Court,1089,Mendocino,2021 Q1 Court,214,102,41,78,7,0,81,9,22,25,Mendocino,C. David Eyster,0,1,1,0,0,,126,32.539683,61.904762,0.0,5.555556
Mendocino_2021 Q2 Court,1090,Mendocino,2021 Q2 Court,247,153,40,90,6,1,92,6,28,32,Mendocino,C. David Eyster,0,1,1,0,0,,137,29.19708,65.693431,0.729927,4.379562
Mendocino_2021 Q3 Court,1091,Mendocino,2021 Q3 Court,288,150,44,68,5,3,84,8,30,34,Mendocino,C. David Eyster,0,1,1,0,0,,120,36.666667,56.666667,2.5,4.166667
Mendocino_2021 Q4 Court,1092,Mendocino,2021 Q4 Court,257,135,37,61,9,2,63,8,18,28,Mendocino,C. David Eyster,0,1,1,0,0,,109,33.944954,55.963303,1.834862,8.256881
Mendocino_2022 Q1 Court,1093,Mendocino,2022 Q1 Court,262,141,62,99,9,7,125,7,23,21,Mendocino,C. David Eyster,0,1,1,0,0,,177,35.028249,55.932203,3.954802,5.084746
Mendocino_2022 Q2 Court,1094,Mendocino,2022 Q2 Court,204,103,69,152,9,6,43,4,23,26,Mendocino,C. David Eyster,0,1,1,0,0,,236,29.237288,64.40678,2.542373,3.813559
Mendocino_2022 Q3 Court,1095,Mendocino,2022 Q3 Court,254,152,53,152,6,1,27,5,71,33,Mendocino,C. David Eyster,0,1,1,0,1,,212,25.0,71.698113,0.471698,2.830189
Mendocino_2022 Q4 Court,1096,Mendocino,2022 Q4 Court,234,120,44,54,8,3,21,1,45,29,Mendocino,C. David Eyster,0,1,1,0,1,,109,40.366972,49.541284,2.752294,7.33945
Mendocino_2023 Q1 Court,1097,Mendocino,2023 Q1 Court,183,121,26,60,11,10,36,3,36,40,Mendocino,C. David Eyster,0,NA,NA,NA,0,,107,24.299065,56.074766,9.345794,10.280374
Mendocino_2023 Q2 Court,1098,Mendocino,2023 Q2 Court,224,117,44,55,13,4,17,1,66,37,,,,,,,,,116,37.931034,47.413793,3.448276,11.206897
Mendocino_2023 Q3 Court,1099,Mendocino,2023 Q3 Court,205,101,32,54,6,3,18,2,85,31,,,,,,,,,95,33.684211,56.842105,3.157895,6.315789
Mendocino_2023 Q4 Court,1100,Mendocino,2023 Q4 Court,198,135,46,59,3,6,25,5,53,31,,,,,,,,,114,40.350877,51.754386,5.263158,2.631579
Mendocino_2024 Q1 Court,1101,Mendocino,2024 Q1 Court,166,120,35,50,4,2,33,2,93,42,,,,,,,,,91,38.461538,54.945055,2.197802,4.395604
Mendocino_2024 Q2 Court,1102,Mendocino,2024 Q2 Court,177,116,21,46,6,0,29,2,69,34,,,,,,,,,73,28.767123,63.013699,0.0,8.219178
Mendocino_2024 Q3 Court,1103,Mendocino,2024 Q3 Court,187,112,27,39,8,9,29,2,98,34,,,,,,,,,83,32.53012,46.987952,10.843373,9.638554
Mendocino_2024 Q4 Court,1104,Mendocino,2024 Q4 Court,199,117,27,65,9,1,29,1,65,49,,,,,,,,,102,26.470588,63.72549,0.980392,8.823529
Merced_2013 Q1 Court,1105,Merced,2013 Q1 Court,708,84,125,291,13,23,497,38,77,NA,Merced,Larry Morse,0,1,1,0,0,https://www.countyofmerced.com/3632/Elections,452,27.654867,64.380531,5.088496,2.876106
Merced_2013 Q2 Court,1106,Merced,2013 Q2 Court,594,82,95,253,16,28,550,34,64,NA,Merced,Larry Morse,0,1,1,0,0,,392,24.234694,64.540816,7.142857,4.081633
Merced_2013 Q3 Court,1107,Merced,2013 Q3 Court,693,78,63,268,10,18,483,50,63,31,Merced,Larry Morse,0,1,1,0,0,,359,17.548747,74.651811,5.013928,2.785515
Merced_2013 Q4 Court,1108,Merced,2013 Q4 Court,664,75,89,241,7,19,493,41,57,27,Merced,Larry Morse,0,1,1,0,0,,356,25.0,67.696629,5.337079,1.966292
Merced_2014 Q1 Court,1109,Merced,2014 Q1 Court,551,54,78,298,14,13,466,37,67,53,Merced,Larry Morse,0,1,1,0,0,,403,19.354839,73.945409,3.225806,3.473945
Merced_2014 Q2 Court,1110,Merced,2014 Q2 Court,731,52,88,289,15,22,505,49,69,36,Merced,Larry Morse,0,1,1,0,0,,414,21.256039,69.806763,5.31401,3.623188
Merced_2014 Q3 Court,1111,Merced,2014 Q3 Court,552,73,85,337,8,21,486,56,90,43,Merced,Larry Morse,0,1,1,0,1,,451,18.847007,74.722838,4.656319,1.773836
Merced_2014 Q4 Court,1112,Merced,2014 Q4 Court,390,NA,NA,NA,NA,NA,NA,NA,NA,NA,Merced,Larry Morse,0,1,1,0,1,,,,,,
Merced_2015 Q1 Court,1113,Merced,2015 Q1 Court,416,70,NA,NA,NA,NA,NA,NA,85,39,Merced,Larry Morse,0,1,0,1,0,,,,,,
Merced_2015 Q2 Court,1114,Merced,2015 Q2 Court,438,54,NA,NA,NA,NA,NA,NA,91,32,Merced,Larry Morse,0,1,0,1,0,,,,,,
Merced_2015 Q3 Court,1115,Merced,2015 Q3 Court,460,48,NA,NA,NA,NA,NA,NA,115,43,Merced,Larry Morse,0,1,0,1,0,,,,,,
Merced_2015 Q4 Court,1116,Merced,2015 Q4 Court,400,27,NA,NA,NA,NA,NA,NA,90,57,Merced,Larry Morse,0,1,0,1,0,,,,,,
Merced_2016 Q1 Court,1117,Merced,2016 Q1 Court,400,149,86,169,13,7,97,23,84,34,Merced,Larry Morse,0,1,0,1,0,,275,31.272727,61.454545,2.545455,4.727273
Merced_2016 Q2 Court,1118,Merced,2016 Q2 Court,489,151,84,189,7,14,104,34,109,36,Merced,Larry Morse,0,1,0,1,0,,294,28.571429,64.285714,4.761905,2.380952
Merced_2016 Q3 Court,1119,Merced,2016 Q3 Court,523,160,78,191,3,9,82,24,87,39,Merced,Larry Morse,0,1,0,1,0,,281,27.758007,67.97153,3.202847,1.067616
Merced_2016 Q4 Court,1120,Merced,2016 Q4 Court,414,169,79,162,12,9,52,34,82,42,Merced,Larry Morse,0,1,0,1,0,,262,30.152672,61.832061,3.435115,4.580153
Merced_2017 Q1 Court,1121,Merced,2017 Q1 Court,399,147,86,169,13,14,29,26,80,52,Merced,Larry Morse,0,1,0,1,0,,282,30.496454,59.929078,4.964539,4.609929
Merced_2017 Q2 Court,1122,Merced,2017 Q2 Court,469,257,127,222,29,9,30,22,94,49,Merced,Larry Morse,0,1,0,1,0,,387,32.816537,57.364341,2.325581,7.49354
Merced_2017 Q3 Court,1123,Merced,2017 Q3 Court,457,243,110,241,11,12,25,22,85,46,Merced,Larry Morse,0,1,0,1,0,,374,29.411765,64.438503,3.208556,2.941176
Merced_2017 Q4 Court,1124,Merced,2017 Q4 Court,489,NA,NA,NA,6,5,313,27,73,42,Merced,Larry Morse,0,1,0,1,0,,,,,,
Merced_2018 Q1 Court,1125,Merced,2018 Q1 Court,511,34,86,164,8,5,315,13,100,56,Merced,Larry Morse,0,1,0,1,0,,263,32.69962,62.357414,1.901141,3.041825
Merced_2018 Q2 Court,1126,Merced,2018 Q2 Court,606,24,69,193,7,10,363,14,119,35,Merced,Larry Morse,0,1,0,1,0,,279,24.731183,69.175627,3.584229,2.508961
Merced_2018 Q3 Court,1127,Merced,2018 Q3 Court,486,29,98,176,6,4,315,21,102,42,Merced,Larry Morse,0,1,0,1,1,,284,34.507042,61.971831,1.408451,2.112676
Merced_2018 Q4 Court,1128,Merced,2018 Q4 Court,387,51,96,166,7,8,354,17,98,61,Merced,Larry Morse,0,1,0,1,1,,277,34.65704,59.927798,2.888087,2.527076
Merced_2019 Q1 Court,1129,Merced,2019 Q1 Court,402,246,90,168,8,5,396,16,108,44,Merced,Kimberly Helms Lewis,0,1,0,1,0,,271,33.210332,61.99262,1.845018,2.95203
Merced_2019 Q2 Court,1130,Merced,2019 Q2 Court,397,339,111,167,10,1,342,20,108,41,Merced,Kimberly Helms Lewis,0,1,0,1,0,,289,38.408304,57.785467,0.346021,3.460208
Merced_2019 Q3 Court,1131,Merced,2019 Q3 Court,491,261,89,172,7,7,314,14,114,50,Merced,Kimberly Helms Lewis,0,1,0,1,0,,275,32.363636,62.545455,2.545455,2.545455
Merced_2019 Q4 Court,1132,Merced,2019 Q4 Court,421,246,94,179,7,14,264,6,94,36,Merced,Kimberly Helms Lewis,0,1,0,1,0,,294,31.972789,60.884354,4.761905,2.380952
Merced_2020 Q1 Court,1133,Merced,2020 Q1 Court,351,266,109,152,8,5,270,12,88,26,Merced,Kimberly Helms Lewis,0,1,0,1,0,,274,39.781022,55.474453,1.824818,2.919708
Merced_2020 Q2 Court,1134,Merced,2020 Q2 Court,451,157,44,62,1,1,94,3,56,10,Merced,Kimberly Helms Lewis,0,1,0,1,0,,108,40.740741,57.407407,0.925926,0.925926
Merced_2020 Q3 Court,1135,Merced,2020 Q3 Court,489,250,110,146,6,7,205,9,92,11,Merced,Kimberly Helms Lewis,0,1,0,1,0,,269,40.892193,54.275093,2.60223,2.230483
Merced_2020 Q4 Court,1136,Merced,2020 Q4 Court,406,156,72,125,7,4,155,6,72,10,Merced,Kimberly Helms Lewis,0,1,0,1,0,,208,34.615385,60.096154,1.923077,3.365385
Merced_2021 Q1 Court,1137,Merced,2021 Q1 Court,388,182,116,180,6,3,159,7,63,11,Merced,Kimberly Helms Lewis,0,1,0,1,0,,305,38.032787,59.016393,0.983607,1.967213
Merced_2021 Q2 Court,1138,Merced,2021 Q2 Court,460,314,119,200,4,0,162,4,63,12,Merced,Kimberly Helms Lewis,0,1,0,1,0,,323,36.842105,61.919505,0.0,1.23839
Merced_2021 Q3 Court,1139,Merced,2021 Q3 Court,490,235,119,176,6,5,176,6,56,10,Merced,Kimberly Helms Lewis,0,1,0,1,0,,306,38.888889,57.51634,1.633987,1.960784
Merced_2021 Q4 Court,1140,Merced,2021 Q4 Court,459,198,112,193,15,1,159,4,49,7,Merced,Kimberly Helms Lewis,0,1,0,1,0,,321,34.890966,60.124611,0.311526,4.672897
Merced_2022 Q1 Court,1141,Merced,2022 Q1 Court,485,279,87,151,6,5,179,2,48,13,Merced,Kimberly Helms Lewis,0,1,0,1,0,,249,34.939759,60.64257,2.008032,2.409639
Merced_2022 Q2 Court,1142,Merced,2022 Q2 Court,515,262,93,148,11,7,185,12,44,12,Merced,Kimberly Helms Lewis,0,1,0,1,0,,259,35.907336,57.142857,2.702703,4.247104
Merced_2022 Q3 Court,1143,Merced,2022 Q3 Court,454,213,110,222,15,11,193,13,53,12,Merced,Kimberly Helms Lewis,0,1,0,1,1,,358,30.726257,62.011173,3.072626,4.189944
Merced_2022 Q4 Court,1144,Merced,2022 Q4 Court,496,254,83,195,9,6,207,6,49,13,Merced,Kimberly Helms Lewis,0,1,0,1,1,,293,28.327645,66.552901,2.047782,3.071672
Merced_2023 Q1 Court,1145,Merced,2023 Q1 Court,392,311,82,192,9,4,211,4,45,17,Merced,Nicole Argabright Silveira,0,NA,NA,NA,0,,287,28.571429,66.898955,1.393728,3.135889
Merced_2023 Q2 Court,1146,Merced,2023 Q2 Court,410,341,76,181,6,8,220,5,56,7,,,,,,,,,271,28.04428,66.789668,2.95203,2.214022
Merced_2023 Q3 Court,1147,Merced,2023 Q3 Court,476,291,95,171,10,10,214,13,54,15,,,,,,,,,286,33.216783,59.79021,3.496503,3.496503
Merced_2023 Q4 Court,1148,Merced,2023 Q4 Court,400,240,70,141,12,8,185,10,43,15,,,,,,,,,231,30.30303,61.038961,3.463203,5.194805
Merced_2024 Q1 Court,1149,Merced,2024 Q1 Court,399,232,84,126,4,3,230,9,46,7,,,,,,,,,217,38.709677,58.064516,1.382488,1.843318
Merced_2024 Q2 Court,1150,Merced,2024 Q2 Court,506,187,57,136,6,5,201,11,54,13,,,,,,,,,204,27.941176,66.666667,2.45098,2.941176
Merced_2024 Q3 Court,1151,Merced,2024 Q3 Court,490,273,63,176,8,10,200,4,63,6,,,,,,,,,257,24.513619,68.48249,3.891051,3.11284
Merced_2024 Q4 Court,1152,Merced,2024 Q4 Court,504,175,68,137,8,6,173,10,57,9,,,,,,,,,219,31.050228,62.557078,2.739726,3.652968
Modoc_2013 Q1 Court,1153,Modoc,2013 Q1 Court,23,7,4,7,0,0,12,0,0,NA,Modoc,,0,NA,NA,NA,0,https://www.co.modoc.ca.us/departments/elections/past_elections_2.php,11,36.363636,63.636364,0.0,0.0
Modoc_2013 Q2 Court,1154,Modoc,2013 Q2 Court,29,3,4,11,2,0,14,0,1,NA,Modoc,,0,NA,NA,NA,0,,17,23.529412,64.705882,0.0,11.764706
Modoc_2013 Q3 Court,1155,Modoc,2013 Q3 Court,42,6,1,10,3,1,9,NA,NA,1,Modoc,,0,NA,NA,NA,0,,15,6.666667,66.666667,6.666667,20.0
Modoc_2013 Q4 Court,1156,Modoc,2013 Q4 Court,50,4,2,6,2,1,14,0,0,0,Modoc,,0,NA,NA,NA,0,,11,18.181818,54.545455,9.090909,18.181818
Modoc_2014 Q1 Court,1157,Modoc,2014 Q1 Court,32,11,3,4,1,0,15,0,1,0,Modoc,,0,NA,NA,NA,0,,8,37.5,50.0,0.0,12.5
Modoc_2014 Q2 Court,1158,Modoc,2014 Q2 Court,55,7,1,7,0,0,17,0,2,0,Modoc,,0,NA,NA,NA,0,,8,12.5,87.5,0.0,0.0
Modoc_2014 Q3 Court,1159,Modoc,2014 Q3 Court,37,5,2,4,0,0,20,1,0,1,Modoc,,0,NA,NA,NA,0,,6,33.333333,66.666667,0.0,0.0
Modoc_2014 Q4 Court,1160,Modoc,2014 Q4 Court,38,7,1,1,1,0,24,1,1,1,Modoc,,0,NA,NA,NA,0,,3,33.333333,33.333333,0.0,33.333333
Modoc_2015 Q1 Court,1161,Modoc,2015 Q1 Court,23,7,0,2,0,0,14,1,1,0,Modoc,Jordan Funk,0,NA,NA,NA,0,,2,0.0,100.0,0.0,0.0
Modoc_2015 Q2 Court,1162,Modoc,2015 Q2 Court,17,9,4,3,1,1,23,0,0,1,Modoc,Jordan Funk,0,NA,NA,NA,0,,9,44.444444,33.333333,11.111111,11.111111
Modoc_2015 Q3 Court,1163,Modoc,2015 Q3 Court,23,NA,NA,NA,NA,NA,NA,NA,NA,NA,Modoc,Jordan Funk,0,NA,NA,NA,0,,,,,,
Modoc_2015 Q4 Court,1164,Modoc,2015 Q4 Court,24,NA,NA,NA,NA,NA,NA,NA,NA,NA,Modoc,Jordan Funk,0,NA,NA,NA,0,,,,,,
Modoc_2016 Q1 Court,1165,Modoc,2016 Q1 Court,20,6,1,3,1,0,12,0,4,2,Modoc,Jordan Funk,0,NA,NA,NA,0,,5,20.0,60.0,0.0,20.0
Modoc_2016 Q2 Court,1166,Modoc,2016 Q2 Court,27,5,4,3,0,2,10,4,1,2,Modoc,Jordan Funk,0,NA,NA,NA,0,,9,44.444444,33.333333,22.222222,0.0
Modoc_2016 Q3 Court,1167,Modoc,2016 Q3 Court,30,8,0,1,0,0,10,2,0,1,Modoc,Jordan Funk,0,NA,NA,NA,0,,1,0.0,100.0,0.0,0.0
Modoc_2016 Q4 Court,1168,Modoc,2016 Q4 Court,26,9,6,6,0,2,9,0,1,1,Modoc,Jordan Funk,0,NA,NA,NA,0,,14,42.857143,42.857143,14.285714,0.0
Modoc_2017 Q1 Court,1169,Modoc,2017 Q1 Court,29,9,6,1,1,1,19,4,1,0,Modoc,Jordan Funk,0,NA,NA,NA,0,,9,66.666667,11.111111,11.111111,11.111111
Modoc_2017 Q2 Court,1170,Modoc,2017 Q2 Court,35,8,4,5,0,0,8,2,0,0,Modoc,Jordan Funk,0,NA,NA,NA,0,,9,44.444444,55.555556,0.0,0.0
Modoc_2017 Q3 Court,1171,Modoc,2017 Q3 Court,42,6,2,5,2,1,7,1,1,1,Modoc,Jordan Funk,0,NA,NA,NA,0,,10,20.0,50.0,10.0,20.0
Modoc_2017 Q4 Court,1172,Modoc,2017 Q4 Court,40,13,3,4,0,0,11,1,0,1,Modoc,Jordan Funk,0,NA,NA,NA,0,,7,42.857143,57.142857,0.0,0.0
Modoc_2018 Q1 Court,1173,Modoc,2018 Q1 Court,34,5,2,6,NA,NA,9,1,NA,NA,Modoc,Jordan Funk,0,NA,NA,NA,0,,,,,,
Modoc_2018 Q2 Court,1174,Modoc,2018 Q2 Court,50,3,3,3,0,0,18,0,0,1,Modoc,Jordan Funk,0,NA,NA,NA,0,,6,50.0,50.0,0.0,0.0
Modoc_2018 Q3 Court,1175,Modoc,2018 Q3 Court,45,13,3,NA,1,NA,12,1,1,2,Modoc,Jordan Funk,0,NA,NA,NA,0,,,,,,
Modoc_2018 Q4 Court,1176,Modoc,2018 Q4 Court,32,7,2,1,1,1,7,NA,2,2,Modoc,Jordan Funk,0,NA,NA,NA,0,,5,40.0,20.0,20.0,20.0
Modoc_2019 Q1 Court,1177,Modoc,2019 Q1 Court,53,NA,NA,NA,NA,NA,NA,NA,NA,NA,Modoc,,0,NA,NA,NA,0,,,,,,
Modoc_2019 Q2 Court,1178,Modoc,2019 Q2 Court,46,NA,NA,NA,NA,NA,NA,NA,NA,NA,Modoc,,0,NA,NA,NA,0,,,,,,
Modoc_2019 Q3 Court,1179,Modoc,2019 Q3 Court,44,NA,NA,NA,NA,NA,NA,NA,NA,NA,Modoc,,0,NA,NA,NA,0,,,,,,
Modoc_2019 Q4 Court,1180,Modoc,2019 Q4 Court,33,10,4,3,0,2,12,1,3,0,Modoc,,0,NA,NA,NA,0,,9,44.444444,33.333333,22.222222,0.0
Modoc_2020 Q1 Court,1181,Modoc,2020 Q1 Court,36,5,4,15,0,0,9,0,2,1,Modoc,,0,NA,NA,NA,0,,19,21.052632,78.947368,0.0,0.0
Modoc_2020 Q2 Court,1182,Modoc,2020 Q2 Court,24,NA,NA,NA,NA,NA,NA,NA,NA,NA,Modoc,,0,NA,NA,NA,0,,,,,,
Modoc_2020 Q3 Court,1183,Modoc,2020 Q3 Court,33,NA,NA,NA,NA,NA,NA,NA,NA,NA,Modoc,,0,NA,NA,NA,0,,,,,,
Modoc_2020 Q4 Court,1184,Modoc,2020 Q4 Court,38,NA,NA,NA,NA,NA,NA,NA,NA,NA,Modoc,,0,NA,NA,NA,0,,,,,,
Modoc_2021 Q1 Court,1185,Modoc,2021 Q1 Court,36,1,7,4,0,1,13,0,2,0,Modoc,,0,NA,NA,NA,0,,12,58.333333,33.333333,8.333333,0.0
Modoc_2021 Q2 Court,1186,Modoc,2021 Q2 Court,41,4,6,11,0,0,7,0,2,1,Modoc,,0,NA,NA,NA,0,,17,35.294118,64.705882,0.0,0.0
Modoc_2021 Q3 Court,1187,Modoc,2021 Q3 Court,24,5,2,10,0,0,8,0,3,1,Modoc,,0,NA,NA,NA,0,,12,16.666667,83.333333,0.0,0.0
Modoc_2021 Q4 Court,1188,Modoc,2021 Q4 Court,14,9,2,8,0,0,11,0,4,0,Modoc,,0,NA,NA,NA,0,,10,20.0,80.0,0.0,0.0
Modoc_2022 Q1 Court,1189,Modoc,2022 Q1 Court,26,4,7,3,0,0,7,0,2,0,Modoc,,0,NA,NA,NA,0,,10,70.0,30.0,0.0,0.0
Modoc_2022 Q2 Court,1190,Modoc,2022 Q2 Court,17,9,3,4,0,0,4,0,5,0,Modoc,,0,NA,NA,NA,0,,7,42.857143,57.142857,0.0,0.0
Modoc_2022 Q3 Court,1191,Modoc,2022 Q3 Court,42,14,5,7,0,0,7,0,2,1,Modoc,,0,NA,NA,NA,0,,12,41.666667,58.333333,0.0,0.0
Modoc_2022 Q4 Court,1192,Modoc,2022 Q4 Court,29,9,1,6,NA,NA,1,NA,3,NA,Modoc,,0,NA,NA,NA,0,,,,,,
Modoc_2023 Q1 Court,1193,Modoc,2023 Q1 Court,31,3,1,4,0,0,1,0,5,2,Modoc,Cynthia Campbell,0,NA,NA,NA,0,,5,20.0,80.0,0.0,0.0
Modoc_2023 Q2 Court,1194,Modoc,2023 Q2 Court,23,4,3,18,0,0,5,1,6,2,,,,,,,,,21,14.285714,85.714286,0.0,0.0
Modoc_2023 Q3 Court,1195,Modoc,2023 Q3 Court,29,5,2,11,0,1,8,0,5,1,,,,,,,,,14,14.285714,78.571429,7.142857,0.0
Modoc_2023 Q4 Court,1196,Modoc,2023 Q4 Court,35,8,7,1,0,0,2,0,4,1,,,,,,,,,8,87.5,12.5,0.0,0.0
Modoc_2024 Q1 Court,1197,Modoc,2024 Q1 Court,39,0,2,5,0,0,4,0,6,0,,,,,,,,,7,28.571429,71.428571,0.0,0.0
Modoc_2024 Q2 Court,1198,Modoc,2024 Q2 Court,35,4,5,8,1,0,8,0,2,2,,,,,,,,,14,35.714286,57.142857,0.0,7.142857
Modoc_2024 Q3 Court,1199,Modoc,2024 Q3 Court,44,4,2,8,0,0,11,0,2,2,,,,,,,,,10,20.0,80.0,0.0,0.0
Modoc_2024 Q4 Court,1200,Modoc,2024 Q4 Court,26,10,1,2,2,0,12,0,1,5,,,,,,,,,5,20.0,40.0,0.0,40.0
Mono_2013 Q1 Court,1201,Mono,2013 Q1 Court,36,2,1,2,9,3,0,1,0,NA,Modoc,,0,NA,NA,NA,0,,15,6.666667,13.333333,20.0,60.0
Mono_2013 Q2 Court,1202,Mono,2013 Q2 Court,42,2,1,8,1,1,1,0,0,NA,Modoc,,0,NA,NA,NA,0,,11,9.090909,72.727273,9.090909,9.090909
Mono_2013 Q3 Court,1203,Mono,2013 Q3 Court,44,1,3,18,1,2,31,0,0,1,Modoc,,0,NA,NA,NA,0,,24,12.5,75.0,8.333333,4.166667
Mono_2013 Q4 Court,1204,Mono,2013 Q4 Court,44,6,0,9,1,0,17,0,0,2,Modoc,,0,NA,NA,NA,0,,10,0.0,90.0,0.0,10.0
Mono_2014 Q1 Court,1205,Mono,2014 Q1 Court,58,3,1,12,3,1,11,0,1,1,Modoc,,0,NA,NA,0,0,,17,5.882353,70.588235,5.882353,17.647059
Mono_2014 Q2 Court,1206,Mono,2014 Q2 Court,30,3,6,15,2,0,12,0,0,0,Modoc,,0,NA,NA,0,0,,23,26.086957,65.217391,0.0,8.695652
Mono_2014 Q3 Court,1207,Mono,2014 Q3 Court,27,4,3,14,1,0,5,0,0,1,,,,,,,,,18,16.666667,77.777778,0.0,5.555556
Mono_2014 Q4 Court,1208,Mono,2014 Q4 Court,17,7,1,13,0,0,5,1,0,0,,,,,,,,,14,7.142857,92.857143,0.0,0.0
Mono_2015 Q1 Court,1209,Mono,2015 Q1 Court,21,2,3,8,4,1,9,1,0,1,Mono,Tim Kendall,0,1,1,0,0,,16,18.75,50.0,6.25,25.0
Mono_2015 Q2 Court,1210,Mono,2015 Q2 Court,16,2,4,2,1,1,8,0,1,0,Mono,Tim Kendall,0,1,1,0,0,,8,50.0,25.0,12.5,12.5
Mono_2015 Q3 Court,1211,Mono,2015 Q3 Court,18,1,1,9,3,1,8,0,0,0,Mono,Tim Kendall,0,1,1,0,0,,14,7.142857,64.285714,7.142857,21.428571
Mono_2015 Q4 Court,1212,Mono,2015 Q4 Court,30,2,0,4,0,1,7,1,0,0,Mono,Tim Kendall,0,1,1,0,0,,5,0.0,80.0,20.0,0.0
Mono_2016 Q1 Court,1213,Mono,2016 Q1 Court,34,1,3,5,2,0,3,0,2,1,Mono,Tim Kendall,0,1,1,0,0,,10,30.0,50.0,0.0,20.0
Mono_2016 Q2 Court,1214,Mono,2016 Q2 Court,25,1,1,5,2,0,2,1,3,2,Mono,Tim Kendall,0,1,1,0,0,,8,12.5,62.5,0.0,25.0
Mono_2016 Q3 Court,1215,Mono,2016 Q3 Court,19,2,3,4,2,0,2,0,2,2,Mono,Tim Kendall,0,1,1,0,0,,9,33.333333,44.444444,0.0,22.222222
Mono_2016 Q4 Court,1216,Mono,2016 Q4 Court,16,3,3,4,2,0,6,0,1,0,Mono,Tim Kendall,0,1,1,0,0,,9,33.333333,44.444444,0.0,22.222222
Mono_2017 Q1 Court,1217,Mono,2017 Q1 Court,21,4,3,4,2,1,5,0,0,0,Mono,Tim Kendall,0,1,1,0,0,,10,30.0,40.0,10.0,20.0
Mono_2017 Q2 Court,1218,Mono,2017 Q2 Court,24,4,0,4,1,1,1,0,0,2,Mono,Tim Kendall,0,1,1,0,0,,6,0.0,66.666667,16.666667,16.666667
Mono_2017 Q3 Court,1219,Mono,2017 Q3 Court,31,5,2,11,5,1,6,1,0,2,Mono,Tim Kendall,0,1,1,0,0,,19,10.526316,57.894737,5.263158,26.315789
Mono_2017 Q4 Court,1220,Mono,2017 Q4 Court,28,3,5,11,3,0,2,2,1,1,Mono,Tim Kendall,0,1,1,0,0,,19,26.315789,57.894737,0.0,15.789474
Mono_2018 Q1 Court,1221,Mono,2018 Q1 Court,19,0,2,8,1,0,5,1,0,1,Mono,Tim Kendall,0,1,1,0,0,,11,18.181818,72.727273,0.0,9.090909
Mono_2018 Q2 Court,1222,Mono,2018 Q2 Court,24,2,2,4,0,0,3,0,0,0,Mono,Tim Kendall,0,1,1,0,0,,6,33.333333,66.666667,0.0,0.0
Mono_2018 Q3 Court,1223,Mono,2018 Q3 Court,19,1,2,3,2,0,1,1,1,0,Mono,Tim Kendall,0,1,1,0,1,,7,28.571429,42.857143,0.0,28.571429
Mono_2018 Q4 Court,1224,Mono,2018 Q4 Court,14,3,2,0,3,0,0,1,1,0,Mono,Tim Kendall,0,1,1,0,1,,5,40.0,0.0,0.0,60.0
Mono_2019 Q1 Court,1225,Mono,2019 Q1 Court,23,5,1,5,0,0,1,0,0,1,Mono,Tim Kendall,0,0,NA,NA,0,,6,16.666667,83.333333,0.0,0.0
Mono_2019 Q2 Court,1226,Mono,2019 Q2 Court,25,4,4,9,0,0,4,0,0,0,Mono,Tim Kendall,0,0,NA,NA,0,,13,30.769231,69.230769,0.0,0.0
Mono_2019 Q3 Court,1227,Mono,2019 Q3 Court,18,3,1,5,0,0,6,0,0,0,Mono,Tim Kendall,0,0,NA,NA,0,,6,16.666667,83.333333,0.0,0.0
Mono_2019 Q4 Court,1228,Mono,2019 Q4 Court,26,1,1,7,1,0,4,0,0,1,Mono,Tim Kendall,0,0,NA,NA,0,,9,11.111111,77.777778,0.0,11.111111
Mono_2020 Q1 Court,1229,Mono,2020 Q1 Court,19,6,4,10,NA,NA,5,NA,NA,NA,Mono,Tim Kendall,0,0,NA,NA,0,,,,,,
Mono_2020 Q2 Court,1230,Mono,2020 Q2 Court,9,3,NA,NA,NA,NA,3,NA,NA,NA,Mono,Tim Kendall,0,0,NA,NA,0,,,,,,
Mono_2020 Q3 Court,1231,Mono,2020 Q3 Court,25,4,2,2,1,0,4,0,0,0,Mono,Tim Kendall,0,0,NA,NA,0,,5,40.0,40.0,0.0,20.0
Mono_2020 Q4 Court,1232,Mono,2020 Q4 Court,17,0,4,6,0,0,4,0,0,0,Mono,Tim Kendall,0,0,NA,NA,0,,10,40.0,60.0,0.0,0.0
Mono_2021 Q1 Court,1233,Mono,2021 Q1 Court,26,1,3,2,0,0,5,0,0,0,Mono,Tim Kendall,0,0,NA,NA,0,,5,60.0,40.0,0.0,0.0
Mono_2021 Q2 Court,1234,Mono,2021 Q2 Court,23,1,2,4,0,0,1,0,0,0,Mono,Tim Kendall,0,0,NA,NA,0,,6,33.333333,66.666667,0.0,0.0
Mono_2021 Q3 Court,1235,Mono,2021 Q3 Court,22,1,1,3,0,0,4,0,0,0,Mono,Tim Kendall,0,0,NA,NA,0,,4,25.0,75.0,0.0,0.0
Mono_2021 Q4 Court,1236,Mono,2021 Q4 Court,21,2,0,4,0,0,3,0,0,1,Mono,Tim Kendall,0,0,NA,NA,0,,4,0.0,100.0,0.0,0.0
Mono_2022 Q1 Court,1237,Mono,2022 Q1 Court,19,0,2,7,0,0,2,0,0,0,Mono,Tim Kendall,0,0,NA,0,0,,9,22.222222,77.777778,0.0,0.0
Mono_2022 Q2 Court,1238,Mono,2022 Q2 Court,19,NA,2,5,NA,NA,3,NA,NA,NA,Mono,Tim Kendall,0,0,NA,0,0,,,,,,
Mono_2022 Q3 Court,1239,Mono,2022 Q3 Court,26,3,0,5,0,0,2,0,0,0,Mono,Tim Kendall,0,0,NA,0,1,,5,0.0,100.0,0.0,0.0
Mono_2022 Q4 Court,1240,Mono,2022 Q4 Court,27,NA,NA,4,NA,1,1,2,NA,NA,Mono,Tim Kendall,0,0,NA,0,1,,,,,,
Mono_2023 Q1 Court,1241,Mono,2023 Q1 Court,19,3,0,5,0,0,0,0,0,0,Mono,David Anderson,0,NA,NA,NA,0,,5,0.0,100.0,0.0,0.0
Mono_2023 Q2 Court,1242,Mono,2023 Q2 Court,27,4,1,12,0,1,7,1,1,0,,,,,,,,,14,7.142857,85.714286,7.142857,0.0
Mono_2023 Q3 Court,1243,Mono,2023 Q3 Court,27,5,1,10,0,0,6,2,0,0,,,,,,,,,11,9.090909,90.909091,0.0,0.0
Mono_2023 Q4 Court,1244,Mono,2023 Q4 Court,22,5,2,14,0,0,8,0,0,1,,,,,,,,,16,12.5,87.5,0.0,0.0
Mono_2024 Q1 Court,1245,Mono,2024 Q1 Court,25,3,4,11,0,0,6,1,1,0,,,,,,,,,15,26.666667,73.333333,0.0,0.0
Mono_2024 Q2 Court,1246,Mono,2024 Q2 Court,14,0,2,5,0,0,5,0,0,0,,,,,,,,,7,28.571429,71.428571,0.0,0.0
Mono_2024 Q3 Court,1247,Mono,2024 Q3 Court,19,0,5,2,1,0,8,0,0,0,,,,,,,,,8,62.5,25.0,0.0,12.5
Mono_2024 Q4 Court,1248,Mono,2024 Q4 Court,24,0,1,2,0,0,6,0,1,0,,,,,,,,,3,33.333333,66.666667,0.0,0.0
Monterey_2013 Q1 Court,1249,Monterey,2013 Q1 Court,845,170,118,372,53,4,551,3,27,0,Monterey,Dean Flippo,0,1,1,0,0,,547,21.572212,68.007313,0.731261,9.689214
Monterey_2013 Q2 Court,1250,Monterey,2013 Q2 Court,864,181,157,320,71,8,572,2,23,NA,Monterey,Dean Flippo,0,1,1,0,0,,556,28.23741,57.553957,1.438849,12.769784
Monterey_2013 Q3 Court,1251,Monterey,2013 Q3 Court,846,150,120,299,40,15,502,7,20,43,Monterey,Dean Flippo,0,1,1,0,0,,474,25.316456,63.080169,3.164557,8.438819
Monterey_2013 Q4 Court,1252,Monterey,2013 Q4 Court,789,139,102,297,31,31,491,9,19,28,Monterey,Dean Flippo,0,1,1,0,0,,461,22.125813,64.425163,6.724512,6.724512
Monterey_2014 Q1 Court,1253,Monterey,2014 Q1 Court,868,148,123,267,27,21,453,17,24,44,Monterey,Dean Flippo,0,1,1,0,0,,438,28.082192,60.958904,4.794521,6.164384
Monterey_2014 Q2 Court,1254,Monterey,2014 Q2 Court,975,237,136,353,32,34,607,42,24,39,Monterey,Dean Flippo,0,1,1,0,0,,555,24.504505,63.603604,6.126126,5.765766
Monterey_2014 Q3 Court,1255,Monterey,2014 Q3 Court,1013,219,132,360,38,46,648,20,29,35,Monterey,Dean Flippo,0,1,1,0,1,,576,22.916667,62.5,7.986111,6.597222
Monterey_2014 Q4 Court,1256,Monterey,2014 Q4 Court,746,177,82,213,24,11,419,50,28,45,Monterey,Dean Flippo,0,1,1,0,1,,330,24.848485,64.545455,3.333333,7.272727
Monterey_2015 Q1 Court,1257,Monterey,2015 Q1 Court,558,171,120,140,12,14,429,22,27,34,Monterey,Dean Flippo,0,0,NA,NA,0,,286,41.958042,48.951049,4.895105,4.195804
Monterey_2015 Q2 Court,1258,Monterey,2015 Q2 Court,678,141,134,149,14,2,373,24,19,32,Monterey,Dean Flippo,0,0,NA,NA,0,,299,44.816054,49.832776,0.668896,4.682274
Monterey_2015 Q3 Court,1259,Monterey,2015 Q3 Court,647,114,118,135,23,25,356,42,23,36,Monterey,Dean Flippo,0,0,NA,NA,0,,301,39.202658,44.850498,8.305648,7.641196
Monterey_2015 Q4 Court,1260,Monterey,2015 Q4 Court,640,128,136,178,35,19,344,27,18,32,Monterey,Dean Flippo,0,0,NA,NA,0,,368,36.956522,48.369565,5.163043,9.51087
Monterey_2016 Q1 Court,1261,Monterey,2016 Q1 Court,583,122,165,129,31,16,378,36,22,19,Monterey,Dean Flippo,0,0,NA,NA,0,,341,48.387097,37.829912,4.692082,9.090909
Monterey_2016 Q2 Court,1262,Monterey,2016 Q2 Court,641,114,131,193,23,27,324,29,16,33,Monterey,Dean Flippo,0,0,NA,NA,0,,374,35.026738,51.604278,7.219251,6.149733
Monterey_2016 Q3 Court,1263,Monterey,2016 Q3 Court,640,86,150,153,12,12,334,26,22,31,Monterey,Dean Flippo,0,0,NA,NA,0,,327,45.87156,46.788991,3.669725,3.669725
Monterey_2016 Q4 Court,1264,Monterey,2016 Q4 Court,586,77,122,156,17,15,351,32,15,14,Monterey,Dean Flippo,0,0,NA,NA,0,,310,39.354839,50.322581,4.83871,5.483871
Monterey_2017 Q1 Court,1265,Monterey,2017 Q1 Court,616,107,128,154,17,13,320,26,28,18,Monterey,Dean Flippo,0,0,NA,NA,0,,312,41.025641,49.358974,4.166667,5.448718
Monterey_2017 Q2 Court,1266,Monterey,2017 Q2 Court,556,77,140,107,12,20,387,20,32,19,Monterey,Dean Flippo,0,0,NA,NA,0,,279,50.179211,38.351254,7.168459,4.301075
Monterey_2017 Q3 Court,1267,Monterey,2017 Q3 Court,584,130,151,174,15,21,367,6,15,19,Monterey,Dean Flippo,0,0,NA,NA,0,,361,41.828255,48.199446,5.817175,4.155125
Monterey_2017 Q4 Court,1268,Monterey,2017 Q4 Court,593,200,151,165,20,18,318,0,21,21,Monterey,Dean Flippo,0,0,NA,NA,0,,354,42.655367,46.610169,5.084746,5.649718
Monterey_2018 Q1 Court,1269,Monterey,2018 Q1 Court,690,256,153,129,14,23,351,0,16,30,Monterey,Dean Flippo,0,0,NA,0,0,,319,47.962382,40.438871,7.210031,4.388715
Monterey_2018 Q2 Court,1270,Monterey,2018 Q2 Court,683,211,157,174,26,30,313,0,19,29,Monterey,Dean Flippo,0,0,NA,0,0,,387,40.568475,44.96124,7.751938,6.718346
Monterey_2018 Q3 Court,1271,Monterey,2018 Q3 Court,679,192,140,155,17,11,324,5,28,17,Monterey,Dean Flippo,0,0,NA,0,1,,323,43.343653,47.987616,3.405573,5.263158
Monterey_2018 Q4 Court,1272,Monterey,2018 Q4 Court,654,261,134,168,18,23,331,1,27,20,Monterey,Dean Flippo,0,0,NA,0,1,,343,39.067055,48.979592,6.705539,5.247813
Monterey_2019 Q1 Court,1273,Monterey,2019 Q1 Court,625,217,118,134,14,18,350,16,22,22,Monterey,Jeannine Pacioni,1,1,1,0,0,,284,41.549296,47.183099,6.338028,4.929577
Monterey_2019 Q2 Court,1274,Monterey,2019 Q2 Court,612,203,139,154,22,24,316,11,21,34,Monterey,Jeannine Pacioni,1,1,1,0,0,,339,41.00295,45.427729,7.079646,6.489676
Monterey_2019 Q3 Court,1275,Monterey,2019 Q3 Court,657,235,113,122,20,15,313,40,30,28,Monterey,Jeannine Pacioni,1,1,1,0,0,,270,41.851852,45.185185,5.555556,7.407407
Monterey_2019 Q4 Court,1276,Monterey,2019 Q4 Court,621,189,142,138,16,27,286,26,20,24,Monterey,Jeannine Pacioni,1,1,1,0,0,,323,43.962848,42.724458,8.359133,4.95356
Monterey_2020 Q1 Court,1277,Monterey,2020 Q1 Court,554,186,142,146,18,17,255,19,22,20,Monterey,Jeannine Pacioni,1,1,1,0,0,,323,43.962848,45.201238,5.263158,5.572755
Monterey_2020 Q2 Court,1278,Monterey,2020 Q2 Court,504,182,70,83,11,17,218,32,39,19,Monterey,Jeannine Pacioni,1,1,1,0,0,,181,38.674033,45.856354,9.392265,6.077348
Monterey_2020 Q3 Court,1279,Monterey,2020 Q3 Court,633,334,88,113,9,11,284,37,43,11,Monterey,Jeannine Pacioni,1,1,1,0,0,,221,39.819005,51.131222,4.977376,4.072398
Monterey_2020 Q4 Court,1280,Monterey,2020 Q4 Court,576,295,118,126,15,16,218,36,44,11,Monterey,Jeannine Pacioni,1,1,1,0,0,,275,42.909091,45.818182,5.818182,5.454545
Monterey_2021 Q1 Court,1281,Monterey,2021 Q1 Court,546,273,117,178,21,21,230,21,46,16,Monterey,Jeannine Pacioni,1,1,1,0,0,,337,34.718101,52.818991,6.231454,6.231454
Monterey_2021 Q2 Court,1282,Monterey,2021 Q2 Court,651,329,137,130,23,17,188,15,27,22,Monterey,Jeannine Pacioni,1,1,1,0,0,,307,44.625407,42.345277,5.537459,7.491857
Monterey_2021 Q3 Court,1283,Monterey,2021 Q3 Court,716,147,186,160,25,5,192,29,30,13,Monterey,Jeannine Pacioni,1,1,1,0,0,,376,49.468085,42.553191,1.329787,6.648936
Monterey_2021 Q4 Court,1284,Monterey,2021 Q4 Court,609,184,199,150,30,11,181,19,37,9,Monterey,Jeannine Pacioni,1,1,1,0,0,,390,51.025641,38.461538,2.820513,7.692308
Monterey_2022 Q1 Court,1285,Monterey,2022 Q1 Court,615,239,152,165,27,15,203,32,30,19,Monterey,Jeannine Pacioni,1,1,1,0,0,,359,42.339833,45.961003,4.178273,7.520891
Monterey_2022 Q2 Court,1286,Monterey,2022 Q2 Court,604,226,174,167,30,12,207,27,52,15,Monterey,Jeannine Pacioni,1,1,1,0,0,,383,45.430809,43.603133,3.133159,7.832898
Monterey_2022 Q3 Court,1287,Monterey,2022 Q3 Court,658,179,194,146,28,12,190,17,29,26,Monterey,Jeannine Pacioni,1,1,1,0,1,,380,51.052632,38.421053,3.157895,7.368421
Monterey_2022 Q4 Court,1288,Monterey,2022 Q4 Court,595,172,127,143,26,11,176,19,38,20,Monterey,Jeannine Pacioni,1,1,1,0,1,,307,41.368078,46.579805,3.583062,8.469055
Monterey_2023 Q1 Court,1289,Monterey,2023 Q1 Court,667,203,176,140,39,12,221,18,26,21,Monterey,Jeannine Pacioni,1,NA,NA,NA,0,,367,47.956403,38.147139,3.269755,10.626703
Monterey_2023 Q2 Court,1290,Monterey,2023 Q2 Court,652,205,159,160,30,12,228,23,35,26,,,,,,,,,361,44.044321,44.32133,3.3241,8.310249
Monterey_2023 Q3 Court,1291,Monterey,2023 Q3 Court,633,183,168,173,22,12,222,8,37,13,,,,,,,,,375,44.8,46.133333,3.2,5.866667
Monterey_2023 Q4 Court,1292,Monterey,2023 Q4 Court,537,229,162,155,18,15,226,5,33,21,,,,,,,,,350,46.285714,44.285714,4.285714,5.142857
Monterey_2024 Q1 Court,1293,Monterey,2024 Q1 Court,586,166,150,166,29,20,183,16,34,20,,,,,,,,,365,41.09589,45.479452,5.479452,7.945205
Monterey_2024 Q2 Court,1294,Monterey,2024 Q2 Court,549,149,148,195,18,21,185,2,30,22,,,,,,,,,382,38.743455,51.04712,5.497382,4.712042
Monterey_2024 Q3 Court,1295,Monterey,2024 Q3 Court,549,188,166,180,26,3,188,14,28,27,,,,,,,,,375,44.266667,48.0,0.8,6.933333
Monterey_2024 Q4 Court,1296,Monterey,2024 Q4 Court,448,171,150,155,29,16,183,21,26,20,,,,,,,,,350,42.857143,44.285714,4.571429,8.285714
Napa_2013 Q1 Court,1297,Napa,2013 Q1 Court,293,59,28,88,2,17,183,6,4,NA,Napa,,0,NA,NA,NA,0,,135,20.740741,65.185185,12.592593,1.481481
Napa_2013 Q2 Court,1298,Napa,2013 Q2 Court,286,52,27,73,2,17,173,9,8,NA,Napa,,0,NA,NA,NA,0,,119,22.689076,61.344538,14.285714,1.680672
Napa_2013 Q3 Court,1299,Napa,2013 Q3 Court,315,68,21,107,8,6,179,12,8,3,Napa,,0,NA,NA,NA,0,,142,14.788732,75.352113,4.225352,5.633803
Napa_2013 Q4 Court,1300,Napa,2013 Q4 Court,350,83,45,110,1,17,177,6,4,10,Napa,,0,NA,NA,NA,0,,173,26.011561,63.583815,9.82659,0.578035
Napa_2014 Q1 Court,1301,Napa,2014 Q1 Court,385,227,15,176,2,9,205,7,4,13,Napa,,0,NA,NA,NA,0,,202,7.425743,87.128713,4.455446,0.990099
Napa_2014 Q2 Court,1302,Napa,2014 Q2 Court,389,103,18,154,4,19,225,15,8,7,Napa,,0,NA,NA,NA,0,,195,9.230769,78.974359,9.74359,2.051282
Napa_2014 Q3 Court,1303,Napa,2014 Q3 Court,344,119,16,129,1,24,204,9,9,12,Napa,,0,NA,NA,NA,0,,170,9.411765,75.882353,14.117647,0.588235
Napa_2014 Q4 Court,1304,Napa,2014 Q4 Court,240,113,16,64,1,6,209,14,9,6,Napa,,0,NA,NA,NA,0,,87,18.390805,73.563218,6.896552,1.149425
Napa_2015 Q1 Court,1305,Napa,2015 Q1 Court,246,59,26,65,2,16,230,18,9,4,Napa,,0,NA,NA,NA,0,,109,23.853211,59.633028,14.678899,1.834862
Napa_2015 Q2 Court,1306,Napa,2015 Q2 Court,255,50,26,74,4,9,199,21,17,6,Napa,,0,NA,NA,NA,0,,113,23.00885,65.486726,7.964602,3.539823
Napa_2015 Q3 Court,1307,Napa,2015 Q3 Court,223,56,19,64,1,8,168,18,14,5,Napa,,0,NA,NA,NA,0,,92,20.652174,69.565217,8.695652,1.086957
Napa_2015 Q4 Court,1308,Napa,2015 Q4 Court,235,51,32,69,7,8,195,31,10,4,Napa,,0,NA,NA,NA,0,,116,27.586207,59.482759,6.896552,6.034483
Napa_2016 Q1 Court,1309,Napa,2016 Q1 Court,233,52,41,43,1,9,186,13,13,7,Napa,Allison Haley,0,1,1,0,0,Haley was appointed in 2016 by the Board of Supervisors ,94,43.617021,45.744681,9.574468,1.06383
Napa_2016 Q2 Court,1310,Napa,2016 Q2 Court,237,52,33,54,2,14,190,14,12,6,Napa,Allison Haley,0,1,1,0,0,,103,32.038835,52.427184,13.592233,1.941748
Napa_2016 Q3 Court,1311,Napa,2016 Q3 Court,220,55,18,95,3,5,159,16,14,5,Napa,Allison Haley,0,1,1,0,0,,121,14.876033,78.512397,4.132231,2.479339
Napa_2016 Q4 Court,1312,Napa,2016 Q4 Court,194,52,33,40,3,8,196,14,15,4,Napa,Allison Haley,0,1,1,0,0,,84,39.285714,47.619048,9.52381,3.571429
Napa_2017 Q1 Court,1313,Napa,2017 Q1 Court,218,46,43,54,1,4,182,19,13,4,Napa,Allison Haley,0,1,1,0,0,,102,42.156863,52.941176,3.921569,0.980392
Napa_2017 Q2 Court,1314,Napa,2017 Q2 Court,254,55,30,45,1,7,169,20,12,6,Napa,Allison Haley,0,1,1,0,0,,83,36.144578,54.216867,8.433735,1.204819
Napa_2017 Q3 Court,1315,Napa,2017 Q3 Court,215,53,39,61,1,2,107,14,14,12,Napa,Allison Haley,0,1,1,0,0,,103,37.864078,59.223301,1.941748,0.970874
Napa_2017 Q4 Court,1316,Napa,2017 Q4 Court,248,45,41,45,2,3,114,10,9,12,Napa,Allison Haley,0,1,1,0,0,,91,45.054945,49.450549,3.296703,2.197802
Napa_2018 Q1 Court,1317,Napa,2018 Q1 Court,217,54,43,50,1,1,198,20,11,21,Napa,Allison Haley,0,1,1,0,0,,95,45.263158,52.631579,1.052632,1.052632
Napa_2018 Q2 Court,1318,Napa,2018 Q2 Court,224,55,55,49,1,2,179,10,11,10,Napa,Allison Haley,0,1,1,0,0,,107,51.401869,45.794393,1.869159,0.934579
Napa_2018 Q3 Court,1319,Napa,2018 Q3 Court,240,52,56,51,2,3,177,10,11,11,Napa,Allison Haley,0,1,1,0,1,,112,50.0,45.535714,2.678571,1.785714
Napa_2018 Q4 Court,1320,Napa,2018 Q4 Court,210,54,40,NA,3,2,194,7,18,7,Napa,Allison Haley,0,1,1,0,1,,,,,,
Napa_2019 Q1 Court,1321,Napa,2019 Q1 Court,183,53,49,58,3,6,177,15,15,17,Napa,Allison Haley,0,1,1,0,0,,116,42.241379,50.0,5.172414,2.586207
Napa_2019 Q2 Court,1322,Napa,2019 Q2 Court,224,50,56,150,2,1,186,14,20,15,Napa,Allison Haley,0,1,1,0,0,,209,26.794258,71.770335,0.478469,0.956938
Napa_2019 Q3 Court,1323,Napa,2019 Q3 Court,230,46,64,137,4,1,184,16,32,17,Napa,Allison Haley,0,1,1,0,0,,206,31.067961,66.504854,0.485437,1.941748
Napa_2019 Q4 Court,1324,Napa,2019 Q4 Court,210,NA,NA,NA,NA,NA,183,14,NA,NA,Napa,Allison Haley,0,1,1,0,0,,,,,,
Napa_2020 Q1 Court,1325,Napa,2020 Q1 Court,184,NA,NA,NA,NA,NA,156,13,17,13,Napa,Allison Haley,0,1,1,0,0,,,,,,
Napa_2020 Q2 Court,1326,Napa,2020 Q2 Court,176,NA,1,NA,NA,1,128,13,7,1,Napa,Allison Haley,0,1,1,0,0,,,,,,
Napa_2020 Q3 Court,1327,Napa,2020 Q3 Court,209,NA,NA,NA,NA,NA,168,11,13,5,Napa,Allison Haley,0,1,1,0,0,,,,,,
Napa_2020 Q4 Court,1328,Napa,2020 Q4 Court,249,NA,NA,NA,1,NA,123,7,14,1,Napa,Allison Haley,0,1,1,0,0,,,,,,
Napa_2021 Q1 Court,1329,Napa,2021 Q1 Court,229,NA,NA,NA,NA,NA,156,15,18,5,Napa,Allison Haley,0,1,1,0,0,,,,,,
Napa_2021 Q2 Court,1330,Napa,2021 Q2 Court,198,NA,1,NA,NA,NA,120,8,14,6,Napa,Allison Haley,0,1,1,0,0,,,,,,
Napa_2021 Q3 Court,1331,Napa,2021 Q3 Court,206,NA,NA,NA,NA,NA,160,6,16,10,Napa,Allison Haley,0,1,1,0,0,,,,,,
Napa_2021 Q4 Court,1332,Napa,2021 Q4 Court,191,0,0,0,0,0,132,15,5,1,Napa,Allison Haley,0,1,1,0,0,,,,,,
Napa_2022 Q1 Court,1333,Napa,2022 Q1 Court,184,NA,1,NA,NA,NA,131,12,18,11,Napa,Allison Haley,0,1,1,0,0,,,,,,
Napa_2022 Q2 Court,1334,Napa,2022 Q2 Court,142,0,1,0,0,0,116,11,18,9,Napa,Allison Haley,0,1,1,0,0,,1,100.0,0.0,0.0,0.0
Napa_2022 Q3 Court,1335,Napa,2022 Q3 Court,210,0,1,NA,NA,0,152,17,20,18,Napa,Allison Haley,0,1,1,0,1,,,,,,
Napa_2022 Q4 Court,1336,Napa,2022 Q4 Court,165,0,0,0,0,0,150,16,23,12,Napa,Allison Haley,0,1,1,0,1,,,,,,
Napa_2023 Q1 Court,1337,Napa,2023 Q1 Court,220,NA,NA,NA,NA,NA,138,21,26,13,Napa,Allison Haley,0,NA,NA,NA,0,,,,,,
Napa_2023 Q2 Court,1338,Napa,2023 Q2 Court,202,0,1,NA,NA,NA,120,10,23,11,,,,,,,,,,,,,
Napa_2023 Q3 Court,1339,Napa,2023 Q3 Court,182,NA,0,NA,NA,NA,145,15,37,18,,,,,,,,,,,,,
Napa_2023 Q4 Court,1340,Napa,2023 Q4 Court,192,NA,NA,NA,NA,NA,128,7,25,9,,,,,,,,,,,,,
Napa_2024 Q1 Court,1341,Napa,2024 Q1 Court,160,NA,NA,NA,NA,NA,128,8,23,10,,,,,,,,,,,,,
Napa_2024 Q2 Court,1342,Napa,2024 Q2 Court,205,NA,NA,2,NA,NA,103,9,31,19,,,,,,,,,,,,,
Napa_2024 Q3 Court,1343,Napa,2024 Q3 Court,173,NA,NA,2,NA,NA,135,15,35,19,,,,,,,,,,,,,
Napa_2024 Q4 Court,1344,Napa,2024 Q4 Court,193,0,1,0,0,0,110,19,30,11,,,,,,,,,1,100.0,0.0,0.0,0.0
Nevada_2013 Q1 Court,1345,Nevada,2013 Q1 Court,176,NA,NA,NA,NA,NA,NA,NA,NA,NA,Nevada,Clifford H. Newell,0,1,1,1,0,https://www.nevadacountyca.gov/3695/2013---2016-Historical-Election-Results,,,,,
Nevada_2013 Q2 Court,1346,Nevada,2013 Q2 Court,107,26,12,29,4,4,31,2,8,0,Nevada,Clifford H. Newell,0,1,1,1,0,,49,24.489796,59.183673,8.163265,8.163265
Nevada_2013 Q3 Court,1347,Nevada,2013 Q3 Court,134,24,10,21,0,2,113,3,18,2,Nevada,Clifford H. Newell,0,1,1,1,0,,33,30.30303,63.636364,6.060606,0.0
Nevada_2013 Q4 Court,1348,Nevada,2013 Q4 Court,171,16,12,26,0,4,28,5,27,5,Nevada,Clifford H. Newell,0,1,1,1,0,,42,28.571429,61.904762,9.52381,0.0
Nevada_2014 Q1 Court,1349,Nevada,2014 Q1 Court,155,16,21,20,4,3,23,4,3,3,Nevada,Clifford H. Newell,0,1,1,1,0,,48,43.75,41.666667,6.25,8.333333
Nevada_2014 Q2 Court,1350,Nevada,2014 Q2 Court,162,22,13,23,3,0,35,6,8,3,Nevada,Clifford H. Newell,0,1,1,1,0,,39,33.333333,58.974359,0.0,7.692308
Nevada_2014 Q3 Court,1351,Nevada,2014 Q3 Court,165,54,18,56,7,6,60,7,9,6,Nevada,Clifford H. Newell,0,1,1,1,1,,87,20.689655,64.367816,6.896552,8.045977
Nevada_2014 Q4 Court,1352,Nevada,2014 Q4 Court,144,32,13,55,1,1,71,8,12,2,Nevada,Clifford H. Newell,0,1,1,1,1,,70,18.571429,78.571429,1.428571,1.428571
Nevada_2015 Q1 Court,1353,Nevada,2015 Q1 Court,115,19,6,23,1,5,65,10,10,5,Nevada,Clifford H. Newell,0,1,1,1,0,,35,17.142857,65.714286,14.285714,2.857143
Nevada_2015 Q2 Court,1354,Nevada,2015 Q2 Court,127,12,11,34,0,4,57,8,8,5,Nevada,Clifford H. Newell,0,1,1,1,0,,49,22.44898,69.387755,8.163265,0.0
Nevada_2015 Q3 Court,1355,Nevada,2015 Q3 Court,129,9,7,49,0,5,61,4,11,0,Nevada,Clifford H. Newell,0,1,1,1,0,,61,11.47541,80.327869,8.196721,0.0
Nevada_2015 Q4 Court,1356,Nevada,2015 Q4 Court,160,19,11,43,1,5,50,6,0,0,Nevada,Clifford H. Newell,0,1,1,1,0,,60,18.333333,71.666667,8.333333,1.666667
Nevada_2016 Q1 Court,1357,Nevada,2016 Q1 Court,147,15,9,18,4,6,37,5,1,1,Nevada,Clifford H. Newell,0,1,1,1,0,,37,24.324324,48.648649,16.216216,10.810811
Nevada_2016 Q2 Court,1358,Nevada,2016 Q2 Court,153,18,7,56,3,4,46,4,4,0,Nevada,Clifford H. Newell,0,1,1,1,0,,70,10.0,80.0,5.714286,4.285714
Nevada_2016 Q3 Court,1359,Nevada,2016 Q3 Court,139,19,10,55,0,7,42,2,2,0,Nevada,Clifford H. Newell,0,1,1,1,0,,72,13.888889,76.388889,9.722222,0.0
Nevada_2016 Q4 Court,1360,Nevada,2016 Q4 Court,113,12,13,61,1,4,46,7,3,1,Nevada,Clifford H. Newell,0,1,1,1,0,,79,16.455696,77.21519,5.063291,1.265823
Nevada_2017 Q1 Court,1361,Nevada,2017 Q1 Court,117,21,7,66,0,3,51,3,3,1,Nevada,Clifford H. Newell,0,1,1,1,0,,76,9.210526,86.842105,3.947368,0.0
Nevada_2017 Q2 Court,1362,Nevada,2017 Q2 Court,171,19,4,60,3,4,42,4,5,0,Nevada,Clifford H. Newell,0,1,1,1,0,,71,5.633803,84.507042,5.633803,4.225352
Nevada_2017 Q3 Court,1363,Nevada,2017 Q3 Court,141,12,7,47,0,8,33,3,2,0,Nevada,Clifford H. Newell,0,1,1,1,0,,62,11.290323,75.806452,12.903226,0.0
Nevada_2017 Q4 Court,1364,Nevada,2017 Q4 Court,112,20,6,42,1,6,26,5,0,1,Nevada,Clifford H. Newell,0,1,1,1,0,,55,10.909091,76.363636,10.909091,1.818182
Nevada_2018 Q1 Court,1365,Nevada,2018 Q1 Court,111,16,11,45,0,2,23,3,3,1,Nevada,Clifford H. Newell,0,1,1,1,0,,58,18.965517,77.586207,3.448276,0.0
Nevada_2018 Q2 Court,1366,Nevada,2018 Q2 Court,114,11,14,52,2,8,33,3,2,0,Nevada,Clifford H. Newell,0,1,1,1,0,,76,18.421053,68.421053,10.526316,2.631579
Nevada_2018 Q3 Court,1367,Nevada,2018 Q3 Court,98,6,16,12,1,4,10,4,4,0,Nevada,Clifford H. Newell,0,1,1,1,1,,33,48.484848,36.363636,12.121212,3.030303
Nevada_2018 Q4 Court,1368,Nevada,2018 Q4 Court,106,13,11,24,1,8,36,5,6,1,Nevada,Clifford H. Newell,0,1,1,1,1,,44,25.0,54.545455,18.181818,2.272727
Nevada_2019 Q1 Court,1369,Nevada,2019 Q1 Court,92,6,14,16,2,9,29,8,7,0,Nevada,Clifford H. Newell,0,0,NA,NA,0,,41,34.146341,39.02439,21.95122,4.878049
Nevada_2019 Q2 Court,1370,Nevada,2019 Q2 Court,130,12,19,20,0,9,37,5,3,0,Nevada,Clifford H. Newell,0,0,NA,NA,0,,48,39.583333,41.666667,18.75,0.0
Nevada_2019 Q3 Court,1371,Nevada,2019 Q3 Court,187,9,7,33,2,9,63,12,5,0,Nevada,Clifford H. Newell,0,0,NA,NA,0,,51,13.72549,64.705882,17.647059,3.921569
Nevada_2019 Q4 Court,1372,Nevada,2019 Q4 Court,155,8,11,39,0,8,64,11,3,2,Nevada,Clifford H. Newell,0,0,NA,NA,0,,58,18.965517,67.241379,13.793103,0.0
Nevada_2020 Q1 Court,1373,Nevada,2020 Q1 Court,110,5,17,22,1,5,41,8,2,1,Nevada,Clifford H. Newell,0,0,NA,NA,0,,45,37.777778,48.888889,11.111111,2.222222
Nevada_2020 Q2 Court,1374,Nevada,2020 Q2 Court,139,7,9,32,1,7,43,5,0,1,Nevada,Clifford H. Newell,0,0,NA,NA,0,,49,18.367347,65.306122,14.285714,2.040816
Nevada_2020 Q3 Court,1375,Nevada,2020 Q3 Court,139,9,10,30,1,4,46,3,2,0,Nevada,Clifford H. Newell,0,0,NA,NA,0,,45,22.222222,66.666667,8.888889,2.222222
Nevada_2020 Q4 Court,1376,Nevada,2020 Q4 Court,106,4,20,30,3,6,39,6,1,0,Nevada,Clifford H. Newell,0,0,NA,NA,0,,59,33.898305,50.847458,10.169492,5.084746
Nevada_2021 Q1 Court,1377,Nevada,2021 Q1 Court,117,1,19,25,3,5,25,2,1,0,Nevada,Clifford H. Newell,0,0,NA,NA,0,,52,36.538462,48.076923,9.615385,5.769231
Nevada_2021 Q2 Court,1378,Nevada,2021 Q2 Court,102,28,14,25,0,1,26,0,1,0,Nevada,Clifford H. Newell,0,0,NA,NA,0,,40,35.0,62.5,2.5,0.0
Nevada_2021 Q3 Court,1379,Nevada,2021 Q3 Court,128,2,10,33,0,9,39,5,3,0,Nevada,Clifford H. Newell,0,0,NA,NA,0,,52,19.230769,63.461538,17.307692,0.0
Nevada_2021 Q4 Court,1380,Nevada,2021 Q4 Court,94,1,25,21,2,8,34,11,6,0,Nevada,Clifford H. Newell,0,0,NA,NA,0,,56,44.642857,37.5,14.285714,3.571429
Nevada_2022 Q1 Court,1381,Nevada,2022 Q1 Court,105,3,16,20,2,2,30,3,2,0,Nevada,Clifford H. Newell,0,0,NA,0,0,,40,40.0,50.0,5.0,5.0
Nevada_2022 Q2 Court,1382,Nevada,2022 Q2 Court,81,0,2,16,0,1,29,2,8,0,Nevada,Clifford H. Newell,0,0,NA,0,0,,19,10.526316,84.210526,5.263158,0.0
Nevada_2022 Q3 Court,1383,Nevada,2022 Q3 Court,61,58,11,32,5,2,19,2,12,0,Nevada,Clifford H. Newell,0,0,NA,0,1,,50,22.0,64.0,4.0,10.0
Nevada_2022 Q4 Court,1384,Nevada,2022 Q4 Court,63,59,6,21,7,4,23,1,4,1,Nevada,Clifford H. Newell,0,0,NA,0,1,,38,15.789474,55.263158,10.526316,18.421053
Nevada_2023 Q1 Court,1385,Nevada,2023 Q1 Court,61,0,8,27,0,2,22,0,14,0,,,,,,,,,37,21.621622,72.972973,5.405405,0.0
Nevada_2023 Q2 Court,1386,Nevada,2023 Q2 Court,84,0,5,24,1,0,13,3,15,0,,,,,,,,,30,16.666667,80.0,0.0,3.333333
Nevada_2023 Q3 Court,1387,Nevada,2023 Q3 Court,90,NA,7,28,0,0,25,1,11,2,,,,,,,,,35,20.0,80.0,0.0,0.0
Nevada_2023 Q4 Court,1388,Nevada,2023 Q4 Court,103,0,7,26,0,1,24,2,12,0,,,,,,,,,34,20.588235,76.470588,2.941176,0.0
Nevada_2024 Q1 Court,1389,Nevada,2024 Q1 Court,93,46,7,39,2,2,27,2,13,4,,,,,,,,,50,14.0,78.0,4.0,4.0
Nevada_2024 Q2 Court,1390,Nevada,2024 Q2 Court,121,26,12,32,7,1,27,1,8,3,,,,,,,,,52,23.076923,61.538462,1.923077,13.461538
Nevada_2024 Q3 Court,1391,Nevada,2024 Q3 Court,136,45,16,21,3,1,27,4,8,4,,,,,,,,,41,39.02439,51.219512,2.439024,7.317073
Nevada_2024 Q4 Court,1392,Nevada,2024 Q4 Court,128,40,13,23,1,1,27,1,10,1,,,,,,,,,38,34.210526,60.526316,2.631579,2.631579
Orange_2013 Q1 Court,1393,Orange,2013 Q1 Court,4702,274,624,2021,144,230,1747,131,395,NA,Orange,Tony Rackauckas,0,1,1,1,0,https://ocvote.gov/data/election-results-archives,3019,20.669096,66.942696,7.618417,4.769791
Orange_2013 Q2 Court,1394,Orange,2013 Q2 Court,4921,240,608,2119,196,264,2864,216,345,NA,Orange,Tony Rackauckas,0,1,1,1,0,,3187,19.077502,66.488861,8.283652,6.149984
Orange_2013 Q3 Court,1395,Orange,2013 Q3 Court,4885,341,603,2125,140,299,3512,258,362,241,Orange,Tony Rackauckas,0,1,1,1,0,,3167,19.040101,67.0982,9.441111,4.420587
Orange_2013 Q4 Court,1396,Orange,2013 Q4 Court,4752,259,567,2079,185,276,3449,199,374,227,Orange,Tony Rackauckas,0,1,1,1,0,,3107,18.249115,66.913421,8.883167,5.954297
Orange_2014 Q1 Court,1397,Orange,2014 Q1 Court,4560,302,613,2101,188,240,3862,259,371,200,Orange,Tony Rackauckas,0,1,1,1,0,,3142,19.509866,66.868237,7.638447,5.98345
Orange_2014 Q2 Court,1398,Orange,2014 Q2 Court,4640,332,620,2276,257,254,4168,299,402,224,Orange,Tony Rackauckas,0,1,1,1,0,,3407,18.197828,66.80364,7.455239,7.543293
Orange_2014 Q3 Court,1399,Orange,2014 Q3 Court,4628,351,632,2168,271,215,4335,269,466,170,Orange,Tony Rackauckas,0,1,1,1,1,,3286,19.23311,65.976872,6.542909,8.247109
Orange_2014 Q4 Court,1400,Orange,2014 Q4 Court,3296,279,454,1217,140,130,3018,195,381,161,Orange,Tony Rackauckas,0,1,1,1,1,,1941,23.390005,62.699639,6.697579,7.212777
Orange_2015 Q1 Court,1401,Orange,2015 Q1 Court,2609,245,437,851,106,104,1898,175,380,182,Orange,Tony Rackauckas,0,1,1,1,0,,1498,29.17223,56.809079,6.94259,7.076101
Orange_2015 Q2 Court,1402,Orange,2015 Q2 Court,3104,291,477,1023,106,128,1622,107,350,172,Orange,Tony Rackauckas,0,1,1,1,0,,1734,27.508651,58.99654,7.381776,6.113033
Orange_2015 Q3 Court,1403,Orange,2015 Q3 Court,2953,303,526,1114,116,151,1647,119,297,190,Orange,Tony Rackauckas,0,1,1,1,0,,1907,27.58259,58.416361,7.918196,6.082853
Orange_2015 Q4 Court,1404,Orange,2015 Q4 Court,2862,276,548,1132,131,185,1649,101,257,198,Orange,Tony Rackauckas,0,1,1,1,0,,1996,27.45491,56.713427,9.268537,6.563126
Orange_2016 Q1 Court,1405,Orange,2016 Q1 Court,3124,330,599,1152,131,177,1715,114,292,181,Orange,Tony Rackauckas,0,1,1,1,0,,2059,29.091792,55.94949,8.596406,6.362312
Orange_2016 Q2 Court,1406,Orange,2016 Q2 Court,3165,309,490,1171,117,152,1765,110,311,182,Orange,Tony Rackauckas,0,1,1,1,0,,1930,25.388601,60.673575,7.875648,6.062176
Orange_2016 Q3 Court,1407,Orange,2016 Q3 Court,3051,280,498,1103,124,88,1752,75,352,133,Orange,Tony Rackauckas,0,1,1,1,0,,1813,27.468285,60.838389,4.853833,6.839493
Orange_2016 Q4 Court,1408,Orange,2016 Q4 Court,3016,294,457,1103,150,159,1638,105,321,178,Orange,Tony Rackauckas,0,1,1,1,0,,1869,24.451578,59.015516,8.507223,8.025682
Orange_2017 Q1 Court,1409,Orange,2017 Q1 Court,2960,324,647,1222,108,138,1908,136,393,138,Orange,Tony Rackauckas,0,1,1,1,0,,2115,30.591017,57.777778,6.524823,5.106383
Orange_2017 Q2 Court,1410,Orange,2017 Q2 Court,2994,280,583,1222,131,145,1923,108,410,157,Orange,Tony Rackauckas,0,1,1,1,0,,2081,28.015377,58.721768,6.967804,6.29505
Orange_2017 Q3 Court,1411,Orange,2017 Q3 Court,2814,271,557,1164,86,106,2080,93,450,180,Orange,Tony Rackauckas,0,1,1,1,0,,1913,29.116571,60.846837,5.541035,4.495557
Orange_2017 Q4 Court,1412,Orange,2017 Q4 Court,2994,239,486,970,112,102,1892,98,441,145,Orange,Tony Rackauckas,0,1,1,1,0,,1670,29.101796,58.083832,6.107784,6.706587
Orange_2018 Q1 Court,1413,Orange,2018 Q1 Court,2993,307,538,981,98,111,1868,111,489,169,Orange,Tony Rackauckas,0,1,1,1,0,,1728,31.134259,56.770833,6.423611,5.671296
Orange_2018 Q2 Court,1414,Orange,2018 Q2 Court,3135,319,492,1034,105,120,2004,105,519,170,Orange,Tony Rackauckas,0,1,1,1,0,,1751,28.09823,59.05197,6.853227,5.996573
Orange_2018 Q3 Court,1415,Orange,2018 Q3 Court,3076,308,531,957,75,125,1754,158,503,150,Orange,Tony Rackauckas,0,1,1,1,1,,1688,31.457346,56.694313,7.405213,4.443128
Orange_2018 Q4 Court,1416,Orange,2018 Q4 Court,2894,295,461,986,107,146,1637,114,493,161,Orange,Tony Rackauckas,0,1,1,1,1,,1700,27.117647,58.0,8.588235,6.294118
Orange_2019 Q1 Court,1417,Orange,2019 Q1 Court,3007,297,552,870,88,143,1666,103,486,168,Orange,Tony Rackauckas,0,0,NA,NA,0,,1653,33.393829,52.631579,8.650938,5.323654
Orange_2019 Q2 Court,1418,Orange,2019 Q2 Court,2874,306,487,918,87,151,1668,135,559,205,Orange,Tony Rackauckas,0,0,NA,NA,0,,1643,29.640901,55.873402,9.190505,5.295192
Orange_2019 Q3 Court,1419,Orange,2019 Q3 Court,3179,312,584,1027,97,139,1654,168,570,197,Orange,Tony Rackauckas,0,0,NA,NA,0,,1847,31.618841,55.603682,7.525717,5.25176
Orange_2019 Q4 Court,1420,Orange,2019 Q4 Court,2844,274,476,944,113,95,1497,165,546,191,Orange,Tony Rackauckas,0,0,NA,NA,0,,1628,29.238329,57.985258,5.835381,6.941032
Orange_2020 Q1 Court,1421,Orange,2020 Q1 Court,2933,254,406,855,102,123,1267,147,451,216,Orange,Tony Rackauckas,0,0,NA,NA,0,,1486,27.321669,57.537012,8.277254,6.864065
Orange_2020 Q2 Court,1422,Orange,2020 Q2 Court,2695,17,250,431,43,44,817,144,279,74,Orange,Tony Rackauckas,0,0,NA,NA,0,,768,32.552083,56.119792,5.729167,5.598958
Orange_2020 Q3 Court,1423,Orange,2020 Q3 Court,3206,239,380,713,82,58,1216,128,461,85,Orange,Tony Rackauckas,0,0,NA,NA,0,,1233,30.81914,57.82644,4.703974,6.650446
Orange_2020 Q4 Court,1424,Orange,2020 Q4 Court,2923,213,381,674,94,81,1208,94,451,81,Orange,Tony Rackauckas,0,0,NA,NA,0,,1230,30.97561,54.796748,6.585366,7.642276
Orange_2021 Q1 Court,1425,Orange,2021 Q1 Court,3407,267,540,849,142,100,1393,81,528,83,Orange,Tony Rackauckas,0,0,NA,NA,0,,1631,33.108522,52.053955,6.131208,8.706315
Orange_2021 Q2 Court,1426,Orange,2021 Q2 Court,3501,414,510,930,130,110,1600,107,628,80,Orange,Tony Rackauckas,0,0,NA,NA,0,,1680,30.357143,55.357143,6.547619,7.738095
Orange_2021 Q3 Court,1427,Orange,2021 Q3 Court,3248,595,432,1002,104,95,1505,71,519,78,Orange,Tony Rackauckas,0,0,NA,NA,0,,1633,26.454378,61.359461,5.817514,6.368647
Orange_2021 Q4 Court,1428,Orange,2021 Q4 Court,2611,578,376,960,93,67,1482,63,413,69,Orange,Tony Rackauckas,0,0,NA,NA,0,,1496,25.13369,64.171123,4.47861,6.216578
Orange_2022 Q1 Court,1429,Orange,2022 Q1 Court,2876,583,409,1013,115,83,1549,63,440,78,Orange,Tony Rackauckas,0,0,NA,1,0,,1620,25.246914,62.530864,5.123457,7.098765
Orange_2022 Q2 Court,1430,Orange,2022 Q2 Court,3173,587,370,1035,107,59,1818,120,502,97,Orange,Tony Rackauckas,0,0,NA,1,0,,1571,23.551878,65.881604,3.75557,6.810948
Orange_2022 Q3 Court,1431,Orange,2022 Q3 Court,3902,741,382,1107,79,69,1703,120,525,77,Orange,Tony Rackauckas,0,0,NA,1,1,,1637,23.33537,67.623702,4.215027,4.825901
Orange_2022 Q4 Court,1432,Orange,2022 Q4 Court,3535,596,400,1160,79,68,1604,75,473,70,Orange,Tony Rackauckas,0,0,NA,1,1,,1707,23.432923,67.955477,3.983597,4.628002
Orange_2023 Q1 Court,1433,Orange,2023 Q1 Court,3462,654,394,915,67,49,1626,119,480,90,Orange,Todd Spitzer,0,NA,NA,NA,0,,1425,27.649123,64.210526,3.438596,4.701754
Orange_2023 Q2 Court,1434,Orange,2023 Q2 Court,3216,634,377,968,89,61,1809,100,457,99,,,,,,,,,1495,25.217391,64.749164,4.080268,5.953177
Orange_2023 Q3 Court,1435,Orange,2023 Q3 Court,3314,642,381,881,86,65,1763,108,455,106,,,,,,,,,1413,26.963907,62.349611,4.600142,6.086341
Orange_2023 Q4 Court,1436,Orange,2023 Q4 Court,2858,572,319,908,64,40,1538,103,426,87,,,,,,,,,1331,23.966942,68.219384,3.005259,4.808415
Orange_2024 Q1 Court,1437,Orange,2024 Q1 Court,3251,598,332,905,100,49,1592,96,488,93,,,,,,,,,1386,23.953824,65.295815,3.535354,7.215007
Orange_2024 Q2 Court,1438,Orange,2024 Q2 Court,3197,516,345,978,104,32,1525,74,484,78,,,,,,,,,1459,23.646333,67.032214,2.193283,7.12817
Orange_2024 Q3 Court,1439,Orange,2024 Q3 Court,3025,577,371,916,88,65,1518,103,513,127,,,,,,,,,1440,25.763889,63.611111,4.513889,6.111111
Orange_2024 Q4 Court,1440,Orange,2024 Q4 Court,3160,494,401,961,78,30,1451,76,506,120,,,,,,,,,1470,27.278912,65.37415,2.040816,5.306122
Placer_2013 Q1 Court,1441,Placer,2013 Q1 Court,633,1347,52,178,43,1,575,0,26,NA,Placer,Ronald Scott Owens,0,1,1,0,0,https://www.placercountyelections.gov/past-elections/,274,18.978102,64.963504,0.364964,15.693431
Placer_2013 Q2 Court,1442,Placer,2013 Q2 Court,778,1778,79,223,35,1,434,3,15,NA,Placer,Ronald Scott Owens,0,1,1,0,0,,338,23.372781,65.976331,0.295858,10.35503
Placer_2013 Q3 Court,1443,Placer,2013 Q3 Court,830,724,73,21,47,6,473,0,24,17,Placer,Ronald Scott Owens,0,1,1,0,0,,147,49.659864,14.285714,4.081633,31.972789
Placer_2013 Q4 Court,1444,Placer,2013 Q4 Court,705,684,66,321,36,6,406,0,31,26,Placer,Ronald Scott Owens,0,1,1,0,0,,429,15.384615,74.825175,1.398601,8.391608
Placer_2014 Q1 Court,1445,Placer,2014 Q1 Court,689,301,81,329,43,10,476,1,10,16,Placer,Ronald Scott Owens,0,1,1,0,0,,463,17.4946,71.058315,2.159827,9.287257
Placer_2014 Q2 Court,1446,Placer,2014 Q2 Court,765,408,92,348,38,20,419,0,13,30,Placer,Ronald Scott Owens,0,1,1,0,0,,498,18.473896,69.879518,4.016064,7.630522
Placer_2014 Q3 Court,1447,Placer,2014 Q3 Court,726,490,115,346,33,24,389,0,9,24,Placer,Ronald Scott Owens,0,1,1,0,1,,518,22.200772,66.795367,4.633205,6.370656
Placer_2014 Q4 Court,1448,Placer,2014 Q4 Court,483,398,66,223,17,18,370,1,5,18,Placer,Ronald Scott Owens,0,1,1,0,1,,324,20.37037,68.82716,5.555556,5.246914
Placer_2015 Q1 Court,1449,Placer,2015 Q1 Court,441,284,70,329,10,19,338,2,17,13,Placer,Ronald Scott Owens,0,1,1,0,0,,428,16.35514,76.869159,4.439252,2.336449
Placer_2015 Q2 Court,1450,Placer,2015 Q2 Court,478,248,97,312,10,27,339,6,19,9,Placer,Ronald Scott Owens,0,1,1,0,0,,446,21.748879,69.955157,6.053812,2.242152
Placer_2015 Q3 Court,1451,Placer,2015 Q3 Court,483,243,71,264,24,21,385,5,30,26,Placer,Ronald Scott Owens,0,1,1,0,0,,380,18.684211,69.473684,5.526316,6.315789
Placer_2015 Q4 Court,1452,Placer,2015 Q4 Court,467,240,51,250,26,10,454,17,22,25,Placer,Ronald Scott Owens,0,1,1,0,0,,337,15.133531,74.183976,2.967359,7.715134
Placer_2016 Q1 Court,1453,Placer,2016 Q1 Court,438,195,99,347,15,16,451,7,54,17,Placer,Ronald Scott Owens,0,1,1,0,0,,477,20.754717,72.746331,3.354298,3.144654
Placer_2016 Q2 Court,1454,Placer,2016 Q2 Court,561,235,82,137,18,24,459,11,37,7,Placer,Ronald Scott Owens,0,1,1,0,0,,261,31.417625,52.490421,9.195402,6.896552
Placer_2016 Q3 Court,1455,Placer,2016 Q3 Court,431,216,90,247,11,14,378,8,35,16,Placer,Ronald Scott Owens,0,1,1,0,0,,362,24.861878,68.232044,3.867403,3.038674
Placer_2016 Q4 Court,1456,Placer,2016 Q4 Court,426,219,68,172,15,11,102,15,35,16,Placer,Ronald Scott Owens,0,1,1,0,0,,266,25.56391,64.661654,4.135338,5.639098
Placer_2017 Q1 Court,1457,Placer,2017 Q1 Court,403,265,128,201,16,16,188,18,25,18,Placer,Ronald Scott Owens,0,1,1,0,0,,361,35.457064,55.67867,4.432133,4.432133
Placer_2017 Q2 Court,1458,Placer,2017 Q2 Court,437,298,65,174,12,10,171,36,41,13,Placer,Ronald Scott Owens,0,1,1,0,0,,261,24.904215,66.666667,3.831418,4.597701
Placer_2017 Q3 Court,1459,Placer,2017 Q3 Court,421,297,66,119,22,16,139,10,43,15,Placer,Ronald Scott Owens,0,1,1,0,0,,223,29.596413,53.363229,7.174888,9.865471
Placer_2017 Q4 Court,1460,Placer,2017 Q4 Court,415,211,64,85,34,23,140,23,23,19,Placer,Ronald Scott Owens,0,1,1,0,0,,206,31.067961,41.262136,11.165049,16.504854
Placer_2018 Q1 Court,1461,Placer,2018 Q1 Court,441,240,44,175,27,18,99,16,42,26,Placer,Ronald Scott Owens,0,1,1,0,0,,264,16.666667,66.287879,6.818182,10.227273
Placer_2018 Q2 Court,1462,Placer,2018 Q2 Court,501,228,73,208,17,29,151,20,70,21,Placer,Ronald Scott Owens,0,1,1,0,0,,327,22.324159,63.608563,8.868502,5.198777
Placer_2018 Q3 Court,1463,Placer,2018 Q3 Court,446,294,76,188,22,38,179,10,40,13,Placer,Ronald Scott Owens,0,1,1,0,1,,324,23.45679,58.024691,11.728395,6.790123
Placer_2018 Q4 Court,1464,Placer,2018 Q4 Court,462,215,92,189,18,37,202,3,57,21,Placer,Ronald Scott Owens,0,1,1,0,1,,336,27.380952,56.25,11.011905,5.357143
Placer_2019 Q1 Court,1465,Placer,2019 Q1 Court,476,215,86,189,11,35,190,10,34,28,Placer,Ronald Scott Owens,0,NA,NA,NA,0,,321,26.791277,58.878505,10.903427,3.426791
Placer_2019 Q2 Court,1466,Placer,2019 Q2 Court,380,167,71,234,15,36,234,4,37,39,Placer,Ronald Scott Owens,0,NA,NA,NA,0,,356,19.94382,65.730337,10.11236,4.213483
Placer_2019 Q3 Court,1467,Placer,2019 Q3 Court,482,188,86,210,18,20,205,22,39,39,Placer,Ronald Scott Owens,0,NA,NA,NA,0,,334,25.748503,62.874251,5.988024,5.389222
Placer_2019 Q4 Court,1468,Placer,2019 Q4 Court,477,174,94,225,15,18,180,4,45,31,Placer,Ronald Scott Owens,0,NA,NA,NA,0,,352,26.704545,63.920455,5.113636,4.261364
Placer_2020 Q1 Court,1469,Placer,2020 Q1 Court,423,159,87,205,21,38,199,4,50,17,Placer,Morgan Gire,0,1,1,0,0,Board of Supervisors appointed Gire,351,24.786325,58.404558,10.826211,5.982906
Placer_2020 Q2 Court,1470,Placer,2020 Q2 Court,401,132,27,121,28,10,130,3,28,8,Placer,Morgan Gire,0,1,1,0,0,,186,14.516129,65.053763,5.376344,15.053763
Placer_2020 Q3 Court,1471,Placer,2020 Q3 Court,465,275,42,138,25,8,175,4,56,11,Placer,Morgan Gire,0,1,1,0,0,,213,19.71831,64.788732,3.755869,11.737089
Placer_2020 Q4 Court,1472,Placer,2020 Q4 Court,572,300,51,162,20,15,96,6,47,10,Placer,Morgan Gire,0,1,1,0,0,,248,20.564516,65.322581,6.048387,8.064516
Placer_2021 Q1 Court,1473,Placer,2021 Q1 Court,485,369,89,152,14,7,79,14,53,7,Placer,Morgan Gire,0,1,1,0,0,,262,33.969466,58.015267,2.671756,5.343511
Placer_2021 Q2 Court,1474,Placer,2021 Q2 Court,453,351,101,192,20,11,100,11,37,9,Placer,Morgan Gire,0,1,1,0,0,,324,31.17284,59.259259,3.395062,6.17284
Placer_2021 Q3 Court,1475,Placer,2021 Q3 Court,506,340,110,172,22,7,97,23,37,7,Placer,Morgan Gire,0,1,1,0,0,,311,35.369775,55.305466,2.250804,7.073955
Placer_2021 Q4 Court,1476,Placer,2021 Q4 Court,384,339,80,164,13,6,65,27,21,10,Placer,Morgan Gire,0,1,1,0,0,,263,30.418251,62.357414,2.281369,4.942966
Placer_2022 Q1 Court,1477,Placer,2022 Q1 Court,534,397,99,164,27,9,88,40,39,7,Placer,Morgan Gire,0,1,1,0,0,,299,33.110368,54.849498,3.010033,9.0301
Placer_2022 Q2 Court,1478,Placer,2022 Q2 Court,523,386,127,217,19,15,110,37,45,7,Placer,Morgan Gire,0,1,1,0,0,,378,33.597884,57.407407,3.968254,5.026455
Placer_2022 Q3 Court,1479,Placer,2022 Q3 Court,514,427,105,218,19,8,143,21,35,10,Placer,Morgan Gire,0,1,1,0,1,,350,30.0,62.285714,2.285714,5.428571
Placer_2022 Q4 Court,1480,Placer,2022 Q4 Court,536,352,100,177,14,9,120,32,34,7,Placer,Morgan Gire,0,1,1,0,1,,300,33.333333,59.0,3.0,4.666667
Placer_2023 Q1 Court,1481,Placer,2023 Q1 Court,487,331,114,247,13,27,124,29,39,11,Placer,Morgan Gire,0,NA,NA,NA,0,,401,28.428928,61.59601,6.733167,3.241895
Placer_2023 Q2 Court,1482,Placer,2023 Q2 Court,586,261,92,211,21,16,114,47,27,8,,,,,,,,,340,27.058824,62.058824,4.705882,6.176471
Placer_2023 Q3 Court,1483,Placer,2023 Q3 Court,647,417,97,223,27,21,103,45,34,7,,,,,,,,,368,26.358696,60.597826,5.706522,7.336957
Placer_2023 Q4 Court,1484,Placer,2023 Q4 Court,640,396,94,224,25,24,98,33,27,11,,,,,,,,,367,25.613079,61.035422,6.53951,6.811989
Placer_2024 Q1 Court,1485,Placer,2024 Q1 Court,595,392,106,244,21,18,127,26,28,11,,,,,,,,,389,27.249357,62.724936,4.627249,5.398458
Placer_2024 Q2 Court,1486,Placer,2024 Q2 Court,716,428,114,213,19,14,136,37,25,15,,,,,,,,,360,31.666667,59.166667,3.888889,5.277778
Placer_2024 Q3 Court,1487,Placer,2024 Q3 Court,647,423,124,263,18,25,105,30,28,11,,,,,,,,,430,28.837209,61.162791,5.813953,4.186047
Placer_2024 Q4 Court,1488,Placer,2024 Q4 Court,605,314,110,198,21,20,106,24,26,12,,,,,,,,,349,31.518625,56.733524,5.730659,6.017192
Plumas_2013 Q1 Court,1489,Plumas,2013 Q1 Court,48,10,3,24,3,0,35,0,1,0,Plumas,David Hollister,0,1,1,0,0,https://www.plumascounty.us/Archive.aspx?AMID=100,30,10.0,80.0,0.0,10.0
Plumas_2013 Q2 Court,1490,Plumas,2013 Q2 Court,39,13,1,19,4,0,19,0,1,0,Plumas,David Hollister,0,1,1,0,0,,24,4.166667,79.166667,0.0,16.666667
Plumas_2013 Q3 Court,1491,Plumas,2013 Q3 Court,45,16,0,20,4,0,29,0,0,0,Plumas,David Hollister,0,1,1,0,0,,24,0.0,83.333333,0.0,16.666667
Plumas_2013 Q4 Court,1492,Plumas,2013 Q4 Court,35,10,5,17,1,0,33,0,1,0,Plumas,David Hollister,0,1,1,0,0,,23,21.73913,73.913043,0.0,4.347826
Plumas_2014 Q1 Court,1493,Plumas,2014 Q1 Court,43,6,2,15,4,0,43,0,0,1,Plumas,David Hollister,0,1,1,0,0,,21,9.52381,71.428571,0.0,19.047619
Plumas_2014 Q2 Court,1494,Plumas,2014 Q2 Court,31,7,10,19,4,0,37,0,1,0,Plumas,David Hollister,0,1,1,0,0,,33,30.30303,57.575758,0.0,12.121212
Plumas_2014 Q3 Court,1495,Plumas,2014 Q3 Court,51,6,7,17,0,0,42,0,1,0,Plumas,David Hollister,0,1,1,0,1,,24,29.166667,70.833333,0.0,0.0
Plumas_2014 Q4 Court,1496,Plumas,2014 Q4 Court,31,5,2,24,0,0,32,0,0,0,Plumas,David Hollister,0,1,1,0,1,,26,7.692308,92.307692,0.0,0.0
Plumas_2015 Q1 Court,1497,Plumas,2015 Q1 Court,21,3,4,5,2,0,7,0,0,2,Plumas,David Hollister,0,1,1,0,0,,11,36.363636,45.454545,0.0,18.181818
Plumas_2015 Q2 Court,1498,Plumas,2015 Q2 Court,30,7,5,14,2,0,33,0,0,3,Plumas,David Hollister,0,1,1,0,0,,21,23.809524,66.666667,0.0,9.52381
Plumas_2015 Q3 Court,1499,Plumas,2015 Q3 Court,19,5,3,9,0,0,22,0,0,2,Plumas,David Hollister,0,1,1,0,0,,12,25.0,75.0,0.0,0.0
Plumas_2015 Q4 Court,1500,Plumas,2015 Q4 Court,25,1,9,7,1,0,23,0,3,0,Plumas,David Hollister,0,1,1,0,0,,17,52.941176,41.176471,0.0,5.882353
Plumas_2016 Q1 Court,1501,Plumas,2016 Q1 Court,31,NA,NA,NA,NA,NA,NA,NA,NA,NA,Plumas,David Hollister,0,1,1,0,0,,,,,,
Plumas_2016 Q2 Court,1502,Plumas,2016 Q2 Court,28,3,1,12,3,0,21,0,1,0,Plumas,David Hollister,0,1,1,0,0,,16,6.25,75.0,0.0,18.75
Plumas_2016 Q3 Court,1503,Plumas,2016 Q3 Court,33,3,7,11,1,0,17,0,2,0,Plumas,David Hollister,0,1,1,0,0,,19,36.842105,57.894737,0.0,5.263158
Plumas_2016 Q4 Court,1504,Plumas,2016 Q4 Court,22,NA,NA,NA,NA,NA,NA,NA,NA,NA,Plumas,David Hollister,0,1,1,0,0,,,,,,
Plumas_2017 Q1 Court,1505,Plumas,2017 Q1 Court,23,1,9,10,2,0,14,0,0,0,Plumas,David Hollister,0,1,1,0,0,,21,42.857143,47.619048,0.0,9.52381
Plumas_2017 Q2 Court,1506,Plumas,2017 Q2 Court,26,3,7,13,1,0,16,0,0,0,Plumas,David Hollister,0,1,1,0,0,,21,33.333333,61.904762,0.0,4.761905
Plumas_2017 Q3 Court,1507,Plumas,2017 Q3 Court,28,2,8,15,0,0,11,0,0,1,Plumas,David Hollister,0,1,1,0,0,,23,34.782609,65.217391,0.0,0.0
Plumas_2017 Q4 Court,1508,Plumas,2017 Q4 Court,24,4,8,5,0,0,10,0,0,1,Plumas,David Hollister,0,1,1,0,0,,13,61.538462,38.461538,0.0,0.0
Plumas_2018 Q1 Court,1509,Plumas,2018 Q1 Court,26,10,6,7,1,8,10,0,1,2,Plumas,David Hollister,0,1,1,0,0,,22,27.272727,31.818182,36.363636,4.545455
Plumas_2018 Q2 Court,1510,Plumas,2018 Q2 Court,15,NA,NA,NA,NA,NA,NA,NA,NA,NA,Plumas,David Hollister,0,1,1,0,0,,,,,,
Plumas_2018 Q3 Court,1511,Plumas,2018 Q3 Court,27,NA,NA,NA,NA,NA,NA,NA,NA,NA,Plumas,David Hollister,0,1,1,0,1,,,,,,
Plumas_2018 Q4 Court,1512,Plumas,2018 Q4 Court,24,5,2,5,0,0,12,0,2,3,Plumas,David Hollister,0,1,1,0,1,,7,28.571429,71.428571,0.0,0.0
Plumas_2019 Q1 Court,1513,Plumas,2019 Q1 Court,23,2,9,18,1,0,8,0,2,3,Plumas,David Hollister,0,1,1,0,0,,28,32.142857,64.285714,0.0,3.571429
Plumas_2019 Q2 Court,1514,Plumas,2019 Q2 Court,24,6,2,16,0,0,12,0,2,3,Plumas,David Hollister,0,1,1,0,0,,18,11.111111,88.888889,0.0,0.0
Plumas_2019 Q3 Court,1515,Plumas,2019 Q3 Court,27,3,5,14,0,0,11,0,1,8,Plumas,David Hollister,0,1,1,0,0,,19,26.315789,73.684211,0.0,0.0
Plumas_2019 Q4 Court,1516,Plumas,2019 Q4 Court,20,5,5,8,0,0,11,0,2,3,Plumas,David Hollister,0,1,1,0,0,,13,38.461538,61.538462,0.0,0.0
Plumas_2020 Q1 Court,1517,Plumas,2020 Q1 Court,17,6,2,6,0,0,3,0,1,2,Plumas,David Hollister,0,1,1,0,0,,8,25.0,75.0,0.0,0.0
Plumas_2020 Q2 Court,1518,Plumas,2020 Q2 Court,23,NA,NA,NA,NA,NA,NA,NA,NA,NA,Plumas,David Hollister,0,1,1,0,0,,,,,,
Plumas_2020 Q3 Court,1519,Plumas,2020 Q3 Court,21,NA,NA,NA,NA,NA,NA,NA,NA,NA,Plumas,David Hollister,0,1,1,0,0,,,,,,
Plumas_2020 Q4 Court,1520,Plumas,2020 Q4 Court,14,9,3,2,0,3,12,0,11,2,Plumas,David Hollister,0,1,1,0,0,,8,37.5,25.0,37.5,0.0
Plumas_2021 Q1 Court,1521,Plumas,2021 Q1 Court,17,2,3,6,0,1,15,0,6,0,Plumas,David Hollister,0,1,1,0,0,,10,30.0,60.0,10.0,0.0
Plumas_2021 Q2 Court,1522,Plumas,2021 Q2 Court,14,7,4,2,0,3,8,0,5,2,Plumas,David Hollister,0,1,1,0,0,,9,44.444444,22.222222,33.333333,0.0
Plumas_2021 Q3 Court,1523,Plumas,2021 Q3 Court,22,4,0,2,0,8,6,0,5,0,Plumas,David Hollister,0,1,1,0,0,,10,0.0,20.0,80.0,0.0
Plumas_2021 Q4 Court,1524,Plumas,2021 Q4 Court,17,8,6,3,0,3,9,0,2,3,Plumas,David Hollister,0,1,1,0,0,,12,50.0,25.0,25.0,0.0
Plumas_2022 Q1 Court,1525,Plumas,2022 Q1 Court,19,3,3,2,0,3,9,0,7,2,Plumas,David Hollister,0,1,1,0,0,,8,37.5,25.0,37.5,0.0
Plumas_2022 Q2 Court,1526,Plumas,2022 Q2 Court,22,1,5,1,0,1,9,0,5,2,Plumas,David Hollister,0,1,1,0,0,,7,71.428571,14.285714,14.285714,0.0
Plumas_2022 Q3 Court,1527,Plumas,2022 Q3 Court,21,NA,NA,NA,NA,NA,NA,NA,NA,NA,Plumas,David Hollister,0,1,1,0,1,,,,,,
Plumas_2022 Q4 Court,1528,Plumas,2022 Q4 Court,26,7,3,1,0,7,8,0,24,2,Plumas,David Hollister,0,1,1,0,1,,11,27.272727,9.090909,63.636364,0.0
Plumas_2023 Q1 Court,1529,Plumas,2023 Q1 Court,14,3,3,0,0,1,5,0,2,2,Plumas,David Hollister,0,NA,NA,NA,0,,4,75.0,0.0,25.0,0.0
Plumas_2023 Q2 Court,1530,Plumas,2023 Q2 Court,19,6,4,2,NA,4,4,0,3,1,,,,,,,,,,,,,
Plumas_2023 Q3 Court,1531,Plumas,2023 Q3 Court,16,2,2,1,0,3,5,0,0,2,,,,,,,,,6,33.333333,16.666667,50.0,0.0
Plumas_2023 Q4 Court,1532,Plumas,2023 Q4 Court,21,2,5,4,NA,5,3,0,2,1,,,,,,,,,,,,,
Plumas_2024 Q1 Court,1533,Plumas,2024 Q1 Court,16,5,5,3,0,3,7,0,0,4,,,,,,,,,11,45.454545,27.272727,27.272727,0.0
Plumas_2024 Q2 Court,1534,Plumas,2024 Q2 Court,19,5,4,1,1,9,9,0,3,1,,,,,,,,,15,26.666667,6.666667,60.0,6.666667
Plumas_2024 Q3 Court,1535,Plumas,2024 Q3 Court,19,1,8,3,2,2,13,0,1,1,,,,,,,,,15,53.333333,20.0,13.333333,13.333333
Plumas_2024 Q4 Court,1536,Plumas,2024 Q4 Court,19,4,0,0,1,4,2,0,0,0,,,,,,,,,5,0.0,0.0,80.0,20.0
Riverside_2013 Q1 Court,1537,Riverside,2013 Q1 Court,4312,677,928,1661,155,484,2115,236,408,NA,Riverside,Paul Zellerbach,0,1,0,1,0,https://voteinfo.net/past-elections,3228,28.748451,51.45601,14.993804,4.801735
Riverside_2013 Q2 Court,1538,Riverside,2013 Q2 Court,4748,697,879,1769,174,571,1429,403,427,0,Riverside,Paul Zellerbach,0,1,0,1,0,,3393,25.906278,52.136752,16.828765,5.128205
Riverside_2013 Q3 Court,1539,Riverside,2013 Q3 Court,4934,733,1051,1675,244,790,960,101,514,184,Riverside,Paul Zellerbach,0,1,0,1,0,,3760,27.952128,44.547872,21.010638,6.489362
Riverside_2013 Q4 Court,1540,Riverside,2013 Q4 Court,4550,1393,845,1525,200,454,616,89,443,480,Riverside,Paul Zellerbach,0,1,0,1,0,,3024,27.943122,50.429894,15.013228,6.613757
Riverside_2014 Q1 Court,1541,Riverside,2014 Q1 Court,4452,1586,916,1639,225,560,699,83,445,475,Riverside,Paul Zellerbach,0,1,0,1,0,,3340,27.42515,49.071856,16.766467,6.736527
Riverside_2014 Q2 Court,1542,Riverside,2014 Q2 Court,4868,1677,876,1733,258,614,616,33,526,457,Riverside,Paul Zellerbach,0,1,0,1,0,,3481,25.165182,49.784545,17.63861,7.411663
Riverside_2014 Q3 Court,1543,Riverside,2014 Q3 Court,4815,1800,996,1672,301,553,535,44,616,446,Riverside,Paul Zellerbach,0,1,0,1,1,,3522,28.279387,47.473027,15.701306,8.546281
Riverside_2014 Q4 Court,1544,Riverside,2014 Q4 Court,3506,1368,722,1085,120,295,385,22,452,407,Riverside,Paul Zellerbach,0,1,0,1,1,,2222,32.493249,48.829883,13.276328,5.40054
Riverside_2015 Q1 Court,1545,Riverside,2015 Q1 Court,2812,950,779,920,84,235,234,10,456,497,Riverside,Mike Hestrin,0,1,1,1,0,,2018,38.602577,45.589693,11.645193,4.162537
Riverside_2015 Q2 Court,1546,Riverside,2015 Q2 Court,3082,846,771,1065,51,265,110,17,482,696,Riverside,Mike Hestrin,0,1,1,1,0,,2152,35.827138,49.488848,12.314126,2.369888
Riverside_2015 Q3 Court,1547,Riverside,2015 Q3 Court,3122,926,805,1051,72,257,123,13,474,594,Riverside,Mike Hestrin,0,1,1,1,0,,2185,36.842105,48.100686,11.762014,3.295195
Riverside_2015 Q4 Court,1548,Riverside,2015 Q4 Court,2565,733,701,981,77,205,106,15,448,613,Riverside,Mike Hestrin,0,1,1,1,0,,1964,35.692464,49.949084,10.437882,3.92057
Riverside_2016 Q1 Court,1549,Riverside,2016 Q1 Court,2919,719,730,1057,69,218,83,6,409,597,Riverside,Mike Hestrin,0,1,1,1,0,,2074,35.197686,50.96432,10.51109,3.326905
Riverside_2016 Q2 Court,1550,Riverside,2016 Q2 Court,3353,741,635,937,61,229,125,6,482,641,Riverside,Mike Hestrin,0,1,1,1,0,,1862,34.103115,50.322234,12.298604,3.276047
Riverside_2016 Q3 Court,1551,Riverside,2016 Q3 Court,3862,1001,875,1132,112,260,178,10,536,653,Riverside,Mike Hestrin,0,1,1,1,0,,2379,36.78016,47.583018,10.928962,4.70786
Riverside_2016 Q4 Court,1552,Riverside,2016 Q4 Court,3204,912,730,1099,117,225,178,24,530,614,Riverside,Mike Hestrin,0,1,1,1,0,,2171,33.625058,50.621833,10.363888,5.389222
Riverside_2017 Q1 Court,1553,Riverside,2017 Q1 Court,3022,990,902,1139,109,226,166,6,485,451,Riverside,Mike Hestrin,0,1,1,1,0,,2376,37.962963,47.93771,9.511785,4.587542
Riverside_2017 Q2 Court,1554,Riverside,2017 Q2 Court,2993,832,864,1007,151,243,111,8,531,473,Riverside,Mike Hestrin,0,1,1,1,0,,2265,38.145695,44.459161,10.728477,6.666667
Riverside_2017 Q3 Court,1555,Riverside,2017 Q3 Court,3225,758,773,1013,95,231,191,14,530,480,Riverside,Mike Hestrin,0,1,1,1,0,,2112,36.600379,47.964015,10.9375,4.498106
Riverside_2017 Q4 Court,1556,Riverside,2017 Q4 Court,3377,746,701,833,109,203,369,102,484,471,Riverside,Mike Hestrin,0,1,1,1,0,,1846,37.973998,45.124594,10.99675,5.904659
Riverside_2018 Q1 Court,1557,Riverside,2018 Q1 Court,3571,813,858,1055,110,264,247,114,606,512,Riverside,Mike Hestrin,0,1,1,1,0,,2287,37.516397,46.130302,11.543507,4.809794
Riverside_2018 Q2 Court,1558,Riverside,2018 Q2 Court,3274,921,787,1117,129,243,246,99,620,435,Riverside,Mike Hestrin,0,1,1,1,0,,2276,34.578207,49.077329,10.676626,5.667838
Riverside_2018 Q3 Court,1559,Riverside,2018 Q3 Court,3096,897,758,884,125,208,239,95,582,462,Riverside,Mike Hestrin,0,1,1,1,1,,1975,38.379747,44.759494,10.531646,6.329114
Riverside_2018 Q4 Court,1560,Riverside,2018 Q4 Court,2929,850,685,921,110,232,183,75,545,453,Riverside,Mike Hestrin,0,1,1,1,1,,1948,35.164271,47.279261,11.909651,5.646817
Riverside_2019 Q1 Court,1561,Riverside,2019 Q1 Court,3170,929,767,840,93,235,243,84,595,481,Riverside,Mike Hestrin,0,1,1,1,0,,1935,39.638243,43.410853,12.144703,4.806202
Riverside_2019 Q2 Court,1562,Riverside,2019 Q2 Court,3014,1081,784,864,66,215,232,74,562,476,Riverside,Mike Hestrin,0,1,1,1,0,,1929,40.64282,44.790047,11.145671,3.421462
Riverside_2019 Q3 Court,1563,Riverside,2019 Q3 Court,3126,983,784,969,77,227,240,96,608,509,Riverside,Mike Hestrin,0,1,1,1,0,,2057,38.113758,47.107438,11.035489,3.743316
Riverside_2019 Q4 Court,1564,Riverside,2019 Q4 Court,2858,907,712,948,87,175,201,60,597,585,Riverside,Mike Hestrin,0,1,1,1,0,,1922,37.044745,49.323621,9.105099,4.526535
Riverside_2020 Q1 Court,1565,Riverside,2020 Q1 Court,2828,769,274,923,82,162,204,78,527,448,Riverside,Mike Hestrin,0,1,1,1,0,,1441,19.014573,64.052741,11.242193,5.690493
Riverside_2020 Q2 Court,1566,Riverside,2020 Q2 Court,2992,130,251,332,17,25,128,49,363,408,Riverside,Mike Hestrin,0,1,1,1,0,,625,40.16,53.12,4.0,2.72
Riverside_2020 Q3 Court,1567,Riverside,2020 Q3 Court,2868,1392,784,778,46,92,362,121,775,536,Riverside,Mike Hestrin,0,1,1,1,0,,1700,46.117647,45.764706,5.411765,2.705882
Riverside_2020 Q4 Court,1568,Riverside,2020 Q4 Court,2763,1202,638,781,46,81,295,107,737,556,Riverside,Mike Hestrin,0,1,1,1,0,,1546,41.267788,50.517464,5.239327,2.97542
Riverside_2021 Q1 Court,1569,Riverside,2021 Q1 Court,3006,1769,650,689,57,99,243,75,581,439,Riverside,Mike Hestrin,0,1,1,1,0,,1495,43.478261,46.086957,6.622074,3.812709
Riverside_2021 Q2 Court,1570,Riverside,2021 Q2 Court,3118,1897,851,863,79,214,227,84,571,388,Riverside,Mike Hestrin,0,1,1,1,0,,2007,42.401594,42.999502,10.662681,3.936223
Riverside_2021 Q3 Court,1571,Riverside,2021 Q3 Court,3489,2106,846,1127,71,240,318,125,602,393,Riverside,Mike Hestrin,0,1,1,1,0,,2284,37.04028,49.343257,10.507881,3.108581
Riverside_2021 Q4 Court,1572,Riverside,2021 Q4 Court,3524,2184,721,914,84,175,264,150,541,322,Riverside,Mike Hestrin,0,1,1,1,0,,1894,38.067582,48.257656,9.239704,4.435058
Riverside_2022 Q1 Court,1573,Riverside,2022 Q1 Court,3738,2350,815,1006,85,167,353,115,558,347,Riverside,Mike Hestrin,0,1,1,1,0,,2073,39.315002,48.528702,8.055958,4.100338
Riverside_2022 Q2 Court,1574,Riverside,2022 Q2 Court,3914,2581,849,1044,81,170,318,115,533,372,Riverside,Mike Hestrin,0,1,1,1,0,,2144,39.598881,48.69403,7.929104,3.777985
Riverside_2022 Q3 Court,1575,Riverside,2022 Q3 Court,3460,2571,847,1165,149,166,301,120,556,397,Riverside,Mike Hestrin,0,1,1,1,1,,2327,36.398797,50.064461,7.133648,6.403094
Riverside_2022 Q4 Court,1576,Riverside,2022 Q4 Court,2700,2200,826,1038,124,174,331,153,483,400,Riverside,Mike Hestrin,0,1,1,1,1,,2162,38.205365,48.011101,8.048104,5.73543
Riverside_2023 Q1 Court,1577,Riverside,2023 Q1 Court,3021,1946,1027,1194,109,176,387,122,452,418,Riverside,Mike Hestrin,0,NA,NA,NA,0,,2506,40.981644,47.64565,7.023144,4.349561
Riverside_2023 Q2 Court,1578,Riverside,2023 Q2 Court,3255,1842,1089,1171,109,165,298,131,464,442,,,,,,,,,2534,42.975533,46.211523,6.511444,4.3015
Riverside_2023 Q3 Court,1579,Riverside,2023 Q3 Court,3384,1879,920,1095,73,159,278,112,538,490,,,,,,,,,2247,40.94348,48.731642,7.076101,3.248776
Riverside_2023 Q4 Court,1580,Riverside,2023 Q4 Court,3138,1654,800,880,84,159,253,117,466,442,,,,,,,,,1923,41.601664,45.76183,8.268331,4.368175
Riverside_2024 Q1 Court,1581,Riverside,2024 Q1 Court,3607,1712,879,992,73,149,269,85,462,464,,,,,,,,,2093,41.997133,47.396082,7.118968,3.487817
Riverside_2024 Q2 Court,1582,Riverside,2024 Q2 Court,3895,1828,937,1210,90,175,236,70,426,439,,,,,,,,,2412,38.84743,50.165837,7.25539,3.731343
Riverside_2024 Q3 Court,1583,Riverside,2024 Q3 Court,3579,2104,905,1167,88,195,261,96,521,499,,,,,,,,,2355,38.428875,49.55414,8.280255,3.73673
Riverside_2024 Q4 Court,1584,Riverside,2024 Q4 Court,7014,1804,869,1067,96,163,281,111,475,441,,,,,,,,,2195,39.589977,48.610478,7.425968,4.373576
Sacramento_2013 Q1 Court,1585,Sacramento,2013 Q1 Court,2361,NA,NA,NA,82,34,NA,NA,48,NA,Sacramento,Jane Scully,0,0,NA,NA,0,,,,,,
Sacramento_2013 Q2 Court,1586,Sacramento,2013 Q2 Court,2505,NA,NA,NA,NA,NA,NA,NA,NA,NA,Sacramento,Jane Scully,0,0,NA,NA,0,,,,,,
Sacramento_2013 Q3 Court,1587,Sacramento,2013 Q3 Court,2841,NA,NA,NA,67,62,NA,NA,98,198,Sacramento,Jane Scully,0,0,NA,NA,0,,,,,,
Sacramento_2013 Q4 Court,1588,Sacramento,2013 Q4 Court,2857,NA,NA,NA,61,83,NA,NA,92,257,Sacramento,Jane Scully,0,0,NA,NA,0,,,,,,
Sacramento_2014 Q1 Court,1589,Sacramento,2014 Q1 Court,2832,NA,NA,NA,106,64,NA,NA,88,234,Sacramento,Jane Scully,0,0,NA,NA,0,,,,,,
Sacramento_2014 Q2 Court,1590,Sacramento,2014 Q2 Court,3051,NA,NA,NA,77,54,NA,NA,81,208,Sacramento,Jane Scully,0,0,NA,1,0,,,,,,
Sacramento_2014 Q3 Court,1591,Sacramento,2014 Q3 Court,3048,NA,NA,NA,68,68,NA,NA,90,215,Sacramento,Jane Scully,0,0,NA,1,1,,,,,,
Sacramento_2014 Q4 Court,1592,Sacramento,2014 Q4 Court,2394,NA,NA,NA,64,52,NA,NA,73,148,Sacramento,Jane Scully,0,0,NA,1,1,,,,,,
Sacramento_2015 Q1 Court,1593,Sacramento,2015 Q1 Court,3220,NA,NA,NA,47,66,NA,NA,69,139,Sacramento,Jane Scully,0,0,NA,1,0,,,,,,
Sacramento_2015 Q2 Court,1594,Sacramento,2015 Q2 Court,3329,NA,NA,NA,32,86,NA,NA,65,157,Sacramento,Anne Marie Schubert,0,1,1,1,0,,,,,,
Sacramento_2015 Q3 Court,1595,Sacramento,2015 Q3 Court,3540,NA,NA,NA,79,90,NA,NA,61,171,Sacramento,Anne Marie Schubert,0,1,1,1,0,,,,,,
Sacramento_2015 Q4 Court,1596,Sacramento,2015 Q4 Court,3111,NA,NA,NA,68,110,NA,NA,47,129,Sacramento,Anne Marie Schubert,0,1,1,1,0,,,,,,
Sacramento_2016 Q1 Court,1597,Sacramento,2016 Q1 Court,2888,NA,NA,NA,58,103,NA,NA,53,124,Sacramento,Anne Marie Schubert,0,1,1,1,0,,,,,,
Sacramento_2016 Q2 Court,1598,Sacramento,2016 Q2 Court,3022,NA,NA,NA,127,72,NA,NA,51,133,Sacramento,Anne Marie Schubert,0,1,1,1,0,,,,,,
Sacramento_2016 Q3 Court,1599,Sacramento,2016 Q3 Court,3024,NA,NA,NA,118,58,NA,NA,79,101,Sacramento,Anne Marie Schubert,0,1,1,1,0,,,,,,
Sacramento_2016 Q4 Court,1600,Sacramento,2016 Q4 Court,2680,NA,NA,NA,94,51,NA,NA,68,91,Sacramento,Anne Marie Schubert,0,1,1,1,0,,,,,,
Sacramento_2017 Q1 Court,1601,Sacramento,2017 Q1 Court,2781,NA,NA,NA,92,52,NA,NA,52,0,Sacramento,Anne Marie Schubert,0,1,1,1,0,,,,,,
Sacramento_2017 Q2 Court,1602,Sacramento,2017 Q2 Court,2953,NA,NA,NA,107,87,NA,NA,49,113,Sacramento,Anne Marie Schubert,0,1,1,1,0,,,,,,
Sacramento_2017 Q3 Court,1603,Sacramento,2017 Q3 Court,3244,NA,NA,NA,109,68,NA,NA,66,131,Sacramento,Anne Marie Schubert,0,1,1,1,0,,,,,,
Sacramento_2017 Q4 Court,1604,Sacramento,2017 Q4 Court,3123,NA,NA,NA,135,125,NA,NA,72,149,Sacramento,Anne Marie Schubert,0,1,1,1,0,,,,,,
Sacramento_2018 Q1 Court,1605,Sacramento,2018 Q1 Court,3347,NA,NA,NA,33,92,NA,NA,67,151,Sacramento,Anne Marie Schubert,0,1,1,1,0,,,,,,
Sacramento_2018 Q2 Court,1606,Sacramento,2018 Q2 Court,3358,NA,NA,NA,26,70,NA,NA,76,159,Sacramento,Anne Marie Schubert,0,1,1,1,0,,,,,,
Sacramento_2018 Q3 Court,1607,Sacramento,2018 Q3 Court,2618,NA,NA,NA,28,48,NA,NA,72,163,Sacramento,Anne Marie Schubert,0,1,1,1,1,,,,,,
Sacramento_2018 Q4 Court,1608,Sacramento,2018 Q4 Court,2525,NA,NA,NA,38,61,NA,NA,64,166,Sacramento,Anne Marie Schubert,0,1,1,1,1,,,,,,
Sacramento_2019 Q1 Court,1609,Sacramento,2019 Q1 Court,2290,NA,NA,NA,45,59,NA,NA,55,162,Sacramento,Anne Marie Schubert,0,0,NA,NA,0,,,,,,
Sacramento_2019 Q2 Court,1610,Sacramento,2019 Q2 Court,2406,NA,NA,NA,34,47,NA,NA,50,190,Sacramento,Anne Marie Schubert,0,0,NA,NA,0,,,,,,
Sacramento_2019 Q3 Court,1611,Sacramento,2019 Q3 Court,2681,NA,NA,NA,32,44,NA,NA,82,190,Sacramento,Anne Marie Schubert,0,0,NA,NA,0,,,,,,
Sacramento_2019 Q4 Court,1612,Sacramento,2019 Q4 Court,2712,NA,NA,NA,35,52,NA,NA,91,184,Sacramento,Anne Marie Schubert,0,0,NA,NA,0,,,,,,
Sacramento_2020 Q1 Court,1613,Sacramento,2020 Q1 Court,2640,NA,NA,NA,24,46,NA,NA,89,324,Sacramento,Anne Marie Schubert,0,0,NA,NA,0,,,,,,
Sacramento_2020 Q2 Court,1614,Sacramento,2020 Q2 Court,3121,NA,NA,NA,14,13,NA,NA,6,180,Sacramento,Anne Marie Schubert,0,0,NA,NA,0,,,,,,
Sacramento_2020 Q3 Court,1615,Sacramento,2020 Q3 Court,3286,NA,NA,NA,10,23,NA,NA,41,277,Sacramento,Anne Marie Schubert,0,0,NA,NA,0,,,,,,
Sacramento_2020 Q4 Court,1616,Sacramento,2020 Q4 Court,2823,NA,NA,NA,24,27,NA,NA,63,111,Sacramento,Anne Marie Schubert,0,0,NA,NA,0,,,,,,
Sacramento_2021 Q1 Court,1617,Sacramento,2021 Q1 Court,3361,NA,NA,NA,40,32,NA,NA,68,89,Sacramento,Anne Marie Schubert,0,0,NA,NA,0,,,,,,
Sacramento_2021 Q2 Court,1618,Sacramento,2021 Q2 Court,2886,NA,NA,NA,29,45,NA,NA,87,81,Sacramento,Anne Marie Schubert,0,0,NA,NA,0,,,,,,
Sacramento_2021 Q3 Court,1619,Sacramento,2021 Q3 Court,3110,NA,NA,NA,23,36,NA,NA,59,107,Sacramento,Anne Marie Schubert,0,0,NA,NA,0,,,,,,
Sacramento_2021 Q4 Court,1620,Sacramento,2021 Q4 Court,2609,NA,NA,NA,26,26,NA,NA,60,100,Sacramento,Anne Marie Schubert,0,0,NA,NA,0,,,,,,
Sacramento_2022 Q1 Court,1621,Sacramento,2022 Q1 Court,2889,NA,NA,NA,29,25,NA,NA,69,87,Sacramento,Anne Marie Schubert,0,0,NA,1,0,,,,,,
Sacramento_2022 Q2 Court,1622,Sacramento,2022 Q2 Court,2979,NA,NA,NA,27,38,NA,NA,91,73,Sacramento,Anne Marie Schubert,0,0,NA,1,0,,,,,,
Sacramento_2022 Q3 Court,1623,Sacramento,2022 Q3 Court,2870,NA,NA,NA,13,36,NA,NA,91,102,Sacramento,Anne Marie Schubert,0,0,NA,1,1,,,,,,
Sacramento_2022 Q4 Court,1624,Sacramento,2022 Q4 Court,2681,0,0,0,17,24,0,0,78,115,Sacramento,Anne Marie Schubert,0,0,NA,1,1,,41,0.0,0.0,58.536585,41.463415
Sacramento_2023 Q1 Court,1625,Sacramento,2023 Q1 Court,2086,NA,NA,NA,24,26,NA,NA,90,104,Sacramento,Thien Ho,0,NA,NA,NA,0,,,,,,
Sacramento_2023 Q2 Court,1626,Sacramento,2023 Q2 Court,2200,NA,NA,NA,13,24,NA,NA,77,127,,,,,,,,,,,,,
Sacramento_2023 Q3 Court,1627,Sacramento,2023 Q3 Court,2708,NA,NA,NA,15,17,NA,NA,88,120,,,,,,,,,,,,,
Sacramento_2023 Q4 Court,1628,Sacramento,2023 Q4 Court,2380,NA,NA,NA,33,15,NA,NA,73,109,,,,,,,,,,,,,
Sacramento_2024 Q1 Court,1629,Sacramento,2024 Q1 Court,2453,NA,NA,NA,17,20,NA,NA,94,103,,,,,,,,,,,,,
Sacramento_2024 Q2 Court,1630,Sacramento,2024 Q2 Court,2555,NA,NA,NA,32,21,NA,NA,74,96,,,,,,,,,,,,,
Sacramento_2024 Q3 Court,1631,Sacramento,2024 Q3 Court,2747,NA,NA,NA,17,24,NA,NA,76,132,,,,,,,,,,,,,
Sacramento_2024 Q4 Court,1632,Sacramento,2024 Q4 Court,2646,NA,NA,NA,27,29,NA,NA,54,121,,,,,,,,,,,,,
San Benito_2013 Q1 Court,1633,San Benito,2013 Q1 Court,71,37,8,34,0,12,60,5,18,NA,San Benito,Candice Hooper Mancino,0,1,1,0,0,https://www.sanbenitocounty-ca-cre.gov/elections/election-results,54,14.814815,62.962963,22.222222,0.0
San Benito_2013 Q2 Court,1634,San Benito,2013 Q2 Court,105,35,5,28,0,6,45,8,9,NA,San Benito,Candice Hooper Mancino,0,1,1,0,0,,39,12.820513,71.794872,15.384615,0.0
San Benito_2013 Q3 Court,1635,San Benito,2013 Q3 Court,106,36,6,33,1,3,43,16,10,2,San Benito,Candice Hooper Mancino,0,1,1,0,0,,43,13.953488,76.744186,6.976744,2.325581
San Benito_2013 Q4 Court,1636,San Benito,2013 Q4 Court,93,36,6,33,1,3,43,38,NA,NA,San Benito,Candice Hooper Mancino,0,1,1,0,0,,43,13.953488,76.744186,6.976744,2.325581
San Benito_2014 Q1 Court,1637,San Benito,2014 Q1 Court,107,39,4,26,2,3,62,7,6,3,San Benito,Candice Hooper Mancino,0,1,1,0,0,,35,11.428571,74.285714,8.571429,5.714286
San Benito_2014 Q2 Court,1638,San Benito,2014 Q2 Court,146,55,7,45,3,0,56,8,10,0,San Benito,Candice Hooper Mancino,0,1,1,0,0,,55,12.727273,81.818182,0.0,5.454545
San Benito_2014 Q3 Court,1639,San Benito,2014 Q3 Court,123,80,10,36,2,7,53,19,10,4,San Benito,Candice Hooper Mancino,0,1,1,0,1,,55,18.181818,65.454545,12.727273,3.636364
San Benito_2014 Q4 Court,1640,San Benito,2014 Q4 Court,109,45,11,31,1,6,29,12,9,3,San Benito,Candice Hooper Mancino,0,1,1,0,1,,49,22.44898,63.265306,12.244898,2.040816
San Benito_2015 Q1 Court,1641,San Benito,2015 Q1 Court,97,35,4,28,0,2,26,11,11,2,San Benito,Candice Hooper Mancino,0,1,1,0,0,,34,11.764706,82.352941,5.882353,0.0
San Benito_2015 Q2 Court,1642,San Benito,2015 Q2 Court,99,51,11,30,0,6,22,2,4,7,San Benito,Candice Hooper Mancino,0,1,1,0,0,,47,23.404255,63.829787,12.765957,0.0
San Benito_2015 Q3 Court,1643,San Benito,2015 Q3 Court,109,58,8,29,0,1,18,17,11,4,San Benito,Candice Hooper Mancino,0,1,1,0,0,,38,21.052632,76.315789,2.631579,0.0
San Benito_2015 Q4 Court,1644,San Benito,2015 Q4 Court,101,40,7,15,1,4,35,10,6,3,San Benito,Candice Hooper Mancino,0,1,1,0,0,,27,25.925926,55.555556,14.814815,3.703704
San Benito_2016 Q1 Court,1645,San Benito,2016 Q1 Court,54,35,4,47,0,1,35,5,10,4,San Benito,Candice Hooper Mancino,0,1,1,0,0,,52,7.692308,90.384615,1.923077,0.0
San Benito_2016 Q2 Court,1646,San Benito,2016 Q2 Court,82,41,11,19,0,4,42,11,6,2,San Benito,Candice Hooper Mancino,0,1,1,0,0,,34,32.352941,55.882353,11.764706,0.0
San Benito_2016 Q3 Court,1647,San Benito,2016 Q3 Court,66,30,3,29,2,3,40,12,8,4,San Benito,Candice Hooper Mancino,0,1,1,0,0,,37,8.108108,78.378378,8.108108,5.405405
San Benito_2016 Q4 Court,1648,San Benito,2016 Q4 Court,61,31,8,25,0,3,55,19,6,3,San Benito,Candice Hooper Mancino,0,1,1,0,0,,36,22.222222,69.444444,8.333333,0.0
San Benito_2017 Q1 Court,1649,San Benito,2017 Q1 Court,84,25,11,21,0,1,62,11,8,3,San Benito,Candice Hooper Mancino,0,1,1,0,0,,33,33.333333,63.636364,3.030303,0.0
San Benito_2017 Q2 Court,1650,San Benito,2017 Q2 Court,92,33,12,17,0,4,49,17,11,0,San Benito,Candice Hooper Mancino,0,1,1,0,0,,33,36.363636,51.515152,12.121212,0.0
San Benito_2017 Q3 Court,1651,San Benito,2017 Q3 Court,46,27,5,11,1,5,35,16,9,2,San Benito,Candice Hooper Mancino,0,1,1,0,0,,22,22.727273,50.0,22.727273,4.545455
San Benito_2017 Q4 Court,1652,San Benito,2017 Q4 Court,55,18,11,12,2,1,35,12,17,0,San Benito,Candice Hooper Mancino,0,1,1,0,0,,26,42.307692,46.153846,3.846154,7.692308
San Benito_2018 Q1 Court,1653,San Benito,2018 Q1 Court,57,28,10,19,1,5,25,7,8,0,San Benito,Candice Hooper Mancino,0,1,1,0,0,,35,28.571429,54.285714,14.285714,2.857143
San Benito_2018 Q2 Court,1654,San Benito,2018 Q2 Court,57,27,9,14,0,2,33,7,14,2,San Benito,Candice Hooper Mancino,0,1,1,0,0,,25,36.0,56.0,8.0,0.0
San Benito_2018 Q3 Court,1655,San Benito,2018 Q3 Court,71,15,6,9,0,2,17,7,10,3,San Benito,Candice Hooper Mancino,0,1,1,0,1,,17,35.294118,52.941176,11.764706,0.0
San Benito_2018 Q4 Court,1656,San Benito,2018 Q4 Court,54,16,9,9,0,2,22,11,15,1,San Benito,Candice Hooper Mancino,0,1,1,0,1,,20,45.0,45.0,10.0,0.0
San Benito_2019 Q1 Court,1657,San Benito,2019 Q1 Court,72,17,10,10,5,1,21,10,7,3,San Benito,Candice Hooper Mancino,0,1,0,1,0,,26,38.461538,38.461538,3.846154,19.230769
San Benito_2019 Q2 Court,1658,San Benito,2019 Q2 Court,53,28,9,13,3,3,20,0,12,1,San Benito,Candice Hooper Mancino,0,1,0,1,0,,28,32.142857,46.428571,10.714286,10.714286
San Benito_2019 Q3 Court,1659,San Benito,2019 Q3 Court,80,14,8,15,1,4,22,0,13,2,San Benito,Candice Hooper Mancino,0,1,0,1,0,,28,28.571429,53.571429,14.285714,3.571429
San Benito_2019 Q4 Court,1660,San Benito,2019 Q4 Court,50,32,7,11,0,1,27,3,18,0,San Benito,Candice Hooper Mancino,0,1,0,1,0,,19,36.842105,57.894737,5.263158,0.0
San Benito_2020 Q1 Court,1661,San Benito,2020 Q1 Court,40,21,7,13,2,2,15,5,17,2,San Benito,Candice Hooper Mancino,0,1,0,1,0,,24,29.166667,54.166667,8.333333,8.333333
San Benito_2020 Q2 Court,1662,San Benito,2020 Q2 Court,22,9,4,10,0,3,0,0,10,0,San Benito,Candice Hooper Mancino,0,1,0,1,0,,17,23.529412,58.823529,17.647059,0.0
San Benito_2020 Q3 Court,1663,San Benito,2020 Q3 Court,53,27,10,15,0,1,17,2,18,0,San Benito,Candice Hooper Mancino,0,1,0,1,0,,26,38.461538,57.692308,3.846154,0.0
San Benito_2020 Q4 Court,1664,San Benito,2020 Q4 Court,59,23,2,33,0,1,17,10,18,1,San Benito,Candice Hooper Mancino,0,1,0,1,0,,36,5.555556,91.666667,2.777778,0.0
San Benito_2021 Q1 Court,1665,San Benito,2021 Q1 Court,67,18,10,25,2,1,10,9,24,4,San Benito,Candice Hooper Mancino,0,1,0,1,0,,38,26.315789,65.789474,2.631579,5.263158
San Benito_2021 Q2 Court,1666,San Benito,2021 Q2 Court,57,17,2,35,0,1,22,4,16,2,San Benito,Candice Hooper Mancino,0,1,0,1,0,,38,5.263158,92.105263,2.631579,0.0
San Benito_2021 Q3 Court,1667,San Benito,2021 Q3 Court,85,28,2,32,0,3,24,4,21,0,San Benito,Candice Hooper Mancino,0,1,0,1,0,,37,5.405405,86.486486,8.108108,0.0
San Benito_2021 Q4 Court,1668,San Benito,2021 Q4 Court,41,34,2,27,1,0,14,1,16,0,San Benito,Candice Hooper Mancino,0,1,0,1,0,,30,6.666667,90.0,0.0,3.333333
San Benito_2022 Q1 Court,1669,San Benito,2022 Q1 Court,53,27,3,32,1,NA,18,4,18,NA,San Benito,Candice Hooper Mancino,0,1,0,1,0,,,,,,
San Benito_2022 Q2 Court,1670,San Benito,2022 Q2 Court,73,34,8,20,NA,NA,16,NA,15,2,San Benito,Candice Hooper Mancino,0,1,0,1,0,,,,,,
San Benito_2022 Q3 Court,1671,San Benito,2022 Q3 Court,62,31,8,12,NA,NA,16,2,14,1,San Benito,Candice Hooper Mancino,0,1,0,1,1,,,,,,
San Benito_2022 Q4 Court,1672,San Benito,2022 Q4 Court,53,26,2,8,NA,NA,11,1,12,1,San Benito,Candice Hooper Mancino,0,1,0,1,1,,,,,,
San Benito_2023 Q1 Court,1673,San Benito,2023 Q1 Court,88,39,9,22,NA,1,4,2,13,1,San Benito,Joel Buckingham,0,NA,NA,NA,0,,,,,,
San Benito_2023 Q2 Court,1674,San Benito,2023 Q2 Court,75,40,8,12,NA,1,7,NA,6,2,,,,,,,,,,,,,
San Benito_2023 Q3 Court,1675,San Benito,2023 Q3 Court,70,41,12,11,NA,NA,8,1,15,NA,,,,,,,,,,,,,
San Benito_2023 Q4 Court,1676,San Benito,2023 Q4 Court,87,44,12,15,1,2,10,NA,25,1,,,,,,,,,30,40.0,50.0,6.666667,3.333333
San Benito_2024 Q1 Court,1677,San Benito,2024 Q1 Court,78,47,5,25,NA,NA,11,NA,16,1,,,,,,,,,,,,,
San Benito_2024 Q2 Court,1678,San Benito,2024 Q2 Court,85,12,10,10,1,1,19,0,12,0,,,,,,,,,22,45.454545,45.454545,4.545455,4.545455
San Benito_2024 Q3 Court,1679,San Benito,2024 Q3 Court,66,14,7,8,1,0,12,2,10,1,,,,,,,,,16,43.75,50.0,0.0,6.25
San Benito_2024 Q4 Court,1680,San Benito,2024 Q4 Court,60,23,6,16,5,0,10,1,6,1,,,,,,,,,27,22.222222,59.259259,0.0,18.518519
San Bernardino_2013 Q1 Court,1681,San Bernardino,2013 Q1 Court,4922,584,1232,1595,1163,304,5354,282,550,NA,San Bernadino,Michael Ramos,0,1,1,1,0,https://sbcountyelections.com/elections/pastelections/,4294,28.691197,37.144853,7.079646,27.084304
San Bernardino_2013 Q2 Court,1682,San Bernardino,2013 Q2 Court,5232,761,1252,1539,1287,302,5728,457,528,NA,San Bernadino,Michael Ramos,0,1,1,1,0,,4380,28.584475,35.136986,6.894977,29.383562
San Bernardino_2013 Q3 Court,1683,San Bernardino,2013 Q3 Court,5531,1342,1260,1633,1241,263,NA,436,428,510,San Bernadino,Michael Ramos,0,1,1,1,0,,4397,28.655902,37.138958,5.981351,28.223789
San Bernardino_2013 Q4 Court,1684,San Bernardino,2013 Q4 Court,4870,1729,1146,1635,1079,409,5280,371,362,568,San Bernadino,Michael Ramos,0,1,1,1,0,,4269,26.844694,38.299368,9.580698,25.27524
San Bernardino_2014 Q1 Court,1685,San Bernardino,2014 Q1 Court,5089,1833,1218,1626,1129,417,5680,459,388,499,San Bernadino,Michael Ramos,0,1,1,1,0,,4390,27.744875,37.038724,9.498861,25.71754
San Bernardino_2014 Q2 Court,1686,San Bernardino,2014 Q2 Court,5332,1845,1306,1890,1250,508,6442,690,420,557,San Bernadino,Michael Ramos,0,1,1,1,0,,4954,26.362535,38.150989,10.25434,25.232136
San Bernardino_2014 Q3 Court,1687,San Bernardino,2014 Q3 Court,5350,1213,1357,1726,1125,420,5863,729,462,488,San Bernadino,Michael Ramos,0,1,1,1,1,,4628,29.321521,37.294728,9.075194,24.308557
San Bernardino_2014 Q4 Court,1688,San Bernardino,2014 Q4 Court,3980,1604,999,1175,674,318,4333,548,402,499,San Bernadino,Michael Ramos,0,1,1,1,1,,3166,31.554011,37.113076,10.04422,21.288692
San Bernardino_2015 Q1 Court,1689,San Bernardino,2015 Q1 Court,3760,1327,1017,1106,509,256,3794,413,498,527,San Bernadino,Michael Ramos,0,1,0,1,0,,2888,35.214681,38.296399,8.864266,17.624654
San Bernardino_2015 Q2 Court,1690,San Bernardino,2015 Q2 Court,3959,1556,1039,1161,523,290,4044,436,479,535,San Bernadino,Michael Ramos,0,1,0,1,0,,3013,34.483903,38.533024,9.624959,17.358115
San Bernardino_2015 Q3 Court,1691,San Bernardino,2015 Q3 Court,3766,1633,1005,1247,579,324,4292,572,570,564,San Bernadino,Michael Ramos,0,1,0,1,0,,3155,31.8542,39.524564,10.269414,18.351823
San Bernardino_2015 Q4 Court,1692,San Bernardino,2015 Q4 Court,3372,1317,997,1200,554,273,4261,648,489,551,San Bernadino,Michael Ramos,0,1,0,1,0,,3024,32.969577,39.68254,9.027778,18.320106
San Bernardino_2016 Q1 Court,1693,San Bernardino,2016 Q1 Court,3292,956,536,497,248,109,1954,370,452,406,San Bernadino,Michael Ramos,0,1,0,1,0,,1390,38.561151,35.755396,7.841727,17.841727
San Bernardino_2016 Q2 Court,1694,San Bernardino,2016 Q2 Court,3802,NA,NA,NA,NA,NA,NA,245,505,711,San Bernadino,Michael Ramos,0,1,0,1,0,,,,,,
San Bernardino_2016 Q3 Court,1695,San Bernardino,2016 Q3 Court,3916,NA,NA,NA,NA,NA,NA,192,561,696,San Bernadino,Michael Ramos,0,1,0,1,0,,,,,,
San Bernardino_2016 Q4 Court,1696,San Bernardino,2016 Q4 Court,3611,NA,NA,NA,NA,NA,NA,220,517,617,San Bernadino,Michael Ramos,0,1,0,1,0,,,,,,
San Bernardino_2017 Q1 Court,1697,San Bernardino,2017 Q1 Court,3588,NA,NA,NA,NA,NA,NA,145,559,618,San Bernadino,Michael Ramos,0,1,0,1,0,,,,,,
San Bernardino_2017 Q2 Court,1698,San Bernardino,2017 Q2 Court,3551,NA,NA,NA,NA,NA,NA,224,664,609,San Bernadino,Michael Ramos,0,1,0,1,0,,,,,,
San Bernardino_2017 Q3 Court,1699,San Bernardino,2017 Q3 Court,4137,NA,NA,NA,NA,NA,NA,119,583,708,San Bernadino,Michael Ramos,0,1,0,1,0,,,,,,
San Bernardino_2017 Q4 Court,1700,San Bernardino,2017 Q4 Court,3291,NA,NA,NA,NA,NA,NA,113,592,745,San Bernadino,Michael Ramos,0,1,0,1,0,,,,,,
San Bernardino_2018 Q1 Court,1701,San Bernardino,2018 Q1 Court,3488,NA,NA,NA,NA,NA,NA,128,629,717,San Bernadino,Michael Ramos,0,1,0,1,0,,,,,,
San Bernardino_2018 Q2 Court,1702,San Bernardino,2018 Q2 Court,3425,NA,NA,NA,NA,NA,NA,127,745,625,San Bernadino,Michael Ramos,0,1,0,1,0,,,,,,
San Bernardino_2018 Q3 Court,1703,San Bernardino,2018 Q3 Court,3658,NA,NA,NA,NA,NA,NA,115,744,688,San Bernadino,Michael Ramos,0,1,0,1,1,,,,,,
San Bernardino_2018 Q4 Court,1704,San Bernardino,2018 Q4 Court,3392,NA,NA,NA,NA,NA,NA,150,718,622,San Bernadino,Michael Ramos,0,1,0,1,1,,,,,,
San Bernardino_2019 Q1 Court,1705,San Bernardino,2019 Q1 Court,3343,NA,NA,NA,NA,NA,NA,108,770,861,San Bernadino,Jason Anderson,0,1,1,0,0,,,,,,
San Bernardino_2019 Q2 Court,1706,San Bernardino,2019 Q2 Court,3030,NA,NA,1383,NA,NA,1154,79,707,1068,San Bernadino,Jason Anderson,0,1,1,0,0,,,,,,
San Bernardino_2019 Q3 Court,1707,San Bernardino,2019 Q3 Court,3388,NA,NA,1321,NA,NA,1331,98,877,986,San Bernadino,Jason Anderson,0,1,1,0,0,,,,,,
San Bernardino_2019 Q4 Court,1708,San Bernardino,2019 Q4 Court,3045,NA,NA,1189,NA,NA,1093,94,805,949,San Bernadino,Jason Anderson,0,1,1,0,0,,,,,,
San Bernardino_2020 Q1 Court,1709,San Bernardino,2020 Q1 Court,3335,NA,NA,1189,NA,NA,741,76,656,821,San Bernadino,Jason Anderson,0,1,1,0,0,,,,,,
San Bernardino_2020 Q2 Court,1710,San Bernardino,2020 Q2 Court,3439,NA,NA,655,NA,NA,549,52,388,213,San Bernadino,Jason Anderson,0,1,1,0,0,,,,,,
San Bernardino_2020 Q3 Court,1711,San Bernardino,2020 Q3 Court,3666,NA,NA,1103,NA,NA,953,53,875,438,San Bernadino,Jason Anderson,0,1,1,0,0,,,,,,
San Bernardino_2020 Q4 Court,1712,San Bernardino,2020 Q4 Court,3381,NA,NA,1221,NA,NA,994,51,736,681,San Bernadino,Jason Anderson,0,1,1,0,0,,,,,,
San Bernardino_2021 Q1 Court,1713,San Bernardino,2021 Q1 Court,3809,NA,NA,1323,NA,NA,994,62,712,572,San Bernadino,Jason Anderson,0,1,1,0,0,,,,,,
San Bernardino_2021 Q2 Court,1714,San Bernardino,2021 Q2 Court,3583,NA,NA,1195,NA,NA,1185,63,673,576,San Bernadino,Jason Anderson,0,1,1,0,0,,,,,,
San Bernardino_2021 Q3 Court,1715,San Bernardino,2021 Q3 Court,3625,NA,NA,1062,NA,NA,1107,68,668,539,San Bernadino,Jason Anderson,0,1,1,0,0,,,,,,
San Bernardino_2021 Q4 Court,1716,San Bernardino,2021 Q4 Court,2730,NA,NA,1062,NA,NA,951,61,625,467,San Bernadino,Jason Anderson,0,1,1,0,0,,,,,,
San Bernardino_2022 Q1 Court,1717,San Bernardino,2022 Q1 Court,3064,NA,NA,1118,NA,NA,1002,44,594,536,San Bernadino,Jason Anderson,0,1,1,0,0,,,,,,
San Bernardino_2022 Q2 Court,1718,San Bernardino,2022 Q2 Court,3329,NA,NA,1122,NA,NA,1075,77,613,417,San Bernadino,Jason Anderson,0,1,1,0,0,,,,,,
San Bernardino_2022 Q3 Court,1719,San Bernardino,2022 Q3 Court,3631,NA,NA,1101,NA,NA,1008,59,691,483,San Bernadino,Jason Anderson,0,1,1,0,1,,,,,,
San Bernardino_2022 Q4 Court,1720,San Bernardino,2022 Q4 Court,3333,NA,NA,927,NA,NA,965,52,659,493,San Bernadino,Jason Anderson,0,1,1,0,1,,,,,,
San Bernardino_2023 Q1 Court,1721,San Bernardino,2023 Q1 Court,3458,NA,NA,1026,NA,NA,904,44,589,423,San Bernadino,Jason Anderson,0,NA,NA,NA,0,,,,,,
San Bernardino_2023 Q2 Court,1722,San Bernardino,2023 Q2 Court,3258,NA,NA,1000,NA,NA,891,32,584,430,,,,,,,,,,,,,
San Bernardino_2023 Q3 Court,1723,San Bernardino,2023 Q3 Court,3486,NA,NA,1021,NA,NA,890,80,639,463,,,,,,,,,,,,,
San Bernardino_2023 Q4 Court,1724,San Bernardino,2023 Q4 Court,3317,NA,NA,971,NA,NA,877,55,652,496,,,,,,,,,,,,,
San Bernardino_2024 Q1 Court,1725,San Bernardino,2024 Q1 Court,3337,NA,NA,989,NA,NA,877,73,704,421,,,,,,,,,,,,,
San Bernardino_2024 Q2 Court,1726,San Bernardino,2024 Q2 Court,3493,NA,NA,971,NA,NA,737,30,587,450,,,,,,,,,,,,,
San Bernardino_2024 Q3 Court,1727,San Bernardino,2024 Q3 Court,3544,NA,NA,958,NA,NA,825,37,604,473,,,,,,,,,,,,,
San Bernardino_2024 Q4 Court,1728,San Bernardino,2024 Q4 Court,NA,NA,NA,989,NA,NA,812,56,579,435,,,,,,,,,,,,,
San Diego_2013 Q1 Court,1729,San Diego,2013 Q1 Court,4430,563,634,2399,213,127,NA,48,206,NA,San Diego,Bonnie Dumanis,0,1,1,1,0,https://www.sdvote.com/content/rov/en/elections/reportquery.html,3373,18.796324,71.123629,3.765194,6.314853
San Diego_2013 Q2 Court,1730,San Diego,2013 Q2 Court,4784,NA,659,1467,237,114,NA,102,209,NA,San Diego,Bonnie Dumanis,0,1,1,1,0,,2477,26.604764,59.224869,4.602342,9.568026
San Diego_2013 Q3 Court,1731,San Diego,2013 Q3 Court,4812,NA,723,1689,268,125,NA,84,227,203,San Diego,Bonnie Dumanis,0,1,1,1,0,,2805,25.775401,60.213904,4.456328,9.554367
San Diego_2013 Q4 Court,1732,San Diego,2013 Q4 Court,4545,NA,678,1558,258,134,NA,107,355,329,San Diego,Bonnie Dumanis,0,1,1,1,0,,2628,25.799087,59.284627,5.098935,9.817352
San Diego_2014 Q1 Court,1733,San Diego,2014 Q1 Court,4538,NA,657,1630,251,124,NA,108,340,298,San Diego,Bonnie Dumanis,0,1,1,1,0,,2662,24.680691,61.232156,4.658152,9.429001
San Diego_2014 Q2 Court,1734,San Diego,2014 Q2 Court,4801,NA,708,1584,241,141,NA,122,316,269,San Diego,Bonnie Dumanis,0,1,1,1,0,,2674,26.477188,59.237098,5.272999,9.012715
San Diego_2014 Q3 Court,1735,San Diego,2014 Q3 Court,4814,NA,636,1739,408,171,NA,124,324,281,San Diego,Bonnie Dumanis,0,1,1,1,1,,2954,21.530129,58.86933,5.788761,13.811781
San Diego_2014 Q4 Court,1736,San Diego,2014 Q4 Court,3356,NA,616,1857,257,107,NA,152,397,222,San Diego,Bonnie Dumanis,0,1,1,1,1,,2837,21.713077,65.456468,3.77159,9.058865
San Diego_2015 Q1 Court,1737,San Diego,2015 Q1 Court,2892,NA,NA,NA,NA,NA,NA,104,357,239,San Diego,Bonnie Dumanis,0,NA,NA,NA,0,,,,,,
San Diego_2015 Q2 Court,1738,San Diego,2015 Q2 Court,3063,NA,NA,NA,NA,NA,NA,NA,402,249,San Diego,Bonnie Dumanis,0,NA,NA,NA,0,,,,,,
San Diego_2015 Q3 Court,1739,San Diego,2015 Q3 Court,3115,NA,NA,NA,NA,NA,NA,NA,437,251,San Diego,Bonnie Dumanis,0,NA,NA,NA,0,,,,,,
San Diego_2015 Q4 Court,1740,San Diego,2015 Q4 Court,2850,NA,NA,NA,NA,NA,NA,NA,379,264,San Diego,Bonnie Dumanis,0,NA,NA,NA,0,,,,,,
San Diego_2016 Q1 Court,1741,San Diego,2016 Q1 Court,3157,NA,589,1149,140,174,NA,129,393,213,San Diego,Bonnie Dumanis,0,NA,NA,NA,0,,2052,28.703704,55.994152,8.479532,6.822612
San Diego_2016 Q2 Court,1742,San Diego,2016 Q2 Court,3380,NA,599,1201,153,187,NA,132,427,195,San Diego,Bonnie Dumanis,0,NA,NA,NA,0,,2140,27.990654,56.121495,8.738318,7.149533
San Diego_2016 Q3 Court,1743,San Diego,2016 Q3 Court,3334,NA,617,1223,154,134,NA,116,412,172,San Diego,Bonnie Dumanis,0,NA,NA,NA,0,,2128,28.994361,57.471805,6.296992,7.236842
San Diego_2016 Q4 Court,1744,San Diego,2016 Q4 Court,2963,NA,532,1064,113,152,NA,122,434,172,San Diego,Bonnie Dumanis,0,NA,NA,NA,0,,1861,28.586781,57.173563,8.167652,6.072004
San Diego_2017 Q1 Court,1745,San Diego,2017 Q1 Court,3149,NA,662,1431,118,144,NA,153,572,182,San Diego,Summer Stephan,0,1,1,1,0,Appointed to Replace,2355,28.110403,60.764331,6.11465,5.010616
San Diego_2017 Q2 Court,1746,San Diego,2017 Q2 Court,3138,NA,628,1465,153,135,NA,161,495,198,San Diego,Summer Stephan,0,1,1,1,0,,2381,26.375472,61.528769,5.669887,6.425871
San Diego_2017 Q3 Court,1747,San Diego,2017 Q3 Court,3190,NA,605,1172,178,143,NA,149,484,221,San Diego,Summer Stephan,0,1,1,1,0,,2098,28.836988,55.862726,6.816015,8.484271
San Diego_2017 Q4 Court,1748,San Diego,2017 Q4 Court,2784,NA,544,1132,140,121,NA,125,443,242,San Diego,Summer Stephan,0,1,1,1,0,,1937,28.084667,58.440888,6.246773,7.227672
San Diego_2018 Q1 Court,1749,San Diego,2018 Q1 Court,3028,NA,597,1288,190,113,NA,147,525,216,San Diego,Summer Stephan,0,1,1,1,0,,2188,27.285192,58.866545,5.164534,8.683729
San Diego_2018 Q2 Court,1750,San Diego,2018 Q2 Court,3198,NA,575,1342,267,96,NA,160,464,212,San Diego,Summer Stephan,0,1,1,1,0,,2280,25.219298,58.859649,4.210526,11.710526
San Diego_2018 Q3 Court,1751,San Diego,2018 Q3 Court,3402,NA,583,1230,207,124,NA,146,482,182,San Diego,Summer Stephan,0,1,1,1,1,,2144,27.192164,57.369403,5.783582,9.654851
San Diego_2018 Q4 Court,1752,San Diego,2018 Q4 Court,3118,NA,553,1264,194,104,NA,135,430,195,San Diego,Summer Stephan,0,1,1,1,1,,2115,26.146572,59.763593,4.917258,9.172577
San Diego_2019 Q1 Court,1753,San Diego,2019 Q1 Court,3398,NA,637,1237,193,95,NA,140,445,206,San Diego,Summer Stephan,0,1,1,0,0,,2162,29.46346,57.215541,4.39408,8.92692
San Diego_2019 Q2 Court,1754,San Diego,2019 Q2 Court,3430,NA,NA,NA,NA,NA,NA,NA,NA,NA,San Diego,Summer Stephan,0,1,1,0,0,,,,,,
San Diego_2019 Q3 Court,1755,San Diego,2019 Q3 Court,3387,NA,NA,NA,NA,NA,NA,NA,NA,NA,San Diego,Summer Stephan,0,1,1,0,0,,,,,,
San Diego_2019 Q4 Court,1756,San Diego,2019 Q4 Court,2988,NA,NA,NA,NA,NA,NA,NA,NA,NA,San Diego,Summer Stephan,0,1,1,0,0,,,,,,
San Diego_2020 Q1 Court,1757,San Diego,2020 Q1 Court,2724,NA,NA,NA,NA,NA,NA,NA,391,172,San Diego,Summer Stephan,0,1,1,0,0,,,,,,
San Diego_2020 Q2 Court,1758,San Diego,2020 Q2 Court,1826,NA,NA,NA,NA,NA,NA,NA,15,21,San Diego,Summer Stephan,0,1,1,0,0,,,,,,
San Diego_2020 Q3 Court,1759,San Diego,2020 Q3 Court,3112,NA,NA,NA,NA,NA,NA,NA,184,150,San Diego,Summer Stephan,0,1,1,0,0,,,,,,
San Diego_2020 Q4 Court,1760,San Diego,2020 Q4 Court,3070,NA,NA,NA,NA,NA,NA,NA,113,97,San Diego,Summer Stephan,0,1,1,0,0,,,,,,
San Diego_2021 Q1 Court,1761,San Diego,2021 Q1 Court,3530,NA,301,1063,50,46,NA,68,105,85,San Diego,Summer Stephan,0,1,1,0,0,,1460,20.616438,72.808219,3.150685,3.424658
San Diego_2021 Q2 Court,1762,San Diego,2021 Q2 Court,3347,NA,404,1313,54,51,NA,85,152,94,San Diego,Summer Stephan,0,1,1,0,0,,1822,22.173436,72.063666,2.799122,2.963776
San Diego_2021 Q3 Court,1763,San Diego,2021 Q3 Court,3329,NA,519,1351,64,44,NA,56,161,100,San Diego,Summer Stephan,0,1,1,0,0,,1978,26.238625,68.301314,2.224469,3.235592
San Diego_2021 Q4 Court,1764,San Diego,2021 Q4 Court,3266,NA,521,1318,58,48,NA,43,188,79,San Diego,Summer Stephan,0,1,1,0,0,,1945,26.786632,67.763496,2.467866,2.982005
San Diego_2022 Q1 Court,1765,San Diego,2022 Q1 Court,3469,NA,634,1437,86,59,NA,62,187,90,San Diego,Summer Stephan,0,1,1,0,0,,2216,28.610108,64.84657,2.662455,3.880866
San Diego_2022 Q2 Court,1766,San Diego,2022 Q2 Court,3246,NA,734,1584,103,71,NA,48,200,81,San Diego,Summer Stephan,0,1,1,0,0,,2492,29.454254,63.563403,2.849117,4.133226
San Diego_2022 Q3 Court,1767,San Diego,2022 Q3 Court,3147,NA,601,1398,83,56,NA,57,292,108,San Diego,Summer Stephan,0,1,1,0,1,,2138,28.110384,65.388213,2.61927,3.882133
San Diego_2022 Q4 Court,1768,San Diego,2022 Q4 Court,2848,NA,546,1248,61,49,NA,47,378,103,San Diego,Summer Stephan,0,1,1,0,1,,1904,28.676471,65.546218,2.573529,3.203782
San Diego_2023 Q1 Court,1769,San Diego,2023 Q1 Court,3003,NA,641,1239,61,46,NA,64,411,115,San Diego,Summer Stephan,0,NA,NA,NA,0,,1987,32.259688,62.35531,2.315048,3.069955
San Diego_2023 Q2 Court,1770,San Diego,2023 Q2 Court,3103,NA,608,1264,58,44,NA,52,413,117,,,,,,,,,1974,30.800405,64.032421,2.228977,2.938197
San Diego_2023 Q3 Court,1771,San Diego,2023 Q3 Court,3390,NA,603,1328,63,49,NA,50,407,138,,,,,,,,,2043,29.515419,65.002447,2.398434,3.0837
San Diego_2023 Q4 Court,1772,San Diego,2023 Q4 Court,2984,NA,585,1227,49,35,NA,51,410,145,,,,,,,,,1896,30.85443,64.71519,1.845992,2.584388
San Diego_2024 Q1 Court,1773,San Diego,2024 Q1 Court,3293,NA,586,1201,91,33,NA,40,412,149,,,,,,,,,1911,30.664574,62.846677,1.726845,4.761905
San Diego_2024 Q2 Court,1774,San Diego,2024 Q2 Court,3397,NA,567,1139,95,38,NA,51,437,166,,,,,,,,,1839,30.831974,61.935835,2.06634,5.165851
San Diego_2024 Q3 Court,1775,San Diego,2024 Q3 Court,3061,NA,588,1156,107,38,NA,49,409,168,,,,,,,,,1889,31.127581,61.1964,2.011646,5.664373
San Diego_2024 Q4 Court,1776,San Diego,2024 Q4 Court,2982,NA,485,997,100,30,NA,41,401,221,,,,,,,,,1612,30.086849,61.848635,1.861042,6.203474
San Francisco_2013 Q1 Court,1777,San Francisco,2013 Q1 Court,1172,NA,NA,NA,NA,NA,516,NA,65,NA,San Francisco,George Gascon,1,1,1,0,0,,,,,,
San Francisco_2013 Q2 Court,1778,San Francisco,2013 Q2 Court,1059,NA,NA,NA,NA,NA,652,39,71,NA,San Francisco,George Gascon,1,1,1,0,0,,,,,,
San Francisco_2013 Q3 Court,1779,San Francisco,2013 Q3 Court,1086,NA,73,252,NA,NA,619,38,69,59,San Francisco,George Gascon,1,1,1,0,0,,,,,,
San Francisco_2013 Q4 Court,1780,San Francisco,2013 Q4 Court,965,NA,75,273,9,21,597,32,81,129,San Francisco,George Gascon,1,1,1,0,0,,378,19.84127,72.222222,5.555556,2.380952
San Francisco_2014 Q1 Court,1781,San Francisco,2014 Q1 Court,1036,NA,53,212,6,24,508,43,81,143,San Francisco,George Gascon,1,1,1,0,0,,295,17.966102,71.864407,8.135593,2.033898
San Francisco_2014 Q2 Court,1782,San Francisco,2014 Q2 Court,1079,NA,62,240,1,16,469,45,62,106,San Francisco,George Gascon,1,1,1,0,0,,319,19.435737,75.23511,5.015674,0.31348
San Francisco_2014 Q3 Court,1783,San Francisco,2014 Q3 Court,1108,NA,48,263,2,19,460,46,55,121,San Francisco,George Gascon,1,1,1,0,0,,332,14.457831,79.216867,5.722892,0.60241
San Francisco_2014 Q4 Court,1784,San Francisco,2014 Q4 Court,872,NA,41,248,4,19,386,40,44,35,San Francisco,George Gascon,1,1,1,0,0,,312,13.141026,79.487179,6.089744,1.282051
San Francisco_2015 Q1 Court,1785,San Francisco,2015 Q1 Court,908,0,74,184,1,13,385,30,45,41,San Francisco,George Gascon,1,1,1,0,0,,272,27.205882,67.647059,4.779412,0.367647
San Francisco_2015 Q2 Court,1786,San Francisco,2015 Q2 Court,858,NA,50,189,2,23,373,33,46,25,San Francisco,George Gascon,1,1,1,0,0,,264,18.939394,71.590909,8.712121,0.757576
San Francisco_2015 Q3 Court,1787,San Francisco,2015 Q3 Court,931,NA,43,238,6,13,345,32,61,20,San Francisco,George Gascon,1,1,1,0,1,,300,14.333333,79.333333,4.333333,2.0
San Francisco_2015 Q4 Court,1788,San Francisco,2015 Q4 Court,896,0,44,204,3,15,423,33,36,12,San Francisco,George Gascon,1,1,1,0,1,,266,16.541353,76.691729,5.639098,1.12782
San Francisco_2016 Q1 Court,1789,San Francisco,2016 Q1 Court,971,0,54,227,8,17,442,36,31,11,San Francisco,George Gascon,1,0,NA,NA,0,,306,17.647059,74.183007,5.555556,2.614379
San Francisco_2016 Q2 Court,1790,San Francisco,2016 Q2 Court,1004,0,57,218,2,15,445,22,40,18,San Francisco,George Gascon,1,0,NA,NA,0,,292,19.520548,74.657534,5.136986,0.684932
San Francisco_2016 Q3 Court,1791,San Francisco,2016 Q3 Court,1064,0,58,237,3,16,486,23,42,14,San Francisco,George Gascon,1,0,NA,NA,0,,314,18.471338,75.477707,5.095541,0.955414
San Francisco_2016 Q4 Court,1792,San Francisco,2016 Q4 Court,1001,0,63,201,4,16,385,26,37,28,San Francisco,George Gascon,1,0,NA,NA,0,,284,22.183099,70.774648,5.633803,1.408451
San Francisco_2017 Q1 Court,1793,San Francisco,2017 Q1 Court,933,267,56,252,8,18,382,26,37,22,San Francisco,George Gascon,1,0,NA,NA,0,,334,16.766467,75.449102,5.389222,2.39521
San Francisco_2017 Q2 Court,1794,San Francisco,2017 Q2 Court,1028,292,85,170,3,14,412,34,31,33,San Francisco,George Gascon,1,0,NA,NA,0,,272,31.25,62.5,5.147059,1.102941
San Francisco_2017 Q3 Court,1795,San Francisco,2017 Q3 Court,1017,335,51,168,3,21,360,22,33,25,San Francisco,George Gascon,1,0,NA,NA,0,,243,20.987654,69.135802,8.641975,1.234568
San Francisco_2017 Q4 Court,1796,San Francisco,2017 Q4 Court,1023,333,62,182,3,15,379,23,53,30,San Francisco,George Gascon,1,0,NA,NA,0,,262,23.664122,69.465649,5.725191,1.145038
San Francisco_2018 Q1 Court,1797,San Francisco,2018 Q1 Court,1147,453,295,155,4,11,429,29,73,44,San Francisco,George Gascon,1,0,NA,NA,0,,465,63.44086,33.333333,2.365591,0.860215
San Francisco_2018 Q2 Court,1798,San Francisco,2018 Q2 Court,1278,613,75,168,11,18,381,30,59,31,San Francisco,George Gascon,1,0,NA,NA,0,,272,27.573529,61.764706,6.617647,4.044118
San Francisco_2018 Q3 Court,1799,San Francisco,2018 Q3 Court,1250,627,64,211,9,20,386,31,59,38,San Francisco,George Gascon,1,0,NA,NA,0,,304,21.052632,69.407895,6.578947,2.960526
San Francisco_2018 Q4 Court,1800,San Francisco,2018 Q4 Court,1243,569,69,233,12,24,385,43,42,54,San Francisco,George Gascon,1,0,NA,NA,0,,338,20.414201,68.934911,7.100592,3.550296
San Francisco_2019 Q1 Court,1801,San Francisco,2019 Q1 Court,1265,554,83,279,17,16,458,45,60,42,San Francisco,George Gascon,1,0,NA,1,0,,395,21.012658,70.632911,4.050633,4.303797
San Francisco_2019 Q2 Court,1802,San Francisco,2019 Q2 Court,1141,596,86,216,5,16,410,42,61,44,San Francisco,George Gascon,1,0,NA,1,0,,323,26.625387,66.873065,4.95356,1.547988
San Francisco_2019 Q3 Court,1803,San Francisco,2019 Q3 Court,1155,592,68,191,12,12,440,50,57,43,San Francisco,George Gascon,1,0,NA,1,1,,283,24.028269,67.491166,4.240283,4.240283
San Francisco_2019 Q4 Court,1804,San Francisco,2019 Q4 Court,1091,577,71,170,5,15,443,38,62,53,San Francisco,George Gascon,1,0,NA,1,1,,261,27.203065,65.1341,5.747126,1.915709
San Francisco_2020 Q1 Court,1805,San Francisco,2020 Q1 Court,820,458,68,152,5,13,377,36,47,65,San Francisco,Chesa Boudin,1,NA,NA,NA,0,,238,28.571429,63.865546,5.462185,2.10084
San Francisco_2020 Q2 Court,1806,San Francisco,2020 Q2 Court,733,375,60,108,5,4,249,46,48,43,San Francisco,Chesa Boudin,1,NA,NA,NA,0,,177,33.898305,61.016949,2.259887,2.824859
San Francisco_2020 Q3 Court,1807,San Francisco,2020 Q3 Court,897,597,62,102,5,8,774,38,45,47,San Francisco,Chesa Boudin,1,NA,NA,NA,0,,177,35.028249,57.627119,4.519774,2.824859
San Francisco_2020 Q4 Court,1808,San Francisco,2020 Q4 Court,687,468,40,93,2,2,189,20,42,48,San Francisco,Chesa Boudin,1,NA,NA,NA,0,,137,29.19708,67.883212,1.459854,1.459854
San Francisco_2021 Q1 Court,1809,San Francisco,2021 Q1 Court,850,497,22,73,4,1,267,28,65,43,San Francisco,Chesa Boudin,1,NA,NA,NA,0,,100,22.0,73.0,1.0,4.0
San Francisco_2021 Q2 Court,1810,San Francisco,2021 Q2 Court,799,628,40,92,0,5,209,18,43,51,San Francisco,Chesa Boudin,1,NA,NA,NA,0,,137,29.19708,67.153285,3.649635,0.0
San Francisco_2021 Q3 Court,1811,San Francisco,2021 Q3 Court,913,711,38,91,4,11,205,17,61,67,San Francisco,Chesa Boudin,1,NA,NA,NA,0,,144,26.388889,63.194444,7.638889,2.777778
San Francisco_2021 Q4 Court,1812,San Francisco,2021 Q4 Court,682,685,36,76,2,1,216,8,41,68,San Francisco,Chesa Boudin,1,NA,NA,NA,0,,115,31.304348,66.086957,0.869565,1.73913
San Francisco_2022 Q1 Court,1813,San Francisco,2022 Q1 Court,759,637,33,83,3,6,172,1,42,72,San Francisco,Chesa Boudin,1,NA,NA,NA,0,,125,26.4,66.4,4.8,2.4
San Francisco_2022 Q2 Court,1814,San Francisco,2022 Q2 Court,790,NA,NA,NA,NA,NA,NA,NA,NA,NA,San Francisco,Brooke Jenkins,1,1,1,1,0,Boudin was recalled in July 2022,,,,,
San Francisco_2022 Q3 Court,1815,San Francisco,2022 Q3 Court,898,NA,NA,NA,NA,NA,NA,NA,NA,NA,San Francisco,Brooke Jenkins,1,1,1,1,1,,,,,,
San Francisco_2022 Q4 Court,1816,San Francisco,2022 Q4 Court,871,NA,NA,NA,NA,NA,NA,NA,NA,NA,San Francisco,Brooke Jenkins,1,1,1,1,1,,,,,,
San Francisco_2023 Q1 Court,1817,San Francisco,2023 Q1 Court,863,NA,NA,NA,NA,NA,NA,NA,83,38,,,,,,,,,,,,,
San Francisco_2023 Q2 Court,1818,San Francisco,2023 Q2 Court,851,NA,NA,NA,NA,NA,NA,NA,52,71,,,,,,,,,,,,,
San Francisco_2023 Q3 Court,1819,San Francisco,2023 Q3 Court,1003,NA,NA,NA,NA,NA,NA,NA,48,59,,,,,,,,,,,,,
San Francisco_2023 Q4 Court,1820,San Francisco,2023 Q4 Court,892,NA,NA,NA,NA,NA,NA,NA,42,50,,,,,,,,,,,,,
San Francisco_2024 Q1 Court,1821,San Francisco,2024 Q1 Court,851,NA,NA,NA,NA,NA,268,NA,42,60,,,,,,,,,,,,,
San Francisco_2024 Q2 Court,1822,San Francisco,2024 Q2 Court,969,NA,NA,NA,NA,NA,293,NA,41,60,,,,,,,,,,,,,
San Francisco_2024 Q3 Court,1823,San Francisco,2024 Q3 Court,1028,NA,NA,NA,NA,NA,292,NA,42,65,,,,,,,,,,,,,
San Francisco_2024 Q4 Court,1824,San Francisco,2024 Q4 Court,526,NA,NA,NA,NA,NA,294,NA,34,66,,,,,,,,,,,,,
San Joaquin_2013 Q1 Court,1825,San Joaquin,2013 Q1 Court,1971,NA,263,NA,20,69,268,34,170,NA,San Joaquin,Jim Willett,0,0,NA,NA,0,https://www.sjgov.org/department/rov/results/statement-of-votes-cast,,,,,
San Joaquin_2013 Q2 Court,1826,San Joaquin,2013 Q2 Court,2007,NA,190,217,11,43,165,23,146,NA,San Joaquin,Jim Willett,0,0,NA,NA,0,,461,41.214751,47.071584,9.327549,2.386117
San Joaquin_2013 Q3 Court,1827,San Joaquin,2013 Q3 Court,1967,NA,251,279,9,72,266,58,178,79,San Joaquin,Jim Willett,0,0,NA,NA,0,,611,41.080196,45.662848,11.783961,1.472995
San Joaquin_2013 Q4 Court,1828,San Joaquin,2013 Q4 Court,1792,23,229,277,13,63,191,95,166,16,San Joaquin,Jim Willett,0,0,NA,NA,0,,582,39.347079,47.594502,10.824742,2.233677
San Joaquin_2014 Q1 Court,1829,San Joaquin,2014 Q1 Court,1717,44,266,226,6,64,102,85,185,19,San Joaquin,Jim Willett,0,0,NA,1,0,,562,47.330961,40.213523,11.3879,1.067616
San Joaquin_2014 Q2 Court,1830,San Joaquin,2014 Q2 Court,1947,38,216,267,19,58,69,82,192,60,San Joaquin,Jim Willett,0,0,NA,1,0,,560,38.571429,47.678571,10.357143,3.392857
San Joaquin_2014 Q3 Court,1831,San Joaquin,2014 Q3 Court,1582,139,212,319,12,50,79,73,178,46,San Joaquin,Jim Willett,0,0,NA,1,1,,593,35.750422,53.794266,8.431703,2.023609
San Joaquin_2014 Q4 Court,1832,San Joaquin,2014 Q4 Court,1328,114,227,83,12,41,41,58,188,39,San Joaquin,Jim Willett,0,0,NA,1,1,,363,62.534435,22.865014,11.294766,3.305785
San Joaquin_2015 Q1 Court,1833,San Joaquin,2015 Q1 Court,1165,80,191,74,7,42,41,66,182,32,San Joaquin,Tori Verber Salazar,1,1,1,0,0,,314,60.828025,23.566879,13.375796,2.229299
San Joaquin_2015 Q2 Court,1834,San Joaquin,2015 Q2 Court,1262,139,226,117,6,32,174,83,184,35,San Joaquin,Tori Verber Salazar,1,1,1,0,0,,381,59.317585,30.708661,8.39895,1.574803
San Joaquin_2015 Q3 Court,1835,San Joaquin,2015 Q3 Court,1306,133,228,77,19,22,215,65,184,39,San Joaquin,Tori Verber Salazar,1,1,1,0,0,,346,65.895954,22.254335,6.358382,5.491329
San Joaquin_2015 Q4 Court,1836,San Joaquin,2015 Q4 Court,1256,117,215,89,11,32,143,71,183,35,San Joaquin,Tori Verber Salazar,1,1,1,0,0,,347,61.959654,25.648415,9.221902,3.170029
San Joaquin_2016 Q1 Court,1837,San Joaquin,2016 Q1 Court,1108,198,278,472,1,31,283,88,147,34,San Joaquin,Tori Verber Salazar,1,1,1,0,0,,782,35.549872,60.358056,3.964194,0.127877
San Joaquin_2016 Q2 Court,1838,San Joaquin,2016 Q2 Court,1246,193,235,606,2,25,535,62,146,38,San Joaquin,Tori Verber Salazar,1,1,1,0,0,,868,27.073733,69.815668,2.880184,0.230415
San Joaquin_2016 Q3 Court,1839,San Joaquin,2016 Q3 Court,1222,129,108,218,0,7,158,6,87,21,San Joaquin,Tori Verber Salazar,1,1,1,0,0,,333,32.432432,65.465465,2.102102,0.0
San Joaquin_2016 Q4 Court,1840,San Joaquin,2016 Q4 Court,924,143,198,431,4,33,360,8,168,37,San Joaquin,Tori Verber Salazar,1,1,1,0,0,,666,29.72973,64.714715,4.954955,0.600601
San Joaquin_2017 Q1 Court,1841,San Joaquin,2017 Q1 Court,1196,150,234,430,3,25,331,16,161,34,San Joaquin,Tori Verber Salazar,1,1,1,0,0,,692,33.815029,62.138728,3.612717,0.433526
San Joaquin_2017 Q2 Court,1842,San Joaquin,2017 Q2 Court,1342,167,226,465,2,NA,NA,9,163,55,San Joaquin,Tori Verber Salazar,1,1,1,0,0,,,,,,
San Joaquin_2017 Q3 Court,1843,San Joaquin,2017 Q3 Court,1261,136,228,460,3,NA,NA,NA,127,44,San Joaquin,Tori Verber Salazar,1,1,1,0,0,,,,,,
San Joaquin_2017 Q4 Court,1844,San Joaquin,2017 Q4 Court,1187,186,208,399,1,NA,NA,17,82,35,San Joaquin,Tori Verber Salazar,1,1,1,0,0,,,,,,
San Joaquin_2018 Q1 Court,1845,San Joaquin,2018 Q1 Court,1100,119,282,422,4,30,493,17,112,37,San Joaquin,Tori Verber Salazar,1,1,1,0,0,,738,38.211382,57.181572,4.065041,0.542005
San Joaquin_2018 Q2 Court,1846,San Joaquin,2018 Q2 Court,1141,187,247,440,2,26,0,0,126,35,San Joaquin,Tori Verber Salazar,1,1,1,0,0,,715,34.545455,61.538462,3.636364,0.27972
San Joaquin_2018 Q3 Court,1847,San Joaquin,2018 Q3 Court,1327,160,236,455,10,40,495,24,44,30,San Joaquin,Tori Verber Salazar,1,1,1,0,1,,741,31.848853,61.403509,5.398111,1.349528
San Joaquin_2018 Q4 Court,1848,San Joaquin,2018 Q4 Court,1283,205,215,382,7,20,499,35,62,41,San Joaquin,Tori Verber Salazar,1,1,1,0,1,,624,34.455128,61.217949,3.205128,1.121795
San Joaquin_2019 Q1 Court,1849,San Joaquin,2019 Q1 Court,1300,207,284,444,17,34,634,23,69,47,San Joaquin,Tori Verber Salazar,1,1,1,0,0,,779,36.456996,56.996149,4.36457,2.182285
San Joaquin_2019 Q2 Court,1850,San Joaquin,2019 Q2 Court,1378,201,219,474,10,39,632,23,47,43,San Joaquin,Tori Verber Salazar,1,1,1,0,0,,742,29.514825,63.881402,5.256065,1.347709
San Joaquin_2019 Q3 Court,1851,San Joaquin,2019 Q3 Court,1156,205,249,431,6,33,678,39,59,35,San Joaquin,Tori Verber Salazar,1,1,1,0,0,,719,34.631433,59.944367,4.589708,0.834492
San Joaquin_2019 Q4 Court,1852,San Joaquin,2019 Q4 Court,994,228,207,402,5,23,574,31,49,33,San Joaquin,Tori Verber Salazar,1,1,1,0,0,,637,32.496075,63.10832,3.610675,0.784929
San Joaquin_2020 Q1 Court,1853,San Joaquin,2020 Q1 Court,955,189,203,436,6,23,569,18,40,25,San Joaquin,Tori Verber Salazar,1,1,1,0,0,,668,30.389222,65.269461,3.443114,0.898204
San Joaquin_2020 Q2 Court,1854,San Joaquin,2020 Q2 Court,945,113,102,233,1,6,432,14,27,19,San Joaquin,Tori Verber Salazar,1,1,1,0,0,,342,29.824561,68.128655,1.754386,0.292398
San Joaquin_2020 Q3 Court,1855,San Joaquin,2020 Q3 Court,1632,435,285,466,7,28,578,29,71,111,San Joaquin,Tori Verber Salazar,1,1,1,0,0,,786,36.259542,59.287532,3.562341,0.890585
San Joaquin_2020 Q4 Court,1856,San Joaquin,2020 Q4 Court,1204,276,235,490,6,29,562,39,47,30,San Joaquin,Tori Verber Salazar,1,1,1,0,0,,760,30.921053,64.473684,3.815789,0.789474
San Joaquin_2021 Q1 Court,1857,San Joaquin,2021 Q1 Court,1157,242,270,378,3,19,768,28,23,41,San Joaquin,Tori Verber Salazar,1,1,1,0,0,,670,40.298507,56.41791,2.835821,0.447761
San Joaquin_2021 Q2 Court,1858,San Joaquin,2021 Q2 Court,1224,276,238,395,8,24,445,49,43,31,San Joaquin,Tori Verber Salazar,1,1,1,0,0,,665,35.789474,59.398496,3.609023,1.203008
San Joaquin_2021 Q3 Court,1859,San Joaquin,2021 Q3 Court,1212,271,201,414,3,19,581,33,49,44,San Joaquin,Tori Verber Salazar,1,1,1,0,0,,637,31.55416,64.992151,2.982732,0.470958
San Joaquin_2021 Q4 Court,1860,San Joaquin,2021 Q4 Court,1105,287,258,430,8,31,455,24,37,36,San Joaquin,Tori Verber Salazar,1,1,1,0,0,,727,35.488308,59.14718,4.264099,1.100413
San Joaquin_2022 Q1 Court,1861,San Joaquin,2022 Q1 Court,1129,237,263,467,4,20,494,18,67,37,San Joaquin,Tori Verber Salazar,1,1,1,0,0,,754,34.880637,61.93634,2.65252,0.530504
San Joaquin_2022 Q2 Court,1862,San Joaquin,2022 Q2 Court,1192,210,251,444,4,25,550,16,47,25,San Joaquin,Tori Verber Salazar,1,1,1,0,0,,724,34.668508,61.325967,3.453039,0.552486
San Joaquin_2022 Q3 Court,1863,San Joaquin,2022 Q3 Court,1208,250,258,385,8,27,484,18,36,30,San Joaquin,Tori Verber Salazar,1,1,1,0,1,,678,38.053097,56.784661,3.982301,1.179941
San Joaquin_2022 Q4 Court,1864,San Joaquin,2022 Q4 Court,1139,274,181,333,9,21,438,29,41,43,San Joaquin,Tori Verber Salazar,1,1,1,0,1,,544,33.272059,61.213235,3.860294,1.654412
San Joaquin_2023 Q1 Court,1865,San Joaquin,2023 Q1 Court,1194,202,221,441,9,31,484,21,43,31,,,,,,,,,702,31.481481,62.820513,4.415954,1.282051
San Joaquin_2023 Q2 Court,1866,San Joaquin,2023 Q2 Court,1224,226,236,424,8,39,505,34,36,46,,,,,,,,,707,33.380481,59.971711,5.516266,1.131542
San Joaquin_2023 Q3 Court,1867,San Joaquin,2023 Q3 Court,1364,277,231,442,7,29,448,21,44,46,,,,,,,,,709,32.5811,62.341326,4.090268,0.987306
San Joaquin_2023 Q4 Court,1868,San Joaquin,2023 Q4 Court,1417,273,224,421,5,41,484,19,52,44,,,,,,,,,691,32.416787,60.926194,5.93343,0.723589
San Joaquin_2024 Q1 Court,1869,San Joaquin,2024 Q1 Court,1448,306,239,467,10,28,489,27,59,43,,,,,,,,,744,32.123656,62.768817,3.763441,1.344086
San Joaquin_2024 Q2 Court,1870,San Joaquin,2024 Q2 Court,1388,308,219,493,5,35,495,24,62,49,,,,,,,,,752,29.12234,65.558511,4.654255,0.664894
San Joaquin_2024 Q3 Court,1871,San Joaquin,2024 Q3 Court,1350,309,237,449,9,37,502,38,65,22,,,,,,,,,732,32.377049,61.338798,5.054645,1.229508
San Joaquin_2024 Q4 Court,1872,San Joaquin,2024 Q4 Court,1247,265,212,451,6,25,468,25,45,28,,,,,,,,,694,30.54755,64.985591,3.602305,0.864553
San Luis Obispo_2013 Q1 Court,1873,San Luis Obispo,2013 Q1 Court,645,84,83,237,34,12,582,1,36,NA,San Luis Obispo,Gerald T. Shea,0,0,NA,NA,0,,366,22.677596,64.754098,3.278689,9.289617
San Luis Obispo_2013 Q2 Court,1874,San Luis Obispo,2013 Q2 Court,615,131,57,249,30,12,634,1,31,NA,San Luis Obispo,Gerald T. Shea,0,0,NA,NA,0,,348,16.37931,71.551724,3.448276,8.62069
San Luis Obispo_2013 Q3 Court,1875,San Luis Obispo,2013 Q3 Court,647,96,46,244,60,14,613,1,49,10,San Luis Obispo,Gerald T. Shea,0,0,NA,NA,0,,364,12.637363,67.032967,3.846154,16.483516
San Luis Obispo_2013 Q4 Court,1876,San Luis Obispo,2013 Q4 Court,635,65,48,203,27,12,584,0,44,31,San Luis Obispo,Gerald T. Shea,0,0,NA,NA,0,,290,16.551724,70.0,4.137931,9.310345
San Luis Obispo_2014 Q1 Court,1877,San Luis Obispo,2014 Q1 Court,550,NA,NA,NA,NA,NA,NA,NA,41,30,San Luis Obispo,Gerald T. Shea,0,0,NA,1,0,,,,,,
San Luis Obispo_2014 Q2 Court,1878,San Luis Obispo,2014 Q2 Court,635,NA,NA,NA,NA,NA,NA,NA,43,26,San Luis Obispo,Gerald T. Shea,0,0,NA,1,0,,,,,,
San Luis Obispo_2014 Q3 Court,1879,San Luis Obispo,2014 Q3 Court,697,NA,NA,NA,NA,NA,NA,NA,36,29,San Luis Obispo,Gerald T. Shea,0,0,NA,1,1,,,,,,
San Luis Obispo_2014 Q4 Court,1880,San Luis Obispo,2014 Q4 Court,467,NA,NA,NA,NA,NA,NA,NA,32,30,San Luis Obispo,Gerald T. Shea,0,0,NA,1,1,,,,,,
San Luis Obispo_2015 Q1 Court,1881,San Luis Obispo,2015 Q1 Court,369,NA,NA,NA,NA,NA,NA,NA,40,29,San Luis Obispo,Dan Dow,0,1,1,1,0,,,,,,
San Luis Obispo_2015 Q2 Court,1882,San Luis Obispo,2015 Q2 Court,459,NA,NA,NA,NA,NA,NA,NA,34,41,San Luis Obispo,Dan Dow,0,1,1,1,0,,,,,,
San Luis Obispo_2015 Q3 Court,1883,San Luis Obispo,2015 Q3 Court,403,NA,NA,NA,NA,NA,NA,NA,47,52,San Luis Obispo,Dan Dow,0,1,1,1,0,,,,,,
San Luis Obispo_2015 Q4 Court,1884,San Luis Obispo,2015 Q4 Court,340,NA,NA,NA,NA,NA,NA,NA,32,52,San Luis Obispo,Dan Dow,0,1,1,1,0,,,,,,
San Luis Obispo_2016 Q1 Court,1885,San Luis Obispo,2016 Q1 Court,372,NA,NA,NA,NA,NA,NA,NA,23,32,San Luis Obispo,Dan Dow,0,1,1,1,0,,,,,,
San Luis Obispo_2016 Q2 Court,1886,San Luis Obispo,2016 Q2 Court,426,NA,NA,NA,NA,NA,NA,NA,47,42,San Luis Obispo,Dan Dow,0,1,1,1,0,,,,,,
San Luis Obispo_2016 Q3 Court,1887,San Luis Obispo,2016 Q3 Court,407,NA,NA,NA,NA,NA,NA,NA,49,52,San Luis Obispo,Dan Dow,0,1,1,1,0,,,,,,
San Luis Obispo_2016 Q4 Court,1888,San Luis Obispo,2016 Q4 Court,365,NA,NA,NA,NA,NA,NA,NA,55,45,San Luis Obispo,Dan Dow,0,1,1,1,0,,,,,,
San Luis Obispo_2017 Q1 Court,1889,San Luis Obispo,2017 Q1 Court,379,NA,NA,NA,NA,NA,NA,NA,45,54,San Luis Obispo,Dan Dow,0,1,1,1,0,,,,,,
San Luis Obispo_2017 Q2 Court,1890,San Luis Obispo,2017 Q2 Court,439,NA,NA,NA,NA,NA,NA,NA,57,53,San Luis Obispo,Dan Dow,0,1,1,1,0,,,,,,
San Luis Obispo_2017 Q3 Court,1891,San Luis Obispo,2017 Q3 Court,398,NA,NA,NA,NA,NA,NA,NA,52,62,San Luis Obispo,Dan Dow,0,1,1,1,0,,,,,,
San Luis Obispo_2017 Q4 Court,1892,San Luis Obispo,2017 Q4 Court,414,NA,NA,NA,NA,NA,NA,NA,43,50,San Luis Obispo,Dan Dow,0,1,1,1,0,,,,,,
San Luis Obispo_2018 Q1 Court,1893,San Luis Obispo,2018 Q1 Court,373,NA,NA,NA,NA,NA,NA,NA,54,73,San Luis Obispo,Dan Dow,0,1,1,1,0,,,,,,
San Luis Obispo_2018 Q2 Court,1894,San Luis Obispo,2018 Q2 Court,374,NA,NA,NA,NA,NA,NA,NA,71,78,San Luis Obispo,Dan Dow,0,1,1,1,0,,,,,,
San Luis Obispo_2018 Q3 Court,1895,San Luis Obispo,2018 Q3 Court,373,NA,NA,NA,NA,NA,NA,NA,57,70,San Luis Obispo,Dan Dow,0,1,1,1,1,,,,,,
San Luis Obispo_2018 Q4 Court,1896,San Luis Obispo,2018 Q4 Court,382,NA,NA,NA,NA,NA,NA,NA,72,43,San Luis Obispo,Dan Dow,0,1,1,1,1,,,,,,
San Luis Obispo_2019 Q1 Court,1897,San Luis Obispo,2019 Q1 Court,343,58,109,112,17,30,1,16,67,58,San Luis Obispo,Dan Dow,0,1,1,0,0,,268,40.671642,41.791045,11.19403,6.343284
San Luis Obispo_2019 Q2 Court,1898,San Luis Obispo,2019 Q2 Court,384,59,96,110,14,13,0,7,81,53,San Luis Obispo,Dan Dow,0,1,1,0,0,,233,41.201717,47.2103,5.579399,6.008584
San Luis Obispo_2019 Q3 Court,1899,San Luis Obispo,2019 Q3 Court,364,46,99,122,19,35,0,11,68,56,San Luis Obispo,Dan Dow,0,1,1,0,0,,275,36.0,44.363636,12.727273,6.909091
San Luis Obispo_2019 Q4 Court,1900,San Luis Obispo,2019 Q4 Court,286,36,84,102,13,16,0,4,55,47,San Luis Obispo,Dan Dow,0,1,1,0,0,,215,39.069767,47.44186,7.44186,6.046512
San Luis Obispo_2020 Q1 Court,1901,San Luis Obispo,2020 Q1 Court,347,38,98,97,8,35,0,4,52,56,San Luis Obispo,Dan Dow,0,1,1,0,0,,238,41.176471,40.756303,14.705882,3.361345
San Luis Obispo_2020 Q2 Court,1902,San Luis Obispo,2020 Q2 Court,310,70,91,64,10,19,0,1,0,33,San Luis Obispo,Dan Dow,0,1,1,0,0,,184,49.456522,34.782609,10.326087,5.434783
San Luis Obispo_2020 Q3 Court,1903,San Luis Obispo,2020 Q3 Court,338,88,55,68,8,10,0,1,66,46,San Luis Obispo,Dan Dow,0,1,1,0,0,,141,39.007092,48.22695,7.092199,5.673759
San Luis Obispo_2020 Q4 Court,1904,San Luis Obispo,2020 Q4 Court,364,139,52,89,11,21,1,1,68,46,San Luis Obispo,Dan Dow,0,1,1,0,0,,173,30.057803,51.445087,12.138728,6.358382
San Luis Obispo_2021 Q1 Court,1905,San Luis Obispo,2021 Q1 Court,353,124,89,87,12,17,0,0,0,47,San Luis Obispo,Dan Dow,0,1,1,0,0,,205,43.414634,42.439024,8.292683,5.853659
San Luis Obispo_2021 Q2 Court,1906,San Luis Obispo,2021 Q2 Court,322,120,73,106,14,13,0,0,0,37,San Luis Obispo,Dan Dow,0,1,1,0,0,,206,35.436893,51.456311,6.31068,6.796117
San Luis Obispo_2021 Q3 Court,1907,San Luis Obispo,2021 Q3 Court,377,122,81,88,15,24,0,1,0,43,San Luis Obispo,Dan Dow,0,1,1,0,0,,208,38.942308,42.307692,11.538462,7.211538
San Luis Obispo_2021 Q4 Court,1908,San Luis Obispo,2021 Q4 Court,366,130,100,96,12,11,0,1,0,48,San Luis Obispo,Dan Dow,0,1,1,0,0,,219,45.6621,43.835616,5.022831,5.479452
San Luis Obispo_2022 Q1 Court,1909,San Luis Obispo,2022 Q1 Court,347,126,106,112,14,20,0,0,58,28,San Luis Obispo,Dan Dow,0,1,1,0,0,,252,42.063492,44.444444,7.936508,5.555556
San Luis Obispo_2022 Q2 Court,1910,San Luis Obispo,2022 Q2 Court,303,120,125,119,14,29,0,0,51,40,San Luis Obispo,Dan Dow,0,1,1,0,0,,287,43.554007,41.463415,10.10453,4.878049
San Luis Obispo_2022 Q3 Court,1911,San Luis Obispo,2022 Q3 Court,362,103,99,100,14,10,0,0,50,36,San Luis Obispo,Dan Dow,0,1,1,0,1,,223,44.394619,44.843049,4.484305,6.278027
San Luis Obispo_2022 Q4 Court,1912,San Luis Obispo,2022 Q4 Court,334,80,113,122,16,15,0,0,54,34,San Luis Obispo,Dan Dow,0,1,1,0,1,,266,42.481203,45.864662,5.639098,6.015038
San Luis Obispo_2023 Q1 Court,1913,San Luis Obispo,2023 Q1 Court,341,84,104,125,13,12,0,0,67,23,San Luis Obispo,Dan Dow,0,NA,NA,NA,0,,254,40.944882,49.212598,4.724409,5.11811
San Luis Obispo_2023 Q2 Court,1914,San Luis Obispo,2023 Q2 Court,436,69,99,149,10,18,0,3,53,32,,,,,,,,,276,35.869565,53.985507,6.521739,3.623188
San Luis Obispo_2023 Q3 Court,1915,San Luis Obispo,2023 Q3 Court,476,73,131,141,9,25,0,0,68,35,,,,,,,,,306,42.810458,46.078431,8.169935,2.941176
San Luis Obispo_2023 Q4 Court,1916,San Luis Obispo,2023 Q4 Court,417,85,106,154,7,21,0,0,65,32,,,,,,,,,288,36.805556,53.472222,7.291667,2.430556
San Luis Obispo_2024 Q1 Court,1917,San Luis Obispo,2024 Q1 Court,424,93,116,173,8,17,0,1,70,NA,,,,,,,,,314,36.942675,55.095541,5.414013,2.547771
San Luis Obispo_2024 Q2 Court,1918,San Luis Obispo,2024 Q2 Court,316,92,115,143,7,18,NA,2,57,49,,,,,,,,,283,40.636042,50.530035,6.360424,2.473498
San Luis Obispo_2024 Q3 Court,1919,San Luis Obispo,2024 Q3 Court,338,105,105,131,8,12,0,4,69,44,,,,,,,,,256,41.015625,51.171875,4.6875,3.125
San Luis Obispo_2024 Q4 Court,1920,San Luis Obispo,2024 Q4 Court,361,80,86,125,13,16,0,0,57,41,,,,,,,,,240,35.833333,52.083333,6.666667,5.416667
San Mateo_2013 Q1 Court,1921,San Mateo,2013 Q1 Court,851,28,99,440,62,54,205,8,15,NA,San Mateo,Stephen Wagstaffe,0,1,1,0,0,,655,15.114504,67.175573,8.244275,9.465649
San Mateo_2013 Q2 Court,1922,San Mateo,2013 Q2 Court,881,38,91,400,41,61,213,22,25,NA,San Mateo,Stephen Wagstaffe,0,1,1,0,0,,593,15.3457,67.453626,10.286678,6.913997
San Mateo_2013 Q3 Court,1923,San Mateo,2013 Q3 Court,959,52,106,403,57,35,196,19,30,12,San Mateo,Stephen Wagstaffe,0,1,1,0,0,,601,17.637271,67.054908,5.823627,9.484193
San Mateo_2013 Q4 Court,1924,San Mateo,2013 Q4 Court,852,51,103,386,61,40,188,24,21,14,San Mateo,Stephen Wagstaffe,0,1,1,0,0,,590,17.457627,65.423729,6.779661,10.338983
San Mateo_2014 Q1 Court,1925,San Mateo,2014 Q1 Court,853,34,97,435,50,24,196,33,29,20,San Mateo,Stephen Wagstaffe,0,1,1,0,0,,606,16.006601,71.782178,3.960396,8.250825
San Mateo_2014 Q2 Court,1926,San Mateo,2014 Q2 Court,918,60,70,414,47,39,198,27,29,33,San Mateo,Stephen Wagstaffe,0,1,1,0,0,,570,12.280702,72.631579,6.842105,8.245614
San Mateo_2014 Q3 Court,1927,San Mateo,2014 Q3 Court,884,52,116,389,60,40,206,33,20,34,San Mateo,Stephen Wagstaffe,0,1,1,0,1,,605,19.173554,64.297521,6.61157,9.917355
San Mateo_2014 Q4 Court,1928,San Mateo,2014 Q4 Court,572,63,84,295,44,16,159,21,24,34,San Mateo,Stephen Wagstaffe,0,1,1,0,1,,439,19.134396,67.198178,3.644647,10.022779
San Mateo_2015 Q1 Court,1929,San Mateo,2015 Q1 Court,552,74,114,260,16,42,164,24,15,17,San Mateo,Stephen Wagstaffe,0,1,1,0,0,,432,26.388889,60.185185,9.722222,3.703704
San Mateo_2015 Q2 Court,1930,San Mateo,2015 Q2 Court,573,31,100,269,16,41,164,22,20,20,San Mateo,Stephen Wagstaffe,0,1,1,0,0,,426,23.474178,63.14554,9.624413,3.755869
San Mateo_2015 Q3 Court,1931,San Mateo,2015 Q3 Court,613,67,107,285,33,47,139,19,18,28,San Mateo,Stephen Wagstaffe,0,1,1,0,0,,472,22.669492,60.381356,9.957627,6.991525
San Mateo_2015 Q4 Court,1932,San Mateo,2015 Q4 Court,601,15,27,101,4,14,169,21,24,18,San Mateo,Stephen Wagstaffe,0,1,1,0,0,,146,18.493151,69.178082,9.589041,2.739726
San Mateo_2016 Q1 Court,1933,San Mateo,2016 Q1 Court,629,388,73,224,12,34,211,23,19,27,San Mateo,Stephen Wagstaffe,0,1,1,0,0,,343,21.282799,65.306122,9.912536,3.498542
San Mateo_2016 Q2 Court,1934,San Mateo,2016 Q2 Court,823,184,95,256,28,34,270,37,36,30,San Mateo,Stephen Wagstaffe,0,1,1,0,0,,413,23.002421,61.985472,8.232446,6.779661
San Mateo_2016 Q3 Court,1935,San Mateo,2016 Q3 Court,679,230,102,271,16,30,276,23,21,27,San Mateo,Stephen Wagstaffe,0,1,1,0,0,,419,24.343675,64.677804,7.159905,3.818616
San Mateo_2016 Q4 Court,1936,San Mateo,2016 Q4 Court,614,260,108,223,11,41,255,25,27,21,San Mateo,Stephen Wagstaffe,0,1,1,0,0,,383,28.198433,58.224543,10.704961,2.872063
San Mateo_2017 Q1 Court,1937,San Mateo,2017 Q1 Court,571,206,108,295,16,15,318,51,34,33,San Mateo,Stephen Wagstaffe,0,1,1,0,0,,434,24.884793,67.97235,3.456221,3.686636
San Mateo_2017 Q2 Court,1938,San Mateo,2017 Q2 Court,648,192,91,284,21,29,243,30,33,29,San Mateo,Stephen Wagstaffe,0,1,1,0,0,,425,21.411765,66.823529,6.823529,4.941176
San Mateo_2017 Q3 Court,1939,San Mateo,2017 Q3 Court,664,254,96,274,6,14,227,45,41,39,San Mateo,Stephen Wagstaffe,0,1,1,0,0,,390,24.615385,70.25641,3.589744,1.538462
San Mateo_2017 Q4 Court,1940,San Mateo,2017 Q4 Court,652,273,97,261,18,23,266,44,44,32,San Mateo,Stephen Wagstaffe,0,1,1,0,0,,399,24.310777,65.413534,5.764411,4.511278
San Mateo_2018 Q1 Court,1941,San Mateo,2018 Q1 Court,594,367,104,311,24,26,268,52,43,43,San Mateo,Stephen Wagstaffe,0,1,1,0,0,,465,22.365591,66.88172,5.591398,5.16129
San Mateo_2018 Q2 Court,1942,San Mateo,2018 Q2 Court,584,346,110,204,18,13,293,33,44,32,San Mateo,Stephen Wagstaffe,0,1,1,0,0,,345,31.884058,59.130435,3.768116,5.217391
San Mateo_2018 Q3 Court,1943,San Mateo,2018 Q3 Court,613,308,92,213,13,12,276,30,47,34,San Mateo,Stephen Wagstaffe,0,1,1,0,1,,330,27.878788,64.545455,3.636364,3.939394
San Mateo_2018 Q4 Court,1944,San Mateo,2018 Q4 Court,620,335,92,184,11,12,302,34,65,39,San Mateo,Stephen Wagstaffe,0,1,1,0,1,,299,30.769231,61.538462,4.013378,3.67893
San Mateo_2019 Q1 Court,1945,San Mateo,2019 Q1 Court,579,316,104,245,14,12,332,6,56,36,San Mateo,Stephen Wagstaffe,0,1,1,0,0,,375,27.733333,65.333333,3.2,3.733333
San Mateo_2019 Q2 Court,1946,San Mateo,2019 Q2 Court,630,371,91,218,32,21,278,23,36,50,San Mateo,Stephen Wagstaffe,0,1,1,0,0,,362,25.138122,60.220994,5.801105,8.839779
San Mateo_2019 Q3 Court,1947,San Mateo,2019 Q3 Court,693,332,87,237,33,8,331,18,46,40,San Mateo,Stephen Wagstaffe,0,1,1,0,0,,365,23.835616,64.931507,2.191781,9.041096
San Mateo_2019 Q4 Court,1948,San Mateo,2019 Q4 Court,637,374,71,194,31,10,268,23,46,38,San Mateo,Stephen Wagstaffe,0,1,1,0,0,,306,23.202614,63.398693,3.267974,10.130719
San Mateo_2020 Q1 Court,1949,San Mateo,2020 Q1 Court,644,366,59,196,18,8,264,25,45,41,San Mateo,Stephen Wagstaffe,0,1,1,0,0,,281,20.996441,69.75089,2.846975,6.405694
San Mateo_2020 Q2 Court,1950,San Mateo,2020 Q2 Court,614,325,69,37,4,3,86,4,11,11,San Mateo,Stephen Wagstaffe,0,1,1,0,0,,113,61.061947,32.743363,2.654867,3.539823
San Mateo_2020 Q3 Court,1951,San Mateo,2020 Q3 Court,676,337,105,64,11,4,276,12,30,15,San Mateo,Stephen Wagstaffe,0,1,1,0,0,,184,57.065217,34.782609,2.173913,5.978261
San Mateo_2020 Q4 Court,1952,San Mateo,2020 Q4 Court,633,322,139,49,18,8,240,10,28,13,San Mateo,Stephen Wagstaffe,0,1,1,0,0,,214,64.953271,22.897196,3.738318,8.411215
San Mateo_2021 Q1 Court,1953,San Mateo,2021 Q1 Court,587,310,104,71,10,6,247,NA,19,14,San Mateo,Stephen Wagstaffe,0,1,1,0,0,,191,54.450262,37.172775,3.141361,5.235602
San Mateo_2021 Q2 Court,1954,San Mateo,2021 Q2 Court,659,345,152,78,16,11,230,15,26,15,San Mateo,Stephen Wagstaffe,0,1,1,0,0,,257,59.143969,30.350195,4.280156,6.225681
San Mateo_2021 Q3 Court,1955,San Mateo,2021 Q3 Court,646,351,58,174,22,13,208,6,64,20,San Mateo,Stephen Wagstaffe,0,1,1,0,0,,267,21.722846,65.168539,4.868914,8.2397
San Mateo_2021 Q4 Court,1956,San Mateo,2021 Q4 Court,556,304,67,195,10,18,210,15,27,19,San Mateo,Stephen Wagstaffe,0,1,1,0,0,,290,23.103448,67.241379,6.206897,3.448276
San Mateo_2022 Q1 Court,1957,San Mateo,2022 Q1 Court,615,322,83,220,12,6,222,21,25,11,San Mateo,Stephen Wagstaffe,0,1,1,0,0,,321,25.856698,68.535826,1.869159,3.738318
San Mateo_2022 Q2 Court,1958,San Mateo,2022 Q2 Court,641,344,93,239,17,9,238,20,50,52,San Mateo,Stephen Wagstaffe,0,1,1,0,0,,358,25.977654,66.759777,2.513966,4.748603
San Mateo_2022 Q3 Court,1959,San Mateo,2022 Q3 Court,651,350,109,257,27,10,304,20,54,101,San Mateo,Stephen Wagstaffe,0,1,1,0,1,,403,27.047146,63.771712,2.48139,6.699752
San Mateo_2022 Q4 Court,1960,San Mateo,2022 Q4 Court,659,349,124,198,27,14,239,13,34,66,San Mateo,Stephen Wagstaffe,0,1,1,0,1,,363,34.15978,54.545455,3.856749,7.438017
San Mateo_2023 Q1 Court,1961,San Mateo,2023 Q1 Court,637,345,98,258,19,8,285,18,43,21,San Mateo,Stephen Wagstaffe,0,NA,NA,NA,0,,383,25.587467,67.362924,2.088773,4.960836
San Mateo_2023 Q2 Court,1962,San Mateo,2023 Q2 Court,751,403,125,278,22,6,348,1,40,23,,,,,,,,,431,29.00232,64.50116,1.392111,5.104408
San Mateo_2023 Q3 Court,1963,San Mateo,2023 Q3 Court,742,402,97,292,23,9,337,10,50,24,,,,,,,,,421,23.04038,69.35867,2.137767,5.463183
San Mateo_2023 Q4 Court,1964,San Mateo,2023 Q4 Court,696,388,112,236,23,7,242,9,50,27,,,,,,,,,378,29.62963,62.433862,1.851852,6.084656
San Mateo_2024 Q1 Court,1965,San Mateo,2024 Q1 Court,561,305,142,223,17,13,303,7,49,19,,,,,,,,,395,35.949367,56.455696,3.291139,4.303797
San Mateo_2024 Q2 Court,1966,San Mateo,2024 Q2 Court,613,350,92,251,17,12,300,6,64,29,,,,,,,,,372,24.731183,67.473118,3.225806,4.569892
San Mateo_2024 Q3 Court,1967,San Mateo,2024 Q3 Court,613,330,78,213,19,12,261,9,75,24,,,,,,,,,322,24.223602,66.149068,3.726708,5.900621
San Mateo_2024 Q4 Court,1968,San Mateo,2024 Q4 Court,607,303,124,228,14,5,254,3,28,19,,,,,,,,,371,33.423181,61.455526,1.347709,3.773585
Santa Barbara_2013 Q1 Court,1969,Santa Barbara,2013 Q1 Court,772,163,100,427,12,30,751,50,34,0,Santa Barbara,Joyce Dudley,0,1,1,0,0,,569,17.574692,75.043937,5.272408,2.108963
Santa Barbara_2013 Q2 Court,1970,Santa Barbara,2013 Q2 Court,814,157,89,413,17,39,787,43,30,0,Santa Barbara,Joyce Dudley,0,1,1,0,0,,558,15.949821,74.014337,6.989247,3.046595
Santa Barbara_2013 Q3 Court,1971,Santa Barbara,2013 Q3 Court,883,151,106,410,16,36,821,65,33,24,Santa Barbara,Joyce Dudley,0,1,1,0,0,,568,18.661972,72.183099,6.338028,2.816901
Santa Barbara_2013 Q4 Court,1972,Santa Barbara,2013 Q4 Court,964,170,94,432,14,30,780,51,34,21,Santa Barbara,Joyce Dudley,0,1,1,0,0,,570,16.491228,75.789474,5.263158,2.45614
Santa Barbara_2014 Q1 Court,1973,Santa Barbara,2014 Q1 Court,849,175,78,420,16,40,890,70,39,34,Santa Barbara,Joyce Dudley,0,1,1,0,0,,554,14.079422,75.812274,7.220217,2.888087
Santa Barbara_2014 Q2 Court,1974,Santa Barbara,2014 Q2 Court,941,236,100,415,12,36,871,60,34,30,Santa Barbara,Joyce Dudley,0,1,1,0,0,,563,17.761989,73.712256,6.394316,2.131439
Santa Barbara_2014 Q3 Court,1975,Santa Barbara,2014 Q3 Court,945,251,110,373,15,18,882,74,46,37,Santa Barbara,Joyce Dudley,0,1,1,0,1,,516,21.317829,72.286822,3.488372,2.906977
Santa Barbara_2014 Q4 Court,1976,Santa Barbara,2014 Q4 Court,681,199,58,318,4,14,809,108,54,29,Santa Barbara,Joyce Dudley,0,1,1,0,1,,394,14.720812,80.71066,3.553299,1.015228
Santa Barbara_2015 Q1 Court,1977,Santa Barbara,2015 Q1 Court,590,139,73,242,2,8,770,94,68,33,Santa Barbara,Joyce Dudley,0,1,1,0,0,,325,22.461538,74.461538,2.461538,0.615385
Santa Barbara_2015 Q2 Court,1978,Santa Barbara,2015 Q2 Court,656,102,54,202,9,11,689,71,58,30,Santa Barbara,Joyce Dudley,0,1,1,0,0,,276,19.565217,73.188406,3.985507,3.26087
Santa Barbara_2015 Q3 Court,1979,Santa Barbara,2015 Q3 Court,698,132,64,195,5,14,591,80,75,38,Santa Barbara,Joyce Dudley,0,1,1,0,0,,278,23.021583,70.143885,5.035971,1.798561
Santa Barbara_2015 Q4 Court,1980,Santa Barbara,2015 Q4 Court,722,129,55,203,4,12,566,62,48,54,Santa Barbara,Joyce Dudley,0,1,1,0,0,,274,20.072993,74.087591,4.379562,1.459854
Santa Barbara_2016 Q1 Court,1981,Santa Barbara,2016 Q1 Court,702,128,57,247,5,20,537,60,67,34,Santa Barbara,Joyce Dudley,0,1,1,0,0,,329,17.325228,75.075988,6.079027,1.519757
Santa Barbara_2016 Q2 Court,1982,Santa Barbara,2016 Q2 Court,670,149,55,274,8,12,582,80,57,23,Santa Barbara,Joyce Dudley,0,1,1,0,0,,349,15.759312,78.510029,3.438395,2.292264
Santa Barbara_2016 Q3 Court,1983,Santa Barbara,2016 Q3 Court,741,124,69,256,5,14,529,63,61,20,Santa Barbara,Joyce Dudley,0,1,1,0,0,,344,20.05814,74.418605,4.069767,1.453488
Santa Barbara_2016 Q4 Court,1984,Santa Barbara,2016 Q4 Court,657,110,70,162,5,17,476,60,67,33,Santa Barbara,Joyce Dudley,0,1,1,0,0,,254,27.559055,63.779528,6.692913,1.968504
Santa Barbara_2017 Q1 Court,1985,Santa Barbara,2017 Q1 Court,609,94,65,252,4,11,273,46,80,24,Santa Barbara,Joyce Dudley,0,1,1,0,0,,332,19.578313,75.903614,3.313253,1.204819
Santa Barbara_2017 Q2 Court,1986,Santa Barbara,2017 Q2 Court,630,129,47,260,6,4,340,32,73,29,Santa Barbara,Joyce Dudley,0,1,1,0,0,,317,14.826498,82.018927,1.26183,1.892744
Santa Barbara_2017 Q3 Court,1987,Santa Barbara,2017 Q3 Court,566,120,76,272,6,6,380,26,60,19,Santa Barbara,Joyce Dudley,0,1,1,0,0,,360,21.111111,75.555556,1.666667,1.666667
Santa Barbara_2017 Q4 Court,1988,Santa Barbara,2017 Q4 Court,538,105,56,271,8,20,338,33,50,17,Santa Barbara,Joyce Dudley,0,1,1,0,0,,355,15.774648,76.338028,5.633803,2.253521
Santa Barbara_2018 Q1 Court,1989,Santa Barbara,2018 Q1 Court,568,124,82,259,19,11,329,25,71,29,Santa Barbara,Joyce Dudley,0,1,1,0,0,,371,22.102426,69.811321,2.96496,5.121294
Santa Barbara_2018 Q2 Court,1990,Santa Barbara,2018 Q2 Court,560,112,77,251,10,16,343,47,76,25,Santa Barbara,Joyce Dudley,0,1,1,0,0,,354,21.751412,70.903955,4.519774,2.824859
Santa Barbara_2018 Q3 Court,1991,Santa Barbara,2018 Q3 Court,594,106,50,213,9,6,318,36,85,29,Santa Barbara,Joyce Dudley,0,1,1,0,1,,278,17.985612,76.618705,2.158273,3.23741
Santa Barbara_2018 Q4 Court,1992,Santa Barbara,2018 Q4 Court,584,84,65,189,15,3,317,24,67,19,Santa Barbara,Joyce Dudley,0,1,1,0,1,,272,23.897059,69.485294,1.102941,5.514706
Santa Barbara_2019 Q1 Court,1993,Santa Barbara,2019 Q1 Court,616,125,64,213,10,12,332,42,82,30,Santa Barbara,Joyce Dudley,0,0,NA,NA,0,,299,21.404682,71.237458,4.013378,3.344482
Santa Barbara_2019 Q2 Court,1994,Santa Barbara,2019 Q2 Court,618,93,100,227,18,17,317,31,83,32,Santa Barbara,Joyce Dudley,0,0,NA,NA,0,,362,27.624309,62.707182,4.696133,4.972376
Santa Barbara_2019 Q3 Court,1995,Santa Barbara,2019 Q3 Court,561,99,89,218,10,10,368,40,60,30,Santa Barbara,Joyce Dudley,0,0,NA,NA,0,,327,27.217125,66.666667,3.058104,3.058104
Santa Barbara_2019 Q4 Court,1996,Santa Barbara,2019 Q4 Court,599,81,75,216,14,16,357,40,49,34,Santa Barbara,Joyce Dudley,0,0,NA,NA,0,,321,23.364486,67.28972,4.984424,4.361371
Santa Barbara_2020 Q1 Court,1997,Santa Barbara,2020 Q1 Court,536,76,51,177,14,13,334,25,62,31,Santa Barbara,Joyce Dudley,0,0,NA,NA,0,,255,20.0,69.411765,5.098039,5.490196
Santa Barbara_2020 Q2 Court,1998,Santa Barbara,2020 Q2 Court,519,39,44,80,12,7,62,4,1,17,Santa Barbara,Joyce Dudley,0,0,NA,NA,0,,143,30.769231,55.944056,4.895105,8.391608
Santa Barbara_2020 Q3 Court,1999,Santa Barbara,2020 Q3 Court,555,82,86,188,8,8,161,9,5,10,Santa Barbara,Joyce Dudley,0,0,NA,NA,0,,290,29.655172,64.827586,2.758621,2.758621
Santa Barbara_2020 Q4 Court,2000,Santa Barbara,2020 Q4 Court,495,78,71,153,8,4,143,23,3,15,Santa Barbara,Joyce Dudley,0,0,NA,NA,0,,236,30.084746,64.830508,1.694915,3.389831
Santa Barbara_2021 Q1 Court,2001,Santa Barbara,2021 Q1 Court,520,57,80,129,2,2,174,29,4,6,Santa Barbara,Joyce Dudley,0,0,NA,NA,0,,213,37.558685,60.56338,0.938967,0.938967
Santa Barbara_2021 Q2 Court,2002,Santa Barbara,2021 Q2 Court,573,130,64,134,14,9,230,29,12,14,Santa Barbara,Joyce Dudley,0,0,NA,NA,0,,221,28.959276,60.633484,4.072398,6.334842
Santa Barbara_2021 Q3 Court,2003,Santa Barbara,2021 Q3 Court,589,177,75,163,6,11,168,17,5,13,Santa Barbara,Joyce Dudley,0,0,NA,NA,0,,255,29.411765,63.921569,4.313725,2.352941
Santa Barbara_2021 Q4 Court,2004,Santa Barbara,2021 Q4 Court,466,184,47,132,2,15,186,10,4,10,Santa Barbara,Joyce Dudley,0,0,NA,NA,0,,196,23.979592,67.346939,7.653061,1.020408
Santa Barbara_2022 Q1 Court,2005,Santa Barbara,2022 Q1 Court,545,174,80,171,6,9,176,17,2,20,Santa Barbara,Joyce Dudley,0,0,NA,0,0,,266,30.075188,64.285714,3.383459,2.255639
Santa Barbara_2022 Q2 Court,2006,Santa Barbara,2022 Q2 Court,587,173,95,213,10,19,188,21,7,27,Santa Barbara,Joyce Dudley,0,0,NA,0,0,,337,28.189911,63.204748,5.637982,2.967359
Santa Barbara_2022 Q3 Court,2007,Santa Barbara,2022 Q3 Court,645,200,94,208,9,18,222,28,2,13,Santa Barbara,Joyce Dudley,0,0,NA,0,1,,329,28.571429,63.221884,5.471125,2.735562
Santa Barbara_2022 Q4 Court,2008,Santa Barbara,2022 Q4 Court,595,161,100,218,20,28,185,29,16,16,Santa Barbara,Joyce Dudley,0,0,NA,0,1,,366,27.322404,59.562842,7.650273,5.464481
Santa Barbara_2023 Q1 Court,2009,Santa Barbara,2023 Q1 Court,577,128,102,222,15,14,222,45,16,26,Santa Barbara,John Savrnoch,1,NA,NA,NA,0,,353,28.895184,62.889518,3.966006,4.249292
Santa Barbara_2023 Q2 Court,2010,Santa Barbara,2023 Q2 Court,572,148,89,233,9,13,255,37,26,29,,,,,,,,,344,25.872093,67.732558,3.77907,2.616279
Santa Barbara_2023 Q3 Court,2011,Santa Barbara,2023 Q3 Court,541,131,102,216,14,20,250,44,18,21,,,,,,,,,352,28.977273,61.363636,5.681818,3.977273
Santa Barbara_2023 Q4 Court,2012,Santa Barbara,2023 Q4 Court,597,82,74,219,17,13,235,39,24,24,,,,,,,,,323,22.910217,67.801858,4.024768,5.263158
Santa Barbara_2024 Q1 Court,2013,Santa Barbara,2024 Q1 Court,609,115,104,252,19,5,244,49,22,33,,,,,,,,,380,27.368421,66.315789,1.315789,5.0
Santa Barbara_2024 Q2 Court,2014,Santa Barbara,2024 Q2 Court,585,103,104,220,21,14,254,36,23,22,,,,,,,,,359,28.969359,61.281337,3.899721,5.849582
Santa Barbara_2024 Q3 Court,2015,Santa Barbara,2024 Q3 Court,603,105,88,229,14,10,282,24,31,21,,,,,,,,,341,25.806452,67.155425,2.932551,4.105572
Santa Barbara_2024 Q4 Court,2016,Santa Barbara,2024 Q4 Court,635,106,62,187,15,12,221,27,34,22,,,,,,,,,276,22.463768,67.753623,4.347826,5.434783
Santa Clara_2013 Q1 Court,2017,Santa Clara,2013 Q1 Court,2145,497,241,941,128,68,NA,37,169,NA,Santa Clara,Jeff Rosen,1,1,1,0,0,,1378,17.489115,68.287373,4.934688,9.288824
Santa Clara_2013 Q2 Court,2018,Santa Clara,2013 Q2 Court,2443,496,275,959,64,125,NA,50,158,NA,Santa Clara,Jeff Rosen,1,1,1,0,0,,1423,19.325369,67.392832,8.784259,4.49754
Santa Clara_2013 Q3 Court,2019,Santa Clara,2013 Q3 Court,2330,573,247,1038,64,106,NA,50,144,23,Santa Clara,Jeff Rosen,1,1,1,0,0,,1455,16.975945,71.340206,7.285223,4.398625
Santa Clara_2013 Q4 Court,2020,Santa Clara,2013 Q4 Court,2187,496,274,1061,86,110,723,41,116,42,Santa Clara,Jeff Rosen,1,1,1,0,0,,1531,17.896799,69.30111,7.184847,5.617244
Santa Clara_2014 Q1 Court,2021,Santa Clara,2014 Q1 Court,2488,512,321,1056,84,119,803,59,103,62,Santa Clara,Jeff Rosen,1,1,1,0,0,,1580,20.316456,66.835443,7.531646,5.316456
Santa Clara_2014 Q2 Court,2022,Santa Clara,2014 Q2 Court,2606,605,336,1174,99,119,874,67,129,56,Santa Clara,Jeff Rosen,1,1,1,0,0,,1728,19.444444,67.939815,6.886574,5.729167
Santa Clara_2014 Q3 Court,2023,Santa Clara,2014 Q3 Court,2642,763,256,1066,79,122,854,73,110,51,Santa Clara,Jeff Rosen,1,1,1,0,1,,1523,16.80893,69.993434,8.010506,5.187131
Santa Clara_2014 Q4 Court,2024,Santa Clara,2014 Q4 Court,1956,653,232,722,40,60,743,77,117,46,Santa Clara,Jeff Rosen,1,1,1,0,1,,1054,22.011385,68.500949,5.6926,3.795066
Santa Clara_2015 Q1 Court,2025,Santa Clara,2015 Q1 Court,1670,603,224,663,85,80,514,82,119,38,Santa Clara,Jeff Rosen,1,1,1,0,0,,1052,21.292776,63.022814,7.604563,8.079848
Santa Clara_2015 Q2 Court,2026,Santa Clara,2015 Q2 Court,1825,594,279,699,52,104,374,86,132,39,Santa Clara,Jeff Rosen,1,1,1,0,0,,1134,24.603175,61.640212,9.171076,4.585538
Santa Clara_2015 Q3 Court,2027,Santa Clara,2015 Q3 Court,1835,542,284,617,69,67,335,80,144,47,Santa Clara,Jeff Rosen,1,1,1,0,0,,1037,27.386692,59.498554,6.460945,6.653809
Santa Clara_2015 Q4 Court,2028,Santa Clara,2015 Q4 Court,1642,454,254,615,49,70,245,84,109,31,Santa Clara,Jeff Rosen,1,1,1,0,0,,988,25.708502,62.246964,7.08502,4.959514
Santa Clara_2016 Q1 Court,2029,Santa Clara,2016 Q1 Court,1820,448,244,654,62,99,229,79,145,32,Santa Clara,Jeff Rosen,1,1,1,0,0,,1059,23.040604,61.756374,9.348442,5.85458
Santa Clara_2016 Q2 Court,2030,Santa Clara,2016 Q2 Court,1845,425,263,711,61,98,321,70,148,39,Santa Clara,Jeff Rosen,1,1,1,0,0,,1133,23.21271,62.753751,8.649603,5.383936
Santa Clara_2016 Q3 Court,2031,Santa Clara,2016 Q3 Court,1677,465,282,702,40,111,202,81,119,38,Santa Clara,Jeff Rosen,1,1,1,0,0,,1135,24.845815,61.85022,9.779736,3.524229
Santa Clara_2016 Q4 Court,2032,Santa Clara,2016 Q4 Court,1548,414,276,679,51,95,214,82,126,47,Santa Clara,Jeff Rosen,1,1,1,0,0,,1101,25.06812,61.671208,8.62852,4.632153
Santa Clara_2017 Q1 Court,2033,Santa Clara,2017 Q1 Court,1874,488,330,670,47,80,468,95,173,54,Santa Clara,Jeff Rosen,1,1,1,0,0,,1127,29.281278,59.449867,7.098492,4.170364
Santa Clara_2017 Q2 Court,2034,Santa Clara,2017 Q2 Court,1759,515,314,685,55,65,484,86,179,51,Santa Clara,Jeff Rosen,1,1,1,0,0,,1119,28.060769,61.215371,5.808758,4.915103
Santa Clara_2017 Q3 Court,2035,Santa Clara,2017 Q3 Court,1667,449,314,655,65,63,489,101,169,77,Santa Clara,Jeff Rosen,1,1,1,0,0,,1097,28.623519,59.708295,5.742935,5.925251
Santa Clara_2017 Q4 Court,2036,Santa Clara,2017 Q4 Court,1647,382,217,594,53,48,447,64,140,77,Santa Clara,Jeff Rosen,1,1,1,0,0,,912,23.79386,65.131579,5.263158,5.811404
Santa Clara_2018 Q1 Court,2037,Santa Clara,2018 Q1 Court,1695,421,294,614,65,68,481,82,178,78,Santa Clara,Jeff Rosen,1,1,1,0,0,,1041,28.242075,58.981748,6.532181,6.243996
Santa Clara_2018 Q2 Court,2038,Santa Clara,2018 Q2 Court,1783,492,270,618,60,56,492,81,211,72,Santa Clara,Jeff Rosen,1,1,1,0,0,,1004,26.89243,61.553785,5.577689,5.976096
Santa Clara_2018 Q3 Court,2039,Santa Clara,2018 Q3 Court,0,480,231,611,81,56,469,73,210,48,Santa Clara,Jeff Rosen,1,1,1,0,1,,979,23.595506,62.410623,5.720123,8.273749
Santa Clara_2018 Q4 Court,2040,Santa Clara,2018 Q4 Court,1075,426,209,494,46,47,448,55,159,57,Santa Clara,Jeff Rosen,1,1,1,0,1,,796,26.256281,62.060302,5.904523,5.778894
Santa Clara_2019 Q1 Court,2041,Santa Clara,2019 Q1 Court,1766,426,285,613,65,65,537,62,172,46,Santa Clara,Jeff Rosen,1,1,1,1,0,,1028,27.723735,59.63035,6.322957,6.322957
Santa Clara_2019 Q2 Court,2042,Santa Clara,2019 Q2 Court,1986,474,265,533,71,56,525,84,178,76,Santa Clara,Jeff Rosen,1,1,1,1,0,,925,28.648649,57.621622,6.054054,7.675676
Santa Clara_2019 Q3 Court,2043,Santa Clara,2019 Q3 Court,1882,450,234,530,77,50,486,76,211,75,Santa Clara,Jeff Rosen,1,1,1,1,0,,891,26.262626,59.483726,5.611672,8.641975
Santa Clara_2019 Q4 Court,2044,Santa Clara,2019 Q4 Court,1918,390,192,558,95,42,432,50,208,74,Santa Clara,Jeff Rosen,1,1,1,1,0,,887,21.645998,62.908681,4.735062,10.710259
Santa Clara_2020 Q1 Court,2045,Santa Clara,2020 Q1 Court,1668,354,213,515,57,58,444,40,151,50,Santa Clara,Jeff Rosen,1,1,1,1,0,,843,25.266904,61.09134,6.88019,6.761566
Santa Clara_2020 Q2 Court,2046,Santa Clara,2020 Q2 Court,1507,19,25,100,12,18,113,21,78,21,Santa Clara,Jeff Rosen,1,1,1,1,0,,155,16.129032,64.516129,11.612903,7.741935
Santa Clara_2020 Q3 Court,2047,Santa Clara,2020 Q3 Court,1506,264,115,268,22,24,186,37,169,32,Santa Clara,Jeff Rosen,1,1,1,1,0,,429,26.806527,62.470862,5.594406,5.128205
Santa Clara_2020 Q4 Court,2048,Santa Clara,2020 Q4 Court,1955,811,113,196,23,31,144,36,145,37,Santa Clara,Jeff Rosen,1,1,1,1,0,,363,31.129477,53.99449,8.539945,6.336088
Santa Clara_2021 Q1 Court,2049,Santa Clara,2021 Q1 Court,2075,1043,185,433,29,14,178,30,150,30,Santa Clara,Jeff Rosen,1,1,1,1,0,,661,27.987897,65.506808,2.118003,4.387292
Santa Clara_2021 Q2 Court,2050,Santa Clara,2021 Q2 Court,1775,904,188,435,51,41,171,34,85,36,Santa Clara,Jeff Rosen,1,1,1,1,0,,715,26.293706,60.839161,5.734266,7.132867
Santa Clara_2021 Q3 Court,2051,Santa Clara,2021 Q3 Court,1748,1009,202,519,49,51,212,35,111,39,Santa Clara,Jeff Rosen,1,1,1,1,0,,821,24.604141,63.215591,6.211937,5.968331
Santa Clara_2021 Q4 Court,2052,Santa Clara,2021 Q4 Court,1567,852,220,452,35,57,194,44,96,17,Santa Clara,Jeff Rosen,1,1,1,1,0,,764,28.795812,59.162304,7.460733,4.581152
Santa Clara_2022 Q1 Court,2053,Santa Clara,2022 Q1 Court,1743,936,177,454,29,28,175,35,94,27,Santa Clara,Jeff Rosen,1,1,1,1,0,,688,25.726744,65.988372,4.069767,4.215116
Santa Clara_2022 Q2 Court,2054,Santa Clara,2022 Q2 Court,1905,910,161,457,47,45,242,38,113,44,Santa Clara,Jeff Rosen,1,1,1,1,0,,710,22.676056,64.366197,6.338028,6.619718
Santa Clara_2022 Q3 Court,2055,Santa Clara,2022 Q3 Court,2043,915,187,452,64,44,238,77,97,51,Santa Clara,Jeff Rosen,1,1,1,1,1,,747,25.033467,60.508701,5.890228,8.567604
Santa Clara_2022 Q4 Court,2056,Santa Clara,2022 Q4 Court,1736,818,233,527,67,57,273,40,115,28,Santa Clara,Jeff Rosen,1,1,1,1,1,,884,26.357466,59.615385,6.447964,7.579186
Santa Clara_2023 Q1 Court,2057,Santa Clara,2023 Q1 Court,1643,729,223,483,58,53,251,22,68,24,Santa Clara,Jeff Rosen,1,NA,NA,NA,0,,817,27.294982,59.118727,6.487148,7.099143
Santa Clara_2023 Q2 Court,2058,Santa Clara,2023 Q2 Court,1859,757,243,510,54,35,332,14,23,16,,,,,,,,,842,28.859857,60.570071,4.15677,6.413302
Santa Clara_2023 Q3 Court,2059,Santa Clara,2023 Q3 Court,NA,1036,NA,1024,NA,NA,NA,64,224,108,,,,,,,,,,,,,
Santa Clara_2023 Q4 Court,2060,Santa Clara,2023 Q4 Court,1881,916,NA,916,NA,NA,NA,14,124,110,,,,,,,,,,,,,
Santa Clara_2024 Q1 Court,2061,Santa Clara,2024 Q1 Court,1980,1079,NA,1380,NA,NA,NA,68,244,106,,,,,,,,,,,,,
Santa Clara_2024 Q2 Court,2062,Santa Clara,2024 Q2 Court,1792,909,NA,821,NA,NA,NA,53,132,39,,,,,,,,,,,,,
Santa Clara_2024 Q3 Court,2063,Santa Clara,2024 Q3 Court,2059,864,NA,707,NA,NA,NA,44,137,49,,,,,,,,,,,,,
Santa Clara_2024 Q4 Court,2064,Santa Clara,2024 Q4 Court,1698,798,NA,1404,NA,NA,NA,72,240,100,,,,,,,,,,,,,
Santa Cruz_2013 Q1 Court,2065,Santa Cruz,2013 Q1 Court,517,4,21,300,0,4,0,0,28,0,Santa Cruz,Bob Lee,0,1,1,0,0,,325,6.461538,92.307692,1.230769,0.0
Santa Cruz_2013 Q2 Court,2066,Santa Cruz,2013 Q2 Court,607,21,33,205,10,6,0,0,24,NA,Santa Cruz,Bob Lee,0,1,1,0,0,,254,12.992126,80.708661,2.362205,3.937008
Santa Cruz_2013 Q3 Court,2067,Santa Cruz,2013 Q3 Court,629,13,34,180,5,2,0,0,28,10,Santa Cruz,Bob Lee,0,1,1,0,0,,221,15.384615,81.447964,0.904977,2.262443
Santa Cruz_2013 Q4 Court,2068,Santa Cruz,2013 Q4 Court,602,29,34,249,13,11,0,13,29,30,Santa Cruz,Bob Lee,0,1,1,0,0,,307,11.074919,81.107492,3.583062,4.234528
Santa Cruz_2014 Q1 Court,2069,Santa Cruz,2014 Q1 Court,558,49,42,277,13,19,0,0,17,17,Santa Cruz,Bob Lee,0,1,1,0,0,,351,11.965812,78.917379,5.413105,3.703704
Santa Cruz_2014 Q2 Court,2070,Santa Cruz,2014 Q2 Court,643,62,55,312,15,12,445,0,33,7,Santa Cruz,Bob Lee,0,1,1,0,0,,394,13.959391,79.187817,3.045685,3.807107
Santa Cruz_2014 Q3 Court,2071,Santa Cruz,2014 Q3 Court,671,73,37,274,8,17,445,87,31,13,Santa Cruz,Bob Lee,0,1,1,0,1,,336,11.011905,81.547619,5.059524,2.380952
Santa Cruz_2014 Q4 Court,2072,Santa Cruz,2014 Q4 Court,473,44,19,201,7,3,342,7,23,7,Santa Cruz,Bob Lee,0,1,1,0,1,,230,8.26087,87.391304,1.304348,3.043478
Santa Cruz_2015 Q1 Court,2073,Santa Cruz,2015 Q1 Court,423,45,15,191,9,7,477,0,44,7,Santa Cruz,Jeff Rosell,0,1,1,0,0,Bob Lee died in 2014 and Rosell was appointed,222,6.756757,86.036036,3.153153,4.054054
Santa Cruz_2015 Q2 Court,2074,Santa Cruz,2015 Q2 Court,376,2,36,148,5,8,299,NA,47,12,Santa Cruz,Jeff Rosell,0,1,1,0,0,,197,18.274112,75.126904,4.060914,2.538071
Santa Cruz_2015 Q3 Court,2075,Santa Cruz,2015 Q3 Court,413,34,37,203,9,6,0,0,24,14,Santa Cruz,Jeff Rosell,0,1,1,0,0,,255,14.509804,79.607843,2.352941,3.529412
Santa Cruz_2015 Q4 Court,2076,Santa Cruz,2015 Q4 Court,355,NA,2,22,3,0,NA,NA,1,1,Santa Cruz,Jeff Rosell,0,1,1,0,0,,27,7.407407,81.481481,0.0,11.111111
Santa Cruz_2016 Q1 Court,2077,Santa Cruz,2016 Q1 Court,330,NA,14,106,9,5,NA,NA,0,0,Santa Cruz,Jeff Rosell,0,1,1,0,0,,134,10.447761,79.104478,3.731343,6.716418
Santa Cruz_2016 Q2 Court,2078,Santa Cruz,2016 Q2 Court,383,148,17,168,6,4,22,0,34,0,Santa Cruz,Jeff Rosell,0,1,1,0,0,,195,8.717949,86.153846,2.051282,3.076923
Santa Cruz_2016 Q3 Court,2079,Santa Cruz,2016 Q3 Court,337,NA,30,195,3,9,407,1,1,4,Santa Cruz,Jeff Rosell,0,1,1,0,0,,237,12.658228,82.278481,3.797468,1.265823
Santa Cruz_2016 Q4 Court,2080,Santa Cruz,2016 Q4 Court,318,NA,31,225,5,15,115,2,0,0,Santa Cruz,Jeff Rosell,0,1,1,0,0,,276,11.231884,81.521739,5.434783,1.811594
Santa Cruz_2017 Q1 Court,2081,Santa Cruz,2017 Q1 Court,320,NA,21,254,4,8,75,2,0,0,Santa Cruz,Jeff Rosell,0,1,1,0,0,,287,7.317073,88.501742,2.787456,1.393728
Santa Cruz_2017 Q2 Court,2082,Santa Cruz,2017 Q2 Court,450,16,21,254,4,8,75,2,0,0,Santa Cruz,Jeff Rosell,0,1,1,0,0,,287,7.317073,88.501742,2.787456,1.393728
Santa Cruz_2017 Q3 Court,2083,Santa Cruz,2017 Q3 Court,376,0,31,366,11,26,107,1,1,0,Santa Cruz,Jeff Rosell,0,1,1,0,0,,434,7.142857,84.331797,5.990783,2.534562
Santa Cruz_2017 Q4 Court,2084,Santa Cruz,2017 Q4 Court,352,0,36,370,9,22,105,2,0,0,Santa Cruz,Jeff Rosell,0,1,1,0,0,,437,8.237986,84.668192,5.034325,2.059497
Santa Cruz_2018 Q1 Court,2085,Santa Cruz,2018 Q1 Court,385,132,71,203,9,25,388,32,34,5,Santa Cruz,Jeff Rosell,0,1,1,0,0,,308,23.051948,65.909091,8.116883,2.922078
Santa Cruz_2018 Q2 Court,2086,Santa Cruz,2018 Q2 Court,439,56,63,180,7,15,351,56,28,6,Santa Cruz,Jeff Rosell,0,1,1,0,0,,265,23.773585,67.924528,5.660377,2.641509
Santa Cruz_2018 Q3 Court,2087,Santa Cruz,2018 Q3 Court,400,64,39,218,5,24,284,10,45,11,Santa Cruz,Jeff Rosell,0,1,1,0,1,,286,13.636364,76.223776,8.391608,1.748252
Santa Cruz_2018 Q4 Court,2088,Santa Cruz,2018 Q4 Court,409,93,31,172,7,24,413,28,44,11,Santa Cruz,Jeff Rosell,0,1,1,0,1,,234,13.247863,73.504274,10.25641,2.991453
Santa Cruz_2019 Q1 Court,2089,Santa Cruz,2019 Q1 Court,424,84,22,141,36,28,330,32,36,0,Santa Cruz,Jeff Rosell,0,1,1,0,0,,227,9.69163,62.114537,12.334802,15.859031
Santa Cruz_2019 Q2 Court,2090,Santa Cruz,2019 Q2 Court,437,84,25,159,0,27,329,42,31,12,Santa Cruz,Jeff Rosell,0,1,1,0,0,,211,11.848341,75.35545,12.796209,0.0
Santa Cruz_2019 Q3 Court,2091,Santa Cruz,2019 Q3 Court,395,96,87,166,20,26,301,22,38,10,Santa Cruz,Jeff Rosell,0,1,1,0,0,,299,29.09699,55.518395,8.695652,6.688963
Santa Cruz_2019 Q4 Court,2092,Santa Cruz,2019 Q4 Court,311,84,57,175,20,32,398,39,27,8,Santa Cruz,Jeff Rosell,0,1,1,0,0,,284,20.070423,61.619718,11.267606,7.042254
Santa Cruz_2020 Q1 Court,2093,Santa Cruz,2020 Q1 Court,356,79,35,135,25,30,222,26,24,11,Santa Cruz,Jeff Rosell,0,1,1,0,0,,225,15.555556,60.0,13.333333,11.111111
Santa Cruz_2020 Q2 Court,2094,Santa Cruz,2020 Q2 Court,275,44,31,85,3,9,139,10,18,6,Santa Cruz,Jeff Rosell,0,1,1,0,0,,128,24.21875,66.40625,7.03125,2.34375
Santa Cruz_2020 Q3 Court,2095,Santa Cruz,2020 Q3 Court,353,131,39,126,9,12,138,19,32,9,Santa Cruz,Jeff Rosell,0,1,1,0,0,,186,20.967742,67.741935,6.451613,4.83871
Santa Cruz_2020 Q4 Court,2096,Santa Cruz,2020 Q4 Court,359,157,32,128,8,18,156,18,29,8,Santa Cruz,Jeff Rosell,0,1,1,0,0,,186,17.204301,68.817204,9.677419,4.301075
Santa Cruz_2021 Q1 Court,2097,Santa Cruz,2021 Q1 Court,352,182,31,125,7,11,131,11,31,7,Santa Cruz,Jeff Rosell,0,1,1,0,0,,174,17.816092,71.83908,6.321839,4.022989
Santa Cruz_2021 Q2 Court,2098,Santa Cruz,2021 Q2 Court,341,192,38,166,9,17,168,44,38,4,Santa Cruz,Jeff Rosell,0,1,1,0,0,,230,16.521739,72.173913,7.391304,3.913043
Santa Cruz_2021 Q3 Court,2099,Santa Cruz,2021 Q3 Court,407,209,38,168,19,18,206,24,38,5,Santa Cruz,Jeff Rosell,0,1,1,0,0,,243,15.63786,69.135802,7.407407,7.81893
Santa Cruz_2021 Q4 Court,2100,Santa Cruz,2021 Q4 Court,411,214,38,131,10,28,187,30,34,5,Santa Cruz,Jeff Rosell,0,1,1,0,0,,207,18.357488,63.285024,13.52657,4.830918
Santa Cruz_2022 Q1 Court,2101,Santa Cruz,2022 Q1 Court,315,172,43,142,7,15,162,10,29,7,Santa Cruz,Jeff Rosell,0,1,1,0,0,,207,20.772947,68.599034,7.246377,3.381643
Santa Cruz_2022 Q2 Court,2102,Santa Cruz,2022 Q2 Court,306,168,39,138,5,12,193,13,25,5,Santa Cruz,Jeff Rosell,0,1,1,0,0,,194,20.103093,71.134021,6.185567,2.57732
Santa Cruz_2022 Q3 Court,2103,Santa Cruz,2022 Q3 Court,418,180,44,150,10,20,213,25,31,2,Santa Cruz,Jeff Rosell,0,1,1,0,1,,224,19.642857,66.964286,8.928571,4.464286
Santa Cruz_2022 Q4 Court,2104,Santa Cruz,2022 Q4 Court,375,159,27,152,11,24,168,11,40,2,Santa Cruz,Jeff Rosell,0,1,1,0,1,,214,12.616822,71.028037,11.214953,5.140187
Santa Cruz_2023 Q1 Court,2105,Santa Cruz,2023 Q1 Court,365,171,34,184,17,37,187,39,27,6,Santa Cruz,Jeff Rosell,0,NA,NA,NA,0,,272,12.5,67.647059,13.602941,6.25
Santa Cruz_2023 Q2 Court,2106,Santa Cruz,2023 Q2 Court,400,144,46,223,10,9,176,19,27,9,,,,,,,,,288,15.972222,77.430556,3.125,3.472222
Santa Cruz_2023 Q3 Court,2107,Santa Cruz,2023 Q3 Court,434,137,29,172,11,21,189,17,25,7,,,,,,,,,233,12.446352,73.819742,9.012876,4.72103
Santa Cruz_2023 Q4 Court,2108,Santa Cruz,2023 Q4 Court,366,109,34,129,13,28,184,19,47,5,,,,,,,,,204,16.666667,63.235294,13.72549,6.372549
Santa Cruz_2024 Q1 Court,2109,Santa Cruz,2024 Q1 Court,388,107,26,145,10,24,157,31,36,6,,,,,,,,,205,12.682927,70.731707,11.707317,4.878049
Santa Cruz_2024 Q2 Court,2110,Santa Cruz,2024 Q2 Court,364,135,44,125,12,13,179,37,31,6,,,,,,,,,194,22.680412,64.43299,6.701031,6.185567
Santa Cruz_2024 Q3 Court,2111,Santa Cruz,2024 Q3 Court,413,114,34,131,18,32,153,44,25,5,,,,,,,,,215,15.813953,60.930233,14.883721,8.372093
Santa Cruz_2024 Q4 Court,2112,Santa Cruz,2024 Q4 Court,407,108,41,135,12,24,168,21,27,11,,,,,,,,,212,19.339623,63.679245,11.320755,5.660377
Shasta_2013 Q1 Court,2113,Shasta,2013 Q1 Court,956,726,93,89,18,59,366,27,68,0,Shasta,Steve Carlton,0,1,1,0,0,,259,35.907336,34.362934,22.779923,6.949807
Shasta_2013 Q2 Court,2114,Shasta,2013 Q2 Court,925,786,117,62,9,58,306,34,68,0,Shasta,Steve Carlton,0,1,1,0,0,,246,47.560976,25.203252,23.577236,3.658537
Shasta_2013 Q3 Court,2115,Shasta,2013 Q3 Court,976,747,106,92,12,70,402,55,58,32,Shasta,Steve Carlton,0,1,1,0,0,,280,37.857143,32.857143,25.0,4.285714
Shasta_2013 Q4 Court,2116,Shasta,2013 Q4 Court,931,801,114,150,8,57,516,97,57,45,Shasta,Steve Carlton,0,1,1,0,0,,329,34.650456,45.592705,17.325228,2.431611
Shasta_2014 Q1 Court,2117,Shasta,2014 Q1 Court,805,651,111,210,15,76,470,90,47,41,Shasta,Steve Carlton,0,1,1,0,0,,412,26.941748,50.970874,18.446602,3.640777
Shasta_2014 Q2 Court,2118,Shasta,2014 Q2 Court,1045,794,182,239,1,57,477,83,52,64,Shasta,Steve Carlton,0,1,1,0,0,,479,37.995825,49.895616,11.899791,0.208768
Shasta_2014 Q3 Court,2119,Shasta,2014 Q3 Court,854,676,175,241,3,48,525,148,48,51,Shasta,Steve Carlton,0,1,1,0,1,,467,37.473233,51.605996,10.278373,0.642398
Shasta_2014 Q4 Court,2120,Shasta,2014 Q4 Court,843,569,108,209,2,25,424,104,43,57,Shasta,Steve Carlton,0,1,1,0,1,,344,31.395349,60.755814,7.267442,0.581395
Shasta_2015 Q1 Court,2121,Shasta,2015 Q1 Court,527,357,111,186,4,15,323,75,48,51,Shasta,Steve Carlton,0,0,NA,NA,0,,316,35.126582,58.860759,4.746835,1.265823
Shasta_2015 Q2 Court,2122,Shasta,2015 Q2 Court,630,322,103,187,3,16,350,40,45,48,Shasta,Steve Carlton,0,0,NA,NA,0,,309,33.333333,60.517799,5.177994,0.970874
Shasta_2015 Q3 Court,2123,Shasta,2015 Q3 Court,732,257,111,239,3,20,357,47,41,85,Shasta,Steve Carlton,0,0,NA,NA,0,,373,29.758713,64.075067,5.36193,0.80429
Shasta_2015 Q4 Court,2124,Shasta,2015 Q4 Court,665,199,58,220,3,17,317,54,68,60,Shasta,Steve Carlton,0,0,NA,NA,0,,298,19.463087,73.825503,5.704698,1.006711
Shasta_2016 Q1 Court,2125,Shasta,2016 Q1 Court,702,208,65,218,1,7,410,66,49,53,Shasta,Steve Carlton,0,0,NA,NA,0,,291,22.33677,74.914089,2.405498,0.343643
Shasta_2016 Q2 Court,2126,Shasta,2016 Q2 Court,673,223,106,209,0,11,493,54,46,38,Shasta,Steve Carlton,0,0,NA,NA,0,,326,32.515337,64.110429,3.374233,0.0
Shasta_2016 Q3 Court,2127,Shasta,2016 Q3 Court,654,271,121,177,6,10,564,52,43,64,Shasta,Steve Carlton,0,0,NA,NA,0,,314,38.535032,56.369427,3.184713,1.910828
Shasta_2016 Q4 Court,2128,Shasta,2016 Q4 Court,554,234,83,164,2,19,565,40,38,27,Shasta,Steve Carlton,0,0,NA,NA,0,,268,30.970149,61.19403,7.089552,0.746269
Shasta_2017 Q1 Court,2129,Shasta,2017 Q1 Court,599,239,93,142,2,12,635,34,59,30,Shasta,Steve Carlton,0,0,NA,NA,0,,249,37.349398,57.028112,4.819277,0.803213
Shasta_2017 Q2 Court,2130,Shasta,2017 Q2 Court,542,309,90,157,3,20,491,36,69,52,Shasta,Steve Carlton,0,0,NA,NA,0,,270,33.333333,58.148148,7.407407,1.111111
Shasta_2017 Q3 Court,2131,Shasta,2017 Q3 Court,622,339,103,158,4,19,431,41,61,54,Shasta,Steve Carlton,0,0,NA,NA,0,,284,36.267606,55.633803,6.690141,1.408451
Shasta_2017 Q4 Court,2132,Shasta,2017 Q4 Court,456,368,89,151,6,13,402,39,50,48,Shasta,Steve Carlton,0,0,NA,NA,0,,259,34.362934,58.301158,5.019305,2.316602
Shasta_2018 Q1 Court,2133,Shasta,2018 Q1 Court,591,302,122,154,6,12,357,22,45,42,Shasta,Steve Carlton,0,0,NA,0,0,,294,41.496599,52.380952,4.081633,2.040816
Shasta_2018 Q2 Court,2134,Shasta,2018 Q2 Court,648,319,99,133,6,21,476,14,58,59,Shasta,Steve Carlton,0,0,NA,0,0,,259,38.223938,51.351351,8.108108,2.316602
Shasta_2018 Q3 Court,2135,Shasta,2018 Q3 Court,580,332,136,155,3,12,405,20,38,53,Shasta,Steve Carlton,0,0,NA,0,1,,306,44.444444,50.653595,3.921569,0.980392
Shasta_2018 Q4 Court,2136,Shasta,2018 Q4 Court,430,363,110,145,2,17,309,33,34,70,Shasta,Steve Carlton,0,0,NA,0,1,,274,40.145985,52.919708,6.20438,0.729927
Shasta_2019 Q1 Court,2137,Shasta,2019 Q1 Court,471,219,95,188,11,21,364,27,59,47,Shasta,Stephanie Bridgett,0,1,1,1,0,,315,30.15873,59.68254,6.666667,3.492063
Shasta_2019 Q2 Court,2138,Shasta,2019 Q2 Court,472,212,120,192,6,25,345,27,51,48,Shasta,Stephanie Bridgett,0,1,1,1,0,,343,34.985423,55.976676,7.28863,1.749271
Shasta_2019 Q3 Court,2139,Shasta,2019 Q3 Court,497,228,115,146,3,11,390,31,59,71,Shasta,Stephanie Bridgett,0,1,1,1,0,,275,41.818182,53.090909,4.0,1.090909
Shasta_2019 Q4 Court,2140,Shasta,2019 Q4 Court,476,216,74,163,13,10,442,30,74,89,Shasta,Stephanie Bridgett,0,1,1,1,0,,260,28.461538,62.692308,3.846154,5.0
Shasta_2020 Q1 Court,2141,Shasta,2020 Q1 Court,391,205,99,191,5,6,337,41,45,71,Shasta,Stephanie Bridgett,0,1,1,1,0,,301,32.890365,63.45515,1.993355,1.66113
Shasta_2020 Q2 Court,2142,Shasta,2020 Q2 Court,530,169,87,118,15,2,322,44,41,36,Shasta,Stephanie Bridgett,0,1,1,1,0,,222,39.189189,53.153153,0.900901,6.756757
Shasta_2020 Q3 Court,2143,Shasta,2020 Q3 Court,603,345,102,141,5,3,420,16,63,53,Shasta,Stephanie Bridgett,0,1,1,1,0,,251,40.63745,56.175299,1.195219,1.992032
Shasta_2020 Q4 Court,2144,Shasta,2020 Q4 Court,445,367,70,113,4,1,408,21,48,59,Shasta,Stephanie Bridgett,0,1,1,1,0,,188,37.234043,60.106383,0.531915,2.12766
Shasta_2021 Q1 Court,2145,Shasta,2021 Q1 Court,440,298,63,118,1,5,362,18,46,69,Shasta,Stephanie Bridgett,0,1,1,1,0,,187,33.68984,63.101604,2.673797,0.534759
Shasta_2021 Q2 Court,2146,Shasta,2021 Q2 Court,551,405,83,111,4,7,270,10,43,62,Shasta,Stephanie Bridgett,0,1,1,1,0,,205,40.487805,54.146341,3.414634,1.95122
Shasta_2021 Q3 Court,2147,Shasta,2021 Q3 Court,509,352,132,96,1,1,262,35,32,65,Shasta,Stephanie Bridgett,0,1,1,1,0,,230,57.391304,41.73913,0.434783,0.434783
Shasta_2021 Q4 Court,2148,Shasta,2021 Q4 Court,314,355,84,80,0,0,126,15,44,68,Shasta,Stephanie Bridgett,0,1,1,1,0,,164,51.219512,48.780488,0.0,0.0
Shasta_2022 Q1 Court,2149,Shasta,2022 Q1 Court,217,278,90,94,1,6,103,7,39,81,Shasta,Stephanie Bridgett,0,1,1,1,0,,191,47.120419,49.21466,3.141361,0.52356
Shasta_2022 Q2 Court,2150,Shasta,2022 Q2 Court,335,253,114,92,1,3,206,6,63,112,Shasta,Stephanie Bridgett,0,1,1,1,0,,210,54.285714,43.809524,1.428571,0.47619
Shasta_2022 Q3 Court,2151,Shasta,2022 Q3 Court,454,343,70,86,2,6,287,2,84,140,Shasta,Stephanie Bridgett,0,1,1,1,1,,164,42.682927,52.439024,3.658537,1.219512
Shasta_2022 Q4 Court,2152,Shasta,2022 Q4 Court,554,575,67,95,1,1,272,3,66,76,Shasta,Stephanie Bridgett,0,1,1,1,1,,164,40.853659,57.926829,0.609756,0.609756
Shasta_2023 Q1 Court,2153,Shasta,2023 Q1 Court,594,408,78,101,1,0,294,17,42,66,Shasta,Stephanie Bridgett,0,NA,NA,NA,0,,180,43.333333,56.111111,0.0,0.555556
Shasta_2023 Q2 Court,2154,Shasta,2023 Q2 Court,644,650,108,138,7,2,239,8,24,70,,,,,,,,,255,42.352941,54.117647,0.784314,2.745098
Shasta_2023 Q3 Court,2155,Shasta,2023 Q3 Court,567,553,113,135,3,3,261,7,32,76,,,,,,,,,254,44.488189,53.149606,1.181102,1.181102
Shasta_2023 Q4 Court,2156,Shasta,2023 Q4 Court,523,511,139,144,6,1,256,13,41,67,,,,,,,,,290,47.931034,49.655172,0.344828,2.068966
Shasta_2024 Q1 Court,2157,Shasta,2024 Q1 Court,636,237,83,230,8,4,250,10,51,41,,,,,,,,,325,25.538462,70.769231,1.230769,2.461538
Shasta_2024 Q2 Court,2158,Shasta,2024 Q2 Court,613,185,138,202,5,7,237,10,56,33,,,,,,,,,352,39.204545,57.386364,1.988636,1.420455
Shasta_2024 Q3 Court,2159,Shasta,2024 Q3 Court,490,225,99,181,6,1,282,9,52,34,,,,,,,,,287,34.494774,63.066202,0.348432,2.090592
Shasta_2024 Q4 Court,2160,Shasta,2024 Q4 Court,496,203,107,171,3,2,201,20,57,38,,,,,,,,,283,37.809187,60.424028,0.706714,1.060071
Sierra_2013 Q1 Court,2161,Sierra,2013 Q1 Court,3,4,0,0,0,0,4,0,0,0,Sierra,Lawrence Allen,0,1,1,0,0,,,,,,
Sierra_2013 Q2 Court,2162,Sierra,2013 Q2 Court,10,6,0,9,0,0,NA,0,0,NA,Sierra,Lawrence Allen,0,1,1,0,0,,9,0.0,100.0,0.0,0.0
Sierra_2013 Q3 Court,2163,Sierra,2013 Q3 Court,7,2,0,1,0,0,7,0,1,0,Sierra,Lawrence Allen,0,1,1,0,0,,1,0.0,100.0,0.0,0.0
Sierra_2013 Q4 Court,2164,Sierra,2013 Q4 Court,8,0,0,0,0,0,0,0,0,0,Sierra,Lawrence Allen,0,1,1,0,0,,,,,,
Sierra_2014 Q1 Court,2165,Sierra,2014 Q1 Court,10,3,2,3,1,0,2,0,1,0,Sierra,Lawrence Allen,0,1,1,0,0,,6,33.333333,50.0,0.0,16.666667
Sierra_2014 Q2 Court,2166,Sierra,2014 Q2 Court,5,1,0,1,0,0,1,0,0,1,Sierra,Lawrence Allen,0,1,1,0,0,,1,0.0,100.0,0.0,0.0
Sierra_2014 Q3 Court,2167,Sierra,2014 Q3 Court,9,2,0,1,0,0,2,0,0,2,Sierra,Lawrence Allen,0,1,1,0,1,,1,0.0,100.0,0.0,0.0
Sierra_2014 Q4 Court,2168,Sierra,2014 Q4 Court,8,0,0,2,0,0,4,0,0,1,Sierra,Lawrence Allen,0,1,1,0,1,,2,0.0,100.0,0.0,0.0
Sierra_2015 Q1 Court,2169,Sierra,2015 Q1 Court,2,2,0,2,0,0,2,0,0,1,Sierra,Lawrence Allen,0,0,NA,NA,0,,2,0.0,100.0,0.0,0.0
Sierra_2015 Q2 Court,2170,Sierra,2015 Q2 Court,8,0,0,1,0,0,1,0,0,1,Sierra,Lawrence Allen,0,0,NA,NA,0,,1,0.0,100.0,0.0,0.0
Sierra_2015 Q3 Court,2171,Sierra,2015 Q3 Court,7,NA,NA,NA,NA,NA,NA,NA,NA,NA,Sierra,Lawrence Allen,0,0,NA,NA,0,,,,,,
Sierra_2015 Q4 Court,2172,Sierra,2015 Q4 Court,16,2,0,1,0,0,1,0,0,1,Sierra,Lawrence Allen,0,0,NA,NA,0,,1,0.0,100.0,0.0,0.0
Sierra_2016 Q1 Court,2173,Sierra,2016 Q1 Court,4,1,0,3,0,0,2,0,0,0,Sierra,Lawrence Allen,0,0,NA,NA,0,,3,0.0,100.0,0.0,0.0
Sierra_2016 Q2 Court,2174,Sierra,2016 Q2 Court,11,1,0,5,0,1,0,0,0,0,Sierra,Lawrence Allen,0,0,NA,NA,0,,6,0.0,83.333333,16.666667,0.0
Sierra_2016 Q3 Court,2175,Sierra,2016 Q3 Court,8,1,0,4,0,0,1,0,0,0,Sierra,Lawrence Allen,0,0,NA,NA,0,,4,0.0,100.0,0.0,0.0
Sierra_2016 Q4 Court,2176,Sierra,2016 Q4 Court,10,2,0,4,0,0,1,0,0,1,Sierra,Lawrence Allen,0,0,NA,NA,0,,4,0.0,100.0,0.0,0.0
Sierra_2017 Q1 Court,2177,Sierra,2017 Q1 Court,6,1,1,0,0,1,0,0,0,2,Sierra,Lawrence Allen,0,0,NA,NA,0,,2,50.0,0.0,50.0,0.0
Sierra_2017 Q2 Court,2178,Sierra,2017 Q2 Court,15,NA,NA,NA,NA,NA,NA,NA,NA,NA,Sierra,Lawrence Allen,0,0,NA,NA,0,,,,,,
Sierra_2017 Q3 Court,2179,Sierra,2017 Q3 Court,16,1,0,2,0,0,5,0,0,0,Sierra,Lawrence Allen,0,0,NA,NA,0,,2,0.0,100.0,0.0,0.0
Sierra_2017 Q4 Court,2180,Sierra,2017 Q4 Court,11,NA,NA,NA,NA,NA,NA,NA,NA,NA,Sierra,Lawrence Allen,0,0,NA,NA,0,,,,,,
Sierra_2018 Q1 Court,2181,Sierra,2018 Q1 Court,15,2,3,3,0,0,6,0,0,2,Sierra,Lawrence Allen,0,0,NA,1,0,,6,50.0,50.0,0.0,0.0
Sierra_2018 Q2 Court,2182,Sierra,2018 Q2 Court,12,NA,NA,NA,NA,NA,NA,NA,NA,NA,Sierra,Lawrence Allen,0,0,NA,1,0,,,,,,
Sierra_2018 Q3 Court,2183,Sierra,2018 Q3 Court,16,NA,NA,NA,NA,NA,NA,NA,NA,NA,Sierra,Lawrence Allen,0,0,NA,1,1,,,,,,
Sierra_2018 Q4 Court,2184,Sierra,2018 Q4 Court,10,NA,NA,NA,NA,NA,NA,NA,NA,NA,Sierra,Lawrence Allen,0,0,NA,1,1,,,,,,
Sierra_2019 Q1 Court,2185,Sierra,2019 Q1 Court,8,NA,NA,NA,NA,NA,NA,NA,NA,NA,Sierra,Sandra Groven,0,1,1,0,0,,,,,,
Sierra_2019 Q2 Court,2186,Sierra,2019 Q2 Court,7,NA,NA,NA,NA,NA,NA,NA,NA,NA,Sierra,Sandra Groven,0,1,1,0,0,,,,,,
Sierra_2019 Q3 Court,2187,Sierra,2019 Q3 Court,7,NA,NA,1,NA,NA,NA,NA,NA,NA,Sierra,Sandra Groven,0,1,1,0,0,,,,,,
Sierra_2019 Q4 Court,2188,Sierra,2019 Q4 Court,9,1,NA,1,NA,NA,1,NA,NA,NA,Sierra,Sandra Groven,0,1,1,0,0,,,,,,
Sierra_2020 Q1 Court,2189,Sierra,2020 Q1 Court,12,4,0,NA,NA,NA,0,NA,NA,0,Sierra,Sandra Groven,0,1,1,0,0,,,,,,
Sierra_2020 Q2 Court,2190,Sierra,2020 Q2 Court,16,3,0,1,0,0,1,0,0,0,Sierra,Sandra Groven,0,1,1,0,0,,1,0.0,100.0,0.0,0.0
Sierra_2020 Q3 Court,2191,Sierra,2020 Q3 Court,10,2,0,2,0,1,1,0,0,0,Sierra,Sandra Groven,0,1,1,0,0,,3,0.0,66.666667,33.333333,0.0
Sierra_2020 Q4 Court,2192,Sierra,2020 Q4 Court,11,1,0,1,0,0,0,0,1,0,Sierra,Sandra Groven,0,1,1,0,0,,1,0.0,100.0,0.0,0.0
Sierra_2021 Q1 Court,2193,Sierra,2021 Q1 Court,7,7,0,1,0,0,1,0,0,0,Sierra,Sandra Groven,0,1,1,0,0,,1,0.0,100.0,0.0,0.0
Sierra_2021 Q2 Court,2194,Sierra,2021 Q2 Court,3,1,0,2,0,1,2,0,0,0,Sierra,Sandra Groven,0,1,1,0,0,,3,0.0,66.666667,33.333333,0.0
Sierra_2021 Q3 Court,2195,Sierra,2021 Q3 Court,8,0,0,1,0,0,0,0,0,0,Sierra,Sandra Groven,0,1,1,0,0,,1,0.0,100.0,0.0,0.0
Sierra_2021 Q4 Court,2196,Sierra,2021 Q4 Court,13,1,0,1,0,0,2,0,0,0,Sierra,Sandra Groven,0,1,1,0,0,,1,0.0,100.0,0.0,0.0
Sierra_2022 Q1 Court,2197,Sierra,2022 Q1 Court,12,2,0,2,0,0,0,0,1,0,Sierra,Sandra Groven,0,1,1,0,0,,2,0.0,100.0,0.0,0.0
Sierra_2022 Q2 Court,2198,Sierra,2022 Q2 Court,2,1,1,2,0,1,0,0,0,0,Sierra,Sandra Groven,0,1,1,0,0,,4,25.0,50.0,25.0,0.0
Sierra_2022 Q3 Court,2199,Sierra,2022 Q3 Court,10,1,0,1,0,0,2,0,0,0,Sierra,Sandra Groven,0,1,1,0,1,,1,0.0,100.0,0.0,0.0
Sierra_2022 Q4 Court,2200,Sierra,2022 Q4 Court,6,1,0,0,0,0,1,0,0,0,Sierra,Sandra Groven,0,1,1,0,1,,,,,,
Sierra_2023 Q1 Court,2201,Sierra,2023 Q1 Court,8,3,0,1,0,0,4,0,0,0,Sierra,Sandra Groven,0,NA,NA,NA,0,,1,0.0,100.0,0.0,0.0
Sierra_2023 Q2 Court,2202,Sierra,2023 Q2 Court,4,2,0,0,0,0,1,0,0,0,,,,,,,,,,,,,
Sierra_2023 Q3 Court,2203,Sierra,2023 Q3 Court,9,2,1,1,0,0,0,0,0,0,,,,,,,,,2,50.0,50.0,0.0,0.0
Sierra_2023 Q4 Court,2204,Sierra,2023 Q4 Court,5,1,0,1,0,0,2,0,1,0,,,,,,,,,1,0.0,100.0,0.0,0.0
Sierra_2024 Q1 Court,2205,Sierra,2024 Q1 Court,4,1,1,2,0,0,0,0,0,0,,,,,,,,,3,33.333333,66.666667,0.0,0.0
Sierra_2024 Q2 Court,2206,Sierra,2024 Q2 Court,3,1,0,2,0,0,1,0,0,0,,,,,,,,,2,0.0,100.0,0.0,0.0
Sierra_2024 Q3 Court,2207,Sierra,2024 Q3 Court,8,2,0,0,0,1,1,0,0,1,,,,,,,,,1,0.0,0.0,100.0,0.0
Sierra_2024 Q4 Court,2208,Sierra,2024 Q4 Court,7,0,0,0,0,0,1,0,0,0,,,,,,,,,,,,,
Siskiyou_2013 Q1 Court,2209,Siskiyou,2013 Q1 Court,149,NA,7,33,2,4,NA,1,19,NA,Siskiyou,Kirk Andrus,0,1,1,0,0,,46,15.217391,71.73913,8.695652,4.347826
Siskiyou_2013 Q2 Court,2210,Siskiyou,2013 Q2 Court,126,53,20,52,1,1,72,3,18,0,Siskiyou,Kirk Andrus,0,1,1,0,0,,74,27.027027,70.27027,1.351351,1.351351
Siskiyou_2013 Q3 Court,2211,Siskiyou,2013 Q3 Court,150,24,11,59,4,0,63,0,0,0,Siskiyou,Kirk Andrus,0,1,1,0,0,,74,14.864865,79.72973,0.0,5.405405
Siskiyou_2013 Q4 Court,2212,Siskiyou,2013 Q4 Court,144,41,11,51,0,5,80,0,12,3,Siskiyou,Kirk Andrus,0,1,1,0,0,,67,16.41791,76.119403,7.462687,0.0
Siskiyou_2014 Q1 Court,2213,Siskiyou,2014 Q1 Court,158,99,22,57,3,4,126,1,15,1,Siskiyou,Kirk Andrus,0,1,1,0,0,,86,25.581395,66.27907,4.651163,3.488372
Siskiyou_2014 Q2 Court,2214,Siskiyou,2014 Q2 Court,106,76,17,57,2,2,150,5,16,5,Siskiyou,Kirk Andrus,0,1,1,0,0,,78,21.794872,73.076923,2.564103,2.564103
Siskiyou_2014 Q3 Court,2215,Siskiyou,2014 Q3 Court,129,106,18,57,3,7,119,8,17,8,Siskiyou,Kirk Andrus,0,1,1,0,1,,85,21.176471,67.058824,8.235294,3.529412
Siskiyou_2014 Q4 Court,2216,Siskiyou,2014 Q4 Court,132,83,12,57,0,2,77,4,19,2,Siskiyou,Kirk Andrus,0,1,1,0,1,,71,16.901408,80.28169,2.816901,0.0
Siskiyou_2015 Q1 Court,2217,Siskiyou,2015 Q1 Court,96,62,13,57,0,0,55,9,8,6,Siskiyou,Kirk Andrus,0,1,1,0,0,,70,18.571429,81.428571,0.0,0.0
Siskiyou_2015 Q2 Court,2218,Siskiyou,2015 Q2 Court,122,68,14,44,1,0,100,9,16,1,Siskiyou,Kirk Andrus,0,1,1,0,0,,59,23.728814,74.576271,0.0,1.694915
Siskiyou_2015 Q3 Court,2219,Siskiyou,2015 Q3 Court,142,94,27,56,0,0,147,4,9,3,Siskiyou,Kirk Andrus,0,1,1,0,0,,83,32.53012,67.46988,0.0,0.0
Siskiyou_2015 Q4 Court,2220,Siskiyou,2015 Q4 Court,136,51,23,49,0,3,105,0,18,0,Siskiyou,Kirk Andrus,0,1,1,0,0,,75,30.666667,65.333333,4.0,0.0
Siskiyou_2016 Q1 Court,2221,Siskiyou,2016 Q1 Court,125,49,17,57,0,0,101,2,7,2,Siskiyou,Kirk Andrus,0,1,1,0,0,,74,22.972973,77.027027,0.0,0.0
Siskiyou_2016 Q2 Court,2222,Siskiyou,2016 Q2 Court,134,27,19,69,1,2,60,8,13,0,Siskiyou,Kirk Andrus,0,1,1,0,0,,91,20.879121,75.824176,2.197802,1.098901
Siskiyou_2016 Q3 Court,2223,Siskiyou,2016 Q3 Court,155,92,13,58,2,0,52,0,11,1,Siskiyou,Kirk Andrus,0,1,1,0,0,,73,17.808219,79.452055,0.0,2.739726
Siskiyou_2016 Q4 Court,2224,Siskiyou,2016 Q4 Court,117,49,17,60,1,1,82,9,10,1,Siskiyou,Kirk Andrus,0,1,1,0,0,,79,21.518987,75.949367,1.265823,1.265823
Siskiyou_2017 Q1 Court,2225,Siskiyou,2017 Q1 Court,139,80,27,33,1,1,54,3,8,0,Siskiyou,Kirk Andrus,0,1,1,0,0,,62,43.548387,53.225806,1.612903,1.612903
Siskiyou_2017 Q2 Court,2226,Siskiyou,2017 Q2 Court,139,94,16,60,1,0,72,4,8,2,Siskiyou,Kirk Andrus,0,1,1,0,0,,77,20.779221,77.922078,0.0,1.298701
Siskiyou_2017 Q3 Court,2227,Siskiyou,2017 Q3 Court,125,80,29,47,0,2,70,3,8,2,Siskiyou,Kirk Andrus,0,1,1,0,0,,78,37.179487,60.25641,2.564103,0.0
Siskiyou_2017 Q4 Court,2228,Siskiyou,2017 Q4 Court,128,92,24,46,3,0,78,2,6,1,Siskiyou,Kirk Andrus,0,1,1,0,0,,73,32.876712,63.013699,0.0,4.109589
Siskiyou_2018 Q1 Court,2229,Siskiyou,2018 Q1 Court,159,105,15,45,9,0,90,2,10,0,Siskiyou,Kirk Andrus,0,1,1,0,0,,69,21.73913,65.217391,0.0,13.043478
Siskiyou_2018 Q2 Court,2230,Siskiyou,2018 Q2 Court,148,76,22,60,3,0,55,0,6,0,Siskiyou,Kirk Andrus,0,1,1,0,0,,85,25.882353,70.588235,0.0,3.529412
Siskiyou_2018 Q3 Court,2231,Siskiyou,2018 Q3 Court,157,95,10,34,0,0,82,0,14,4,Siskiyou,Kirk Andrus,0,1,1,0,1,,44,22.727273,77.272727,0.0,0.0
Siskiyou_2018 Q4 Court,2232,Siskiyou,2018 Q4 Court,116,73,22,40,3,0,52,0,4,0,Siskiyou,Kirk Andrus,0,1,1,0,1,,65,33.846154,61.538462,0.0,4.615385
Siskiyou_2019 Q1 Court,2233,Siskiyou,2019 Q1 Court,129,102,31,60,2,1,105,0,13,1,Siskiyou,Kirk Andrus,0,1,1,0,0,,94,32.978723,63.829787,1.06383,2.12766
Siskiyou_2019 Q2 Court,2234,Siskiyou,2019 Q2 Court,138,95,24,60,0,0,133,0,14,3,Siskiyou,Kirk Andrus,0,1,1,0,0,,84,28.571429,71.428571,0.0,0.0
Siskiyou_2019 Q3 Court,2235,Siskiyou,2019 Q3 Court,138,98,9,59,2,0,140,0,9,0,Siskiyou,Kirk Andrus,0,1,1,0,0,,70,12.857143,84.285714,0.0,2.857143
Siskiyou_2019 Q4 Court,2236,Siskiyou,2019 Q4 Court,129,75,11,48,0,0,152,0,14,3,Siskiyou,Kirk Andrus,0,1,1,0,0,,59,18.644068,81.355932,0.0,0.0
Siskiyou_2020 Q1 Court,2237,Siskiyou,2020 Q1 Court,109,34,15,40,0,0,140,0,16,2,Siskiyou,Kirk Andrus,0,1,1,0,0,,55,27.272727,72.727273,0.0,0.0
Siskiyou_2020 Q2 Court,2238,Siskiyou,2020 Q2 Court,105,68,8,24,0,0,97,0,15,0,Siskiyou,Kirk Andrus,0,1,1,0,0,,32,25.0,75.0,0.0,0.0
Siskiyou_2020 Q3 Court,2239,Siskiyou,2020 Q3 Court,161,193,14,33,0,0,77,1,6,0,Siskiyou,Kirk Andrus,0,1,1,0,0,,47,29.787234,70.212766,0.0,0.0
Siskiyou_2020 Q4 Court,2240,Siskiyou,2020 Q4 Court,133,165,7,42,0,0,69,1,14,1,Siskiyou,Kirk Andrus,0,1,1,0,0,,49,14.285714,85.714286,0.0,0.0
Siskiyou_2021 Q1 Court,2241,Siskiyou,2021 Q1 Court,125,162,5,15,2,0,65,1,10,2,Siskiyou,Kirk Andrus,0,1,1,0,0,,22,22.727273,68.181818,0.0,9.090909
Siskiyou_2021 Q2 Court,2242,Siskiyou,2021 Q2 Court,170,200,3,38,0,0,88,0,8,2,Siskiyou,Kirk Andrus,0,1,1,0,0,,41,7.317073,92.682927,0.0,0.0
Siskiyou_2021 Q3 Court,2243,Siskiyou,2021 Q3 Court,181,199,10,16,2,0,43,0,8,1,Siskiyou,Kirk Andrus,0,1,1,0,0,,28,35.714286,57.142857,0.0,7.142857
Siskiyou_2021 Q4 Court,2244,Siskiyou,2021 Q4 Court,120,205,23,29,1,0,31,0,2,0,Siskiyou,Kirk Andrus,0,1,1,0,0,,53,43.396226,54.716981,0.0,1.886792
Siskiyou_2022 Q1 Court,2245,Siskiyou,2022 Q1 Court,111,180,20,18,0,0,23,0,3,1,Siskiyou,Kirk Andrus,0,1,1,0,0,,38,52.631579,47.368421,0.0,0.0
Siskiyou_2022 Q2 Court,2246,Siskiyou,2022 Q2 Court,156,256,16,36,3,0,30,0,2,1,Siskiyou,Kirk Andrus,0,1,1,0,0,,55,29.090909,65.454545,0.0,5.454545
Siskiyou_2022 Q3 Court,2247,Siskiyou,2022 Q3 Court,167,249,32,24,1,1,23,0,3,1,Siskiyou,Kirk Andrus,0,1,1,0,1,,58,55.172414,41.37931,1.724138,1.724138
Siskiyou_2022 Q4 Court,2248,Siskiyou,2022 Q4 Court,138,230,15,32,0,0,23,0,1,2,Siskiyou,Kirk Andrus,0,1,1,0,1,,47,31.914894,68.085106,0.0,0.0
Siskiyou_2023 Q1 Court,2249,Siskiyou,2023 Q1 Court,138,228,10,20,0,0,15,0,2,2,Siskiyou,Kirk Andrus,0,NA,NA,NA,0,,30,33.333333,66.666667,0.0,0.0
Siskiyou_2023 Q2 Court,2250,Siskiyou,2023 Q2 Court,157,163,25,23,0,2,13,0,4,2,,,,,,,,,50,50.0,46.0,4.0,0.0
Siskiyou_2023 Q3 Court,2251,Siskiyou,2023 Q3 Court,141,176,20,19,0,0,11,0,3,1,,,,,,,,,39,51.282051,48.717949,0.0,0.0
Siskiyou_2023 Q4 Court,2252,Siskiyou,2023 Q4 Court,88,189,24,31,0,2,11,0,3,2,,,,,,,,,57,42.105263,54.385965,3.508772,0.0
Siskiyou_2024 Q1 Court,2253,Siskiyou,2024 Q1 Court,130,135,34,31,0,0,3,0,4,3,,,,,,,,,65,52.307692,47.692308,0.0,0.0
Siskiyou_2024 Q2 Court,2254,Siskiyou,2024 Q2 Court,143,105,9,29,1,1,5,0,3,2,,,,,,,,,40,22.5,72.5,2.5,2.5
Siskiyou_2024 Q3 Court,2255,Siskiyou,2024 Q3 Court,134,142,22,34,0,1,33,1,2,6,,,,,,,,,57,38.596491,59.649123,1.754386,0.0
Siskiyou_2024 Q4 Court,2256,Siskiyou,2024 Q4 Court,160,116,35,52,0,1,27,0,2,3,,,,,,,,,88,39.772727,59.090909,1.136364,0.0
Solano_2013 Q1 Court,2257,Solano,2013 Q1 Court,938,227,89,237,68,26,347,0,82,0,Solano,Don Du Bain,0,1,0,1,0,,420,21.190476,56.428571,6.190476,16.190476
Solano_2013 Q2 Court,2258,Solano,2013 Q2 Court,916,213,56,226,62,15,416,9,74,0,Solano,Don Du Bain,0,1,0,1,0,,359,15.598886,62.952646,4.178273,17.270195
Solano_2013 Q3 Court,2259,Solano,2013 Q3 Court,942,228,65,232,63,18,396,7,112,55,Solano,Don Du Bain,0,1,0,1,0,,378,17.195767,61.375661,4.761905,16.666667
Solano_2013 Q4 Court,2260,Solano,2013 Q4 Court,923,194,82,203,25,12,425,8,90,81,Solano,Don Du Bain,0,1,0,1,0,,322,25.465839,63.043478,3.726708,7.763975
Solano_2014 Q1 Court,2261,Solano,2014 Q1 Court,930,268,89,228,19,18,433,14,46,91,Solano,Don Du Bain,0,1,0,1,0,,354,25.141243,64.40678,5.084746,5.367232
Solano_2014 Q2 Court,2262,Solano,2014 Q2 Court,959,255,69,186,23,27,517,14,54,89,Solano,Don Du Bain,0,1,0,1,0,,305,22.622951,60.983607,8.852459,7.540984
Solano_2014 Q3 Court,2263,Solano,2014 Q3 Court,980,269,89,227,22,17,513,24,64,73,Solano,Don Du Bain,0,1,0,1,1,,355,25.070423,63.943662,4.788732,6.197183
Solano_2014 Q4 Court,2264,Solano,2014 Q4 Court,788,150,64,156,19,13,314,7,74,84,Solano,Don Du Bain,0,1,0,1,1,,252,25.396825,61.904762,5.15873,7.539683
Solano_2015 Q1 Court,2265,Solano,2015 Q1 Court,654,139,53,134,13,2,294,21,49,87,Solano,Krishna Abrams,0,1,1,0,0,,202,26.237624,66.336634,0.990099,6.435644
Solano_2015 Q2 Court,2266,Solano,2015 Q2 Court,656,172,78,144,15,10,278,16,37,94,Solano,Krishna Abrams,0,1,1,0,0,,247,31.578947,58.299595,4.048583,6.072874
Solano_2015 Q3 Court,2267,Solano,2015 Q3 Court,695,158,85,110,14,11,353,7,57,92,Solano,Krishna Abrams,0,1,1,0,0,,220,38.636364,50.0,5.0,6.363636
Solano_2015 Q4 Court,2268,Solano,2015 Q4 Court,654,141,83,141,11,9,290,16,74,98,Solano,Krishna Abrams,0,1,1,0,0,,244,34.016393,57.786885,3.688525,4.508197
Solano_2016 Q1 Court,2269,Solano,2016 Q1 Court,716,164,71,157,19,13,329,15,67,83,Solano,Krishna Abrams,0,1,1,0,0,,260,27.307692,60.384615,5.0,7.307692
Solano_2016 Q2 Court,2270,Solano,2016 Q2 Court,750,136,69,153,12,11,318,7,95,88,Solano,Krishna Abrams,0,1,1,0,0,,245,28.163265,62.44898,4.489796,4.897959
Solano_2016 Q3 Court,2271,Solano,2016 Q3 Court,822,146,57,181,13,6,294,7,78,52,Solano,Krishna Abrams,0,1,1,0,0,,257,22.178988,70.428016,2.33463,5.058366
Solano_2016 Q4 Court,2272,Solano,2016 Q4 Court,717,177,30,175,8,8,363,16,78,57,Solano,Krishna Abrams,0,1,1,0,0,,221,13.574661,79.18552,3.61991,3.61991
Solano_2017 Q1 Court,2273,Solano,2017 Q1 Court,814,146,32,99,3,1,380,5,58,75,Solano,Krishna Abrams,0,1,1,0,0,,135,23.703704,73.333333,0.740741,2.222222
Solano_2017 Q2 Court,2274,Solano,2017 Q2 Court,826,153,57,99,10,7,407,4,75,54,Solano,Krishna Abrams,0,1,1,0,0,,173,32.947977,57.225434,4.046243,5.780347
Solano_2017 Q3 Court,2275,Solano,2017 Q3 Court,812,142,35,59,9,9,361,8,71,62,Solano,Krishna Abrams,0,1,1,0,0,,112,31.25,52.678571,8.035714,8.035714
Solano_2017 Q4 Court,2276,Solano,2017 Q4 Court,648,144,29,66,3,8,337,12,79,60,Solano,Krishna Abrams,0,1,1,0,0,,106,27.358491,62.264151,7.54717,2.830189
Solano_2018 Q1 Court,2277,Solano,2018 Q1 Court,605,121,26,78,4,7,352,11,78,72,Solano,Krishna Abrams,0,1,1,0,0,,115,22.608696,67.826087,6.086957,3.478261
Solano_2018 Q2 Court,2278,Solano,2018 Q2 Court,652,144,7,25,1,4,376,9,76,56,Solano,Krishna Abrams,0,1,1,0,0,,37,18.918919,67.567568,10.810811,2.702703
Solano_2018 Q3 Court,2279,Solano,2018 Q3 Court,598,139,9,23,1,0,382,9,109,67,Solano,Krishna Abrams,0,1,1,0,1,,33,27.272727,69.69697,0.0,3.030303
Solano_2018 Q4 Court,2280,Solano,2018 Q4 Court,644,168,29,45,4,6,306,11,85,53,Solano,Krishna Abrams,0,1,1,0,1,,84,34.52381,53.571429,7.142857,4.761905
Solano_2019 Q1 Court,2281,Solano,2019 Q1 Court,570,132,46,44,0,2,311,10,85,83,Solano,Krishna Abrams,0,1,1,1,0,,92,50.0,47.826087,2.173913,0.0
Solano_2019 Q2 Court,2282,Solano,2019 Q2 Court,606,169,30,50,0,3,328,5,111,99,Solano,Krishna Abrams,0,1,1,1,0,,83,36.144578,60.240964,3.614458,0.0
Solano_2019 Q3 Court,2283,Solano,2019 Q3 Court,566,150,33,52,0,2,358,11,119,88,Solano,Krishna Abrams,0,1,1,1,0,,87,37.931034,59.770115,2.298851,0.0
Solano_2019 Q4 Court,2284,Solano,2019 Q4 Court,612,150,14,37,2,1,284,9,104,85,Solano,Krishna Abrams,0,1,1,1,0,,54,25.925926,68.518519,1.851852,3.703704
Solano_2020 Q1 Court,2285,Solano,2020 Q1 Court,604,141,38,43,1,2,265,0,85,74,Solano,Krishna Abrams,0,1,1,1,0,,84,45.238095,51.190476,2.380952,1.190476
Solano_2020 Q2 Court,2286,Solano,2020 Q2 Court,616,46,12,15,3,1,146,2,75,71,Solano,Krishna Abrams,0,1,1,1,0,,31,38.709677,48.387097,3.225806,9.677419
Solano_2020 Q3 Court,2287,Solano,2020 Q3 Court,728,370,15,27,0,0,204,2,120,72,Solano,Krishna Abrams,0,1,1,1,0,,42,35.714286,64.285714,0.0,0.0
Solano_2020 Q4 Court,2288,Solano,2020 Q4 Court,684,307,9,37,0,2,224,3,125,80,Solano,Krishna Abrams,0,1,1,1,0,,48,18.75,77.083333,4.166667,0.0
Solano_2021 Q1 Court,2289,Solano,2021 Q1 Court,679,283,59,118,7,2,302,1,94,77,Solano,Krishna Abrams,0,1,1,1,0,,186,31.72043,63.44086,1.075269,3.763441
Solano_2021 Q2 Court,2290,Solano,2021 Q2 Court,632,305,112,111,13,1,283,1,114,99,Solano,Krishna Abrams,0,1,1,1,0,,237,47.257384,46.835443,0.421941,5.485232
Solano_2021 Q3 Court,2291,Solano,2021 Q3 Court,640,282,95,238,12,10,268,2,101,51,Solano,Krishna Abrams,0,1,1,1,0,,355,26.760563,67.042254,2.816901,3.380282
Solano_2021 Q4 Court,2292,Solano,2021 Q4 Court,536,259,114,116,18,4,222,1,70,60,Solano,Krishna Abrams,0,1,1,1,0,,252,45.238095,46.031746,1.587302,7.142857
Solano_2022 Q1 Court,2293,Solano,2022 Q1 Court,590,208,89,99,10,6,238,1,90,72,Solano,Krishna Abrams,0,1,1,1,0,,204,43.627451,48.529412,2.941176,4.901961
Solano_2022 Q2 Court,2294,Solano,2022 Q2 Court,575,354,149,107,10,5,200,1,121,62,Solano,Krishna Abrams,0,1,1,1,0,,271,54.98155,39.483395,1.845018,3.690037
Solano_2022 Q3 Court,2295,Solano,2022 Q3 Court,565,295,92,121,9,2,234,1,88,53,Solano,Krishna Abrams,0,1,1,1,1,,224,41.071429,54.017857,0.892857,4.017857
Solano_2022 Q4 Court,2296,Solano,2022 Q4 Court,416,211,112,126,10,4,261,2,100,55,Solano,Krishna Abrams,0,1,1,1,1,,252,44.444444,50.0,1.587302,3.968254
Solano_2023 Q1 Court,2297,Solano,2023 Q1 Court,484,191,93,85,10,4,238,0,163,99,,,,,,,,,192,48.4375,44.270833,2.083333,5.208333
Solano_2023 Q2 Court,2298,Solano,2023 Q2 Court,421,175,60,60,0,1,72,2,79,68,,,,,,,,,121,49.586777,49.586777,0.826446,0.0
Solano_2023 Q3 Court,2299,Solano,2023 Q3 Court,546,198,73,58,0,2,56,1,104,56,,,,,,,,,133,54.887218,43.609023,1.503759,0.0
Solano_2023 Q4 Court,2300,Solano,2023 Q4 Court,462,196,83,71,0,3,54,0,85,68,,,,,,,,,157,52.866242,45.22293,1.910828,0.0
Solano_2024 Q1 Court,2301,Solano,2024 Q1 Court,548,202,74,58,5,1,75,3,87,56,,,,,,,,,138,53.623188,42.028986,0.724638,3.623188
Solano_2024 Q2 Court,2302,Solano,2024 Q2 Court,562,195,74,60,5,4,87,1,77,53,,,,,,,,,143,51.748252,41.958042,2.797203,3.496503
Solano_2024 Q3 Court,2303,Solano,2024 Q3 Court,561,210,44,38,8,2,95,2,86,60,,,,,,,,,92,47.826087,41.304348,2.173913,8.695652
Solano_2024 Q4 Court,2304,Solano,2024 Q4 Court,570,204,55,36,8,3,76,7,100,52,,,,,,,,,102,53.921569,35.294118,2.941176,7.843137
Sonoma_2013 Q1 Court,2305,Sonoma,2013 Q1 Court,741,111,78,217,3,40,467,11,64,NA,Sonoma,Jill Ravitch,0,1,1,1,0,,338,23.076923,64.201183,11.83432,0.887574
Sonoma_2013 Q2 Court,2306,Sonoma,2013 Q2 Court,817,114,72,221,2,42,495,10,71,NA,Sonoma,Jill Ravitch,0,1,1,1,0,,337,21.364985,65.578635,12.462908,0.593472
Sonoma_2013 Q3 Court,2307,Sonoma,2013 Q3 Court,768,144,49,258,10,56,834,76,148,72,Sonoma,Jill Ravitch,0,1,1,1,0,,373,13.136729,69.168901,15.013405,2.680965
Sonoma_2013 Q4 Court,2308,Sonoma,2013 Q4 Court,767,138,58,262,17,41,716,73,150,90,Sonoma,Jill Ravitch,0,1,1,1,0,,378,15.343915,69.312169,10.846561,4.497354
Sonoma_2014 Q1 Court,2309,Sonoma,2014 Q1 Court,781,183,62,254,5,42,755,67,95,55,Sonoma,Jill Ravitch,0,1,1,1,0,,363,17.07989,69.972452,11.570248,1.37741
Sonoma_2014 Q2 Court,2310,Sonoma,2014 Q2 Court,735,182,68,294,5,38,745,76,119,80,Sonoma,Jill Ravitch,0,1,1,1,0,,405,16.790123,72.592593,9.382716,1.234568
Sonoma_2014 Q3 Court,2311,Sonoma,2014 Q3 Court,751,169,47,244,10,51,768,77,130,60,Sonoma,Jill Ravitch,0,1,1,1,1,,352,13.352273,69.318182,14.488636,2.840909
Sonoma_2014 Q4 Court,2312,Sonoma,2014 Q4 Court,649,129,63,217,9,29,637,108,145,47,Sonoma,Jill Ravitch,0,1,1,1,1,,318,19.811321,68.238994,9.119497,2.830189
Sonoma_2015 Q1 Court,2313,Sonoma,2015 Q1 Court,677,112,35,214,3,38,654,146,149,47,Sonoma,Jill Ravitch,0,1,1,1,0,,290,12.068966,73.793103,13.103448,1.034483
Sonoma_2015 Q2 Court,2314,Sonoma,2015 Q2 Court,707,122,77,247,9,44,637,105,92,37,Sonoma,Jill Ravitch,0,1,1,1,0,,377,20.424403,65.517241,11.671088,2.387268
Sonoma_2015 Q3 Court,2315,Sonoma,2015 Q3 Court,782,85,41,140,5,22,511,57,65,36,Sonoma,Jill Ravitch,0,1,1,1,0,,208,19.711538,67.307692,10.576923,2.403846
Sonoma_2015 Q4 Court,2316,Sonoma,2015 Q4 Court,728,127,50,240,6,26,681,48,82,40,Sonoma,Jill Ravitch,0,1,1,1,0,,322,15.52795,74.534161,8.074534,1.863354
Sonoma_2016 Q1 Court,2317,Sonoma,2016 Q1 Court,793,129,78,224,6,29,587,55,84,51,Sonoma,Jill Ravitch,0,1,1,1,0,,337,23.145401,66.468843,8.605341,1.780415
Sonoma_2016 Q2 Court,2318,Sonoma,2016 Q2 Court,764,151,89,260,11,26,671,61,81,43,Sonoma,Jill Ravitch,0,1,1,1,0,,386,23.056995,67.357513,6.735751,2.849741
Sonoma_2016 Q3 Court,2319,Sonoma,2016 Q3 Court,725,146,67,263,6,25,749,79,93,34,Sonoma,Jill Ravitch,0,1,1,1,0,,361,18.559557,72.853186,6.925208,1.66205
Sonoma_2016 Q4 Court,2320,Sonoma,2016 Q4 Court,648,98,55,233,7,23,695,100,128,47,Sonoma,Jill Ravitch,0,1,1,1,0,,318,17.295597,73.27044,7.232704,2.201258
Sonoma_2017 Q1 Court,2321,Sonoma,2017 Q1 Court,663,110,68,186,3,28,744,74,110,30,Sonoma,Jill Ravitch,0,1,1,1,0,,285,23.859649,65.263158,9.824561,1.052632
Sonoma_2017 Q2 Court,2322,Sonoma,2017 Q2 Court,727,110,67,190,3,28,738,74,110,46,Sonoma,Jill Ravitch,0,1,1,1,0,,288,23.263889,65.972222,9.722222,1.041667
Sonoma_2017 Q3 Court,2323,Sonoma,2017 Q3 Court,664,NA,NA,NA,NA,NA,NA,NA,14,NA,Sonoma,Jill Ravitch,0,1,1,1,0,,,,,,
Sonoma_2017 Q4 Court,2324,Sonoma,2017 Q4 Court,494,NA,NA,NA,NA,NA,NA,NA,41,NA,Sonoma,Jill Ravitch,0,1,1,1,0,,,,,,
Sonoma_2018 Q1 Court,2325,Sonoma,2018 Q1 Court,648,NA,NA,NA,NA,NA,NA,NA,73,NA,Sonoma,Jill Ravitch,0,1,1,1,0,,,,,,
Sonoma_2018 Q2 Court,2326,Sonoma,2018 Q2 Court,611,227,2,NA,NA,NA,NA,NA,97,NA,Sonoma,Jill Ravitch,0,1,1,1,0,,,,,,
Sonoma_2018 Q3 Court,2327,Sonoma,2018 Q3 Court,527,NA,NA,NA,NA,NA,NA,NA,116,NA,Sonoma,Jill Ravitch,0,1,1,1,1,,,,,,
Sonoma_2018 Q4 Court,2328,Sonoma,2018 Q4 Court,531,NA,5,NA,NA,NA,NA,NA,68,48,Sonoma,Jill Ravitch,0,1,1,1,1,,,,,,
Sonoma_2019 Q1 Court,2329,Sonoma,2019 Q1 Court,559,NA,63,214,5,63,707,64,28,76,Sonoma,Jill Ravitch,0,0,NA,NA,0,,345,18.26087,62.028986,18.26087,1.449275
Sonoma_2019 Q2 Court,2330,Sonoma,2019 Q2 Court,506,NA,59,229,6,27,704,44,37,71,Sonoma,Jill Ravitch,0,0,NA,NA,0,,321,18.380062,71.339564,8.411215,1.869159
Sonoma_2019 Q3 Court,2331,Sonoma,2019 Q3 Court,586,NA,58,191,11,24,658,69,55,76,Sonoma,Jill Ravitch,0,0,NA,NA,0,,284,20.422535,67.253521,8.450704,3.873239
Sonoma_2019 Q4 Court,2332,Sonoma,2019 Q4 Court,472,NA,52,186,7,22,NA,46,59,57,Sonoma,Jill Ravitch,0,0,NA,NA,0,,267,19.475655,69.662921,8.2397,2.621723
Sonoma_2020 Q1 Court,2333,Sonoma,2020 Q1 Court,445,134,57,197,4,16,389,59,61,67,Sonoma,Jill Ravitch,0,0,NA,NA,0,,274,20.80292,71.89781,5.839416,1.459854
Sonoma_2020 Q2 Court,2334,Sonoma,2020 Q2 Court,440,127,22,107,7,12,180,44,40,33,Sonoma,Jill Ravitch,0,0,NA,NA,0,,148,14.864865,72.297297,8.108108,4.72973
Sonoma_2020 Q3 Court,2335,Sonoma,2020 Q3 Court,503,243,45,124,1,10,447,37,54,47,Sonoma,Jill Ravitch,0,0,NA,NA,0,,180,25.0,68.888889,5.555556,0.555556
Sonoma_2020 Q4 Court,2336,Sonoma,2020 Q4 Court,472,200,51,194,5,14,8,44,53,30,Sonoma,Jill Ravitch,0,0,NA,NA,0,,264,19.318182,73.484848,5.30303,1.893939
Sonoma_2021 Q1 Court,2337,Sonoma,2021 Q1 Court,416,172,42,144,6,14,350,20,50,37,Sonoma,Jill Ravitch,0,0,NA,NA,0,,206,20.38835,69.902913,6.796117,2.912621
Sonoma_2021 Q2 Court,2338,Sonoma,2021 Q2 Court,535,217,57,143,3,23,453,26,47,38,Sonoma,Jill Ravitch,0,0,NA,NA,0,,226,25.221239,63.274336,10.176991,1.327434
Sonoma_2021 Q3 Court,2339,Sonoma,2021 Q3 Court,622,259,53,114,3,17,345,44,41,34,Sonoma,Jill Ravitch,0,0,NA,NA,0,,187,28.342246,60.962567,9.090909,1.604278
Sonoma_2021 Q4 Court,2340,Sonoma,2021 Q4 Court,445,216,76,153,8,37,276,33,40,36,Sonoma,Jill Ravitch,0,0,NA,NA,0,,274,27.737226,55.839416,13.50365,2.919708
Sonoma_2022 Q1 Court,2341,Sonoma,2022 Q1 Court,499,201,63,129,5,21,322,37,32,33,Sonoma,Jill Ravitch,0,0,NA,0,0,,218,28.899083,59.174312,9.633028,2.293578
Sonoma_2022 Q2 Court,2342,Sonoma,2022 Q2 Court,495,200,77,169,5,23,433,34,45,41,Sonoma,Jill Ravitch,0,0,NA,0,0,,274,28.10219,61.678832,8.394161,1.824818
Sonoma_2022 Q3 Court,2343,Sonoma,2022 Q3 Court,547,205,76,160,4,18,456,59,47,32,Sonoma,Jill Ravitch,0,0,NA,0,1,,258,29.457364,62.015504,6.976744,1.550388
Sonoma_2022 Q4 Court,2344,Sonoma,2022 Q4 Court,480,191,88,133,3,31,397,31,61,35,Sonoma,Jill Ravitch,0,0,NA,0,1,,255,34.509804,52.156863,12.156863,1.176471
Sonoma_2023 Q1 Court,2345,Sonoma,2023 Q1 Court,519,183,52,168,6,22,484,71,65,29,Sonoma,Carla Rodriguez,0,NA,NA,NA,0,,248,20.967742,67.741935,8.870968,2.419355
Sonoma_2023 Q2 Court,2346,Sonoma,2023 Q2 Court,575,173,70,162,3,29,480,80,69,32,,,,,,,,,264,26.515152,61.363636,10.984848,1.136364
Sonoma_2023 Q3 Court,2347,Sonoma,2023 Q3 Court,572,163,70,186,5,12,604,71,66,39,,,,,,,,,273,25.641026,68.131868,4.395604,1.831502
Sonoma_2023 Q4 Court,2348,Sonoma,2023 Q4 Court,533,146,52,168,6,23,503,44,84,39,,,,,,,,,249,20.883534,67.46988,9.236948,2.409639
Sonoma_2024 Q1 Court,2349,Sonoma,2024 Q1 Court,507,134,74,192,7,25,534,31,64,34,,,,,,,,,298,24.832215,64.42953,8.389262,2.348993
Sonoma_2024 Q2 Court,2350,Sonoma,2024 Q2 Court,491,125,70,181,7,29,541,59,72,38,,,,,,,,,287,24.390244,63.066202,10.10453,2.439024
Sonoma_2024 Q3 Court,2351,Sonoma,2024 Q3 Court,561,121,64,153,6,35,550,51,103,41,,,,,,,,,258,24.806202,59.302326,13.565891,2.325581
Sonoma_2024 Q4 Court,2352,Sonoma,2024 Q4 Court,511,129,44,168,3,26,456,56,80,38,,,,,,,,,241,18.257261,69.709544,10.788382,1.244813
Stanislaus_2013 Q1 Court,2353,Stanislaus,2013 Q1 Court,1770,735,219,915,38,147,394,67,133,NA,Stanislaus,Birgit Fladager,0,1,1,1,0,,1319,16.603487,69.370735,11.144807,2.88097
Stanislaus_2013 Q2 Court,2354,Stanislaus,2013 Q2 Court,1866,750,72,934,46,93,465,91,141,NA,Stanislaus,Birgit Fladager,0,1,1,1,0,,1145,6.28821,81.572052,8.122271,4.017467
Stanislaus_2013 Q3 Court,2355,Stanislaus,2013 Q3 Court,1925,759,264,1008,35,169,552,149,132,14,Stanislaus,Birgit Fladager,0,1,1,1,0,,1476,17.886179,68.292683,11.449864,2.371274
Stanislaus_2013 Q4 Court,2356,Stanislaus,2013 Q4 Court,1776,381,176,897,57,96,478,114,92,19,Stanislaus,Birgit Fladager,0,1,1,1,0,,1226,14.355628,73.164763,7.830343,4.649266
Stanislaus_2014 Q1 Court,2357,Stanislaus,2014 Q1 Court,1808,414,184,858,53,109,391,71,115,34,Stanislaus,Birgit Fladager,0,1,1,1,0,,1204,15.282392,71.262458,9.053156,4.401993
Stanislaus_2014 Q2 Court,2358,Stanislaus,2014 Q2 Court,1923,438,196,1017,60,114,438,169,89,52,Stanislaus,Birgit Fladager,0,1,1,1,0,,1387,14.131218,73.32372,8.219178,4.325883
Stanislaus_2014 Q3 Court,2359,Stanislaus,2014 Q3 Court,1900,459,183,910,61,96,404,132,90,56,Stanislaus,Birgit Fladager,0,1,1,1,1,,1250,14.64,72.8,7.68,4.88
Stanislaus_2014 Q4 Court,2360,Stanislaus,2014 Q4 Court,1189,408,141,840,34,27,407,98,96,27,Stanislaus,Birgit Fladager,0,1,1,1,1,,1042,13.53167,80.614203,2.591171,3.262956
Stanislaus_2015 Q1 Court,2361,Stanislaus,2015 Q1 Court,957,279,133,489,9,25,410,87,72,40,Stanislaus,Birgit Fladager,0,1,1,1,0,,656,20.27439,74.542683,3.810976,1.371951
Stanislaus_2015 Q2 Court,2362,Stanislaus,2015 Q2 Court,926,237,123,463,11,37,444,60,74,34,Stanislaus,Birgit Fladager,0,1,1,1,0,,634,19.400631,73.028391,5.835962,1.735016
Stanislaus_2015 Q3 Court,2363,Stanislaus,2015 Q3 Court,1070,268,71,309,24,18,436,46,77,55,Stanislaus,Birgit Fladager,0,1,1,1,0,,422,16.824645,73.222749,4.265403,5.687204
Stanislaus_2015 Q4 Court,2364,Stanislaus,2015 Q4 Court,936,241,136,363,21,14,423,59,76,37,Stanislaus,Birgit Fladager,0,1,1,1,0,,534,25.468165,67.977528,2.621723,3.932584
Stanislaus_2016 Q1 Court,2365,Stanislaus,2016 Q1 Court,972,260,160,499,14,34,344,30,76,4,Stanislaus,Birgit Fladager,0,1,1,1,0,,707,22.630835,70.579915,4.809052,1.980198
Stanislaus_2016 Q2 Court,2366,Stanislaus,2016 Q2 Court,846,242,134,422,28,34,403,47,68,25,Stanislaus,Birgit Fladager,0,1,1,1,0,,618,21.682848,68.28479,5.501618,4.530744
Stanislaus_2016 Q3 Court,2367,Stanislaus,2016 Q3 Court,911,232,186,536,26,41,453,32,15,22,Stanislaus,Birgit Fladager,0,1,1,1,0,,789,23.574144,67.934094,5.196451,3.295311
Stanislaus_2016 Q4 Court,2368,Stanislaus,2016 Q4 Court,744,193,166,502,14,58,311,38,66,34,Stanislaus,Birgit Fladager,0,1,1,1,0,,740,22.432432,67.837838,7.837838,1.891892
Stanislaus_2017 Q1 Court,2369,Stanislaus,2017 Q1 Court,794,222,173,460,460,21,354,33,68,23,Stanislaus,Birgit Fladager,0,1,1,1,0,,1114,15.529623,41.292639,1.885099,41.292639
Stanislaus_2017 Q2 Court,2370,Stanislaus,2017 Q2 Court,760,212,194,445,14,32,334,43,89,40,Stanislaus,Birgit Fladager,0,1,1,1,0,,685,28.321168,64.963504,4.671533,2.043796
Stanislaus_2017 Q3 Court,2371,Stanislaus,2017 Q3 Court,810,189,176,419,24,32,327,36,86,33,Stanislaus,Birgit Fladager,0,1,1,1,0,,651,27.03533,64.362519,4.915515,3.686636
Stanislaus_2017 Q4 Court,2372,Stanislaus,2017 Q4 Court,852,212,175,448,19,22,290,39,91,41,Stanislaus,Birgit Fladager,0,1,1,1,0,,664,26.355422,67.46988,3.313253,2.861446
Stanislaus_2018 Q1 Court,2373,Stanislaus,2018 Q1 Court,1045,198,152,488,21,27,283,37,85,37,Stanislaus,Birgit Fladager,0,1,1,1,0,,688,22.093023,70.930233,3.924419,3.052326
Stanislaus_2018 Q2 Court,2374,Stanislaus,2018 Q2 Court,889,189,106,240,24,36,413,42,102,29,Stanislaus,Birgit Fladager,0,1,1,1,0,,406,26.108374,59.1133,8.866995,5.91133
Stanislaus_2018 Q3 Court,2375,Stanislaus,2018 Q3 Court,923,201,140,251,26,27,438,35,97,28,Stanislaus,Birgit Fladager,0,1,1,1,1,,444,31.531532,56.531532,6.081081,5.855856
Stanislaus_2018 Q4 Court,2376,Stanislaus,2018 Q4 Court,857,149,144,206,17,25,354,36,102,46,Stanislaus,Birgit Fladager,0,1,1,1,1,,392,36.734694,52.55102,6.377551,4.336735
Stanislaus_2019 Q1 Court,2377,Stanislaus,2019 Q1 Court,891,171,191,264,33,39,422,41,137,45,Stanislaus,Birgit Fladager,0,0,NA,NA,0,,527,36.242884,50.094877,7.40038,6.26186
Stanislaus_2019 Q2 Court,2378,Stanislaus,2019 Q2 Court,951,214,233,384,41,53,573,42,169,52,Stanislaus,Birgit Fladager,0,0,NA,NA,0,,711,32.770745,54.008439,7.45429,5.766526
Stanislaus_2019 Q3 Court,2379,Stanislaus,2019 Q3 Court,954,185,137,285,24,31,400,33,131,49,Stanislaus,Birgit Fladager,0,0,NA,NA,0,,477,28.721174,59.748428,6.498952,5.031447
Stanislaus_2019 Q4 Court,2380,Stanislaus,2019 Q4 Court,932,168,150,265,39,21,418,39,121,50,Stanislaus,Birgit Fladager,0,0,NA,NA,0,,475,31.578947,55.789474,4.421053,8.210526
Stanislaus_2020 Q1 Court,2381,Stanislaus,2020 Q1 Court,964,157,108,249,17,6,263,31,108,46,Stanislaus,Birgit Fladager,0,0,NA,NA,0,,380,28.421053,65.526316,1.578947,4.473684
Stanislaus_2020 Q2 Court,2382,Stanislaus,2020 Q2 Court,925,99,45,154,2,1,209,19,94,22,Stanislaus,Birgit Fladager,0,0,NA,NA,0,,202,22.277228,76.237624,0.49505,0.990099
Stanislaus_2020 Q3 Court,2383,Stanislaus,2020 Q3 Court,912,319,98,154,12,2,206,22,141,30,Stanislaus,Birgit Fladager,0,0,NA,NA,0,,266,36.842105,57.894737,0.75188,4.511278
Stanislaus_2020 Q4 Court,2384,Stanislaus,2020 Q4 Court,968,361,92,212,12,4,162,13,98,23,Stanislaus,Birgit Fladager,0,0,NA,NA,0,,320,28.75,66.25,1.25,3.75
Stanislaus_2021 Q1 Court,2385,Stanislaus,2021 Q1 Court,912,333,168,261,22,11,158,8,118,24,Stanislaus,Birgit Fladager,0,0,NA,NA,0,,462,36.363636,56.493506,2.380952,4.761905
Stanislaus_2021 Q2 Court,2386,Stanislaus,2021 Q2 Court,1051,405,178,307,29,16,217,12,95,21,Stanislaus,Birgit Fladager,0,0,NA,NA,0,,530,33.584906,57.924528,3.018868,5.471698
Stanislaus_2021 Q3 Court,2387,Stanislaus,2021 Q3 Court,1048,379,138,370,17,25,304,19,121,21,Stanislaus,Birgit Fladager,0,0,NA,NA,0,,550,25.090909,67.272727,4.545455,3.090909
Stanislaus_2021 Q4 Court,2388,Stanislaus,2021 Q4 Court,1078,290,156,364,17,3,263,15,97,33,Stanislaus,Birgit Fladager,0,0,NA,NA,0,,540,28.888889,67.407407,0.555556,3.148148
Stanislaus_2022 Q1 Court,2389,Stanislaus,2022 Q1 Court,1045,260,151,289,19,3,142,11,115,30,Stanislaus,Birgit Fladager,0,0,NA,0,0,,462,32.683983,62.554113,0.649351,4.112554
Stanislaus_2022 Q2 Court,2390,Stanislaus,2022 Q2 Court,1155,249,192,421,15,2,83,10,110,36,Stanislaus,Birgit Fladager,0,0,NA,0,0,,630,30.47619,66.825397,0.31746,2.380952
Stanislaus_2022 Q3 Court,2391,Stanislaus,2022 Q3 Court,1262,230,157,478,27,24,47,23,156,36,Stanislaus,Birgit Fladager,0,0,NA,0,1,,686,22.886297,69.6793,3.498542,3.93586
Stanislaus_2022 Q4 Court,2392,Stanislaus,2022 Q4 Court,1061,185,141,493,18,19,80,19,115,43,Stanislaus,Birgit Fladager,0,0,NA,0,1,,671,21.013413,73.472429,2.831595,2.682563
Stanislaus_2023 Q1 Court,2393,Stanislaus,2023 Q1 Court,1012,198,186,390,29,4,84,19,150,38,Stanislaus,Jeff Laugero,0,NA,NA,NA,0,,609,30.541872,64.039409,0.656814,4.761905
Stanislaus_2023 Q2 Court,2394,Stanislaus,2023 Q2 Court,1152,200,178,406,37,1,417,23,140,38,,,,,,,,,622,28.617363,65.273312,0.160772,5.948553
Stanislaus_2023 Q3 Court,2395,Stanislaus,2023 Q3 Court,1293,176,207,433,44,29,365,30,150,47,,,,,,,,,713,29.032258,60.729313,4.067321,6.171108
Stanislaus_2023 Q4 Court,2396,Stanislaus,2023 Q4 Court,1204,131,160,393,16,34,308,28,138,32,,,,,,,,,603,26.533997,65.174129,5.638474,2.6534
Stanislaus_2024 Q1 Court,2397,Stanislaus,2024 Q1 Court,1333,196,196,407,28,27,339,25,145,20,,,,,,,,,658,29.787234,61.854103,4.103343,4.255319
Stanislaus_2024 Q2 Court,2398,Stanislaus,2024 Q2 Court,1028,152,197,375,38,19,361,24,141,26,,,,,,,,,629,31.319555,59.618442,3.020668,6.041335
Stanislaus_2024 Q3 Court,2399,Stanislaus,2024 Q3 Court,1174,181,169,381,38,36,342,23,174,30,,,,,,,,,624,27.083333,61.057692,5.769231,6.089744
Stanislaus_2024 Q4 Court,2400,Stanislaus,2024 Q4 Court,1057,159,162,385,22,41,322,24,151,28,,,,,,,,,610,26.557377,63.114754,6.721311,3.606557
Sutter_2013 Q1 Court,2401,Sutter,2013 Q1 Court,354,84,40,93,13,8,25,0,0,NA,,,0,NA,NA,NA,0,,154,25.974026,60.38961,5.194805,8.441558
Sutter_2013 Q2 Court,2402,Sutter,2013 Q2 Court,279,61,49,100,7,12,108,1,1,0,,,0,NA,NA,NA,0,,168,29.166667,59.52381,7.142857,4.166667
Sutter_2013 Q3 Court,2403,Sutter,2013 Q3 Court,311,61,65,157,25,6,113,7,10,8,,,0,NA,NA,NA,0,,253,25.6917,62.055336,2.371542,9.881423
Sutter_2013 Q4 Court,2404,Sutter,2013 Q4 Court,291,60,36,99,5,11,75,0,6,5,,,0,NA,NA,NA,0,,151,23.84106,65.562914,7.284768,3.311258
Sutter_2014 Q1 Court,2405,Sutter,2014 Q1 Court,348,63,41,96,5,9,109,3,11,10,,,0,NA,NA,NA,0,,151,27.152318,63.576159,5.960265,3.311258
Sutter_2014 Q2 Court,2406,Sutter,2014 Q2 Court,303,65,43,173,10,21,93,8,9,14,,,0,NA,NA,NA,0,,247,17.408907,70.040486,8.502024,4.048583
Sutter_2014 Q3 Court,2407,Sutter,2014 Q3 Court,334,85,28,120,9,4,161,11,5,11,,,0,NA,NA,NA,0,,161,17.391304,74.534161,2.484472,5.590062
Sutter_2014 Q4 Court,2408,Sutter,2014 Q4 Court,262,53,28,95,12,9,121,13,4,5,,,0,NA,NA,NA,0,,144,19.444444,65.972222,6.25,8.333333
Sutter_2015 Q1 Court,2409,Sutter,2015 Q1 Court,229,46,33,84,2,8,142,9,14,4,,,0,NA,NA,NA,0,,127,25.984252,66.141732,6.299213,1.574803
Sutter_2015 Q2 Court,2410,Sutter,2015 Q2 Court,262,34,37,77,4,8,113,17,15,13,,,0,NA,NA,NA,0,,126,29.365079,61.111111,6.349206,3.174603
Sutter_2015 Q3 Court,2411,Sutter,2015 Q3 Court,241,NA,NA,NA,NA,NA,104,12,20,13,,,0,NA,NA,NA,0,,,,,,
Sutter_2015 Q4 Court,2412,Sutter,2015 Q4 Court,214,NA,NA,NA,NA,NA,103,11,15,14,,,0,NA,NA,NA,0,,,,,,
Sutter_2016 Q1 Court,2413,Sutter,2016 Q1 Court,223,NA,NA,NA,NA,NA,73,12,17,13,,,0,NA,NA,NA,0,,,,,,
Sutter_2016 Q2 Court,2414,Sutter,2016 Q2 Court,172,NA,NA,NA,NA,NA,56,14,5,9,,,0,NA,NA,NA,0,,,,,,
Sutter_2016 Q3 Court,2415,Sutter,2016 Q3 Court,289,NA,NA,NA,NA,NA,30,9,17,9,,,0,NA,NA,NA,0,,,,,,
Sutter_2016 Q4 Court,2416,Sutter,2016 Q4 Court,237,NA,NA,NA,NA,NA,NA,NA,NA,NA,,,0,NA,NA,NA,0,,,,,,
Sutter_2017 Q1 Court,2417,Sutter,2017 Q1 Court,236,2,44,NA,1,3,24,17,19,15,,,0,NA,NA,NA,0,,,,,,
Sutter_2017 Q2 Court,2418,Sutter,2017 Q2 Court,297,57,35,NA,4,10,89,16,29,8,,,0,NA,NA,NA,0,,,,,,
Sutter_2017 Q3 Court,2419,Sutter,2017 Q3 Court,276,66,32,NA,3,8,99,18,25,9,,,0,NA,NA,NA,0,,,,,,
Sutter_2017 Q4 Court,2420,Sutter,2017 Q4 Court,260,32,40,NA,10,5,112,28,24,10,,,0,NA,NA,NA,0,,,,,,
Sutter_2018 Q1 Court,2421,Sutter,2018 Q1 Court,225,39,24,101,1,5,128,8,28,8,,,0,NA,NA,NA,0,,131,18.320611,77.099237,3.816794,0.763359
Sutter_2018 Q2 Court,2422,Sutter,2018 Q2 Court,218,40,43,75,2,4,127,13,30,12,,,0,NA,NA,NA,0,,124,34.677419,60.483871,3.225806,1.612903
Sutter_2018 Q3 Court,2423,Sutter,2018 Q3 Court,217,59,35,78,4,5,152,10,25,8,,,0,NA,NA,NA,0,,122,28.688525,63.934426,4.098361,3.278689
Sutter_2018 Q4 Court,2424,Sutter,2018 Q4 Court,213,58,25,98,3,2,95,20,23,15,,,0,NA,NA,NA,0,,128,19.53125,76.5625,1.5625,2.34375
Sutter_2019 Q1 Court,2425,Sutter,2019 Q1 Court,237,57,35,75,2,13,91,11,15,12,,,0,NA,NA,NA,0,,125,28.0,60.0,10.4,1.6
Sutter_2019 Q2 Court,2426,Sutter,2019 Q2 Court,239,61,36,91,2,6,97,18,18,18,,,0,NA,NA,NA,0,,135,26.666667,67.407407,4.444444,1.481481
Sutter_2019 Q3 Court,2427,Sutter,2019 Q3 Court,299,68,56,87,2,3,66,6,17,22,,,0,NA,NA,NA,0,,148,37.837838,58.783784,2.027027,1.351351
Sutter_2019 Q4 Court,2428,Sutter,2019 Q4 Court,276,61,32,83,3,11,78,2,25,11,,,0,NA,NA,NA,0,,129,24.806202,64.341085,8.527132,2.325581
Sutter_2020 Q1 Court,2429,Sutter,2020 Q1 Court,224,56,36,96,1,4,86,11,13,19,,,0,NA,NA,NA,0,,137,26.277372,70.072993,2.919708,0.729927
Sutter_2020 Q2 Court,2430,Sutter,2020 Q2 Court,215,51,18,53,2,1,70,2,6,0,,,0,NA,NA,NA,0,,74,24.324324,71.621622,1.351351,2.702703
Sutter_2020 Q3 Court,2431,Sutter,2020 Q3 Court,288,123,25,48,0,0,95,1,13,4,,,0,NA,NA,NA,0,,73,34.246575,65.753425,0.0,0.0
Sutter_2020 Q4 Court,2432,Sutter,2020 Q4 Court,297,105,14,49,0,7,75,0,19,5,,,0,NA,NA,NA,0,,70,20.0,70.0,10.0,0.0
Sutter_2021 Q1 Court,2433,Sutter,2021 Q1 Court,230,86,34,76,0,7,76,6,13,5,,,0,NA,NA,NA,0,,117,29.059829,64.957265,5.982906,0.0
Sutter_2021 Q2 Court,2434,Sutter,2021 Q2 Court,314,141,32,80,1,9,69,3,13,7,,,0,NA,NA,NA,0,,122,26.229508,65.57377,7.377049,0.819672
Sutter_2021 Q3 Court,2435,Sutter,2021 Q3 Court,306,144,53,86,3,10,69,12,8,4,,,0,NA,NA,NA,0,,152,34.868421,56.578947,6.578947,1.973684
Sutter_2021 Q4 Court,2436,Sutter,2021 Q4 Court,275,138,58,95,4,14,86,0,12,4,,,0,NA,NA,NA,0,,171,33.918129,55.555556,8.187135,2.339181
Sutter_2022 Q1 Court,2437,Sutter,2022 Q1 Court,291,165,54,108,6,7,82,6,10,2,,,0,NA,NA,NA,0,,175,30.857143,61.714286,4.0,3.428571
Sutter_2022 Q2 Court,2438,Sutter,2022 Q2 Court,381,188,40,93,3,11,82,12,14,5,,,0,NA,NA,NA,0,,147,27.210884,63.265306,7.482993,2.040816
Sutter_2022 Q3 Court,2439,Sutter,2022 Q3 Court,312,205,41,108,3,12,63,9,13,9,,,0,NA,NA,NA,0,,164,25.0,65.853659,7.317073,1.829268
Sutter_2022 Q4 Court,2440,Sutter,2022 Q4 Court,343,203,31,94,4,2,90,10,6,7,,,0,NA,NA,NA,0,,131,23.664122,71.755725,1.526718,3.053435
Sutter_2023 Q1 Court,2441,Sutter,2023 Q1 Court,310,62,56,104,9,9,NA,8,15,6,,,,,,,,,178,31.460674,58.426966,5.05618,5.05618
Sutter_2023 Q2 Court,2442,Sutter,2023 Q2 Court,240,53,39,104,13,12,NA,15,22,10,,,,,,,,,168,23.214286,61.904762,7.142857,7.738095
Sutter_2023 Q3 Court,2443,Sutter,2023 Q3 Court,192,46,50,120,5,17,NA,18,9,7,,,,,,,,,192,26.041667,62.5,8.854167,2.604167
Sutter_2023 Q4 Court,2444,Sutter,2023 Q4 Court,238,16,45,108,6,15,NA,9,22,5,,,,,,,,,174,25.862069,62.068966,8.62069,3.448276
Sutter_2024 Q1 Court,2445,Sutter,2024 Q1 Court,207,68,22,98,5,11,103,3,21,15,,,,,,,,,136,16.176471,72.058824,8.088235,3.676471
Sutter_2024 Q2 Court,2446,Sutter,2024 Q2 Court,226,55,34,76,8,6,129,21,32,9,,,,,,,,,124,27.419355,61.290323,4.83871,6.451613
Sutter_2024 Q3 Court,2447,Sutter,2024 Q3 Court,200,56,35,81,8,5,83,5,20,8,,,,,,,,,129,27.131783,62.790698,3.875969,6.20155
Sutter_2024 Q4 Court,2448,Sutter,2024 Q4 Court,163,52,29,79,9,0,60,3,7,15,,,,,,,,,117,24.786325,67.521368,0.0,7.692308
Tehama_2013 Q1 Court,2449,Tehama,2013 Q1 Court,295,29,NA,NA,16,0,97,NA,15,NA,Tehama,Gregg Cohen,0,1,1,1,0,,,,,,
Tehama_2013 Q2 Court,2450,Tehama,2013 Q2 Court,317,79,19,37,18,1,66,6,34,NA,Tehama,Gregg Cohen,0,1,1,1,0,,75,25.333333,49.333333,1.333333,24.0
Tehama_2013 Q3 Court,2451,Tehama,2013 Q3 Court,300,48,NA,NA,21,3,120,NA,10,2,Tehama,Gregg Cohen,0,1,1,1,0,,,,,,
Tehama_2013 Q4 Court,2452,Tehama,2013 Q4 Court,334,50,NA,NA,14,8,132,4,16,1,Tehama,Gregg Cohen,0,1,1,1,0,,,,,,
Tehama_2014 Q1 Court,2453,Tehama,2014 Q1 Court,256,78,46,48,10,4,116,1,17,5,Tehama,Gregg Cohen,0,1,1,1,0,,108,42.592593,44.444444,3.703704,9.259259
Tehama_2014 Q2 Court,2454,Tehama,2014 Q2 Court,289,20,34,74,18,8,105,11,12,4,Tehama,Gregg Cohen,0,1,1,1,0,,134,25.373134,55.223881,5.970149,13.432836
Tehama_2014 Q3 Court,2455,Tehama,2014 Q3 Court,317,25,31,88,38,15,105,5,13,9,Tehama,Gregg Cohen,0,1,1,1,1,,172,18.023256,51.162791,8.72093,22.093023
Tehama_2014 Q4 Court,2456,Tehama,2014 Q4 Court,217,42,23,31,13,3,137,7,13,5,Tehama,Gregg Cohen,0,1,1,1,1,,70,32.857143,44.285714,4.285714,18.571429
Tehama_2015 Q1 Court,2457,Tehama,2015 Q1 Court,188,14,43,32,0,4,75,4,16,7,Tehama,Gregg Cohen,0,NA,NA,NA,0,,79,54.43038,40.506329,5.063291,0.0
Tehama_2015 Q2 Court,2458,Tehama,2015 Q2 Court,194,19,44,51,7,4,106,7,19,5,Tehama,Gregg Cohen,0,NA,NA,NA,0,,106,41.509434,48.113208,3.773585,6.603774
Tehama_2015 Q3 Court,2459,Tehama,2015 Q3 Court,248,11,50,39,5,3,73,8,11,5,Tehama,Gregg Cohen,0,NA,NA,NA,0,,97,51.546392,40.206186,3.092784,5.154639
Tehama_2015 Q4 Court,2460,Tehama,2015 Q4 Court,238,19,30,46,4,4,71,4,15,9,Tehama,Gregg Cohen,0,NA,NA,NA,0,,84,35.714286,54.761905,4.761905,4.761905
Tehama_2016 Q1 Court,2461,Tehama,2016 Q1 Court,197,19,36,40,12,11,63,10,16,3,Tehama,Gregg Cohen,0,NA,NA,NA,0,,99,36.363636,40.40404,11.111111,12.121212
Tehama_2016 Q2 Court,2462,Tehama,2016 Q2 Court,222,19,32,51,2,3,80,10,14,4,Tehama,Gregg Cohen,0,NA,NA,NA,0,,88,36.363636,57.954545,3.409091,2.272727
Tehama_2016 Q3 Court,2463,Tehama,2016 Q3 Court,200,71,14,39,2,1,40,6,7,7,Tehama,Gregg Cohen,0,NA,NA,NA,0,,56,25.0,69.642857,1.785714,3.571429
Tehama_2016 Q4 Court,2464,Tehama,2016 Q4 Court,168,62,37,64,1,0,63,6,15,5,Tehama,Gregg Cohen,0,NA,NA,NA,0,,102,36.27451,62.745098,0.0,0.980392
Tehama_2017 Q1 Court,2465,Tehama,2017 Q1 Court,253,2,32,62,0,4,73,9,6,14,Tehama,Gregg Cohen,0,NA,NA,NA,0,,98,32.653061,63.265306,4.081633,0.0
Tehama_2017 Q2 Court,2466,Tehama,2017 Q2 Court,176,15,53,62,2,3,57,2,5,9,Tehama,Gregg Cohen,0,NA,NA,NA,0,,120,44.166667,51.666667,2.5,1.666667
Tehama_2017 Q3 Court,2467,Tehama,2017 Q3 Court,223,2,29,56,2,5,84,4,7,10,Tehama,Gregg Cohen,0,NA,NA,NA,0,,92,31.521739,60.869565,5.434783,2.173913
Tehama_2017 Q4 Court,2468,Tehama,2017 Q4 Court,205,NA,42,23,4,3,64,2,12,8,Tehama,Gregg Cohen,0,NA,NA,NA,0,,72,58.333333,31.944444,4.166667,5.555556
Tehama_2018 Q1 Court,2469,Tehama,2018 Q1 Court,227,0,28,17,1,5,91,0,5,11,Tehama,Gregg Cohen,0,0,NA,1,0,,51,54.901961,33.333333,9.803922,1.960784
Tehama_2018 Q2 Court,2470,Tehama,2018 Q2 Court,211,0,49,26,4,5,61,5,9,8,Tehama,Gregg Cohen,0,0,NA,1,0,,84,58.333333,30.952381,5.952381,4.761905
Tehama_2018 Q3 Court,2471,Tehama,2018 Q3 Court,217,0,46,54,1,8,67,11,15,8,Tehama,Gregg Cohen,0,0,NA,1,1,,109,42.201835,49.541284,7.33945,0.917431
Tehama_2018 Q4 Court,2472,Tehama,2018 Q4 Court,189,0,46,51,2,8,56,5,14,10,Tehama,Gregg Cohen,0,0,NA,1,1,,107,42.990654,47.663551,7.476636,1.869159
Tehama_2019 Q1 Court,2473,Tehama,2019 Q1 Court,198,0,44,70,6,4,67,10,26,7,Tehama,Matthew Rogers,0,1,1,0,0,,124,35.483871,56.451613,3.225806,4.83871
Tehama_2019 Q2 Court,2474,Tehama,2019 Q2 Court,155,0,33,74,5,6,59,4,19,15,Tehama,Matthew Rogers,0,1,1,0,0,,118,27.966102,62.711864,5.084746,4.237288
Tehama_2019 Q3 Court,2475,Tehama,2019 Q3 Court,179,0,36,70,2,6,43,7,26,13,Tehama,Matthew Rogers,0,1,1,0,0,,114,31.578947,61.403509,5.263158,1.754386
Tehama_2019 Q4 Court,2476,Tehama,2019 Q4 Court,198,0,28,69,2,5,38,7,24,16,Tehama,Matthew Rogers,0,1,1,0,0,,104,26.923077,66.346154,4.807692,1.923077
Tehama_2020 Q1 Court,2477,Tehama,2020 Q1 Court,101,0,32,68,2,6,42,1,15,14,Tehama,Matthew Rogers,0,1,1,0,0,,108,29.62963,62.962963,5.555556,1.851852
Tehama_2020 Q2 Court,2478,Tehama,2020 Q2 Court,157,0,15,26,1,2,47,4,17,7,Tehama,Matthew Rogers,0,1,1,0,0,,44,34.090909,59.090909,4.545455,2.272727
Tehama_2020 Q3 Court,2479,Tehama,2020 Q3 Court,183,0,28,42,1,6,60,2,27,16,Tehama,Matthew Rogers,0,1,1,0,0,,77,36.363636,54.545455,7.792208,1.298701
Tehama_2020 Q4 Court,2480,Tehama,2020 Q4 Court,195,0,33,37,7,3,52,2,18,11,Tehama,Matthew Rogers,0,1,1,0,0,,80,41.25,46.25,3.75,8.75
Tehama_2021 Q1 Court,2481,Tehama,2021 Q1 Court,209,90,37,35,2,4,70,9,23,6,Tehama,Matthew Rogers,0,1,1,0,0,,78,47.435897,44.871795,5.128205,2.564103
Tehama_2021 Q2 Court,2482,Tehama,2021 Q2 Court,180,65,19,31,0,2,51,1,13,6,Tehama,Matthew Rogers,0,1,1,0,0,,52,36.538462,59.615385,3.846154,0.0
Tehama_2021 Q3 Court,2483,Tehama,2021 Q3 Court,177,117,37,42,2,0,41,0,11,6,Tehama,Matthew Rogers,0,1,1,0,0,,81,45.679012,51.851852,0.0,2.469136
Tehama_2021 Q4 Court,2484,Tehama,2021 Q4 Court,139,94,39,46,1,4,37,6,15,13,Tehama,Matthew Rogers,0,1,1,0,0,,90,43.333333,51.111111,4.444444,1.111111
Tehama_2022 Q1 Court,2485,Tehama,2022 Q1 Court,216,77,42,48,1,13,38,5,12,7,Tehama,Matthew Rogers,0,1,1,0,0,,104,40.384615,46.153846,12.5,0.961538
Tehama_2022 Q2 Court,2486,Tehama,2022 Q2 Court,167,161,39,49,0,5,30,5,10,7,Tehama,Matthew Rogers,0,1,1,0,0,,93,41.935484,52.688172,5.376344,0.0
Tehama_2022 Q3 Court,2487,Tehama,2022 Q3 Court,160,132,37,36,10,7,44,9,15,15,Tehama,Matthew Rogers,0,1,1,0,1,,90,41.111111,40.0,7.777778,11.111111
Tehama_2022 Q4 Court,2488,Tehama,2022 Q4 Court,173,115,39,33,2,8,34,4,12,11,Tehama,Matthew Rogers,0,1,1,0,1,,82,47.560976,40.243902,9.756098,2.439024
Tehama_2023 Q1 Court,2489,Tehama,2023 Q1 Court,194,130,35,50,0,2,49,9,10,8,Tehama,Matthew Rogers,0,NA,NA,NA,0,,87,40.229885,57.471264,2.298851,0.0
Tehama_2023 Q2 Court,2490,Tehama,2023 Q2 Court,191,104,64,61,1,6,29,2,10,5,,,,,,,,,132,48.484848,46.212121,4.545455,0.757576
Tehama_2023 Q3 Court,2491,Tehama,2023 Q3 Court,152,167,53,71,1,7,26,2,4,11,,,,,,,,,132,40.151515,53.787879,5.30303,0.757576
Tehama_2023 Q4 Court,2492,Tehama,2023 Q4 Court,132,146,50,52,1,3,32,6,5,12,,,,,,,,,106,47.169811,49.056604,2.830189,0.943396
Tehama_2024 Q1 Court,2493,Tehama,2024 Q1 Court,162,142,47,44,0,4,63,4,6,7,,,,,,,,,95,49.473684,46.315789,4.210526,0.0
Tehama_2024 Q2 Court,2494,Tehama,2024 Q2 Court,178,188,55,48,5,3,27,5,11,5,,,,,,,,,111,49.54955,43.243243,2.702703,4.504505
Tehama_2024 Q3 Court,2495,Tehama,2024 Q3 Court,200,187,56,42,0,3,36,8,7,6,,,,,,,,,101,55.445545,41.584158,2.970297,0.0
Tehama_2024 Q4 Court,2496,Tehama,2024 Q4 Court,183,206,64,48,4,2,23,3,2,2,,,,,,,,,118,54.237288,40.677966,1.694915,3.389831
Trinity_2013 Q1 Court,2497,Trinity,2013 Q1 Court,64,22,4,35,1,0,16,0,1,NA,Trinity,Michael B. Harper,0,0,NA,NA,0,,40,10.0,87.5,0.0,2.5
Trinity_2013 Q2 Court,2498,Trinity,2013 Q2 Court,59,26,5,22,2,0,29,0,1,NA,Trinity,Michael B. Harper,0,0,NA,NA,0,,29,17.241379,75.862069,0.0,6.896552
Trinity_2013 Q3 Court,2499,Trinity,2013 Q3 Court,62,25,6,29,3,0,17,0,0,0,Trinity,Michael B. Harper,0,0,NA,NA,0,,38,15.789474,76.315789,0.0,7.894737
Trinity_2013 Q4 Court,2500,Trinity,2013 Q4 Court,78,19,3,81,1,0,0,0,0,1,Trinity,Michael B. Harper,0,0,NA,NA,0,,85,3.529412,95.294118,0.0,1.176471
Trinity_2014 Q1 Court,2501,Trinity,2014 Q1 Court,64,13,1,27,2,2,0,0,2,0,Trinity,Michael B. Harper,0,0,NA,1,0,,32,3.125,84.375,6.25,6.25
Trinity_2014 Q2 Court,2502,Trinity,2014 Q2 Court,86,30,3,39,2,0,1,4,5,0,Trinity,Michael B. Harper,0,0,NA,1,0,,44,6.818182,88.636364,0.0,4.545455
Trinity_2014 Q3 Court,2503,Trinity,2014 Q3 Court,82,33,5,38,1,1,29,0,7,2,Trinity,Michael B. Harper,0,0,NA,1,1,,45,11.111111,84.444444,2.222222,2.222222
Trinity_2014 Q4 Court,2504,Trinity,2014 Q4 Court,100,25,0,28,0,1,23,4,1,0,Trinity,Michael B. Harper,0,0,NA,1,1,,29,0.0,96.551724,3.448276,0.0
Trinity_2015 Q1 Court,2505,Trinity,2015 Q1 Court,71,21,1,9,0,0,32,0,1,2,Trinity,Eric Heryford,0,1,1,0,0,,10,10.0,90.0,0.0,0.0
Trinity_2015 Q2 Court,2506,Trinity,2015 Q2 Court,41,26,1,17,0,0,2,0,5,0,Trinity,Eric Heryford,0,1,1,0,0,,18,5.555556,94.444444,0.0,0.0
Trinity_2015 Q3 Court,2507,Trinity,2015 Q3 Court,77,26,5,17,0,1,23,2,2,0,Trinity,Eric Heryford,0,1,1,0,0,,23,21.73913,73.913043,4.347826,0.0
Trinity_2015 Q4 Court,2508,Trinity,2015 Q4 Court,85,18,6,17,2,0,1,0,4,0,Trinity,Eric Heryford,0,1,1,0,0,,25,24.0,68.0,0.0,8.0
Trinity_2016 Q1 Court,2509,Trinity,2016 Q1 Court,47,27,6,20,1,1,18,2,0,1,Trinity,Eric Heryford,0,1,1,0,0,,28,21.428571,71.428571,3.571429,3.571429
Trinity_2016 Q2 Court,2510,Trinity,2016 Q2 Court,51,21,3,21,0,3,26,0,3,1,Trinity,Eric Heryford,0,1,1,0,0,,27,11.111111,77.777778,11.111111,0.0
Trinity_2016 Q3 Court,2511,Trinity,2016 Q3 Court,71,23,3,17,NA,1,15,1,2,2,Trinity,Eric Heryford,0,1,1,0,0,,,,,,
Trinity_2016 Q4 Court,2512,Trinity,2016 Q4 Court,65,10,2,10,NA,1,30,2,NA,1,Trinity,Eric Heryford,0,1,1,0,0,,,,,,
Trinity_2017 Q1 Court,2513,Trinity,2017 Q1 Court,55,23,4,20,1,2,0,3,0,1,Trinity,Eric Heryford,0,1,1,0,0,,27,14.814815,74.074074,7.407407,3.703704
Trinity_2017 Q2 Court,2514,Trinity,2017 Q2 Court,41,16,5,19,1,0,21,1,1,0,Trinity,Eric Heryford,0,1,1,0,0,,25,20.0,76.0,0.0,4.0
Trinity_2017 Q3 Court,2515,Trinity,2017 Q3 Court,77,16,5,8,1,0,24,1,1,0,Trinity,Eric Heryford,0,1,1,0,0,,14,35.714286,57.142857,0.0,7.142857
Trinity_2017 Q4 Court,2516,Trinity,2017 Q4 Court,85,24,4,11,2,0,28,4,3,1,Trinity,Eric Heryford,0,1,1,0,0,,17,23.529412,64.705882,0.0,11.764706
Trinity_2018 Q1 Court,2517,Trinity,2018 Q1 Court,54,14,4,0,0,0,21,0,1,0,Trinity,Eric Heryford,0,1,1,0,0,,4,100.0,0.0,0.0,0.0
Trinity_2018 Q2 Court,2518,Trinity,2018 Q2 Court,58,25,9,17,2,0,22,2,2,0,Trinity,Eric Heryford,0,1,1,0,0,,28,32.142857,60.714286,0.0,7.142857
Trinity_2018 Q3 Court,2519,Trinity,2018 Q3 Court,72,17,11,10,0,0,15,0,2,0,Trinity,Eric Heryford,0,1,1,0,1,,21,52.380952,47.619048,0.0,0.0
Trinity_2018 Q4 Court,2520,Trinity,2018 Q4 Court,65,9,8,14,0,0,17,0,1,1,Trinity,Eric Heryford,0,1,1,0,1,,22,36.363636,63.636364,0.0,0.0
Trinity_2019 Q1 Court,2521,Trinity,2019 Q1 Court,53,16,5,13,1,0,8,1,5,0,Trinity,Eric Heryford,0,NA,NA,NA,0,,19,26.315789,68.421053,0.0,5.263158
Trinity_2019 Q2 Court,2522,Trinity,2019 Q2 Court,56,12,8,26,1,2,6,0,1,0,Trinity,Eric Heryford,0,NA,NA,NA,0,,37,21.621622,70.27027,5.405405,2.702703
Trinity_2019 Q3 Court,2523,Trinity,2019 Q3 Court,44,16,5,13,1,0,9,1,5,0,Trinity,Eric Heryford,0,NA,NA,NA,0,,19,26.315789,68.421053,0.0,5.263158
Trinity_2019 Q4 Court,2524,Trinity,2019 Q4 Court,58,11,10,16,1,0,12,0,3,3,Trinity,Eric Heryford,0,NA,NA,NA,0,,27,37.037037,59.259259,0.0,3.703704
Trinity_2020 Q1 Court,2525,Trinity,2020 Q1 Court,61,9,2,29,2,3,15,0,1,0,Trinity,Donna Daly,0,NA,NA,NA,0,,36,5.555556,80.555556,8.333333,5.555556
Trinity_2020 Q2 Court,2526,Trinity,2020 Q2 Court,71,22,3,12,0,2,18,0,3,0,Trinity,Donna Daly,0,NA,NA,NA,0,,17,17.647059,70.588235,11.764706,0.0
Trinity_2020 Q3 Court,2527,Trinity,2020 Q3 Court,58,NA,NA,NA,NA,NA,NA,NA,NA,NA,Trinity,Donna Daly,0,NA,NA,NA,0,,,,,,
Trinity_2020 Q4 Court,2528,Trinity,2020 Q4 Court,58,29,3,13,0,0,2,0,7,3,Trinity,Donna Daly,0,NA,NA,NA,0,Donna Daly died,16,18.75,81.25,0.0,0.0
Trinity_2021 Q1 Court,2529,Trinity,2021 Q1 Court,48,39,7,11,0,0,7,1,1,2,Trinity,David Brady,0,1,1,0,0,,18,38.888889,61.111111,0.0,0.0
Trinity_2021 Q2 Court,2530,Trinity,2021 Q2 Court,61,47,4,10,0,0,4,1,3,1,Trinity,David Brady,0,1,1,0,0,,14,28.571429,71.428571,0.0,0.0
Trinity_2021 Q3 Court,2531,Trinity,2021 Q3 Court,64,63,4,10,0,0,5,1,2,1,Trinity,David Brady,0,1,1,0,0,,14,28.571429,71.428571,0.0,0.0
Trinity_2021 Q4 Court,2532,Trinity,2021 Q4 Court,36,26,5,5,0,1,5,0,3,1,Trinity,David Brady,0,1,1,0,0,,11,45.454545,45.454545,9.090909,0.0
Trinity_2022 Q1 Court,2533,Trinity,2022 Q1 Court,59,21,7,15,0,1,5,0,3,1,Trinity,David Brady,0,1,1,0,0,,23,30.434783,65.217391,4.347826,0.0
Trinity_2022 Q2 Court,2534,Trinity,2022 Q2 Court,56,43,7,10,0,0,4,0,1,2,Trinity,David Brady,0,1,1,0,0,,17,41.176471,58.823529,0.0,0.0
Trinity_2022 Q3 Court,2535,Trinity,2022 Q3 Court,69,27,1,18,0,0,11,0,4,0,Trinity,David Brady,0,1,1,0,1,,19,5.263158,94.736842,0.0,0.0
Trinity_2022 Q4 Court,2536,Trinity,2022 Q4 Court,38,20,6,9,0,0,0,0,1,2,Trinity,David Brady,0,1,1,0,1,,15,40.0,60.0,0.0,0.0
Trinity_2023 Q1 Court,2537,Trinity,2023 Q1 Court,42,53,6,3,0,1,4,0,5,2,,,,,,,,,10,60.0,30.0,10.0,0.0
Trinity_2023 Q2 Court,2538,Trinity,2023 Q2 Court,44,26,7,4,0,1,10,0,7,2,,,,,,,,,12,58.333333,33.333333,8.333333,0.0
Trinity_2023 Q3 Court,2539,Trinity,2023 Q3 Court,51,35,6,10,0,0,1,0,7,0,,,,,,,,,16,37.5,62.5,0.0,0.0
Trinity_2023 Q4 Court,2540,Trinity,2023 Q4 Court,32,33,4,3,0,1,2,0,5,2,,,,,,,,,8,50.0,37.5,12.5,0.0
Trinity_2024 Q1 Court,2541,Trinity,2024 Q1 Court,55,28,5,10,0,0,1,0,5,1,,,,,,,,,15,33.333333,66.666667,0.0,0.0
Trinity_2024 Q2 Court,2542,Trinity,2024 Q2 Court,33,18,1,8,1,1,3,0,7,2,,,,,,,,,11,9.090909,72.727273,9.090909,9.090909
Trinity_2024 Q3 Court,2543,Trinity,2024 Q3 Court,51,13,5,5,0,1,8,1,4,1,,,,,,,,,11,45.454545,45.454545,9.090909,0.0
Trinity_2024 Q4 Court,2544,Trinity,2024 Q4 Court,31,18,1,5,0,1,2,1,3,1,,,,,,,,,7,14.285714,71.428571,14.285714,0.0
Tulare_2013 Q1 Court,2545,Tulare,2013 Q1 Court,1112,200,127,404,34,31,538,122,244,0,Tulare,Philip Cline,0,NA,NA,NA,0,,596,21.308725,67.785235,5.201342,5.704698
Tulare_2013 Q2 Court,2546,Tulare,2013 Q2 Court,1079,185,139,413,30,48,634,172,253,0,Tulare,Philip Cline,0,NA,NA,NA,0,,630,22.063492,65.555556,7.619048,4.761905
Tulare_2013 Q3 Court,2547,Tulare,2013 Q3 Court,1356,247,109,414,30,39,431,248,5,0,Tulare,Philip Cline,0,NA,NA,NA,0,,592,18.412162,69.932432,6.587838,5.067568
Tulare_2013 Q4 Court,2548,Tulare,2013 Q4 Court,1445,230,144,399,40,76,463,42,67,21,Tulare,Philip Cline,0,NA,NA,NA,0,,659,21.85129,60.546282,11.532625,6.069803
Tulare_2014 Q1 Court,2549,Tulare,2014 Q1 Court,1261,193,166,491,80,68,529,76,76,33,Tulare,Philip Cline,0,0,NA,1,0,,805,20.621118,60.993789,8.447205,9.937888
Tulare_2014 Q2 Court,2550,Tulare,2014 Q2 Court,1392,193,188,493,70,77,454,76,71,44,Tulare,Philip Cline,0,0,NA,1,0,,828,22.705314,59.541063,9.299517,8.454106
Tulare_2014 Q3 Court,2551,Tulare,2014 Q3 Court,1396,228,186,523,61,57,475,72,69,29,Tulare,Philip Cline,0,0,NA,1,1,,827,22.490931,63.240629,6.892382,7.376058
Tulare_2014 Q4 Court,2552,Tulare,2014 Q4 Court,1012,179,113,329,42,43,328,50,86,27,Tulare,Philip Cline,0,0,NA,1,1,,527,21.442125,62.428843,8.159393,7.969639
Tulare_2015 Q1 Court,2553,Tulare,2015 Q1 Court,874,137,172,278,30,32,309,49,75,24,Tulare,Tim Ward,0,1,1,1,0,,512,33.59375,54.296875,6.25,5.859375
Tulare_2015 Q2 Court,2554,Tulare,2015 Q2 Court,868,151,145,325,26,46,324,69,88,36,Tulare,Tim Ward,0,1,1,1,0,,542,26.752768,59.9631,8.487085,4.797048
Tulare_2015 Q3 Court,2555,Tulare,2015 Q3 Court,836,122,158,324,17,27,299,51,73,23,Tulare,Tim Ward,0,1,1,1,0,,526,30.038023,61.596958,5.13308,3.231939
Tulare_2015 Q4 Court,2556,Tulare,2015 Q4 Court,841,107,137,295,7,23,268,32,70,20,Tulare,Tim Ward,0,1,1,1,0,,462,29.65368,63.852814,4.978355,1.515152
Tulare_2016 Q1 Court,2557,Tulare,2016 Q1 Court,796,167,183,306,4,33,317,46,77,32,Tulare,Tim Ward,0,1,1,1,0,,526,34.790875,58.174905,6.273764,0.760456
Tulare_2016 Q2 Court,2558,Tulare,2016 Q2 Court,802,159,173,327,1,26,331,46,83,28,Tulare,Tim Ward,0,1,1,1,0,,527,32.827324,62.049336,4.933586,0.189753
Tulare_2016 Q3 Court,2559,Tulare,2016 Q3 Court,794,136,164,314,NA,23,342,47,95,25,Tulare,Tim Ward,0,1,1,1,0,,,,,,
Tulare_2016 Q4 Court,2560,Tulare,2016 Q4 Court,710,156,145,262,2,28,312,35,66,25,Tulare,Tim Ward,0,1,1,1,0,,437,33.180778,59.954233,6.407323,0.457666
Tulare_2017 Q1 Court,2561,Tulare,2017 Q1 Court,834,171,165,278,NA,18,307,48,86,42,Tulare,Tim Ward,0,1,1,1,0,,,,,,
Tulare_2017 Q2 Court,2562,Tulare,2017 Q2 Court,923,193,162,291,NA,30,344,38,85,39,Tulare,Tim Ward,0,1,1,1,0,,,,,,
Tulare_2017 Q3 Court,2563,Tulare,2017 Q3 Court,809,173,149,269,19,30,336,37,96,27,Tulare,Tim Ward,0,1,1,1,0,,467,31.905782,57.601713,6.423983,4.068522
Tulare_2017 Q4 Court,2564,Tulare,2017 Q4 Court,1017,168,181,242,8,22,353,39,78,36,Tulare,Tim Ward,0,1,1,1,0,,453,39.95585,53.421634,4.856512,1.766004
Tulare_2018 Q1 Court,2565,Tulare,2018 Q1 Court,924,194,199,301,2,37,343,47,105,36,Tulare,Tim Ward,0,1,1,1,0,,539,36.920223,55.844156,6.864564,0.371058
Tulare_2018 Q2 Court,2566,Tulare,2018 Q2 Court,951,189,182,240,7,31,345,42,87,39,Tulare,Tim Ward,0,1,1,1,0,,460,39.565217,52.173913,6.73913,1.521739
Tulare_2018 Q3 Court,2567,Tulare,2018 Q3 Court,1049,206,137,308,2,38,327,43,84,57,Tulare,Tim Ward,0,1,1,1,1,,485,28.247423,63.505155,7.835052,0.412371
Tulare_2018 Q4 Court,2568,Tulare,2018 Q4 Court,865,197,187,236,2,30,295,45,89,54,Tulare,Tim Ward,0,1,1,1,1,,455,41.098901,51.868132,6.593407,0.43956
Tulare_2019 Q1 Court,2569,Tulare,2019 Q1 Court,931,192,166,219,1,17,238,32,76,64,Tulare,Tim Ward,0,1,1,0,0,,403,41.191067,54.342432,4.218362,0.248139
Tulare_2019 Q2 Court,2570,Tulare,2019 Q2 Court,1059,184,192,238,2,34,297,43,100,69,Tulare,Tim Ward,0,1,1,0,0,,466,41.201717,51.072961,7.296137,0.429185
Tulare_2019 Q3 Court,2571,Tulare,2019 Q3 Court,873,161,137,253,2,46,347,49,89,61,Tulare,Tim Ward,0,1,1,0,0,,438,31.278539,57.762557,10.502283,0.456621
Tulare_2019 Q4 Court,2572,Tulare,2019 Q4 Court,795,146,154,187,2,31,258,41,60,70,Tulare,Tim Ward,0,1,1,0,0,,374,41.176471,50.0,8.28877,0.534759
Tulare_2020 Q1 Court,2573,Tulare,2020 Q1 Court,872,174,130,163,11,29,207,40,84,59,Tulare,Tim Ward,0,1,1,0,0,,333,39.039039,48.948949,8.708709,3.303303
Tulare_2020 Q2 Court,2574,Tulare,2020 Q2 Court,1015,180,33,44,0,4,57,4,32,23,Tulare,Tim Ward,0,1,1,0,0,,81,40.740741,54.320988,4.938272,0.0
Tulare_2020 Q3 Court,2575,Tulare,2020 Q3 Court,730,310,106,190,3,18,154,10,91,22,Tulare,Tim Ward,0,1,1,0,0,,317,33.438486,59.936909,5.678233,0.946372
Tulare_2020 Q4 Court,2576,Tulare,2020 Q4 Court,873,266,82,158,1,15,100,16,48,28,Tulare,Tim Ward,0,1,1,0,0,,256,32.03125,61.71875,5.859375,0.390625
Tulare_2021 Q1 Court,2577,Tulare,2021 Q1 Court,829,281,19,134,3,14,157,14,78,20,Tulare,Tim Ward,0,1,1,0,0,,170,11.176471,78.823529,8.235294,1.764706
Tulare_2021 Q2 Court,2578,Tulare,2021 Q2 Court,835,321,135,215,5,35,162,15,65,29,Tulare,Tim Ward,0,1,1,0,0,,390,34.615385,55.128205,8.974359,1.282051
Tulare_2021 Q3 Court,2579,Tulare,2021 Q3 Court,1015,273,159,219,4,27,168,17,77,27,Tulare,Tim Ward,0,1,1,0,0,,409,38.875306,53.545232,6.601467,0.977995
Tulare_2021 Q4 Court,2580,Tulare,2021 Q4 Court,824,249,139,200,6,27,169,29,49,22,Tulare,Tim Ward,0,1,1,0,0,,372,37.365591,53.763441,7.258065,1.612903
Tulare_2022 Q1 Court,2581,Tulare,2022 Q1 Court,812,222,131,234,1,23,106,31,77,27,Tulare,Tim Ward,0,1,1,0,0,,389,33.676093,60.154242,5.912596,0.257069
Tulare_2022 Q2 Court,2582,Tulare,2022 Q2 Court,780,237,167,259,9,31,122,29,68,31,Tulare,Tim Ward,0,1,1,0,0,,466,35.83691,55.579399,6.652361,1.93133
Tulare_2022 Q3 Court,2583,Tulare,2022 Q3 Court,760,204,192,288,6,31,145,38,63,21,Tulare,Tim Ward,0,1,1,0,1,,517,37.137331,55.705996,5.996132,1.160542
Tulare_2022 Q4 Court,2584,Tulare,2022 Q4 Court,801,137,196,261,0,17,124,20,65,24,Tulare,Tim Ward,0,1,1,0,1,,474,41.350211,55.063291,3.586498,0.0
Tulare_2023 Q1 Court,2585,Tulare,2023 Q1 Court,670,129,187,259,3,16,176,26,63,19,Tulare,Tim Ward,0,NA,NA,NA,0,,465,40.215054,55.698925,3.44086,0.645161
Tulare_2023 Q2 Court,2586,Tulare,2023 Q2 Court,702,134,151,227,3,17,169,15,73,18,,,,,,,,,398,37.939698,57.035176,4.271357,0.753769
Tulare_2023 Q3 Court,2587,Tulare,2023 Q3 Court,779,158,150,210,5,14,142,11,75,30,,,,,,,,,379,39.577836,55.408971,3.693931,1.319261
Tulare_2023 Q4 Court,2588,Tulare,2023 Q4 Court,748,146,129,213,2,18,109,7,76,24,,,,,,,,,362,35.635359,58.839779,4.972376,0.552486
Tulare_2024 Q1 Court,2589,Tulare,2024 Q1 Court,738,137,137,198,9,12,138,11,83,28,,,,,,,,,356,38.483146,55.617978,3.370787,2.52809
Tulare_2024 Q2 Court,2590,Tulare,2024 Q2 Court,838,148,130,241,1,13,140,7,78,22,,,,,,,,,385,33.766234,62.597403,3.376623,0.25974
Tulare_2024 Q3 Court,2591,Tulare,2024 Q3 Court,701,130,161,211,2,7,197,25,93,21,,,,,,,,,381,42.257218,55.380577,1.83727,0.524934
Tulare_2024 Q4 Court,2592,Tulare,2024 Q4 Court,718,120,142,253,0,10,187,6,74,26,,,,,,,,,405,35.061728,62.469136,2.469136,0.0
Tuolumne_2013 Q1 Court,2593,Tuolumne,2013 Q1 Court,197,49,20,98,0,9,103,6,6,NA,,,0,NA,NA,NA,0,,127,15.748031,77.165354,7.086614,0.0
Tuolumne_2013 Q2 Court,2594,Tuolumne,2013 Q2 Court,173,58,34,99,0,8,91,1,9,NA,,,0,NA,NA,NA,0,,141,24.113475,70.212766,5.673759,0.0
Tuolumne_2013 Q3 Court,2595,Tuolumne,2013 Q3 Court,182,42,38,73,2,7,94,1,6,0,,,0,NA,NA,NA,0,,120,31.666667,60.833333,5.833333,1.666667
Tuolumne_2013 Q4 Court,2596,Tuolumne,2013 Q4 Court,195,44,35,90,2,17,111,1,6,1,,,0,NA,NA,NA,0,,144,24.305556,62.5,11.805556,1.388889
Tuolumne_2014 Q1 Court,2597,Tuolumne,2014 Q1 Court,216,67,25,70,1,13,84,3,3,0,,,0,NA,NA,NA,0,,109,22.93578,64.220183,11.926606,0.917431
Tuolumne_2014 Q2 Court,2598,Tuolumne,2014 Q2 Court,231,82,27,69,3,16,83,6,7,0,,,0,NA,NA,NA,0,,115,23.478261,60.0,13.913043,2.608696
Tuolumne_2014 Q3 Court,2599,Tuolumne,2014 Q3 Court,253,98,29,64,1,11,94,5,6,1,,,0,NA,NA,NA,0,,105,27.619048,60.952381,10.47619,0.952381
Tuolumne_2014 Q4 Court,2600,Tuolumne,2014 Q4 Court,193,90,32,48,1,7,65,10,6,1,,,0,NA,NA,NA,0,,88,36.363636,54.545455,7.954545,1.136364
Tuolumne_2015 Q1 Court,2601,Tuolumne,2015 Q1 Court,150,94,35,57,3,18,52,13,7,0,Tuolmne,Laura Leslie Krieg,0,1,1,0,0,,113,30.973451,50.442478,15.929204,2.654867
Tuolumne_2015 Q2 Court,2602,Tuolumne,2015 Q2 Court,172,60,21,43,0,11,66,9,2,6,Tuolmne,Laura Leslie Krieg,0,1,1,0,0,,75,28.0,57.333333,14.666667,0.0
Tuolumne_2015 Q3 Court,2603,Tuolumne,2015 Q3 Court,146,47,37,60,2,11,52,10,4,0,Tuolmne,Laura Leslie Krieg,0,1,1,0,0,,110,33.636364,54.545455,10.0,1.818182
Tuolumne_2015 Q4 Court,2604,Tuolumne,2015 Q4 Court,175,51,31,42,0,9,81,8,4,5,Tuolmne,Laura Leslie Krieg,0,1,1,0,0,,82,37.804878,51.219512,10.97561,0.0
Tuolumne_2016 Q1 Court,2605,Tuolumne,2016 Q1 Court,193,59,37,48,1,7,69,11,8,5,Tuolmne,Laura Leslie Krieg,0,1,1,0,0,,93,39.784946,51.612903,7.526882,1.075269
Tuolumne_2016 Q2 Court,2606,Tuolumne,2016 Q2 Court,199,86,29,70,0,8,64,21,4,4,Tuolmne,Laura Leslie Krieg,0,1,1,0,0,,107,27.102804,65.420561,7.476636,0.0
Tuolumne_2016 Q3 Court,2607,Tuolumne,2016 Q3 Court,176,86,43,54,3,14,49,17,6,1,Tuolmne,Laura Leslie Krieg,0,1,1,0,0,,114,37.719298,47.368421,12.280702,2.631579
Tuolumne_2016 Q4 Court,2608,Tuolumne,2016 Q4 Court,185,100,26,44,0,13,62,11,5,1,Tuolmne,Laura Leslie Krieg,0,1,1,0,0,,83,31.325301,53.012048,15.662651,0.0
Tuolumne_2017 Q1 Court,2609,Tuolumne,2017 Q1 Court,222,100,46,63,1,17,50,26,9,2,Tuolmne,Laura Leslie Krieg,0,1,1,0,0,,127,36.220472,49.606299,13.385827,0.787402
Tuolumne_2017 Q2 Court,2610,Tuolumne,2017 Q2 Court,205,107,40,77,0,18,68,6,8,1,Tuolmne,Laura Leslie Krieg,0,1,1,0,0,,135,29.62963,57.037037,13.333333,0.0
Tuolumne_2017 Q3 Court,2611,Tuolumne,2017 Q3 Court,190,82,51,77,1,26,34,16,8,0,Tuolmne,Laura Leslie Krieg,0,1,1,0,0,,155,32.903226,49.677419,16.774194,0.645161
Tuolumne_2017 Q4 Court,2612,Tuolumne,2017 Q4 Court,185,110,76,58,1,18,55,15,5,2,Tuolmne,Laura Leslie Krieg,0,1,1,0,0,,153,49.673203,37.908497,11.764706,0.653595
Tuolumne_2018 Q1 Court,2613,Tuolumne,2018 Q1 Court,181,122,39,67,1,14,34,3,9,3,Tuolmne,Laura Leslie Krieg,0,1,1,0,0,,121,32.231405,55.371901,11.570248,0.826446
Tuolumne_2018 Q2 Court,2614,Tuolumne,2018 Q2 Court,211,74,54,57,0,7,43,7,11,4,Tuolmne,Laura Leslie Krieg,0,1,1,0,0,,118,45.762712,48.305085,5.932203,0.0
Tuolumne_2018 Q3 Court,2615,Tuolumne,2018 Q3 Court,157,88,50,69,0,15,46,26,6,1,Tuolmne,Laura Leslie Krieg,0,1,1,0,1,,134,37.313433,51.492537,11.19403,0.0
Tuolumne_2018 Q4 Court,2616,Tuolumne,2018 Q4 Court,175,57,31,74,0,6,31,16,7,0,Tuolmne,Laura Leslie Krieg,0,1,1,0,1,,111,27.927928,66.666667,5.405405,0.0
Tuolumne_2019 Q1 Court,2617,Tuolumne,2019 Q1 Court,157,61,58,59,0,10,45,9,6,2,Tuolmne,Laura Leslie Krieg,0,NA,NA,NA,0,,127,45.669291,46.456693,7.874016,0.0
Tuolumne_2019 Q2 Court,2618,Tuolumne,2019 Q2 Court,196,61,41,64,2,2,51,15,12,3,Tuolmne,Laura Leslie Krieg,0,NA,NA,NA,0,,109,37.614679,58.715596,1.834862,1.834862
Tuolumne_2019 Q3 Court,2619,Tuolumne,2019 Q3 Court,146,76,41,53,0,11,89,12,7,4,Tuolmne,Laura Leslie Krieg,0,NA,NA,NA,0,,105,39.047619,50.47619,10.47619,0.0
Tuolumne_2019 Q4 Court,2620,Tuolumne,2019 Q4 Court,105,59,36,60,1,3,60,16,7,4,Tuolmne,Laura Leslie Krieg,0,NA,NA,NA,0,,100,36.0,60.0,3.0,1.0
Tuolumne_2020 Q1 Court,2621,Tuolumne,2020 Q1 Court,129,60,45,56,0,4,65,22,13,5,Tuolmne,Laura Leslie Krieg,0,NA,NA,NA,0,,105,42.857143,53.333333,3.809524,0.0
Tuolumne_2020 Q2 Court,2622,Tuolumne,2020 Q2 Court,144,70,39,44,0,2,81,18,13,2,Tuolmne,Laura Leslie Krieg,0,NA,NA,NA,0,,85,45.882353,51.764706,2.352941,0.0
Tuolumne_2020 Q3 Court,2623,Tuolumne,2020 Q3 Court,163,121,20,46,0,0,69,16,9,0,Tuolmne,Laura Leslie Krieg,0,NA,NA,NA,0,,66,30.30303,69.69697,0.0,0.0
Tuolumne_2020 Q4 Court,2624,Tuolumne,2020 Q4 Court,169,126,28,25,0,4,50,13,10,2,Tuolmne,Laura Leslie Krieg,0,NA,NA,NA,0,,57,49.122807,43.859649,7.017544,0.0
Tuolumne_2021 Q1 Court,2625,Tuolumne,2021 Q1 Court,134,155,40,24,0,0,46,6,15,1,Tuolmne,Cassandra Jenecke,0,NA,NA,NA,0,,64,62.5,37.5,0.0,0.0
Tuolumne_2021 Q2 Court,2626,Tuolumne,2021 Q2 Court,198,146,45,81,1,5,49,2,12,0,Tuolmne,Cassandra Jenecke,0,NA,NA,NA,0,,132,34.090909,61.363636,3.787879,0.757576
Tuolumne_2021 Q3 Court,2627,Tuolumne,2021 Q3 Court,128,128,35,53,0,9,30,13,11,2,Tuolmne,Cassandra Jenecke,0,NA,NA,NA,0,,97,36.082474,54.639175,9.278351,0.0
Tuolumne_2021 Q4 Court,2628,Tuolumne,2021 Q4 Court,136,94,42,40,0,1,41,10,15,0,Tuolmne,Cassandra Jenecke,0,NA,NA,NA,0,,83,50.60241,48.192771,1.204819,0.0
Tuolumne_2022 Q1 Court,2629,Tuolumne,2022 Q1 Court,146,98,63,54,0,7,27,9,11,0,Tuolmne,Cassandra Jenecke,0,1,1,0,0,,124,50.806452,43.548387,5.645161,0.0
Tuolumne_2022 Q2 Court,2630,Tuolumne,2022 Q2 Court,167,92,42,75,1,10,46,9,12,0,Tuolmne,Cassandra Jenecke,0,1,1,0,0,,128,32.8125,58.59375,7.8125,0.78125
Tuolumne_2022 Q3 Court,2631,Tuolumne,2022 Q3 Court,151,91,48,73,0,22,69,7,15,3,Tuolmne,Cassandra Jenecke,0,1,1,0,1,,143,33.566434,51.048951,15.384615,0.0
Tuolumne_2022 Q4 Court,2632,Tuolumne,2022 Q4 Court,144,53,39,41,2,6,46,16,6,2,Tuolmne,Cassandra Jenecke,0,1,1,0,1,,88,44.318182,46.590909,6.818182,2.272727
Tuolumne_2023 Q1 Court,2633,Tuolumne,2023 Q1 Court,112,55,39,57,0,18,46,12,7,8,,,,,,,,,114,34.210526,50.0,15.789474,0.0
Tuolumne_2023 Q2 Court,2634,Tuolumne,2023 Q2 Court,116,63,25,30,0,9,49,12,15,8,,,,,,,,,64,39.0625,46.875,14.0625,0.0
Tuolumne_2023 Q3 Court,2635,Tuolumne,2023 Q3 Court,151,62,25,30,0,9,49,12,15,5,,,,,,,,,64,39.0625,46.875,14.0625,0.0
Tuolumne_2023 Q4 Court,2636,Tuolumne,2023 Q4 Court,130,48,51,45,0,10,39,11,15,7,,,,,,,,,106,48.113208,42.45283,9.433962,0.0
Tuolumne_2024 Q1 Court,2637,Tuolumne,2024 Q1 Court,149,33,45,62,0,13,36,18,14,3,,,,,,,,,120,37.5,51.666667,10.833333,0.0
Tuolumne_2024 Q2 Court,2638,Tuolumne,2024 Q2 Court,114,55,38,47,0,9,40,19,7,1,,,,,,,,,94,40.425532,50.0,9.574468,0.0
Tuolumne_2024 Q3 Court,2639,Tuolumne,2024 Q3 Court,144,122,30,48,1,2,28,10,18,8,,,,,,,,,81,37.037037,59.259259,2.469136,1.234568
Tuolumne_2024 Q4 Court,2640,Tuolumne,2024 Q4 Court,125,67,52,77,1,3,30,13,12,3,,,,,,,,,133,39.097744,57.894737,2.255639,0.75188
Ventura_2013 Q1 Court,2641,Ventura,2013 Q1 Court,1034,263,196,468,69,42,3559,62,7,0,Ventura,Greg Totten,0,1,1,0,0,,775,25.290323,60.387097,5.419355,8.903226
Ventura_2013 Q2 Court,2642,Ventura,2013 Q2 Court,1046,289,167,509,74,35,3464,82,7,0,Ventura,Greg Totten,0,1,1,0,0,,785,21.273885,64.840764,4.458599,9.426752
Ventura_2013 Q3 Court,2643,Ventura,2013 Q3 Court,1182,294,165,464,84,30,3688,125,10,46,Ventura,Greg Totten,0,1,1,0,0,,743,22.207268,62.449529,4.037685,11.305518
Ventura_2013 Q4 Court,2644,Ventura,2013 Q4 Court,1042,327,144,422,82,17,3378,125,7,56,Ventura,Greg Totten,0,1,1,0,0,,665,21.654135,63.458647,2.556391,12.330827
Ventura_2014 Q1 Court,2645,Ventura,2014 Q1 Court,1023,327,151,435,90,19,3429,166,222,178,Ventura,Greg Totten,0,1,1,0,0,,695,21.726619,62.589928,2.733813,12.94964
Ventura_2014 Q2 Court,2646,Ventura,2014 Q2 Court,1225,347,194,433,72,26,3503,185,219,185,Ventura,Greg Totten,0,1,1,0,0,,725,26.758621,59.724138,3.586207,9.931034
Ventura_2014 Q3 Court,2647,Ventura,2014 Q3 Court,1215,339,133,463,84,28,3293,145,248,128,Ventura,Greg Totten,0,1,1,0,1,,708,18.785311,65.39548,3.954802,11.864407
Ventura_2014 Q4 Court,2648,Ventura,2014 Q4 Court,762,220,104,238,60,10,1653,126,260,123,Ventura,Greg Totten,0,1,1,0,1,,412,25.242718,57.76699,2.427184,14.563107
Ventura_2015 Q1 Court,2649,Ventura,2015 Q1 Court,679,183,122,213,28,24,1286,101,365,136,Ventura,Greg Totten,0,1,1,0,0,,387,31.524548,55.03876,6.20155,7.235142
Ventura_2015 Q2 Court,2650,Ventura,2015 Q2 Court,755,205,128,268,22,41,1225,90,383,140,Ventura,Greg Totten,0,1,1,0,0,,459,27.88671,58.3878,8.932462,4.793028
Ventura_2015 Q3 Court,2651,Ventura,2015 Q3 Court,840,169,153,260,31,42,1260,101,318,106,Ventura,Greg Totten,0,1,1,0,0,,486,31.481481,53.497942,8.641975,6.378601
Ventura_2015 Q4 Court,2652,Ventura,2015 Q4 Court,761,163,159,252,31,29,1220,106,328,122,Ventura,Greg Totten,0,1,1,0,0,,471,33.757962,53.503185,6.157113,6.581741
Ventura_2016 Q1 Court,2653,Ventura,2016 Q1 Court,786,192,136,305,27,32,1257,148,325,98,Ventura,Greg Totten,0,1,1,0,0,,500,27.2,61.0,6.4,5.4
Ventura_2016 Q2 Court,2654,Ventura,2016 Q2 Court,775,239,171,273,30,43,1339,115,310,103,Ventura,Greg Totten,0,1,1,0,0,,517,33.075435,52.804642,8.317215,5.802708
Ventura_2016 Q3 Court,2655,Ventura,2016 Q3 Court,741,187,178,228,21,40,1341,158,378,87,Ventura,Greg Totten,0,1,1,0,0,,467,38.115632,48.82227,8.56531,4.496788
Ventura_2016 Q4 Court,2656,Ventura,2016 Q4 Court,774,208,127,221,28,28,1178,120,321,90,Ventura,Greg Totten,0,1,1,0,0,,404,31.435644,54.70297,6.930693,6.930693
Ventura_2017 Q1 Court,2657,Ventura,2017 Q1 Court,625,199,200,263,31,35,1319,118,375,112,Ventura,Greg Totten,0,1,1,0,0,,529,37.807183,49.716446,6.616257,5.860113
Ventura_2017 Q2 Court,2658,Ventura,2017 Q2 Court,730,228,167,247,20,39,1427,153,426,103,Ventura,Greg Totten,0,1,1,0,0,,473,35.306554,52.219873,8.245243,4.22833
Ventura_2017 Q3 Court,2659,Ventura,2017 Q3 Court,643,286,180,230,21,40,1516,170,507,123,Ventura,Greg Totten,0,1,1,0,0,,471,38.216561,48.832272,8.492569,4.458599
Ventura_2017 Q4 Court,2660,Ventura,2017 Q4 Court,608,172,133,201,15,44,1437,180,447,127,Ventura,Greg Totten,0,1,1,0,0,,393,33.842239,51.145038,11.195929,3.816794
Ventura_2018 Q1 Court,2661,Ventura,2018 Q1 Court,635,225,176,244,12,44,1461,244,470,133,Ventura,Greg Totten,0,1,1,0,0,,476,36.97479,51.260504,9.243697,2.521008
Ventura_2018 Q2 Court,2662,Ventura,2018 Q2 Court,636,199,165,172,12,44,1343,252,421,115,Ventura,Greg Totten,0,1,1,0,0,,393,41.984733,43.765903,11.195929,3.053435
Ventura_2018 Q3 Court,2663,Ventura,2018 Q3 Court,729,186,130,206,7,24,1277,231,465,114,Ventura,Greg Totten,0,1,1,0,1,,367,35.422343,56.13079,6.53951,1.907357
Ventura_2018 Q4 Court,2664,Ventura,2018 Q4 Court,572,185,132,230,14,42,1246,252,452,101,Ventura,Greg Totten,0,1,1,0,1,,418,31.578947,55.023923,10.047847,3.349282
Ventura_2019 Q1 Court,2665,Ventura,2019 Q1 Court,652,256,149,158,22,40,1264,229,501,124,Ventura,Greg Totten,0,0,NA,NA,0,,369,40.379404,42.818428,10.840108,5.96206
Ventura_2019 Q2 Court,2666,Ventura,2019 Q2 Court,711,211,166,251,41,34,1198,232,504,121,Ventura,Greg Totten,0,0,NA,NA,0,,492,33.739837,51.01626,6.910569,8.333333
Ventura_2019 Q3 Court,2667,Ventura,2019 Q3 Court,653,213,165,255,27,37,1157,199,475,160,Ventura,Greg Totten,0,0,NA,NA,0,,484,34.090909,52.68595,7.644628,5.578512
Ventura_2019 Q4 Court,2668,Ventura,2019 Q4 Court,570,193,149,191,29,32,1144,209,500,121,Ventura,Greg Totten,0,0,NA,NA,0,,401,37.157107,47.630923,7.98005,7.23192
Ventura_2020 Q1 Court,2669,Ventura,2020 Q1 Court,510,145,119,203,23,29,1029,161,551,107,Ventura,Greg Totten,0,0,NA,NA,0,,374,31.818182,54.278075,7.754011,6.149733
Ventura_2020 Q2 Court,2670,Ventura,2020 Q2 Court,535,65,44,88,10,6,442,89,269,52,Ventura,Greg Totten,0,0,NA,NA,0,,148,29.72973,59.459459,4.054054,6.756757
Ventura_2020 Q3 Court,2671,Ventura,2020 Q3 Court,654,200,108,193,7,33,1054,177,539,77,Ventura,Greg Totten,0,0,NA,NA,0,,341,31.671554,56.59824,9.677419,2.052786
Ventura_2020 Q4 Court,2672,Ventura,2020 Q4 Court,630,142,119,204,19,30,929,201,480,79,Ventura,Greg Totten,0,0,NA,NA,0,,372,31.989247,54.83871,8.064516,5.107527
Ventura_2021 Q1 Court,2673,Ventura,2021 Q1 Court,666,124,124,237,17,44,1115,199,503,89,Ventura,Greg Totten,0,0,NA,NA,0,,422,29.383886,56.161137,10.42654,4.028436
Ventura_2021 Q2 Court,2674,Ventura,2021 Q2 Court,627,211,121,242,20,36,1224,169,515,96,Ventura,Greg Totten,0,0,NA,NA,0,,419,28.878282,57.756563,8.591885,4.77327
Ventura_2021 Q3 Court,2675,Ventura,2021 Q3 Court,593,189,119,235,16,32,1186,180,540,104,Ventura,Greg Totten,0,0,NA,NA,0,,402,29.60199,58.457711,7.960199,3.9801
Ventura_2021 Q4 Court,2676,Ventura,2021 Q4 Court,603,180,100,184,18,22,1086,180,505,92,Ventura,Greg Totten,0,0,NA,NA,0,,324,30.864198,56.790123,6.790123,5.555556
Ventura_2022 Q1 Court,2677,Ventura,2022 Q1 Court,698,171,125,209,17,27,963,127,458,90,Ventura,Greg Totten,0,0,NA,1,0,,378,33.068783,55.291005,7.142857,4.497354
Ventura_2022 Q2 Court,2678,Ventura,2022 Q2 Court,740,237,143,220,25,31,1083,139,452,78,Ventura,Greg Totten,0,0,NA,1,0,,419,34.128878,52.505967,7.398568,5.966587
Ventura_2022 Q3 Court,2679,Ventura,2022 Q3 Court,753,215,160,197,18,49,1012,153,476,81,Ventura,Greg Totten,0,0,NA,1,1,,424,37.735849,46.462264,11.556604,4.245283
Ventura_2022 Q4 Court,2680,Ventura,2022 Q4 Court,742,201,158,185,16,30,883,111,397,93,Ventura,Greg Totten,0,0,NA,1,1,,389,40.616967,47.557841,7.712082,4.113111
Ventura_2023 Q1 Court,2681,Ventura,2023 Q1 Court,767,269,181,186,31,46,986,182,429,77,Ventura,Erik Nasarenko,0,NA,NA,NA,0,,444,40.765766,41.891892,10.36036,6.981982
Ventura_2023 Q2 Court,2682,Ventura,2023 Q2 Court,803,216,163,243,22,28,960,95,385,109,,,,,,,,,456,35.745614,53.289474,6.140351,4.824561
Ventura_2023 Q3 Court,2683,Ventura,2023 Q3 Court,842,206,166,236,11,11,943,112,378,80,,,,,,,,,424,39.150943,55.660377,2.59434,2.59434
Ventura_2023 Q4 Court,2684,Ventura,2023 Q4 Court,824,209,152,263,31,21,821,111,379,97,,,,,,,,,467,32.54818,56.316916,4.496788,6.638116
Ventura_2024 Q1 Court,2685,Ventura,2024 Q1 Court,900,266,162,229,27,38,918,100,427,89,,,,,,,,,456,35.526316,50.219298,8.333333,5.921053
Ventura_2024 Q2 Court,2686,Ventura,2024 Q2 Court,851,282,148,248,19,17,955,76,401,91,,,,,,,,,432,34.259259,57.407407,3.935185,4.398148
Ventura_2024 Q3 Court,2687,Ventura,2024 Q3 Court,770,270,140,247,26,21,886,113,418,111,,,,,,,,,434,32.258065,56.912442,4.83871,5.990783
Ventura_2024 Q4 Court,2688,Ventura,2024 Q4 Court,705,219,125,230,15,26,812,108,391,82,,,,,,,,,396,31.565657,58.080808,6.565657,3.787879
Yolo_2013 Q1 Court,2689,Yolo,2013 Q1 Court,462,29,62,163,54,30,194,15,55,NA,Yolo,Jeff Reisig,1,1,1,0,0,,309,20.064725,52.750809,9.708738,17.475728
Yolo_2013 Q2 Court,2690,Yolo,2013 Q2 Court,461,34,55,165,52,19,217,29,54,0,Yolo,Jeff Reisig,1,1,1,0,0,,291,18.900344,56.701031,6.52921,17.869416
Yolo_2013 Q3 Court,2691,Yolo,2013 Q3 Court,533,34,66,154,51,22,226,NA,52,10,Yolo,Jeff Reisig,1,1,1,0,0,,293,22.525597,52.559727,7.508532,17.406143
Yolo_2013 Q4 Court,2692,Yolo,2013 Q4 Court,513,147,74,138,49,44,227,31,45,25,Yolo,Jeff Reisig,1,1,1,0,0,,305,24.262295,45.245902,14.42623,16.065574
Yolo_2014 Q1 Court,2693,Yolo,2014 Q1 Court,554,76,90,157,35,11,227,20,36,26,Yolo,Jeff Reisig,1,1,1,0,0,,293,30.716724,53.583618,3.754266,11.945392
Yolo_2014 Q2 Court,2694,Yolo,2014 Q2 Court,556,104,77,176,79,59,265,38,46,24,Yolo,Jeff Reisig,1,1,1,0,0,,391,19.693095,45.012788,15.089514,20.204604
Yolo_2014 Q3 Court,2695,Yolo,2014 Q3 Court,585,132,74,167,74,58,260,41,58,11,Yolo,Jeff Reisig,1,1,1,0,1,,373,19.839142,44.772118,15.549598,19.839142
Yolo_2014 Q4 Court,2696,Yolo,2014 Q4 Court,392,84,65,114,35,27,193,47,48,8,Yolo,Jeff Reisig,1,1,1,0,1,,241,26.970954,47.302905,11.20332,14.522822
Yolo_2015 Q1 Court,2697,Yolo,2015 Q1 Court,358,46,60,133,41,31,166,51,41,6,Yolo,Jeff Reisig,1,1,1,1,0,,265,22.641509,50.188679,11.698113,15.471698
Yolo_2015 Q2 Court,2698,Yolo,2015 Q2 Court,280,109,61,160,41,36,206,42,51,9,Yolo,Jeff Reisig,1,1,1,1,0,,298,20.469799,53.691275,12.080537,13.758389
Yolo_2015 Q3 Court,2699,Yolo,2015 Q3 Court,351,149,47,85,30,29,222,41,44,11,Yolo,Jeff Reisig,1,1,1,1,0,,191,24.60733,44.502618,15.183246,15.706806
Yolo_2015 Q4 Court,2700,Yolo,2015 Q4 Court,332,135,38,78,53,53,188,40,43,13,Yolo,Jeff Reisig,1,1,1,1,0,,222,17.117117,35.135135,23.873874,23.873874
Yolo_2016 Q1 Court,2701,Yolo,2016 Q1 Court,336,117,58,73,23,31,193,37,47,22,Yolo,Jeff Reisig,1,1,1,1,0,,185,31.351351,39.459459,16.756757,12.432432
Yolo_2016 Q2 Court,2702,Yolo,2016 Q2 Court,342,135,43,89,32,38,169,39,44,22,Yolo,Jeff Reisig,1,1,1,1,0,,202,21.287129,44.059406,18.811881,15.841584
Yolo_2016 Q3 Court,2703,Yolo,2016 Q3 Court,297,157,62,103,30,36,135,46,44,27,Yolo,Jeff Reisig,1,1,1,1,0,,231,26.839827,44.588745,15.584416,12.987013
Yolo_2016 Q4 Court,2704,Yolo,2016 Q4 Court,336,107,44,73,38,32,118,48,31,16,Yolo,Jeff Reisig,1,1,1,1,0,,187,23.529412,39.037433,17.112299,20.320856
Yolo_2017 Q1 Court,2705,Yolo,2017 Q1 Court,290,41,60,87,20,22,171,39,31,15,Yolo,Jeff Reisig,1,1,1,1,0,,189,31.746032,46.031746,11.640212,10.582011
Yolo_2017 Q2 Court,2706,Yolo,2017 Q2 Court,411,52,71,69,28,32,156,41,54,14,Yolo,Jeff Reisig,1,1,1,1,0,,200,35.5,34.5,16.0,14.0
Yolo_2017 Q3 Court,2707,Yolo,2017 Q3 Court,280,38,55,63,48,46,145,58,43,14,Yolo,Jeff Reisig,1,1,1,1,0,,212,25.943396,29.716981,21.698113,22.641509
Yolo_2017 Q4 Court,2708,Yolo,2017 Q4 Court,323,53,49,69,24,22,114,39,38,25,Yolo,Jeff Reisig,1,1,1,1,0,,164,29.878049,42.073171,13.414634,14.634146
Yolo_2018 Q1 Court,2709,Yolo,2018 Q1 Court,352,58,65,76,29,27,150,39,47,19,Yolo,Jeff Reisig,1,1,1,1,0,,197,32.994924,38.57868,13.705584,14.720812
Yolo_2018 Q2 Court,2710,Yolo,2018 Q2 Court,267,52,69,59,26,22,120,41,47,19,Yolo,Jeff Reisig,1,1,1,1,0,,176,39.204545,33.522727,12.5,14.772727
Yolo_2018 Q3 Court,2711,Yolo,2018 Q3 Court,316,46,51,95,35,28,229,65,58,38,Yolo,Jeff Reisig,1,1,1,1,1,,209,24.401914,45.454545,13.397129,16.746411
Yolo_2018 Q4 Court,2712,Yolo,2018 Q4 Court,281,115,49,68,26,25,147,39,40,24,Yolo,Jeff Reisig,1,1,1,1,1,,168,29.166667,40.47619,14.880952,15.47619
Yolo_2019 Q1 Court,2713,Yolo,2019 Q1 Court,294,40,54,74,23,24,162,30,36,19,Yolo,Jeff Reisig,1,1,1,1,0,,175,30.857143,42.285714,13.714286,13.142857
Yolo_2019 Q2 Court,2714,Yolo,2019 Q2 Court,347,76,46,58,23,21,144,34,29,20,Yolo,Jeff Reisig,1,1,1,1,0,,148,31.081081,39.189189,14.189189,15.540541
Yolo_2019 Q3 Court,2715,Yolo,2019 Q3 Court,380,69,51,70,23,25,158,25,56,23,Yolo,Jeff Reisig,1,1,1,1,0,,169,30.177515,41.420118,14.792899,13.609467
Yolo_2019 Q4 Court,2716,Yolo,2019 Q4 Court,366,52,34,66,36,30,136,27,32,23,Yolo,Jeff Reisig,1,1,1,1,0,,166,20.481928,39.759036,18.072289,21.686747
Yolo_2020 Q1 Court,2717,Yolo,2020 Q1 Court,300,59,33,53,27,24,117,12,27,25,Yolo,Jeff Reisig,1,1,1,1,0,,137,24.087591,38.686131,17.518248,19.708029
Yolo_2020 Q2 Court,2718,Yolo,2020 Q2 Court,298,70,18,30,7,6,86,9,29,4,Yolo,Jeff Reisig,1,1,1,1,0,,61,29.508197,49.180328,9.836066,11.47541
Yolo_2020 Q3 Court,2719,Yolo,2020 Q3 Court,312,NA,9,7,NA,NA,76,NA,10,3,Yolo,Jeff Reisig,1,1,1,1,0,,,,,,
Yolo_2020 Q4 Court,2720,Yolo,2020 Q4 Court,282,NA,17,1,NA,NA,43,NA,13,5,Yolo,Jeff Reisig,1,1,1,1,0,,,,,,
Yolo_2021 Q1 Court,2721,Yolo,2021 Q1 Court,264,NA,22,11,0,1,55,20,2,7,Yolo,Jeff Reisig,1,1,1,1,0,,34,64.705882,32.352941,2.941176,0.0
Yolo_2021 Q2 Court,2722,Yolo,2021 Q2 Court,370,NA,14,55,2,3,69,38,0,1,Yolo,Jeff Reisig,1,1,1,1,0,,74,18.918919,74.324324,4.054054,2.702703
Yolo_2021 Q3 Court,2723,Yolo,2021 Q3 Court,444,NA,0,71,3,10,55,7,20,11,Yolo,Jeff Reisig,1,1,1,1,0,,84,0.0,84.52381,11.904762,3.571429
Yolo_2021 Q4 Court,2724,Yolo,2021 Q4 Court,311,NA,NA,54,5,18,71,7,11,11,Yolo,Jeff Reisig,1,1,1,1,0,,,,,,
Yolo_2022 Q1 Court,2725,Yolo,2022 Q1 Court,306,NA,0,53,7,7,56,2,11,7,Yolo,Jeff Reisig,1,1,1,1,0,,67,0.0,79.104478,10.447761,10.447761
Yolo_2022 Q2 Court,2726,Yolo,2022 Q2 Court,338,NA,0,71,6,12,60,10,22,14,Yolo,Jeff Reisig,1,1,1,1,0,,89,0.0,79.775281,13.483146,6.741573
Yolo_2022 Q3 Court,2727,Yolo,2022 Q3 Court,302,NA,0,64,8,11,70,16,11,11,Yolo,Jeff Reisig,1,1,1,1,1,,83,0.0,77.108434,13.253012,9.638554
Yolo_2022 Q4 Court,2728,Yolo,2022 Q4 Court,316,NA,NA,51,7,13,65,10,29,14,Yolo,Jeff Reisig,1,1,1,1,1,,,,,,
Yolo_2023 Q1 Court,2729,Yolo,2023 Q1 Court,319,NA,0,60,9,22,71,8,36,11,Yolo,Jeff Reisig,1,NA,NA,NA,0,,91,0.0,65.934066,24.175824,9.89011
Yolo_2023 Q2 Court,2730,Yolo,2023 Q2 Court,314,NA,0,57,12,11,96,12,39,17,,,,,,,,,80,0.0,71.25,13.75,15.0
Yolo_2023 Q3 Court,2731,Yolo,2023 Q3 Court,368,NA,0,76,7,7,137,7,36,15,,,,,,,,,90,0.0,84.444444,7.777778,7.777778
Yolo_2023 Q4 Court,2732,Yolo,2023 Q4 Court,331,NA,0,60,24,12,72,8,33,24,,,,,,,,,96,0.0,62.5,12.5,25.0
Yolo_2024 Q1 Court,2733,Yolo,2024 Q1 Court,396,NA,NA,61,4,16,74,16,38,24,,,,,,,,,,,,,
Yolo_2024 Q2 Court,2734,Yolo,2024 Q2 Court,351,NA,0,73,12,19,105,14,31,18,,,,,,,,,104,0.0,70.192308,18.269231,11.538462
Yolo_2024 Q3 Court,2735,Yolo,2024 Q3 Court,317,NA,0,50,11,27,127,4,32,38,,,,,,,,,88,0.0,56.818182,30.681818,12.5
Yolo_2024 Q4 Court,2736,Yolo,2024 Q4 Court,292,NA,0,69,12,17,63,4,31,25,,,,,,,,,98,0.0,70.408163,17.346939,12.244898
Yuba_2013 Q1 Court,2737,Yuba,2013 Q1 Court,239,39,62,48,8,8,58,6,6,NA,Yuba,Patrick McGrath,0,1,1,0,0,,126,49.206349,38.095238,6.349206,6.349206
Yuba_2013 Q2 Court,2738,Yuba,2013 Q2 Court,214,43,85,62,22,15,50,3,2,NA,Yuba,Patrick McGrath,0,1,1,0,0,,184,46.195652,33.695652,8.152174,11.956522
Yuba_2013 Q3 Court,2739,Yuba,2013 Q3 Court,231,47,42,104,8,12,53,6,5,18,Yuba,Patrick McGrath,0,1,1,0,0,,166,25.301205,62.650602,7.228916,4.819277
Yuba_2013 Q4 Court,2740,Yuba,2013 Q4 Court,253,50,45,78,2,11,23,12,17,15,Yuba,Patrick McGrath,0,1,1,0,0,,136,33.088235,57.352941,8.088235,1.470588
Yuba_2014 Q1 Court,2741,Yuba,2014 Q1 Court,245,71,41,88,10,6,66,16,13,32,Yuba,Patrick McGrath,0,1,1,0,0,,145,28.275862,60.689655,4.137931,6.896552
Yuba_2014 Q2 Court,2742,Yuba,2014 Q2 Court,245,77,42,94,10,5,58,8,19,34,Yuba,Patrick McGrath,0,1,1,0,0,,151,27.81457,62.251656,3.311258,6.622517
Yuba_2014 Q3 Court,2743,Yuba,2014 Q3 Court,271,85,41,78,8,0,74,11,19,43,Yuba,Patrick McGrath,0,1,1,0,1,,127,32.283465,61.417323,0.0,6.299213
Yuba_2014 Q4 Court,2744,Yuba,2014 Q4 Court,199,58,35,69,5,11,48,16,18,36,Yuba,Patrick McGrath,0,1,1,0,1,,120,29.166667,57.5,9.166667,4.166667
Yuba_2015 Q1 Court,2745,Yuba,2015 Q1 Court,220,48,53,83,8,11,59,11,22,33,Yuba,Patrick McGrath,0,0,NA,NA,0,,155,34.193548,53.548387,7.096774,5.16129
Yuba_2015 Q2 Court,2746,Yuba,2015 Q2 Court,230,54,59,84,7,10,39,10,11,34,Yuba,Patrick McGrath,0,0,NA,NA,0,,160,36.875,52.5,6.25,4.375
Yuba_2015 Q3 Court,2747,Yuba,2015 Q3 Court,212,86,56,109,12,0,52,14,17,41,Yuba,Patrick McGrath,0,0,NA,NA,0,,177,31.638418,61.581921,0.0,6.779661
Yuba_2015 Q4 Court,2748,Yuba,2015 Q4 Court,220,91,55,113,10,11,86,13,17,37,Yuba,Patrick McGrath,0,0,NA,NA,0,,189,29.100529,59.78836,5.820106,5.291005
Yuba_2016 Q1 Court,2749,Yuba,2016 Q1 Court,242,47,58,100,7,5,47,8,21,43,Yuba,Patrick McGrath,0,0,NA,NA,0,,170,34.117647,58.823529,2.941176,4.117647
Yuba_2016 Q2 Court,2750,Yuba,2016 Q2 Court,193,51,46,40,6,0,14,8,4,10,Yuba,Patrick McGrath,0,0,NA,NA,0,,92,50.0,43.478261,0.0,6.521739
Yuba_2016 Q3 Court,2751,Yuba,2016 Q3 Court,203,18,41,66,2,2,41,10,21,35,Yuba,Patrick McGrath,0,0,NA,NA,0,,111,36.936937,59.459459,1.801802,1.801802
Yuba_2016 Q4 Court,2752,Yuba,2016 Q4 Court,176,24,48,68,3,1,29,10,20,24,Yuba,Patrick McGrath,0,0,NA,NA,0,,120,40.0,56.666667,0.833333,2.5
Yuba_2017 Q1 Court,2753,Yuba,2017 Q1 Court,202,52,36,56,3,6,47,7,16,27,Yuba,Patrick McGrath,0,0,NA,NA,0,,101,35.643564,55.445545,5.940594,2.970297
Yuba_2017 Q2 Court,2754,Yuba,2017 Q2 Court,214,58,40,44,3,5,62,6,11,30,Yuba,Patrick McGrath,0,0,NA,NA,0,,92,43.478261,47.826087,5.434783,3.26087
Yuba_2017 Q3 Court,2755,Yuba,2017 Q3 Court,172,51,54,63,5,4,56,10,16,21,Yuba,Patrick McGrath,0,0,NA,NA,0,,126,42.857143,50.0,3.174603,3.968254
Yuba_2017 Q4 Court,2756,Yuba,2017 Q4 Court,187,53,45,35,7,6,59,7,16,18,Yuba,Patrick McGrath,0,0,NA,NA,0,,93,48.387097,37.634409,6.451613,7.526882
Yuba_2018 Q1 Court,2757,Yuba,2018 Q1 Court,141,52,39,46,7,2,44,7,17,30,Yuba,Patrick McGrath,0,0,NA,0,0,,94,41.489362,48.93617,2.12766,7.446809
Yuba_2018 Q2 Court,2758,Yuba,2018 Q2 Court,153,61,34,37,3,3,40,7,19,32,Yuba,Patrick McGrath,0,0,NA,0,0,,77,44.155844,48.051948,3.896104,3.896104
Yuba_2018 Q3 Court,2759,Yuba,2018 Q3 Court,167,39,31,48,3,4,41,6,29,34,Yuba,Patrick McGrath,0,0,NA,0,1,,86,36.046512,55.813953,4.651163,3.488372
Yuba_2018 Q4 Court,2760,Yuba,2018 Q4 Court,137,34,38,33,1,2,49,7,23,41,Yuba,Patrick McGrath,0,0,NA,0,1,,74,51.351351,44.594595,2.702703,1.351351
Yuba_2019 Q1 Court,2761,Yuba,2019 Q1 Court,142,43,30,29,3,3,45,5,30,35,Yuba,Clint Curry,0,1,1,0,0,,65,46.153846,44.615385,4.615385,4.615385
Yuba_2019 Q2 Court,2762,Yuba,2019 Q2 Court,165,31,30,39,4,4,47,2,37,43,Yuba,Clint Curry,0,1,1,0,0,,77,38.961039,50.649351,5.194805,5.194805
Yuba_2019 Q3 Court,2763,Yuba,2019 Q3 Court,147,40,37,32,16,2,46,1,30,40,Yuba,Clint Curry,0,1,1,0,0,,87,42.528736,36.781609,2.298851,18.390805
Yuba_2019 Q4 Court,2764,Yuba,2019 Q4 Court,148,40,39,45,9,4,34,2,25,34,Yuba,Clint Curry,0,1,1,0,0,,97,40.206186,46.391753,4.123711,9.278351
Yuba_2020 Q1 Court,2765,Yuba,2020 Q1 Court,123,35,48,38,4,1,28,5,35,40,Yuba,Clint Curry,0,1,1,0,0,,91,52.747253,41.758242,1.098901,4.395604
Yuba_2020 Q2 Court,2766,Yuba,2020 Q2 Court,195,33,22,35,0,0,32,3,15,13,Yuba,Clint Curry,0,1,1,0,0,,57,38.596491,61.403509,0.0,0.0
Yuba_2020 Q3 Court,2767,Yuba,2020 Q3 Court,309,70,47,33,3,2,28,3,30,9,Yuba,Clint Curry,0,1,1,0,0,,85,55.294118,38.823529,2.352941,3.529412
Yuba_2020 Q4 Court,2768,Yuba,2020 Q4 Court,195,90,52,47,5,8,30,2,23,14,Yuba,Clint Curry,0,1,1,0,0,,112,46.428571,41.964286,7.142857,4.464286
Yuba_2021 Q1 Court,2769,Yuba,2021 Q1 Court,184,101,61,41,4,4,25,1,16,11,Yuba,Clint Curry,0,1,1,0,0,,110,55.454545,37.272727,3.636364,3.636364
Yuba_2021 Q2 Court,2770,Yuba,2021 Q2 Court,218,110,49,59,1,4,35,1,29,10,Yuba,Clint Curry,0,1,1,0,0,,113,43.362832,52.212389,3.539823,0.884956
Yuba_2021 Q3 Court,2771,Yuba,2021 Q3 Court,287,78,78,53,6,5,35,6,28,5,Yuba,Clint Curry,0,1,1,0,0,,142,54.929577,37.323944,3.521127,4.225352
Yuba_2021 Q4 Court,2772,Yuba,2021 Q4 Court,216,110,88,49,15,10,22,3,23,15,Yuba,Clint Curry,0,1,1,0,0,,162,54.320988,30.246914,6.17284,9.259259
Yuba_2022 Q1 Court,2773,Yuba,2022 Q1 Court,225,75,59,53,9,4,40,4,27,8,Yuba,Clint Curry,0,1,1,0,0,,125,47.2,42.4,3.2,7.2
Yuba_2022 Q2 Court,2774,Yuba,2022 Q2 Court,265,82,78,50,2,7,50,6,32,14,Yuba,Clint Curry,0,1,1,0,0,,137,56.934307,36.49635,5.109489,1.459854
Yuba_2022 Q3 Court,2775,Yuba,2022 Q3 Court,263,92,86,77,9,6,57,2,24,10,Yuba,Clint Curry,0,1,1,0,1,,178,48.314607,43.258427,3.370787,5.05618
Yuba_2022 Q4 Court,2776,Yuba,2022 Q4 Court,267,64,82,62,7,3,46,0,20,13,Yuba,Clint Curry,0,1,1,0,1,,154,53.246753,40.25974,1.948052,4.545455
Yuba_2023 Q1 Court,2777,Yuba,2023 Q1 Court,261,66,62,72,13,1,56,2,26,15,Yuba,Clint Curry,0,NA,NA,NA,0,,148,41.891892,48.648649,0.675676,8.783784
Yuba_2023 Q2 Court,2778,Yuba,2023 Q2 Court,259,60,81,74,6,2,47,3,35,21,,,,,,,,,163,49.693252,45.398773,1.226994,3.680982
Yuba_2023 Q3 Court,2779,Yuba,2023 Q3 Court,283,59,59,70,12,1,67,4,27,16,,,,,,,,,142,41.549296,49.295775,0.704225,8.450704
Yuba_2023 Q4 Court,2780,Yuba,2023 Q4 Court,233,41,72,66,11,9,44,2,33,22,,,,,,,,,158,45.56962,41.772152,5.696203,6.962025
Yuba_2024 Q1 Court,2781,Yuba,2024 Q1 Court,204,56,51,76,12,10,49,5,27,9,,,,,,,,,149,34.228188,51.006711,6.711409,8.053691
Yuba_2024 Q2 Court,2782,Yuba,2024 Q2 Court,248,44,57,75,8,5,62,5,29,20,,,,,,,,,145,39.310345,51.724138,3.448276,5.517241
Yuba_2024 Q3 Court,2783,Yuba,2024 Q3 Court,302,34,73,99,8,5,67,7,45,14,,,,,,,,,185,39.459459,53.513514,2.702703,4.324324
Yuba_2024 Q4 Court,2784,Yuba,2024 Q4 Court,240,66,57,70,7,5,82,2,46,24,,,,,,,,,139,41.007194,50.359712,3.597122,5.035971
