County_and_Quarter,X,County.x,Quarter,Petition_for_Modification,FTA_Warrant,Prison,Probation,Straight_1170h,Split_1170h,Probation_Petition,MS_Petition,PRCS_Petition,Parole_Petition,County.y,Name,Decarceratory,Did_Incumbent_Seek_Reelection,If_Sought_Did_Incumbent_Win,Contested,Election_Year,Notes...election.years...2014..2018..2022.with.New.DA.coming.in.Q1.after..,Total_Sentences,Percentage_Prison,Percentage_Probation,Percentage_Split,Percentage_Straight
Alameda_ 2013 Q1 Court,1,Alameda, 2013 Q1 Court,1985,340,162,628,32,5,1672,1,308,NA,Alameda,Nancy E. O'Malley,1,1,1,0,0,,827,19.58887545,75.93712213,0.604594921,3.869407497
Alameda_ 2013 Q2 Court,2,Alameda, 2013 Q2 Court,2026,403,191,755,16,4,1750,9,370,NA,Alameda,Nancy E. O'Malley,1,1,1,0,0,,966,19.77225673,78.1573499,0.414078675,1.6563147
Alameda_ 2013 Q3 Court,3,Alameda, 2013 Q3 Court,2137,398,165,742,28,4,1838,12,334,153,Alameda,Nancy E. O'Malley,1,1,1,0,0,,939,17.57188498,79.02023429,0.425985091,2.981895634
Alameda_ 2013 Q4 Court,4,Alameda, 2013 Q4 Court,1921,404,202,749,31,2,1823,19,236,170,Alameda,Nancy E. O'Malley,1,1,1,0,0,,984,20.52845528,76.11788618,0.203252033,3.150406504
Alameda_ 2014 Q1 Court,5,Alameda, 2014 Q1 Court,1980,220,244,624,47,1,878,3,150,211,Alameda,Nancy E. O'Malley,1,1,1,0,0,,916,26.63755459,68.12227074,0.109170306,5.131004367
Alameda_ 2014 Q2 Court,6,Alameda, 2014 Q2 Court,2072,233,270,689,27,5,1231,2,163,229,Alameda,Nancy E. O'Malley,1,1,1,0,0,,991,27.24520686,69.52573158,0.504540868,2.724520686
Alameda_ 2014 Q3 Court,7,Alameda, 2014 Q3 Court,2001,268,169,674,22,1,1065,1,180,214,Alameda,Nancy E. O'Malley,1,1,1,0,1,,866,19.51501155,77.82909931,0.115473441,2.540415704
Alameda_ 2014 Q4 Court,8,Alameda, 2014 Q4 Court,1599,255,209,660,40,5,923,0,165,177,Alameda,Nancy E. O'Malley,1,1,1,0,1,,914,22.86652079,72.21006565,0.547045952,4.376367615
Alameda_ 2015 Q1 Court,9,Alameda, 2015 Q1 Court,1815,221,155,748,28,14,1054,0,140,153,Alameda,Nancy E. O'Malley,1,1,1,1,0,,945,16.4021164,79.15343915,1.481481481,2.962962963
Alameda_ 2015 Q2 Court,10,Alameda, 2015 Q2 Court,1749,238,232,636,43,6,1115,3,199,124,Alameda,Nancy E. O'Malley,1,1,1,1,0,,917,25.29989095,69.3565976,0.654307525,4.689203926
Alameda_ 2015 Q3 Court,11,Alameda, 2015 Q3 Court,1848,252,254,658,36,3,1116,2,171,157,Alameda,Nancy E. O'Malley,1,1,1,1,0,,951,26.70872766,69.19032597,0.315457413,3.785488959
Alameda_ 2015 Q4 Court,12,Alameda, 2015 Q4 Court,1758,250,271,676,39,11,1093,2,152,146,Alameda,Nancy E. O'Malley,1,1,1,1,0,,997,27.18154463,67.80341023,1.10330993,3.911735206
Alameda_ 2016 Q1 Court,13,Alameda, 2016 Q1 Court,1812,279,227,661,30,8,1019,2,188,129,Alameda,Nancy E. O'Malley,1,1,1,1,0,,926,24.51403888,71.38228942,0.863930886,3.239740821
Alameda_ 2016 Q2 Court,14,Alameda, 2016 Q2 Court,1865,229,203,722,37,7,858,2,193,129,Alameda,Nancy E. O'Malley,1,1,1,1,0,,969,20.9494324,74.50980392,0.722394221,3.818369453
Alameda_ 2016 Q3 Court,15,Alameda, 2016 Q3 Court,1912,183,193,951,3,4,1843,2,148,173,Alameda,Nancy E. O'Malley,1,1,1,1,0,,1151,16.7680278,82.62380539,0.347523892,0.260642919
Alameda_ 2016 Q4 Court,16,Alameda, 2016 Q4 Court,1521,157,131,942,8,1,1491,0,151,121,Alameda,Nancy E. O'Malley,1,1,1,1,0,,1082,12.10720887,87.06099815,0.092421442,0.739371534
Alameda_ 2017 Q1 Court,17,Alameda, 2017 Q1 Court,1477,205,186,1222,6,4,1711,0,205,168,Alameda,Nancy E. O'Malley,1,1,1,1,0,,1418,13.11706629,86.17771509,0.282087447,0.423131171
Alameda_ 2017 Q2 Court,18,Alameda, 2017 Q2 Court,1546,225,229,1241,1,4,1809,2,198,161,Alameda,Nancy E. O'Malley,1,1,1,1,0,,1475,15.52542373,84.13559322,0.271186441,0.06779661
Alameda_ 2017 Q3 Court,19,Alameda, 2017 Q3 Court,1450,193,180,1049,5,1,1605,0,211,156,Alameda,Nancy E. O'Malley,1,1,1,1,0,,1235,14.57489879,84.93927126,0.08097166,0.4048583
Alameda_ 2017 Q4 Court,20,Alameda, 2017 Q4 Court,1444,224,181,965,3,2,1505,0,166,179,Alameda,Nancy E. O'Malley,1,1,1,1,0,,1151,15.72545613,83.84013901,0.173761946,0.260642919
Alameda_ 2018 Q1 Court,21,Alameda, 2018 Q1 Court,1456,271,180,1155,3,3,1804,2,193,218,Alameda,Nancy E. O'Malley,1,1,1,1,0,,1341,13.42281879,86.12975391,0.223713647,0.223713647
Alameda_ 2018 Q2 Court,22,Alameda, 2018 Q2 Court,1345,269,141,1053,0,1,1583,2,168,163,Alameda,Nancy E. O'Malley,1,1,1,1,0,,1195,11.79916318,88.11715481,0.083682008,0
Alameda_ 2018 Q3 Court,23,Alameda, 2018 Q3 Court,1302,256,139,916,0,0,1308,0,153,208,Alameda,Nancy E. O'Malley,1,1,1,1,1,,1055,13.17535545,86.82464455,0,0
Alameda_ 2018 Q4 Court,24,Alameda, 2018 Q4 Court,1375,258,147,921,0,0,1489,2,126,192,Alameda,Nancy E. O'Malley,1,1,1,1,1,,1068,13.76404494,86.23595506,0,0
Alameda_ 2019 Q1 Court,25,Alameda, 2019 Q1 Court,1315,264,170,920,0,1,1374,2,142,218,Alameda,Nancy E. O'Malley,1,0,NA,NA,0,,1091,15.58203483,84.32630614,0.091659028,0
Alameda_ 2019 Q2 Court,26,Alameda, 2019 Q2 Court,1397,229,161,888,0,0,1486,2,176,225,Alameda,Nancy E. O'Malley,1,0,NA,NA,0,,1049,15.34795043,84.65204957,0,0
Alameda_ 2019 Q3 Court,27,Alameda, 2019 Q3 Court,1578,295,137,891,1,0,1678,0,145,241,Alameda,Nancy E. O'Malley,1,0,NA,NA,0,,1029,13.31389699,86.58892128,0,0.09718173
Alameda_ 2019 Q4 Court,28,Alameda, 2019 Q4 Court,1379,293,141,954,0,0,1455,2,76,212,Alameda,Nancy E. O'Malley,1,0,NA,NA,0,,1095,12.87671233,87.12328767,0,0
Alameda_ 2020 Q1 Court,29,Alameda, 2020 Q1 Court,1369,270,118,815,0,1,1627,0,72,191,Alameda,Nancy E. O'Malley,1,0,NA,NA,0,,934,12.63383298,87.25910064,0.107066381,0
Alameda_ 2020 Q2 Court,30,Alameda, 2020 Q2 Court,1201,36,35,217,0,0,1164,0,86,112,Alameda,Nancy E. O'Malley,1,0,NA,NA,0,,252,13.88888889,86.11111111,0,0
Alameda_ 2020 Q3 Court,31,Alameda, 2020 Q3 Court,1362,369,77,540,0,0,1391,0,62,181,Alameda,Nancy E. O'Malley,1,0,NA,NA,0,,617,12.47974068,87.52025932,0,0
Alameda_ 2020 Q4 Court,32,Alameda, 2020 Q4 Court,1408,511,43,317,0,1,958,0,37,110,Alameda,Nancy E. O'Malley,1,0,NA,NA,0,,361,11.91135734,87.81163435,0.27700831,0
Alameda_ 2021 Q1 Court,33,Alameda, 2021 Q1 Court,1439,580,66,496,0,0,977,0,110,137,Alameda,Nancy E. O'Malley,1,0,NA,NA,0,,562,11.74377224,88.25622776,0,0
Alameda_ 2021 Q2 Court,34,Alameda, 2021 Q2 Court,1273,592,84,549,0,0,771,0,60,149,Alameda,Nancy E. O'Malley,1,0,NA,NA,0,,633,13.27014218,86.72985782,0,0
Alameda_ 2021 Q3 Court,35,Alameda, 2021 Q3 Court,1287,565,69,560,0,1,631,0,74,132,Alameda,Nancy E. O'Malley,1,0,NA,NA,0,,630,10.95238095,88.88888889,0.158730159,0
Alameda_ 2021 Q4 Court,36,Alameda, 2021 Q4 Court,1229,508,101,631,0,0,694,0,73,148,Alameda,Nancy E. O'Malley,1,0,NA,NA,0,,732,13.79781421,86.20218579,0,0
Alameda_ 2022 Q1 Court,37,Alameda, 2022 Q1 Court,1342,570,109,752,1,1,724,0,64,112,Alameda,Nancy E. O'Malley,1,0,NA,1,0,,863,12.63035921,87.13789108,0.115874855,0.115874855
Alameda_ 2022 Q2 Court,38,Alameda, 2022 Q2 Court,1292,571,119,680,0,0,780,0,61,115,Alameda,Nancy E. O'Malley,1,0,NA,1,0,,799,14.89361702,85.10638298,0,0
Alameda_ 2022 Q3 Court,39,Alameda, 2022 Q3 Court,1325,579,116,686,0,0,1060,3,66,135,Alameda,Nancy E. O'Malley,1,0,NA,1,1,,802,14.4638404,85.5361596,0,0
Alameda_ 2022 Q4 Court,40,Alameda, 2022 Q4 Court,1106,425,128,649,0,0,969,3,45,77,Alameda,Nancy E. O'Malley,1,0,NA,1,1,,777,16.47361647,83.52638353,0,0
Alameda_ 2023 Q1 Court,41,Alameda, 2023 Q1 Court,659,375,93,711,0,0,1125,2,59,106,Alameda,Pamela Y. Price,1,NA,NA,NA,0,,804,11.56716418,88.43283582,0,0
Alpine_ 2013 Q1 Court,42,Alpine, 2013 Q1 Court,0,0,0,3,0,0,NA,0,1,0,Alpine,Terese Drabec,0,0,NA,NA,0,,3,0,100,0,0
Alpine_ 2013 Q2 Court,43,Alpine, 2013 Q2 Court,1,0,0,1,0,0,2,1,1,0,Alpine,Terese Drabec,0,0,NA,NA,0,,1,0,100,0,0
Alpine_ 2013 Q3 Court,44,Alpine, 2013 Q3 Court,1,1,0,0,0,0,2,2,0,0,Alpine,Terese Drabec,0,0,NA,NA,0,,0,NA,NA,NA,NA
Alpine_ 2013 Q4 Court,45,Alpine, 2013 Q4 Court,2,NA,NA,NA,NA,NA,NA,NA,NA,NA,Alpine,Terese Drabec,0,0,NA,NA,0,,NA,NA,NA,NA,NA
Alpine_ 2014 Q1 Court,46,Alpine, 2014 Q1 Court,0,0,0,0,0,0,0,0,0,0,Alpine,Terese Drabec,0,0,NA,0,0,,0,NA,NA,NA,NA
Alpine_ 2014 Q2 Court,47,Alpine, 2014 Q2 Court,0,0,0,0,0,0,0,0,0,1,Alpine,Terese Drabec,0,0,NA,0,0,,0,NA,NA,NA,NA
Alpine_ 2014 Q3 Court,48,Alpine, 2014 Q3 Court,2,NA,NA,NA,NA,NA,NA,NA,NA,NA,Alpine,Terese Drabec,0,0,NA,0,1,,NA,NA,NA,NA,NA
Alpine_ 2014 Q4 Court,49,Alpine, 2014 Q4 Court,1,NA,NA,NA,NA,NA,NA,NA,NA,NA,Alpine,Terese Drabec,0,0,NA,0,1,,NA,NA,NA,NA,NA
Alpine_ 2015 Q1 Court,50,Alpine, 2015 Q1 Court,4,NA,NA,NA,NA,NA,NA,NA,NA,NA,Alpine,Karen Dustman,0,0,NA,NA,0,,NA,NA,NA,NA,NA
Alpine_ 2015 Q2 Court,51,Alpine, 2015 Q2 Court,4,NA,NA,NA,NA,NA,NA,NA,NA,NA,Alpine,Karen Dustman,0,0,NA,NA,0,,NA,NA,NA,NA,NA
Alpine_ 2015 Q3 Court,52,Alpine, 2015 Q3 Court,1,NA,NA,NA,NA,NA,NA,NA,NA,NA,Alpine,Karen Dustman,0,0,NA,NA,0,,NA,NA,NA,NA,NA
Alpine_ 2015 Q4 Court,53,Alpine, 2015 Q4 Court,4,NA,NA,NA,NA,NA,NA,NA,NA,NA,Alpine,Karen Dustman,0,0,NA,NA,0,,NA,NA,NA,NA,NA
Alpine_ 2016 Q1 Court,54,Alpine, 2016 Q1 Court,7,NA,NA,NA,NA,NA,NA,NA,NA,NA,Alpine,Karen Dustman,0,0,NA,NA,0,,NA,NA,NA,NA,NA
Alpine_ 2016 Q2 Court,55,Alpine, 2016 Q2 Court,5,0,0,0,0,0,0,0,0,0,Alpine,Karen Dustman,0,0,NA,NA,0,,0,NA,NA,NA,NA
Alpine_ 2016 Q3 Court,56,Alpine, 2016 Q3 Court,0,0,0,0,0,0,7,0,0,0,Alpine,Karen Dustman,0,0,NA,NA,0,,0,NA,NA,NA,NA
Alpine_ 2016 Q4 Court,57,Alpine, 2016 Q4 Court,2,0,0,0,0,0,3,0,1,0,Alpine,Karen Dustman,0,0,NA,NA,0,,0,NA,NA,NA,NA
Alpine_ 2017 Q1 Court,58,Alpine, 2017 Q1 Court,2,0,0,1,1,0,5,0,0,0,Alpine,Karen Dustman,0,0,NA,NA,0,,2,0,50,0,50
Alpine_ 2017 Q2 Court,59,Alpine, 2017 Q2 Court,8,0,0,0,0,0,7,0,0,0,Alpine,Karen Dustman,0,0,NA,NA,0,,0,NA,NA,NA,NA
Alpine_ 2017 Q3 Court,60,Alpine, 2017 Q3 Court,2,0,0,1,0,0,4,0,0,0,Alpine,Karen Dustman,0,0,NA,NA,0,,1,0,100,0,0
Alpine_ 2017 Q4 Court,61,Alpine, 2017 Q4 Court,5,0,0,2,0,0,6,0,0,1,Alpine,Karen Dustman,0,0,NA,NA,0,,2,0,100,0,0
Alpine_ 2018 Q1 Court,62,Alpine, 2018 Q1 Court,1,1,1,2,0,0,3,0,0,0,Alpine,Karen Dustman,0,0,NA,0,0,,3,33.33333333,66.66666667,0,0
Alpine_ 2018 Q2 Court,63,Alpine, 2018 Q2 Court,3,0,0,0,0,0,4,0,0,0,Alpine,Karen Dustman,0,0,NA,0,0,,0,NA,NA,NA,NA
Alpine_ 2018 Q3 Court,64,Alpine, 2018 Q3 Court,5,0,0,1,0,0,1,0,0,0,Alpine,Karen Dustman,0,0,NA,0,1,,1,0,100,0,0
Alpine_ 2018 Q4 Court,65,Alpine, 2018 Q4 Court,3,3,0,1,0,0,1,0,0,0,Alpine,Karen Dustman,0,0,NA,0,1,,1,0,100,0,0
Alpine_ 2019 Q1 Court,66,Alpine, 2019 Q1 Court,10,0,0,1,0,0,1,0,0,0,Alpine,Michael Atwell,0,0,NA,NA,0,,1,0,100,0,0
Alpine_ 2019 Q2 Court,67,Alpine, 2019 Q2 Court,5,2,1,0,0,0,0,0,0,1,Alpine,Michael Atwell,0,0,NA,NA,0,,1,100,0,0,0
Alpine_ 2019 Q3 Court,68,Alpine, 2019 Q3 Court,7,0,0,1,0,0,1,0,0,0,Alpine,Michael Atwell,0,0,NA,NA,0,,1,0,100,0,0
Alpine_ 2019 Q4 Court,69,Alpine, 2019 Q4 Court,6,0,0,1,0,0,2,0,0,0,Alpine,Michael Atwell,0,0,NA,NA,0,,1,0,100,0,0
Alpine_ 2020 Q1 Court,70,Alpine, 2020 Q1 Court,4,0,1,2,0,0,0,0,0,0,Alpine,Michael Atwell,0,0,NA,NA,0,,3,33.33333333,66.66666667,0,0
Alpine_ 2020 Q2 Court,71,Alpine, 2020 Q2 Court,1,0,0,1,0,0,0,0,0,0,Alpine,Michael Atwell,0,0,NA,NA,0,,1,0,100,0,0
Alpine_ 2020 Q3 Court,72,Alpine, 2020 Q3 Court,4,1,0,0,0,0,1,0,0,0,Alpine,Michael Atwell,0,0,NA,NA,0,,0,NA,NA,NA,NA
Alpine_ 2020 Q4 Court,73,Alpine, 2020 Q4 Court,3,0,0,0,0,0,0,0,0,0,Alpine,Michael Atwell,0,0,NA,NA,0,,0,NA,NA,NA,NA
Alpine_ 2021 Q1 Court,74,Alpine, 2021 Q1 Court,3,1,0,0,0,0,0,0,0,1,Alpine,Michael Atwell,0,0,NA,NA,0,,0,NA,NA,NA,NA
Alpine_ 2021 Q2 Court,75,Alpine, 2021 Q2 Court,2,0,0,0,0,0,2,0,0,0,Alpine,Michael Atwell,0,0,NA,NA,0,,0,NA,NA,NA,NA
Alpine_ 2021 Q3 Court,76,Alpine, 2021 Q3 Court,1,0,0,0,0,0,0,0,0,0,Alpine,Michael Atwell,0,0,NA,NA,0,,0,NA,NA,NA,NA
Alpine_ 2021 Q4 Court,77,Alpine, 2021 Q4 Court,5,0,0,3,0,0,0,0,0,0,Alpine,Michael Atwell,0,0,NA,NA,0,,3,0,100,0,0
Alpine_ 2022 Q1 Court,78,Alpine, 2022 Q1 Court,1,1,0,1,0,0,0,0,0,0,Alpine,Michael Atwell,0,0,NA,0,0,,1,0,100,0,0
Alpine_ 2022 Q2 Court,79,Alpine, 2022 Q2 Court,3,0,0,0,0,0,2,0,0,0,Alpine,Michael Atwell,0,0,NA,0,0,,0,NA,NA,NA,NA
Alpine_ 2022 Q3 Court,80,Alpine, 2022 Q3 Court,6,0,0,0,0,0,3,0,0,2,Alpine,Michael Atwell,0,0,NA,0,1,,0,NA,NA,NA,NA
Alpine_ 2022 Q4 Court,81,Alpine, 2022 Q4 Court,2,0,0,0,0,0,0,0,0,0,Alpine,Michael Atwell,0,0,NA,0,1,,0,NA,NA,NA,NA
Alpine_ 2023 Q1 Court,82,Alpine, 2023 Q1 Court,1,0,0,0,1,0,2,0,0,0,Alpine,Robert Priscaro,0,1,1,0,0,,1,0,0,0,100
Amador_ 2013 Q1 Court,83,Amador, 2013 Q1 Court,107,NA,16,36,8,NA,NA,1,4,NA,Amador,Todd Riebe,1,1,1,0,0,,NA,NA,NA,NA,NA
Amador_ 2013 Q2 Court,84,Amador, 2013 Q2 Court,158,20,33,25,3,3,55,1,3,0,Amador,Todd Riebe,1,1,1,0,0,,64,51.5625,39.0625,4.6875,4.6875
Amador_ 2013 Q3 Court,85,Amador, 2013 Q3 Court,145,36,20,32,3,0,49,10,2,1,Amador,Todd Riebe,1,1,1,0,0,,55,36.36363636,58.18181818,0,5.454545455
Amador_ 2013 Q4 Court,86,Amador, 2013 Q4 Court,133,45,33,43,8,0,51,3,3,5,Amador,Todd Riebe,1,1,1,0,0,,84,39.28571429,51.19047619,0,9.523809524
Amador_ 2014 Q1 Court,87,Amador, 2014 Q1 Court,138,47,17,32,5,0,113,0,2,2,Amador,Todd Riebe,1,1,1,0,0,,54,31.48148148,59.25925926,0,9.259259259
Amador_ 2014 Q2 Court,88,Amador, 2014 Q2 Court,156,42,21,24,3,0,102,3,5,3,Amador,Todd Riebe,1,1,1,0,0,,48,43.75,50,0,6.25
Amador_ 2014 Q3 Court,89,Amador, 2014 Q3 Court,167,42,17,18,6,3,68,0,2,2,Amador,Todd Riebe,1,1,1,0,1,,44,38.63636364,40.90909091,6.818181818,13.63636364
Amador_ 2014 Q4 Court,90,Amador, 2014 Q4 Court,168,19,20,19,2,0,59,0,6,0,Amador,Todd Riebe,1,1,1,0,1,,41,48.7804878,46.34146341,0,4.87804878
Amador_ 2015 Q1 Court,91,Amador, 2015 Q1 Court,80,14,36,16,4,0,49,2,6,1,Amador,Todd Riebe,1,1,1,0,0,,56,64.28571429,28.57142857,0,7.142857143
Amador_ 2015 Q2 Court,92,Amador, 2015 Q2 Court,122,19,23,12,2,0,32,1,10,0,Amador,Todd Riebe,1,1,1,0,0,,37,62.16216216,32.43243243,0,5.405405405
Amador_ 2015 Q3 Court,93,Amador, 2015 Q3 Court,126,32,29,8,2,0,42,2,7,0,Amador,Todd Riebe,1,1,1,0,0,,39,74.35897436,20.51282051,0,5.128205128
Amador_ 2015 Q4 Court,94,Amador, 2015 Q4 Court,127,30,30,10,2,0,25,6,6,2,Amador,Todd Riebe,1,1,1,0,0,,42,71.42857143,23.80952381,0,4.761904762
Amador_ 2016 Q1 Court,95,Amador, 2016 Q1 Court,125,32,42,16,0,0,47,5,3,2,Amador,Todd Riebe,1,1,1,0,0,,58,72.4137931,27.5862069,0,0
Amador_ 2016 Q2 Court,96,Amador, 2016 Q2 Court,100,24,42,18,3,0,42,2,2,0,Amador,Todd Riebe,1,1,1,0,0,,63,66.66666667,28.57142857,0,4.761904762
Amador_ 2016 Q3 Court,97,Amador, 2016 Q3 Court,140,26,31,13,0,0,38,3,8,0,Amador,Todd Riebe,1,1,1,0,0,,44,70.45454545,29.54545455,0,0
Amador_ 2016 Q4 Court,98,Amador, 2016 Q4 Court,91,26,36,27,1,0,31,0,11,2,Amador,Todd Riebe,1,1,1,0,0,,64,56.25,42.1875,0,1.5625
Amador_ 2017 Q1 Court,99,Amador, 2017 Q1 Court,120,31,38,24,NA,NA,41,2,4,NA,Amador,Todd Riebe,1,1,1,0,0,,NA,NA,NA,NA,NA
Amador_ 2017 Q2 Court,100,Amador, 2017 Q2 Court,119,26,28,23,NA,NA,37,2,8,1,Amador,Todd Riebe,1,1,1,0,0,,NA,NA,NA,NA,NA
Amador_ 2017 Q3 Court,101,Amador, 2017 Q3 Court,144,21,31,25,0,0,34,0,4,4,Amador,Todd Riebe,1,1,1,0,0,,56,55.35714286,44.64285714,0,0
Amador_ 2017 Q4 Court,102,Amador, 2017 Q4 Court,125,26,37,10,NA,NA,28,1,10,NA,Amador,Todd Riebe,1,1,1,0,0,,NA,NA,NA,NA,NA
Amador_ 2018 Q1 Court,103,Amador, 2018 Q1 Court,103,16,30,30,0,0,22,3,7,1,Amador,Todd Riebe,1,1,1,0,0,,60,50,50,0,0
Amador_ 2018 Q2 Court,104,Amador, 2018 Q2 Court,144,24,34,22,0,0,29,1,7,1,Amador,Todd Riebe,1,1,1,0,0,,56,60.71428571,39.28571429,0,0
Amador_ 2018 Q3 Court,105,Amador, 2018 Q3 Court,138,14,39,26,0,0,30,1,5,1,Amador,Todd Riebe,1,1,1,0,1,,65,60,40,0,0
Amador_ 2018 Q4 Court,106,Amador, 2018 Q4 Court,98,15,41,15,1,0,21,0,6,0,Amador,Todd Riebe,1,1,1,0,1,,57,71.92982456,26.31578947,0,1.754385965
Amador_ 2019 Q1 Court,107,Amador, 2019 Q1 Court,123,22,32,19,0,0,18,0,4,0,Amador,Todd Riebe,1,1,1,0,0,,51,62.74509804,37.25490196,0,0
Amador_ 2019 Q2 Court,108,Amador, 2019 Q2 Court,141,24,34,15,0,0,23,0,3,0,Amador,Todd Riebe,1,1,1,0,0,,49,69.3877551,30.6122449,0,0
Amador_ 2019 Q3 Court,109,Amador, 2019 Q3 Court,189,19,30,18,0,0,32,0,6,1,Amador,Todd Riebe,1,1,1,0,0,,48,62.5,37.5,0,0
Amador_ 2019 Q4 Court,110,Amador, 2019 Q4 Court,143,15,45,26,0,0,26,1,8,1,Amador,Todd Riebe,1,1,1,0,0,,71,63.38028169,36.61971831,0,0
Amador_ 2020 Q1 Court,111,Amador, 2020 Q1 Court,139,22,55,19,0,0,38,2,7,1,Amador,Todd Riebe,1,1,1,0,0,,74,74.32432432,25.67567568,0,0
Amador_ 2020 Q2 Court,112,Amador, 2020 Q2 Court,116,9,10,14,0,0,24,1,2,0,Amador,Todd Riebe,1,1,1,0,0,,24,41.66666667,58.33333333,0,0
Amador_ 2020 Q3 Court,113,Amador, 2020 Q3 Court,178,45,26,27,0,0,31,1,7,1,Amador,Todd Riebe,1,1,1,0,0,,53,49.05660377,50.94339623,0,0
Amador_ 2020 Q4 Court,114,Amador, 2020 Q4 Court,135,34,12,12,0,0,27,2,7,1,Amador,Todd Riebe,1,1,1,0,0,,24,50,50,0,0
Amador_ 2021 Q1 Court,115,Amador, 2021 Q1 Court,158,38,24,18,0,0,36,1,8,0,Amador,Todd Riebe,1,1,1,0,0,,42,57.14285714,42.85714286,0,0
Amador_ 2021 Q2 Court,116,Amador, 2021 Q2 Court,145,58,32,11,0,0,35,1,6,1,Amador,Todd Riebe,1,1,1,0,0,,43,74.41860465,25.58139535,0,0
Amador_ 2021 Q3 Court,117,Amador, 2021 Q3 Court,161,42,26,27,0,0,17,0,5,1,Amador,Todd Riebe,1,1,1,0,0,,53,49.05660377,50.94339623,0,0
Amador_ 2021 Q4 Court,118,Amador, 2021 Q4 Court,109,32,34,27,0,0,27,1,3,0,Amador,Todd Riebe,1,1,1,0,0,,61,55.73770492,44.26229508,0,0
Amador_ 2022 Q1 Court,119,Amador, 2022 Q1 Court,119,26,24,12,0,0,8,0,3,1,Amador,Todd Riebe,1,1,1,0,0,,36,66.66666667,33.33333333,0,0
Amador_ 2022 Q2 Court,120,Amador, 2022 Q2 Court,98,32,29,23,NA,NA,12,1,6,NA,Amador,Todd Riebe,1,1,1,0,0,,NA,NA,NA,NA,NA
Amador_ 2022 Q3 Court,121,Amador, 2022 Q3 Court,118,51,24,29,0,2,14,0,5,3,Amador,Todd Riebe,1,1,1,0,1,,55,43.63636364,52.72727273,3.636363636,0
Amador_ 2022 Q4 Court,122,Amador, 2022 Q4 Court,140,36,21,14,0,0,5,3,5,0,Amador,Todd Riebe,1,1,1,0,1,,35,60,40,0,0
Amador_ 2023 Q1 Court,123,Amador, 2023 Q1 Court,90,42,13,43,3,2,18,2,4,2,Amador,Todd Riebe,1,1,1,0,0,,61,21.31147541,70.49180328,3.278688525,4.918032787
Butte_ 2013 Q1 Court,124,Butte, 2013 Q1 Court,597,274,88,172,49,6,14,4,49,0,Butte,Michael L. Ramsey,0,1,1,0,0,,315,27.93650794,54.6031746,1.904761905,15.55555556
Butte_ 2013 Q2 Court,125,Butte, 2013 Q2 Court,591,231,78,179,54,17,34,3,63,0,Butte,Michael L. Ramsey,0,1,1,0,0,,328,23.7804878,54.57317073,5.182926829,16.46341463
Butte_ 2013 Q3 Court,126,Butte, 2013 Q3 Court,581,251,94,190,56,27,40,1,62,28,Butte,Michael L. Ramsey,0,1,1,0,0,,367,25.61307902,51.77111717,7.356948229,15.25885559
Butte_ 2013 Q4 Court,127,Butte, 2013 Q4 Court,611,301,81,172,39,11,21,22,45,45,Butte,Michael L. Ramsey,0,1,1,0,0,,303,26.73267327,56.76567657,3.630363036,12.87128713
Butte_ 2014 Q1 Court,128,Butte, 2014 Q1 Court,676,371,98,189,43,9,258,12,41,42,Butte,Michael L. Ramsey,0,1,1,0,0,,339,28.90855457,55.75221239,2.654867257,12.68436578
Butte_ 2014 Q2 Court,129,Butte, 2014 Q2 Court,602,310,117,175,49,13,279,25,44,57,Butte,Michael L. Ramsey,0,1,1,0,0,,354,33.05084746,49.43502825,3.672316384,13.84180791
Butte_ 2014 Q3 Court,130,Butte, 2014 Q3 Court,580,320,93,205,48,2,333,31,38,46,Butte,Michael L. Ramsey,0,1,1,0,1,,348,26.72413793,58.90804598,0.574712644,13.79310345
Butte_ 2014 Q4 Court,131,Butte, 2014 Q4 Court,473,243,94,198,39,6,273,14,28,39,Butte,Michael L. Ramsey,0,1,1,0,1,,337,27.89317507,58.7537092,1.78041543,11.5727003
Butte_ 2015 Q1 Court,132,Butte, 2015 Q1 Court,454,205,79,114,19,8,259,21,57,28,Butte,Michael L. Ramsey,0,1,1,0,0,,220,35.90909091,51.81818182,3.636363636,8.636363636
Butte_ 2015 Q2 Court,133,Butte, 2015 Q2 Court,454,237,76,128,25,20,214,23,52,30,Butte,Michael L. Ramsey,0,1,1,0,0,,249,30.52208835,51.40562249,8.032128514,10.04016064
Butte_ 2015 Q3 Court,134,Butte, 2015 Q3 Court,459,226,85,127,19,13,319,27,57,37,Butte,Michael L. Ramsey,0,1,1,0,0,,244,34.83606557,52.04918033,5.327868852,7.786885246
Butte_ 2015 Q4 Court,135,Butte, 2015 Q4 Court,406,207,73,114,16,23,26,35,70,41,Butte,Michael L. Ramsey,0,1,1,0,0,,226,32.30088496,50.44247788,10.17699115,7.079646018
Butte_ 2016 Q1 Court,136,Butte, 2016 Q1 Court,392,92,82,121,16,27,187,21,83,35,Butte,Michael L. Ramsey,0,1,1,0,0,,246,33.33333333,49.18699187,10.97560976,6.504065041
Butte_ 2016 Q2 Court,137,Butte, 2016 Q2 Court,431,113,88,192,13,12,197,42,55,35,Butte,Michael L. Ramsey,0,1,1,0,0,,305,28.85245902,62.95081967,3.93442623,4.262295082
Butte_ 2016 Q3 Court,138,Butte, 2016 Q3 Court,406,142,76,209,13,21,220,64,69,45,Butte,Michael L. Ramsey,0,1,1,0,0,,319,23.82445141,65.51724138,6.5830721,4.07523511
Butte_ 2016 Q4 Court,139,Butte, 2016 Q4 Court,365,165,88,22,21,17,208,35,67,36,Butte,Michael L. Ramsey,0,1,1,0,0,,148,59.45945946,14.86486486,11.48648649,14.18918919
Butte_ 2017 Q1 Court,140,Butte, 2017 Q1 Court,398,110,65,190,7,14,244,61,76,42,Butte,Michael L. Ramsey,0,1,1,0,0,,276,23.55072464,68.84057971,5.072463768,2.536231884
Butte_ 2017 Q2 Court,141,Butte, 2017 Q2 Court,337,113,91,227,18,10,271,47,82,46,Butte,Michael L. Ramsey,0,1,1,0,0,,346,26.30057803,65.60693642,2.89017341,5.202312139
Butte_ 2017 Q3 Court,142,Butte, 2017 Q3 Court,413,111,90,163,14,16,251,89,87,34,Butte,Michael L. Ramsey,0,1,1,0,0,,283,31.80212014,57.59717314,5.653710247,4.946996466
Butte_ 2017 Q4 Court,143,Butte, 2017 Q4 Court,354,141,113,183,13,12,255,62,95,32,Butte,Michael L. Ramsey,0,1,1,0,0,,321,35.20249221,57.00934579,3.738317757,4.049844237
Butte_ 2018 Q1 Court,144,Butte, 2018 Q1 Court,378,116,82,158,9,5,340,72,92,48,Butte,Michael L. Ramsey,0,1,1,0,0,,254,32.28346457,62.20472441,1.968503937,3.543307087
Butte_ 2018 Q2 Court,145,Butte, 2018 Q2 Court,466,107,90,209,8,9,306,94,108,46,Butte,Michael L. Ramsey,0,1,1,0,0,,316,28.48101266,66.13924051,2.848101266,2.53164557
Butte_ 2018 Q3 Court,146,Butte, 2018 Q3 Court,456,100,96,198,19,16,335,81,88,39,Butte,Michael L. Ramsey,0,1,1,0,1,,329,29.17933131,60.18237082,4.863221884,5.775075988
Butte_ 2018 Q4 Court,147,Butte, 2018 Q4 Court,322,108,73,148,6,9,272,72,93,41,Butte,Michael L. Ramsey,0,1,1,0,1,,236,30.93220339,62.71186441,3.813559322,2.542372881
Butte_ 2019 Q1 Court,148,Butte, 2019 Q1 Court,385,144,81,215,16,28,307,88,102,50,Butte,Michael L. Ramsey,0,1,1,0,0,,340,23.82352941,63.23529412,8.235294118,4.705882353
Butte_ 2019 Q2 Court,149,Butte, 2019 Q2 Court,427,108,90,220,9,14,296,89,105,59,Butte,Michael L. Ramsey,0,1,1,0,0,,333,27.02702703,66.06606607,4.204204204,2.702702703
Butte_ 2019 Q3 Court,150,Butte, 2019 Q3 Court,417,131,75,204,17,9,333,97,100,67,Butte,Michael L. Ramsey,0,1,1,0,0,,305,24.59016393,66.8852459,2.950819672,5.573770492
Butte_ 2019 Q4 Court,151,Butte, 2019 Q4 Court,349,126,68,201,14,5,288,72,88,65,Butte,Michael L. Ramsey,0,1,1,0,0,,288,23.61111111,69.79166667,1.736111111,4.861111111
Butte_ 2020 Q1 Court,152,Butte, 2020 Q1 Court,366,97,78,137,10,13,228,90,86,73,Butte,Michael L. Ramsey,0,1,1,0,0,,238,32.77310924,57.56302521,5.462184874,4.201680672
Butte_ 2020 Q2 Court,153,Butte, 2020 Q2 Court,340,83,53,61,5,8,158,45,42,23,Butte,Michael L. Ramsey,0,1,1,0,0,,127,41.73228346,48.03149606,6.299212598,3.937007874
Butte_ 2020 Q3 Court,154,Butte, 2020 Q3 Court,364,175,39,110,7,2,269,67,49,29,Butte,Michael L. Ramsey,0,1,1,0,0,,158,24.6835443,69.62025316,1.265822785,4.430379747
Butte_ 2020 Q4 Court,155,Butte, 2020 Q4 Court,407,175,40,158,8,4,232,71,84,28,Butte,Michael L. Ramsey,0,1,1,0,0,,210,19.04761905,75.23809524,1.904761905,3.80952381
Butte_ 2021 Q1 Court,156,Butte, 2021 Q1 Court,425,157,72,178,6,10,184,36,87,38,Butte,Michael L. Ramsey,0,1,1,0,0,,266,27.06766917,66.91729323,3.759398496,2.255639098
Butte_ 2021 Q2 Court,157,Butte, 2021 Q2 Court,445,237,116,218,8,4,241,83,128,34,Butte,Michael L. Ramsey,0,1,1,0,0,,346,33.52601156,63.00578035,1.156069364,2.312138728
Butte_ 2021 Q3 Court,158,Butte, 2021 Q3 Court,397,216,121,215,10,10,216,58,92,29,Butte,Michael L. Ramsey,0,1,1,0,0,,356,33.98876404,60.39325843,2.808988764,2.808988764
Butte_ 2021 Q4 Court,159,Butte, 2021 Q4 Court,384,219,96,213,3,17,205,43,127,20,Butte,Michael L. Ramsey,0,1,1,0,0,,329,29.17933131,64.74164134,5.167173252,0.911854103
Butte_ 2022 Q1 Court,160,Butte, 2022 Q1 Court,399,192,100,201,7,19,197,58,138,29,Butte,Michael L. Ramsey,0,1,1,0,0,,327,30.58103976,61.46788991,5.810397554,2.140672783
Butte_ 2022 Q2 Court,161,Butte, 2022 Q2 Court,393,193,109,204,10,6,183,39,124,9,Butte,Michael L. Ramsey,0,1,1,0,0,,329,33.13069909,62.00607903,1.823708207,3.039513678
Butte_ 2022 Q3 Court,162,Butte, 2022 Q3 Court,336,143,113,187,19,14,211,68,133,32,Butte,Michael L. Ramsey,0,1,1,0,1,,333,33.93393393,56.15615616,4.204204204,5.705705706
Butte_ 2022 Q4 Court,163,Butte, 2022 Q4 Court,313,200,81,157,17,18,235,65,130,38,Butte,Michael L. Ramsey,0,1,1,0,1,,273,29.67032967,57.50915751,6.593406593,6.227106227
Butte_ 2023 Q1 Court,164,Butte, 2023 Q1 Court,NA,135,85,201,15,11,209,50,139,42,Butte,Michael L. Ramsey,0,1,1,0,0,,312,27.24358974,64.42307692,3.525641026,4.807692308
Calaveras_ 2013 Q1 Court,165,Calaveras, 2013 Q1 Court,86,9,4,11,1,1,29,2,7,NA,Calaveras,Barbara M. Yook,0,1,1,0,0,https://www.calaverasenterprise.com/articles/news/calaveras-county-district-attorney-candidate-barbara-yook/,17,23.52941176,64.70588235,5.882352941,5.882352941
Calaveras_ 2013 Q2 Court,166,Calaveras, 2013 Q2 Court,86,11,2,12,NA,NA,36,3,5,NA,Calaveras,Barbara M. Yook,0,1,1,0,0,https://elections.calaverasgov.us/Results/Archive,NA,NA,NA,NA,NA
Calaveras_ 2013 Q3 Court,167,Calaveras, 2013 Q3 Court,98,23,0,10,4,1,45,2,9,0,Calaveras,Barbara M. Yook,0,1,1,0,0,,15,0,66.66666667,6.666666667,26.66666667
Calaveras_ 2013 Q4 Court,168,Calaveras, 2013 Q4 Court,108,7,4,14,1,0,32,0,3,0,Calaveras,Barbara M. Yook,0,1,1,0,0,,19,21.05263158,73.68421053,0,5.263157895
Calaveras_ 2014 Q1 Court,169,Calaveras, 2014 Q1 Court,85,5,2,11,1,3,63,3,4,0,Calaveras,Barbara M. Yook,0,1,1,0,0,,17,11.76470588,64.70588235,17.64705882,5.882352941
Calaveras_ 2014 Q2 Court,170,Calaveras, 2014 Q2 Court,88,8,3,15,2,1,50,0,2,0,Calaveras,Barbara M. Yook,0,1,1,0,0,,21,14.28571429,71.42857143,4.761904762,9.523809524
Calaveras_ 2014 Q3 Court,171,Calaveras, 2014 Q3 Court,81,2,3,24,4,1,44,1,4,1,Calaveras,Barbara M. Yook,0,1,1,0,1,,32,9.375,75,3.125,12.5
Calaveras_ 2014 Q4 Court,172,Calaveras, 2014 Q4 Court,66,4,5,30,2,2,57,2,2,1,Calaveras,Barbara M. Yook,0,1,1,0,1,,39,12.82051282,76.92307692,5.128205128,5.128205128
Calaveras_ 2015 Q1 Court,173,Calaveras, 2015 Q1 Court,65,3,6,6,1,1,63,2,8,0,Calaveras,Barbara M. Yook,0,1,1,0,0,,14,42.85714286,42.85714286,7.142857143,7.142857143
Calaveras_ 2015 Q2 Court,174,Calaveras, 2015 Q2 Court,63,6,4,5,0,1,53,2,5,1,Calaveras,Barbara M. Yook,0,1,1,0,0,,10,40,50,10,0
Calaveras_ 2015 Q3 Court,175,Calaveras, 2015 Q3 Court,71,5,2,0,0,0,59,2,2,1,Calaveras,Barbara M. Yook,0,1,1,0,0,,2,100,0,0,0
Calaveras_ 2015 Q4 Court,176,Calaveras, 2015 Q4 Court,52,6,2,3,0,1,29,8,3,0,Calaveras,Barbara M. Yook,0,1,1,0,0,,6,33.33333333,50,16.66666667,0
Calaveras_ 2016 Q1 Court,177,Calaveras, 2016 Q1 Court,44,3,3,1,0,0,43,0,1,0,Calaveras,Barbara M. Yook,0,1,1,0,0,,4,75,25,0,0
Calaveras_ 2016 Q2 Court,178,Calaveras, 2016 Q2 Court,63,8,6,4,2,0,29,1,2,0,Calaveras,Barbara M. Yook,0,1,1,0,0,,12,50,33.33333333,0,16.66666667
Calaveras_ 2016 Q3 Court,179,Calaveras, 2016 Q3 Court,75,16,3,9,0,0,33,2,0,1,Calaveras,Barbara M. Yook,0,1,1,0,0,,12,25,75,0,0
Calaveras_ 2016 Q4 Court,180,Calaveras, 2016 Q4 Court,58,6,0,6,0,0,33,0,4,0,Calaveras,Barbara M. Yook,0,1,1,0,0,,6,0,100,0,0
Calaveras_ 2017 Q1 Court,181,Calaveras, 2017 Q1 Court,46,8,3,11,1,2,41,2,9,1,Calaveras,Barbara M. Yook,0,1,1,0,0,,17,17.64705882,64.70588235,11.76470588,5.882352941
Calaveras_ 2017 Q2 Court,182,Calaveras, 2017 Q2 Court,63,3,14,11,1,1,40,1,6,2,Calaveras,Barbara M. Yook,0,1,1,0,0,,27,51.85185185,40.74074074,3.703703704,3.703703704
Calaveras_ 2017 Q3 Court,183,Calaveras, 2017 Q3 Court,63,7,8,20,0,0,47,2,7,0,Calaveras,Barbara M. Yook,0,1,1,0,0,,28,28.57142857,71.42857143,0,0
Calaveras_ 2017 Q4 Court,184,Calaveras, 2017 Q4 Court,62,6,9,8,2,4,37,3,8,0,Calaveras,Barbara M. Yook,0,1,1,0,0,,23,39.13043478,34.7826087,17.39130435,8.695652174
Calaveras_ 2018 Q1 Court,185,Calaveras, 2018 Q1 Court,51,5,12,14,0,3,31,2,9,1,Calaveras,Barbara M. Yook,0,1,1,0,0,,29,41.37931034,48.27586207,10.34482759,0
Calaveras_ 2018 Q2 Court,186,Calaveras, 2018 Q2 Court,67,2,5,21,0,2,38,2,12,3,Calaveras,Barbara M. Yook,0,1,1,0,0,,28,17.85714286,75,7.142857143,0
Calaveras_ 2018 Q3 Court,187,Calaveras, 2018 Q3 Court,56,11,9,21,1,1,32,0,12,0,Calaveras,Barbara M. Yook,0,1,1,0,1,,32,28.125,65.625,3.125,3.125
Calaveras_ 2018 Q4 Court,188,Calaveras, 2018 Q4 Court,95,13,5,8,0,1,27,2,9,0,Calaveras,Barbara M. Yook,0,1,1,0,1,,14,35.71428571,57.14285714,7.142857143,0
Calaveras_ 2019 Q1 Court,189,Calaveras, 2019 Q1 Court,62,1,11,26,0,0,42,1,10,0,Calaveras,Barbara M. Yook,0,1,1,0,0,,37,29.72972973,70.27027027,0,0
Calaveras_ 2019 Q2 Court,190,Calaveras, 2019 Q2 Court,83,10,7,18,1,1,34,1,18,1,Calaveras,Barbara M. Yook,0,1,1,0,0,,27,25.92592593,66.66666667,3.703703704,3.703703704
Calaveras_ 2019 Q3 Court,191,Calaveras, 2019 Q3 Court,87,1,6,16,1,1,37,0,11,1,Calaveras,Barbara M. Yook,0,1,1,0,0,,24,25,66.66666667,4.166666667,4.166666667
Calaveras_ 2019 Q4 Court,192,Calaveras, 2019 Q4 Court,76,12,8,18,2,2,50,0,7,2,Calaveras,Barbara M. Yook,0,1,1,0,0,,30,26.66666667,60,6.666666667,6.666666667
Calaveras_ 2020 Q1 Court,193,Calaveras, 2020 Q1 Court,69,3,14,14,1,6,46,1,9,0,Calaveras,Barbara M. Yook,0,1,1,0,0,,35,40,40,17.14285714,2.857142857
Calaveras_ 2020 Q2 Court,194,Calaveras, 2020 Q2 Court,74,9,3,20,2,0,29,0,10,0,Calaveras,Barbara M. Yook,0,1,1,0,0,,25,12,80,0,8
Calaveras_ 2020 Q3 Court,195,Calaveras, 2020 Q3 Court,64,6,10,17,1,0,34,0,12,0,Calaveras,Barbara M. Yook,0,1,1,0,0,,28,35.71428571,60.71428571,0,3.571428571
Calaveras_ 2020 Q4 Court,196,Calaveras, 2020 Q4 Court,52,4,12,15,1,0,27,0,8,0,Calaveras,Barbara M. Yook,0,1,1,0,0,,28,42.85714286,53.57142857,0,3.571428571
Calaveras_ 2021 Q1 Court,197,Calaveras, 2021 Q1 Court,47,6,7,12,0,0,21,0,6,2,Calaveras,Barbara M. Yook,0,1,1,0,0,,19,36.84210526,63.15789474,0,0
Calaveras_ 2021 Q2 Court,198,Calaveras, 2021 Q2 Court,66,4,7,13,3,1,31,1,4,0,Calaveras,Barbara M. Yook,0,1,1,0,0,,24,29.16666667,54.16666667,4.166666667,12.5
Calaveras_ 2021 Q3 Court,199,Calaveras, 2021 Q3 Court,69,3,11,14,3,0,39,2,11,2,Calaveras,Barbara M. Yook,0,1,1,0,0,,28,39.28571429,50,0,10.71428571
Calaveras_ 2021 Q4 Court,200,Calaveras, 2021 Q4 Court,60,6,4,17,0,0,27,1,9,1,Calaveras,Barbara M. Yook,0,1,1,0,0,,21,19.04761905,80.95238095,0,0
Calaveras_ 2022 Q1 Court,201,Calaveras, 2022 Q1 Court,66,1,8,13,0,0,23,1,5,0,Calaveras,Barbara M. Yook,0,1,1,0,0,,21,38.0952381,61.9047619,0,0
Calaveras_ 2022 Q2 Court,202,Calaveras, 2022 Q2 Court,77,7,7,18,0,1,20,1,11,0,Calaveras,Barbara M. Yook,0,1,1,0,0,,26,26.92307692,69.23076923,3.846153846,0
Calaveras_ 2022 Q3 Court,203,Calaveras, 2022 Q3 Court,72,4,8,21,0,1,27,3,9,0,Calaveras,Barbara M. Yook,0,1,1,0,1,,30,26.66666667,70,3.333333333,0
Calaveras_ 2022 Q4 Court,204,Calaveras, 2022 Q4 Court,79,2,10,17,0,0,24,0,6,1,Calaveras,Barbara M. Yook,0,1,1,0,1,,27,37.03703704,62.96296296,0,0
Calaveras_ 2023 Q1 Court,205,Calaveras, 2023 Q1 Court,63,2,12,18,0,0,31,0,16,0,Calaveras,Barbara M. Yook,0,NA,NA,NA,0,,30,40,60,0,0
Colusa_ 2013 Q1 Court,206,Colusa, 2013 Q1 Court,91,11,4,10,3,0,16,0,5,0,Colusa,John R. Poyner,0,1,1,0,0,https://www.countyofcolusa.org/679/Past-Election-Results,17,23.52941176,58.82352941,0,17.64705882
Colusa_ 2013 Q2 Court,207,Colusa, 2013 Q2 Court,77,19,9,19,1,0,13,0,1,0,Colusa,John R. Poyner,0,1,1,0,0,,29,31.03448276,65.51724138,0,3.448275862
Colusa_ 2013 Q3 Court,208,Colusa, 2013 Q3 Court,70,22,10,15,3,0,4,0,2,1,Colusa,John R. Poyner,0,1,1,0,0,,28,35.71428571,53.57142857,0,10.71428571
Colusa_ 2013 Q4 Court,209,Colusa, 2013 Q4 Court,91,17,4,12,0,1,20,0,6,0,Colusa,John R. Poyner,0,1,1,0,0,,17,23.52941176,70.58823529,5.882352941,0
Colusa_ 2014 Q1 Court,210,Colusa, 2014 Q1 Court,94,13,7,20,2,3,22,0,3,2,Colusa,John R. Poyner,0,1,1,0,0,,32,21.875,62.5,9.375,6.25
Colusa_ 2014 Q2 Court,211,Colusa, 2014 Q2 Court,88,12,13,8,0,2,8,3,2,0,Colusa,John R. Poyner,0,1,1,0,0,,23,56.52173913,34.7826087,8.695652174,0
Colusa_ 2014 Q3 Court,212,Colusa, 2014 Q3 Court,73,11,7,9,0,4,20,5,1,0,Colusa,John R. Poyner,0,1,1,0,1,,20,35,45,20,0
Colusa_ 2014 Q4 Court,213,Colusa, 2014 Q4 Court,72,13,7,15,3,2,26,3,1,0,Colusa,John R. Poyner,0,1,1,0,1,,27,25.92592593,55.55555556,7.407407407,11.11111111
Colusa_ 2015 Q1 Court,214,Colusa, 2015 Q1 Court,61,6,6,14,4,2,19,9,7,0,Colusa,John R. Poyner,0,0,NA,NA,0,,26,23.07692308,53.84615385,7.692307692,15.38461538
Colusa_ 2015 Q2 Court,215,Colusa, 2015 Q2 Court,59,9,1,11,0,2,28,4,3,1,Colusa,John R. Poyner,0,0,NA,NA,0,,14,7.142857143,78.57142857,14.28571429,0
Colusa_ 2015 Q3 Court,216,Colusa, 2015 Q3 Court,67,10,3,16,6,0,29,5,5,0,Colusa,John R. Poyner,0,0,NA,NA,0,,25,12,64,0,24
Colusa_ 2015 Q4 Court,217,Colusa, 2015 Q4 Court,66,13,10,11,1,0,10,1,3,1,Colusa,John R. Poyner,0,0,NA,NA,0,,22,45.45454545,50,0,4.545454545
Colusa_ 2016 Q1 Court,218,Colusa, 2016 Q1 Court,85,21,8,18,6,1,23,1,4,1,Colusa,John R. Poyner,0,0,NA,NA,0,,33,24.24242424,54.54545455,3.03030303,18.18181818
Colusa_ 2016 Q2 Court,219,Colusa, 2016 Q2 Court,70,12,11,20,1,3,35,2,4,2,Colusa,John R. Poyner,0,0,NA,NA,0,,35,31.42857143,57.14285714,8.571428571,2.857142857
Colusa_ 2016 Q3 Court,220,Colusa, 2016 Q3 Court,58,10,8,21,2,3,29,4,3,0,Colusa,John R. Poyner,0,0,NA,NA,0,,34,23.52941176,61.76470588,8.823529412,5.882352941
Colusa_ 2016 Q4 Court,221,Colusa, 2016 Q4 Court,63,12,4,13,2,0,28,2,3,1,Colusa,John R. Poyner,0,0,NA,NA,0,,19,21.05263158,68.42105263,0,10.52631579
Colusa_ 2017 Q1 Court,222,Colusa, 2017 Q1 Court,90,12,10,16,2,2,29,6,7,0,Colusa,John R. Poyner,0,0,NA,NA,0,,30,33.33333333,53.33333333,6.666666667,6.666666667
Colusa_ 2017 Q2 Court,223,Colusa, 2017 Q2 Court,76,11,12,14,2,1,31,4,8,3,Colusa,John R. Poyner,0,0,NA,NA,0,,29,41.37931034,48.27586207,3.448275862,6.896551724
Colusa_ 2017 Q3 Court,224,Colusa, 2017 Q3 Court,90,17,7,14,3,1,20,4,3,2,Colusa,John R. Poyner,0,0,NA,NA,0,,25,28,56,4,12
Colusa_ 2017 Q4 Court,225,Colusa, 2017 Q4 Court,62,11,9,10,2,1,29,4,4,1,Colusa,John R. Poyner,0,0,NA,NA,0,,22,40.90909091,45.45454545,4.545454545,9.090909091
Colusa_ 2018 Q1 Court,226,Colusa, 2018 Q1 Court,64,2,5,13,5,2,15,0,4,3,Colusa,John R. Poyner,0,0,NA,0,0,,25,20,52,8,20
Colusa_ 2018 Q2 Court,227,Colusa, 2018 Q2 Court,65,13,4,26,6,0,55,1,8,1,Colusa,John R. Poyner,0,0,NA,0,0,,36,11.11111111,72.22222222,0,16.66666667
Colusa_ 2018 Q3 Court,228,Colusa, 2018 Q3 Court,58,5,4,9,5,5,11,0,7,2,Colusa,John R. Poyner,0,0,NA,0,1,,23,17.39130435,39.13043478,21.73913043,21.73913043
Colusa_ 2018 Q4 Court,229,Colusa, 2018 Q4 Court,93,11,5,3,0,0,4,2,8,4,Colusa,John R. Poyner,0,0,NA,0,1,,8,62.5,37.5,0,0
Colusa_ 2019 Q1 Court,230,Colusa, 2019 Q1 Court,96,45,6,3,0,0,3,0,4,1,Colusa,Matthew R. Beauchamp,0,0,NA,NA,0,,9,66.66666667,33.33333333,0,0
Colusa_ 2019 Q2 Court,231,Colusa, 2019 Q2 Court,66,9,7,6,1,1,6,1,5,2,Colusa,Matthew R. Beauchamp,0,0,NA,NA,0,,15,46.66666667,40,6.666666667,6.666666667
Colusa_ 2019 Q3 Court,232,Colusa, 2019 Q3 Court,73,33,3,20,5,0,18,0,4,0,Colusa,Matthew R. Beauchamp,0,0,NA,NA,0,,28,10.71428571,71.42857143,0,17.85714286
Colusa_ 2019 Q4 Court,233,Colusa, 2019 Q4 Court,77,21,9,16,3,0,19,0,4,4,Colusa,Matthew R. Beauchamp,0,0,NA,NA,0,,28,32.14285714,57.14285714,0,10.71428571
Colusa_ 2020 Q1 Court,234,Colusa, 2020 Q1 Court,67,29,7,10,5,0,17,0,7,2,Colusa,Matthew R. Beauchamp,0,0,NA,NA,0,,22,31.81818182,45.45454545,0,22.72727273
Colusa_ 2020 Q2 Court,235,Colusa, 2020 Q2 Court,62,20,2,4,0,0,10,0,4,0,Colusa,Matthew R. Beauchamp,0,0,NA,NA,0,,6,33.33333333,66.66666667,0,0
Colusa_ 2020 Q3 Court,236,Colusa, 2020 Q3 Court,65,29,5,16,0,0,15,1,12,0,Colusa,Matthew R. Beauchamp,0,0,NA,NA,0,,21,23.80952381,76.19047619,0,0
Colusa_ 2020 Q4 Court,237,Colusa, 2020 Q4 Court,57,30,3,10,1,0,5,0,4,0,Colusa,Matthew R. Beauchamp,0,0,NA,NA,0,,14,21.42857143,71.42857143,0,7.142857143
Colusa_ 2021 Q1 Court,238,Colusa, 2021 Q1 Court,58,41,6,4,2,0,18,0,7,0,Colusa,Matthew R. Beauchamp,0,0,NA,NA,0,,12,50,33.33333333,0,16.66666667
Colusa_ 2021 Q2 Court,239,Colusa, 2021 Q2 Court,72,28,9,6,3,0,12,0,9,0,Colusa,Matthew R. Beauchamp,0,0,NA,NA,0,,18,50,33.33333333,0,16.66666667
Colusa_ 2021 Q3 Court,240,Colusa, 2021 Q3 Court,67,16,10,7,1,1,11,0,7,0,Colusa,Matthew R. Beauchamp,0,0,NA,NA,0,,19,52.63157895,36.84210526,5.263157895,5.263157895
Colusa_ 2021 Q4 Court,241,Colusa, 2021 Q4 Court,63,30,7,7,0,0,7,2,5,0,Colusa,Matthew R. Beauchamp,0,0,NA,NA,0,,14,50,50,0,0
Colusa_ 2022 Q1 Court,242,Colusa, 2022 Q1 Court,53,29,14,18,0,3,8,0,6,0,Colusa,Matthew R. Beauchamp,0,0,NA,0,0,,35,40,51.42857143,8.571428571,0
Colusa_ 2022 Q2 Court,243,Colusa, 2022 Q2 Court,69,27,17,15,3,0,14,0,11,1,Colusa,Matthew R. Beauchamp,0,0,NA,0,0,,35,48.57142857,42.85714286,0,8.571428571
Colusa_ 2022 Q3 Court,244,Colusa, 2022 Q3 Court,77,32,7,16,2,2,18,3,4,0,Colusa,Matthew R. Beauchamp,0,0,NA,0,1,,27,25.92592593,59.25925926,7.407407407,7.407407407
Colusa_ 2022 Q4 Court,245,Colusa, 2022 Q4 Court,50,22,10,9,3,1,23,0,8,1,Colusa,Matthew R. Beauchamp,0,0,NA,0,1,,23,43.47826087,39.13043478,4.347826087,13.04347826
Colusa_ 2023 Q1 Court,246,Colusa, 2023 Q1 Court,NA,13,13,9,9,0,12,0,8,0,Colusa,Brendan Michael Farrell,0,1,1,1,0,,31,41.93548387,29.03225806,0,29.03225806
Contra Costa_ 2013 Q1 Court,247,Contra Costa, 2013 Q1 Court,1027,143,85,286,5,51,446,23,24,NA,Contra Costa,Mark A. Peterson,0,1,1,1,0,2010 was contested,427,19.90632319,66.97892272,11.94379391,1.170960187
Contra Costa_ 2013 Q2 Court,248,Contra Costa, 2013 Q2 Court,1139,172,88,323,11,38,524,48,33,NA,Contra Costa,Mark A. Peterson,0,1,1,1,0,,460,19.13043478,70.2173913,8.260869565,2.391304348
Contra Costa_ 2013 Q3 Court,249,Contra Costa, 2013 Q3 Court,1165,185,98,353,1,42,567,27,45,34,Contra Costa,Mark A. Peterson,0,1,1,1,0,,494,19.83805668,71.45748988,8.502024291,0.20242915
Contra Costa_ 2013 Q4 Court,250,Contra Costa, 2013 Q4 Court,1097,182,82,336,1,47,527,24,45,28,Contra Costa,Mark A. Peterson,0,1,1,1,0,,466,17.59656652,72.10300429,10.08583691,0.214592275
Contra Costa_ 2014 Q1 Court,251,Contra Costa, 2014 Q1 Court,1236,183,103,362,2,57,610,36,57,62,Contra Costa,Mark A. Peterson,0,1,1,1,0,,524,19.65648855,69.08396947,10.8778626,0.381679389
Contra Costa_ 2014 Q2 Court,252,Contra Costa, 2014 Q2 Court,1329,223,98,342,2,57,658,53,60,77,Contra Costa,Mark A. Peterson,0,1,1,1,0,,499,19.63927856,68.53707415,11.42284569,0.400801603
Contra Costa_ 2014 Q3 Court,253,Contra Costa, 2014 Q3 Court,1254,243,51,295,0,51,656,85,51,89,Contra Costa,Mark A. Peterson,0,1,1,1,1,,397,12.84634761,74.30730479,12.84634761,0
Contra Costa_ 2014 Q4 Court,254,Contra Costa, 2014 Q4 Court,1073,298,100,229,0,38,471,75,44,54,Contra Costa,Mark A. Peterson,0,1,1,1,1,,367,27.2479564,62.39782016,10.35422343,0
Contra Costa_ 2015 Q1 Court,255,Contra Costa, 2015 Q1 Court,1018,167,93,200,2,36,495,82,46,41,Contra Costa,Mark A. Peterson,0,NA,NA,NA,0,,331,28.09667674,60.42296073,10.87613293,0.604229607
Contra Costa_ 2015 Q2 Court,256,Contra Costa, 2015 Q2 Court,987,163,116,331,0,38,521,73,50,47,Contra Costa,Mark A. Peterson,0,NA,NA,NA,0,,485,23.91752577,68.24742268,7.835051546,0
Contra Costa_ 2015 Q3 Court,257,Contra Costa, 2015 Q3 Court,1060,162,115,293,0,33,528,81,70,58,Contra Costa,Mark A. Peterson,0,NA,NA,NA,0,,441,26.07709751,66.4399093,7.482993197,0
Contra Costa_ 2015 Q4 Court,258,Contra Costa, 2015 Q4 Court,873,145,88,297,0,34,447,51,98,29,Contra Costa,Mark A. Peterson,0,NA,NA,NA,0,,419,21.00238663,70.88305489,8.114558473,0
Contra Costa_ 2016 Q1 Court,259,Contra Costa, 2016 Q1 Court,949,154,92,271,0,22,513,66,125,26,Contra Costa,Mark A. Peterson,0,NA,NA,NA,0,,385,23.8961039,70.38961039,5.714285714,0
Contra Costa_ 2016 Q2 Court,260,Contra Costa, 2016 Q2 Court,973,167,116,238,1,51,476,74,91,26,Contra Costa,Mark A. Peterson,0,NA,NA,NA,0,,406,28.57142857,58.62068966,12.56157635,0.246305419
Contra Costa_ 2016 Q3 Court,261,Contra Costa, 2016 Q3 Court,969,116,90,240,0,33,308,27,81,27,Contra Costa,Mark A. Peterson,0,NA,NA,NA,0,,363,24.79338843,66.11570248,9.090909091,0
Contra Costa_ 2016 Q4 Court,262,Contra Costa, 2016 Q4 Court,863,140,105,243,0,31,303,36,110,81,Contra Costa,Mark A. Peterson,0,NA,NA,NA,0,,379,27.70448549,64.11609499,8.179419525,0
Contra Costa_ 2017 Q1 Court,263,Contra Costa, 2017 Q1 Court,960,115,147,282,0,48,497,62,84,36,Contra Costa,Mark A. Peterson,0,NA,NA,NA,0,,477,30.81761006,59.11949686,10.06289308,0
Contra Costa_ 2017 Q2 Court,264,Contra Costa, 2017 Q2 Court,981,130,139,302,0,36,503,62,93,43,Contra Costa,Mark A. Peterson,0,NA,NA,NA,0,,477,29.14046122,63.31236897,7.547169811,0
Contra Costa_ 2017 Q3 Court,265,Contra Costa, 2017 Q3 Court,965,132,108,266,0,39,465,129,96,49,Contra Costa,Mark A. Peterson,0,NA,NA,NA,0,,413,26.15012107,64.40677966,9.443099274,0
Contra Costa_ 2017 Q4 Court,266,Contra Costa, 2017 Q4 Court,934,130,99,311,1,40,446,54,96,47,Contra Costa,Mark A. Peterson,0,NA,NA,NA,0,,451,21.95121951,68.9578714,8.869179601,0.22172949
Contra Costa_ 2018 Q1 Court,267,Contra Costa, 2018 Q1 Court,918,128,97,297,0,31,554,64,101,49,Contra Costa,Diana Becton,1,0,NA,0,0,She was placed in office because of a scandal with Mark Peterson,425,22.82352941,69.88235294,7.294117647,0
Contra Costa_ 2018 Q2 Court,268,Contra Costa, 2018 Q2 Court,1078,158,94,265,2,26,412,51,103,75,Contra Costa,Diana Becton,1,0,NA,0,0,,387,24.28940568,68.4754522,6.718346253,0.516795866
Contra Costa_ 2018 Q3 Court,269,Contra Costa, 2018 Q3 Court,956,162,107,265,2,16,252,30,101,53,Contra Costa,Diana Becton,1,0,NA,0,1,,390,27.43589744,67.94871795,4.102564103,0.512820513
Contra Costa_ 2018 Q4 Court,270,Contra Costa, 2018 Q4 Court,925,137,111,292,2,19,121,27,129,57,Contra Costa,Diana Becton,1,0,NA,0,1,,424,26.17924528,68.86792453,4.481132075,0.471698113
Contra Costa_ 2019 Q1 Court,271,Contra Costa, 2019 Q1 Court,1131,160,104,295,0,16,178,18,139,38,Contra Costa,Diana Becton,1,1,1,1,0,,415,25.06024096,71.08433735,3.855421687,0
Contra Costa_ 2019 Q2 Court,272,Contra Costa, 2019 Q2 Court,1058,155,108,308,0,24,523,36,128,26,Contra Costa,Diana Becton,1,1,1,1,0,,440,24.54545455,70,5.454545455,0
Contra Costa_ 2019 Q3 Court,273,Contra Costa, 2019 Q3 Court,1007,155,99,271,0,19,506,45,147,49,Contra Costa,Diana Becton,1,1,1,1,0,,389,25.44987147,69.66580977,4.884318766,0
Contra Costa_ 2019 Q4 Court,274,Contra Costa, 2019 Q4 Court,1073,139,86,316,0,12,463,26,118,66,Contra Costa,Diana Becton,1,1,1,1,0,,414,20.77294686,76.32850242,2.898550725,0
Contra Costa_ 2020 Q1 Court,275,Contra Costa, 2020 Q1 Court,878,105,85,267,0,10,427,18,85,83,Contra Costa,Diana Becton,1,1,1,1,0,,362,23.48066298,73.75690608,2.762430939,0
Contra Costa_ 2020 Q2 Court,276,Contra Costa, 2020 Q2 Court,671,73,43,140,0,8,177,0,25,22,Contra Costa,Diana Becton,1,1,1,1,0,,191,22.51308901,73.29842932,4.188481675,0
Contra Costa_ 2020 Q3 Court,277,Contra Costa, 2020 Q3 Court,1015,327,79,170,0,1,356,2,68,53,Contra Costa,Diana Becton,1,1,1,1,0,,250,31.6,68,0.4,0
Contra Costa_ 2020 Q4 Court,278,Contra Costa, 2020 Q4 Court,881,248,76,217,0,11,390,3,85,47,Contra Costa,Diana Becton,1,1,1,1,0,,304,25,71.38157895,3.618421053,0
Contra Costa_ 2021 Q1 Court,279,Contra Costa, 2021 Q1 Court,934,296,45,203,0,3,137,1,47,53,Contra Costa,Diana Becton,1,1,1,1,0,,251,17.92828685,80.87649402,1.195219124,0
Contra Costa_ 2021 Q2 Court,280,Contra Costa, 2021 Q2 Court,880,395,49,226,0,8,269,3,57,6,Contra Costa,Diana Becton,1,1,1,1,0,,283,17.31448763,79.85865724,2.826855124,0
Contra Costa_ 2021 Q3 Court,281,Contra Costa, 2021 Q3 Court,380,391,43,260,0,2,280,1,57,2,Contra Costa,Diana Becton,1,1,1,1,0,,305,14.09836066,85.24590164,0.655737705,0
Contra Costa_ 2021 Q4 Court,282,Contra Costa, 2021 Q4 Court,510,304,52,262,1,1,274,4,47,0,Contra Costa,Diana Becton,1,1,1,1,0,,316,16.4556962,82.91139241,0.316455696,0.316455696
Contra Costa_ 2022 Q1 Court,283,Contra Costa, 2022 Q1 Court,805,279,43,214,0,6,289,4,39,3,Contra Costa,Diana Becton,1,1,1,1,0,,263,16.34980989,81.36882129,2.281368821,0
Contra Costa_ 2022 Q2 Court,284,Contra Costa, 2022 Q2 Court,774,187,53,1099,40,6,279,1,13,45,Contra Costa,Diana Becton,1,1,1,1,0,,1198,4.424040067,91.73622705,0.500834725,3.338898164
Contra Costa_ 2022 Q3 Court,285,Contra Costa, 2022 Q3 Court,718,233,24,922,11,16,304,0,1,33,Contra Costa,Diana Becton,1,1,1,1,1,,973,2.46659815,94.75847893,1.644398767,1.130524152
Contra Costa_ 2022 Q4 Court,286,Contra Costa, 2022 Q4 Court,851,202,17,944,22,14,283,3,2,34,Contra Costa,Diana Becton,1,1,1,1,1,,997,1.705115346,94.68405216,1.404212638,2.20661986
Contra Costa_ 2023 Q1 Court,287,Contra Costa, 2023 Q1 Court,NA,226,22,961,37,7,255,2,13,40,Contra Costa,Diana Becton,1,NA,NA,NA,0,,1027,2.142161636,93.57351509,0.681596884,3.602726388
Del Norte_ 2013 Q1 Court,288,Del Norte, 2013 Q1 Court,124,56,5,12,16,22,23,2,4,0,Del Norte,Jon Alexander,0,NA,NA,NA,0,,55,9.090909091,21.81818182,40,29.09090909
Del Norte_ 2013 Q2 Court,289,Del Norte, 2013 Q2 Court,139,43,3,11,14,14,24,6,15,0,Del Norte,Jon Alexander,0,NA,NA,NA,0,,42,7.142857143,26.19047619,33.33333333,33.33333333
Del Norte_ 2013 Q3 Court,290,Del Norte, 2013 Q3 Court,94,49,15,17,5,8,31,2,5,1,Del Norte,Jon Alexander,0,NA,NA,NA,0,,45,33.33333333,37.77777778,17.77777778,11.11111111
Del Norte_ 2013 Q4 Court,291,Del Norte, 2013 Q4 Court,77,20,6,14,3,0,17,11,10,1,Del Norte,Jon Alexander,0,NA,NA,NA,0,Micks was appointed DA after Jon Alexander left mid-term,23,26.08695652,60.86956522,0,13.04347826
Del Norte_ 2014 Q1 Court,292,Del Norte, 2014 Q1 Court,111,52,8,19,7,4,42,3,15,3,Del Norte,Katherine Nell Micks,0,NA,NA,NA,0,,38,21.05263158,50,10.52631579,18.42105263
Del Norte_ 2014 Q2 Court,293,Del Norte, 2014 Q2 Court,86,53,15,25,13,19,27,4,8,2,Del Norte,Katherine Nell Micks,0,NA,NA,NA,0,,72,20.83333333,34.72222222,26.38888889,18.05555556
Del Norte_ 2015 Q1 Court,296,Del Norte, 2015 Q1 Court,74,41,18,35,2,1,25,4,11,2,Del Norte,Katherine Nell Micks,0,1,1,0,0,,56,32.14285714,62.5,1.785714286,3.571428571
Del Norte_ 2015 Q2 Court,297,Del Norte, 2015 Q2 Court,69,63,15,23,4,1,7,1,3,0,Del Norte,Katherine Nell Micks,0,1,1,0,0,,43,34.88372093,53.48837209,2.325581395,9.302325581
Del Norte_ 2015 Q3 Court,298,Del Norte, 2015 Q3 Court,68,48,13,14,3,3,12,5,7,9,Del Norte,Katherine Nell Micks,0,1,1,0,0,,33,39.39393939,42.42424242,9.090909091,9.090909091
Del Norte_ 2015 Q4 Court,299,Del Norte, 2015 Q4 Court,58,59,14,19,0,2,15,0,7,2,Del Norte,Katherine Nell Micks,0,1,1,0,0,,35,40,54.28571429,5.714285714,0
Del Norte_ 2016 Q1 Court,300,Del Norte, 2016 Q1 Court,62,41,21,33,7,1,24,1,6,5,Del Norte,Katherine Nell Micks,0,1,1,0,0,,62,33.87096774,53.22580645,1.612903226,11.29032258
Del Norte_ 2016 Q2 Court,301,Del Norte, 2016 Q2 Court,58,34,17,20,2,3,3,0,7,4,Del Norte,Katherine Nell Micks,0,1,1,0,0,,42,40.47619048,47.61904762,7.142857143,4.761904762
Del Norte_ 2016 Q3 Court,302,Del Norte, 2016 Q3 Court,55,27,24,16,9,1,22,1,7,4,Del Norte,Katherine Nell Micks,0,1,1,0,0,,50,48,32,2,18
Del Norte_ 2016 Q4 Court,303,Del Norte, 2016 Q4 Court,62,39,15,15,3,4,17,0,8,1,Del Norte,Katherine Nell Micks,0,1,1,0,0,,37,40.54054054,40.54054054,10.81081081,8.108108108
Del Norte_ 2017 Q1 Court,304,Del Norte, 2017 Q1 Court,68,48,18,29,0,1,26,3,14,5,Del Norte,Katherine Nell Micks,0,1,1,0,0,,48,37.5,60.41666667,2.083333333,0
Del Norte_ 2017 Q2 Court,305,Del Norte, 2017 Q2 Court,98,60,23,17,8,5,38,1,7,6,Del Norte,Katherine Nell Micks,0,1,1,0,0,,53,43.39622642,32.0754717,9.433962264,15.09433962
Del Norte_ 2017 Q3 Court,306,Del Norte, 2017 Q3 Court,50,50,26,23,1,3,25,6,8,2,Del Norte,Katherine Nell Micks,0,1,1,0,0,,53,49.05660377,43.39622642,5.660377358,1.886792453
Del Norte_ 2017 Q4 Court,307,Del Norte, 2017 Q4 Court,59,33,33,23,5,5,22,12,22,0,Del Norte,Katherine Nell Micks,0,1,1,0,0,,66,50,34.84848485,7.575757576,7.575757576
Del Norte_ 2018 Q1 Court,308,Del Norte, 2018 Q1 Court,71,38,38,31,4,1,18,1,9,1,Del Norte,Katherine Nell Micks,0,1,1,0,0,,74,51.35135135,41.89189189,1.351351351,5.405405405
Del Norte_ 2018 Q2 Court,309,Del Norte, 2018 Q2 Court,67,51,27,28,5,3,7,3,16,4,Del Norte,Katherine Nell Micks,0,1,1,0,0,,63,42.85714286,44.44444444,4.761904762,7.936507937
Del Norte_ 2018 Q3 Court,310,Del Norte, 2018 Q3 Court,128,69,25,38,5,4,2,0,8,5,Del Norte,Katherine Nell Micks,0,1,1,0,1,,72,34.72222222,52.77777778,5.555555556,6.944444444
Del Norte_ 2018 Q4 Court,311,Del Norte, 2018 Q4 Court,83,47,33,23,10,9,6,1,10,2,Del Norte,Katherine Nell Micks,0,1,1,0,1,,75,44,30.66666667,12,13.33333333
Del Norte_ 2019 Q1 Court,312,Del Norte, 2019 Q1 Court,116,95,22,37,12,2,23,2,15,2,Del Norte,Katherine Nell Micks,0,1,1,0,0,,73,30.1369863,50.68493151,2.739726027,16.43835616
Del Norte_ 2019 Q2 Court,313,Del Norte, 2019 Q2 Court,149,93,33,18,10,8,40,4,21,6,Del Norte,Katherine Nell Micks,0,1,1,0,0,,69,47.82608696,26.08695652,11.5942029,14.49275362
Del Norte_ 2019 Q3 Court,314,Del Norte, 2019 Q3 Court,140,169,51,23,19,6,52,5,16,6,Del Norte,Katherine Nell Micks,0,1,1,0,0,,99,51.51515152,23.23232323,6.060606061,19.19191919
Del Norte_ 2019 Q4 Court,315,Del Norte, 2019 Q4 Court,111,118,39,18,16,12,53,6,14,9,Del Norte,Katherine Nell Micks,0,1,1,0,0,,85,45.88235294,21.17647059,14.11764706,18.82352941
Del Norte_ 2020 Q1 Court,316,Del Norte, 2020 Q1 Court,110,85,37,15,17,11,47,5,11,3,Del Norte,Katherine Nell Micks,0,1,1,0,0,,80,46.25,18.75,13.75,21.25
Del Norte_ 2020 Q2 Court,317,Del Norte, 2020 Q2 Court,100,49,27,11,12,10,57,5,19,2,Del Norte,Katherine Nell Micks,0,1,1,0,0,,60,45,18.33333333,16.66666667,20
Del Norte_ 2020 Q3 Court,318,Del Norte, 2020 Q3 Court,111,143,54,4,16,3,49,14,23,2,Del Norte,Katherine Nell Micks,0,1,1,0,0,,77,70.12987013,5.194805195,3.896103896,20.77922078
Del Norte_ 2020 Q4 Court,319,Del Norte, 2020 Q4 Court,84,185,31,22,16,4,50,0,19,3,Del Norte,Katherine Nell Micks,0,1,1,0,0,,73,42.46575342,30.1369863,5.479452055,21.91780822
Del Norte_ 2021 Q1 Court,320,Del Norte, 2021 Q1 Court,103,129,55,0,14,5,30,5,12,7,Del Norte,Katherine Nell Micks,0,1,1,0,0,,74,74.32432432,0,6.756756757,18.91891892
Del Norte_ 2021 Q2 Court,321,Del Norte, 2021 Q2 Court,110,219,40,14,25,6,37,2,7,4,Del Norte,Katherine Nell Micks,0,1,1,0,0,,85,47.05882353,16.47058824,7.058823529,29.41176471
Del Norte_ 2021 Q3 Court,322,Del Norte, 2021 Q3 Court,118,204,33,8,24,7,25,0,10,4,Del Norte,Katherine Nell Micks,0,1,1,0,0,,72,45.83333333,11.11111111,9.722222222,33.33333333
Del Norte_ 2021 Q4 Court,323,Del Norte, 2021 Q4 Court,108,281,34,5,7,1,19,4,2,2,Del Norte,Katherine Nell Micks,0,1,1,0,0,,47,72.34042553,10.63829787,2.127659574,14.89361702
Del Norte_ 2022 Q1 Court,324,Del Norte, 2022 Q1 Court,115,212,37,5,9,1,26,0,2,5,Del Norte,Katherine Nell Micks,0,1,1,0,0,,52,71.15384615,9.615384615,1.923076923,17.30769231
Del Norte_ 2022 Q2 Court,325,Del Norte, 2022 Q2 Court,156,295,37,0,10,2,37,1,22,4,Del Norte,Katherine Nell Micks,0,1,1,0,0,,49,75.51020408,0,4.081632653,20.40816327
Del Norte_ 2022 Q3 Court,326,Del Norte, 2022 Q3 Court,95,244,48,3,17,1,19,2,14,3,Del Norte,Katherine Nell Micks,0,1,1,0,1,,69,69.56521739,4.347826087,1.449275362,24.63768116
Del Norte_ 2022 Q4 Court,327,Del Norte, 2022 Q4 Court,101,323,52,7,25,3,22,2,8,4,Del Norte,Katherine Nell Micks,0,1,1,0,1,,87,59.77011494,8.045977011,3.448275862,28.73563218
Del Norte_ 2023 Q1 Court,328,Del Norte, 2023 Q1 Court,113,234,37,6,9,1,26,0,8,9,Del Norte,Katherine Nell Micks,0,NA,NA,NA,0,,53,69.81132075,11.32075472,1.886792453,16.98113208
El Dorado_ 2013 Q1 Court,329,El Dorado, 2013 Q1 Court,278,56,44,103,9,11,119,13,16,0,El Dorado,Vern Pierson,0,1,1,1,0,,167,26.34730539,61.67664671,6.586826347,5.389221557
El Dorado_ 2013 Q2 Court,330,El Dorado, 2013 Q2 Court,296,169,39,89,6,7,101,13,12,0,El Dorado,Vern Pierson,0,1,1,1,0,,141,27.65957447,63.12056738,4.964539007,4.255319149
El Dorado_ 2013 Q3 Court,331,El Dorado, 2013 Q3 Court,291,64,43,106,7,10,96,7,19,21,El Dorado,Vern Pierson,0,1,1,1,0,,166,25.90361446,63.85542169,6.024096386,4.21686747
El Dorado_ 2013 Q4 Court,332,El Dorado, 2013 Q4 Court,250,46,37,93,0,8,69,16,19,35,El Dorado,Vern Pierson,0,1,1,1,0,,138,26.8115942,67.39130435,5.797101449,0
El Dorado_ 2014 Q1 Court,333,El Dorado, 2014 Q1 Court,338,81,33,129,8,20,107,18,18,28,El Dorado,Vern Pierson,0,1,1,1,0,,190,17.36842105,67.89473684,10.52631579,4.210526316
El Dorado_ 2014 Q2 Court,334,El Dorado, 2014 Q2 Court,279,58,34,131,9,9,94,27,11,25,El Dorado,Vern Pierson,0,1,1,1,0,,183,18.57923497,71.58469945,4.918032787,4.918032787
El Dorado_ 2014 Q3 Court,335,El Dorado, 2014 Q3 Court,318,85,35,119,4,15,104,26,12,34,El Dorado,Vern Pierson,0,1,1,1,1,,173,20.23121387,68.78612717,8.670520231,2.312138728
El Dorado_ 2014 Q4 Court,336,El Dorado, 2014 Q4 Court,251,72,36,95,8,12,100,12,13,20,El Dorado,Vern Pierson,0,1,1,1,1,,151,23.8410596,62.91390728,7.947019868,5.298013245
El Dorado_ 2015 Q1 Court,337,El Dorado, 2015 Q1 Court,219,66,46,99,2,8,82,14,10,21,El Dorado,Vern Pierson,0,1,1,1,0,,155,29.67741935,63.87096774,5.161290323,1.290322581
El Dorado_ 2015 Q2 Court,338,El Dorado, 2015 Q2 Court,205,80,46,92,9,11,75,11,21,28,El Dorado,Vern Pierson,0,1,1,1,0,,158,29.11392405,58.2278481,6.962025316,5.696202532
El Dorado_ 2015 Q3 Court,339,El Dorado, 2015 Q3 Court,191,61,40,81,6,14,78,17,14,35,El Dorado,Vern Pierson,0,1,1,1,0,,141,28.36879433,57.44680851,9.929078014,4.255319149
El Dorado_ 2015 Q4 Court,340,El Dorado, 2015 Q4 Court,177,63,35,71,6,13,75,12,17,40,El Dorado,Vern Pierson,0,1,1,1,0,,125,28,56.8,10.4,4.8
El Dorado_ 2016 Q1 Court,341,El Dorado, 2016 Q1 Court,188,28,29,57,1,10,76,18,14,38,El Dorado,Vern Pierson,0,1,1,1,0,,97,29.89690722,58.7628866,10.30927835,1.030927835
El Dorado_ 2016 Q2 Court,342,El Dorado, 2016 Q2 Court,165,37,43,56,9,13,70,15,18,46,El Dorado,Vern Pierson,0,1,1,1,0,,121,35.53719008,46.28099174,10.74380165,7.438016529
El Dorado_ 2016 Q3 Court,343,El Dorado, 2016 Q3 Court,208,44,44,79,2,11,48,15,18,34,El Dorado,Vern Pierson,0,1,1,1,0,,136,32.35294118,58.08823529,8.088235294,1.470588235
El Dorado_ 2016 Q4 Court,344,El Dorado, 2016 Q4 Court,193,56,36,64,4,8,51,13,19,29,El Dorado,Vern Pierson,0,1,1,1,0,,112,32.14285714,57.14285714,7.142857143,3.571428571
El Dorado_ 2017 Q1 Court,345,El Dorado, 2017 Q1 Court,195,67,25,64,5,16,57,8,30,28,El Dorado,Vern Pierson,0,1,1,1,0,,110,22.72727273,58.18181818,14.54545455,4.545454545
El Dorado_ 2017 Q2 Court,346,El Dorado, 2017 Q2 Court,214,65,28,64,2,10,67,12,20,35,El Dorado,Vern Pierson,0,1,1,1,0,,104,26.92307692,61.53846154,9.615384615,1.923076923
El Dorado_ 2017 Q3 Court,347,El Dorado, 2017 Q3 Court,236,92,38,62,3,10,64,10,27,30,El Dorado,Vern Pierson,0,1,1,1,0,,113,33.62831858,54.86725664,8.849557522,2.654867257
El Dorado_ 2017 Q4 Court,348,El Dorado, 2017 Q4 Court,185,55,43,50,4,11,44,10,14,31,El Dorado,Vern Pierson,0,1,1,1,0,,108,39.81481481,46.2962963,10.18518519,3.703703704
El Dorado_ 2018 Q1 Court,349,El Dorado, 2018 Q1 Court,237,70,26,50,7,7,35,17,24,30,El Dorado,Vern Pierson,0,1,1,1,0,,90,28.88888889,55.55555556,7.777777778,7.777777778
El Dorado_ 2018 Q2 Court,350,El Dorado, 2018 Q2 Court,289,88,30,81,2,14,60,15,13,37,El Dorado,Vern Pierson,0,1,1,1,0,,127,23.62204724,63.77952756,11.02362205,1.57480315
El Dorado_ 2018 Q3 Court,351,El Dorado, 2018 Q3 Court,214,91,48,50,1,3,61,16,24,38,El Dorado,Vern Pierson,0,1,1,1,1,,102,47.05882353,49.01960784,2.941176471,0.980392157
El Dorado_ 2018 Q4 Court,352,El Dorado, 2018 Q4 Court,192,68,46,62,7,5,42,15,22,26,El Dorado,Vern Pierson,0,1,1,1,1,,120,38.33333333,51.66666667,4.166666667,5.833333333
El Dorado_ 2019 Q1 Court,353,El Dorado, 2019 Q1 Court,257,61,36,56,3,3,47,12,15,35,El Dorado,Vern Pierson,0,1,1,0,0,,98,36.73469388,57.14285714,3.06122449,3.06122449
El Dorado_ 2019 Q2 Court,354,El Dorado, 2019 Q2 Court,262,67,41,77,3,9,56,8,19,41,El Dorado,Vern Pierson,0,1,1,0,0,,130,31.53846154,59.23076923,6.923076923,2.307692308
El Dorado_ 2019 Q3 Court,355,El Dorado, 2019 Q3 Court,253,82,49,53,4,3,56,11,22,26,El Dorado,Vern Pierson,0,1,1,0,0,,109,44.95412844,48.62385321,2.752293578,3.669724771
El Dorado_ 2019 Q4 Court,356,El Dorado, 2019 Q4 Court,216,70,27,75,3,4,30,11,21,36,El Dorado,Vern Pierson,0,1,1,0,0,,109,24.7706422,68.80733945,3.669724771,2.752293578
El Dorado_ 2020 Q1 Court,357,El Dorado, 2020 Q1 Court,278,65,40,82,3,6,46,13,22,32,El Dorado,Vern Pierson,0,1,1,0,0,,131,30.53435115,62.59541985,4.580152672,2.290076336
El Dorado_ 2020 Q2 Court,358,El Dorado, 2020 Q2 Court,249,51,22,61,1,6,39,11,20,14,El Dorado,Vern Pierson,0,1,1,0,0,,90,24.44444444,67.77777778,6.666666667,1.111111111
El Dorado_ 2020 Q3 Court,359,El Dorado, 2020 Q3 Court,296,120,36,94,1,1,56,11,25,34,El Dorado,Vern Pierson,0,1,1,0,0,,132,27.27272727,71.21212121,0.757575758,0.757575758
El Dorado_ 2020 Q4 Court,360,El Dorado, 2020 Q4 Court,240,100,21,66,3,1,54,1,23,29,El Dorado,Vern Pierson,0,1,1,0,0,,91,23.07692308,72.52747253,1.098901099,3.296703297
El Dorado_ 2021 Q1 Court,361,El Dorado, 2021 Q1 Court,272,137,43,90,0,5,26,4,21,20,El Dorado,Vern Pierson,0,1,1,0,0,,138,31.15942029,65.2173913,3.623188406,0
El Dorado_ 2021 Q2 Court,362,El Dorado, 2021 Q2 Court,225,128,33,66,1,12,51,5,25,28,El Dorado,Vern Pierson,0,1,1,0,0,,112,29.46428571,58.92857143,10.71428571,0.892857143
El Dorado_ 2021 Q3 Court,363,El Dorado, 2021 Q3 Court,277,129,16,66,4,3,52,9,26,38,El Dorado,Vern Pierson,0,1,1,0,0,,89,17.97752809,74.15730337,3.370786517,4.494382022
El Dorado_ 2021 Q4 Court,364,El Dorado, 2021 Q4 Court,179,23,34,44,0,3,76,7,19,15,El Dorado,Vern Pierson,0,1,1,0,0,,81,41.97530864,54.32098765,3.703703704,0
El Dorado_ 2022 Q1 Court,365,El Dorado, 2022 Q1 Court,198,19,22,46,1,3,78,14,20,19,El Dorado,Vern Pierson,0,1,1,0,0,,72,30.55555556,63.88888889,4.166666667,1.388888889
El Dorado_ 2022 Q2 Court,366,El Dorado, 2022 Q2 Court,180,33,35,67,0,1,74,15,20,26,El Dorado,Vern Pierson,0,1,1,0,0,,103,33.98058252,65.04854369,0.970873786,0
El Dorado_ 2022 Q3 Court,367,El Dorado, 2022 Q3 Court,188,47,73,0,0,2,83,14,25,21,El Dorado,Vern Pierson,0,1,1,0,1,,75,97.33333333,0,2.666666667,0
El Dorado_ 2022 Q4 Court,368,El Dorado, 2022 Q4 Court,183,25,34,89,0,10,76,18,17,28,El Dorado,Vern Pierson,0,1,1,0,1,,133,25.56390977,66.91729323,7.518796992,0
El Dorado_ 2023 Q1 Court,369,El Dorado, 2023 Q1 Court,NA,34,32,103,0,1,76,11,24,21,El Dorado,Vern Pierson,0,NA,NA,NA,0,,136,23.52941176,75.73529412,0.735294118,0
Fresno_ 2013 Q1 Court,370,Fresno, 2013 Q1 Court,2938,2453,439,872,158,168,706,253,367,NA,Fresno,Elizabeth Egan,0,1,1,1,0,,1637,26.81734881,53.26817349,10.26267563,9.651802077
Fresno_ 2013 Q2 Court,371,Fresno, 2013 Q2 Court,2786,2677,491,931,145,121,717,241,337,NA,Fresno,Elizabeth Egan,0,1,1,1,0,,1688,29.08767773,55.15402844,7.168246445,8.590047393
Fresno_ 2013 Q3 Court,372,Fresno, 2013 Q3 Court,3061,3386,562,1024,110,123,660,258,342,47,Fresno,Elizabeth Egan,0,1,1,1,0,,1819,30.89609676,56.2946674,6.761957119,6.047278725
Fresno_ 2013 Q4 Court,373,Fresno, 2013 Q4 Court,2921,3082,416,942,117,128,720,289,243,52,Fresno,Elizabeth Egan,0,1,1,1,0,,1603,25.95134124,58.76481597,7.985028072,7.298814722
Fresno_ 2014 Q1 Court,374,Fresno, 2014 Q1 Court,2802,3160,504,1096,89,192,697,280,239,73,Fresno,Elizabeth Egan,0,1,1,1,0,,1881,26.79425837,58.26687932,10.20733652,4.731525784
Fresno_ 2014 Q2 Court,375,Fresno, 2014 Q2 Court,3136,2998,574,1092,88,253,653,279,287,67,Fresno,Elizabeth Egan,0,1,1,1,0,,2007,28.59990035,54.40956652,12.60587942,4.384653712
Fresno_ 2014 Q3 Court,376,Fresno, 2014 Q3 Court,2877,2825,567,1251,79,250,836,242,244,85,Fresno,Elizabeth Egan,0,1,1,1,1,,2147,26.40894271,58.26734979,11.64415463,3.679552864
Fresno_ 2014 Q4 Court,377,Fresno, 2014 Q4 Court,2158,1953,436,687,44,148,825,373,216,92,Fresno,Elizabeth Egan,0,1,1,1,1,,1315,33.15589354,52.24334601,11.25475285,3.346007605
Fresno_ 2015 Q1 Court,378,Fresno, 2015 Q1 Court,1847,1639,354,665,32,207,589,268,271,99,Fresno,Lisa A. Smittcamp,0,1,1,1,0,Smittcamp beat Egan withs upport of local law enforcement and from the prosecutors and investigators in her office,1258,28.13990461,52.86168521,16.45468998,2.543720191
Fresno_ 2015 Q2 Court,379,Fresno, 2015 Q2 Court,1936,1528,506,593,51,224,623,280,381,176,Fresno,Lisa A. Smittcamp,0,1,1,1,0,,1374,36.82678311,43.15866084,16.30276565,3.711790393
Fresno_ 2015 Q3 Court,380,Fresno, 2015 Q3 Court,1994,1169,304,716,36,131,771,196,336,170,Fresno,Lisa A. Smittcamp,0,1,1,1,0,,1187,25.61078349,60.32013479,11.03622578,3.032855939
Fresno_ 2015 Q4 Court,381,Fresno, 2015 Q4 Court,1571,973,293,711,43,134,599,227,315,196,Fresno,Lisa A. Smittcamp,0,1,1,1,0,,1181,24.80948349,60.20321761,11.34631668,3.640982218
Fresno_ 2016 Q1 Court,382,Fresno, 2016 Q1 Court,1809,891,324,698,58,117,853,270,362,153,Fresno,Lisa A. Smittcamp,0,1,1,1,0,,1197,27.06766917,58.31244779,9.77443609,4.845446951
Fresno_ 2016 Q2 Court,383,Fresno, 2016 Q2 Court,1999,828,379,720,24,124,762,327,419,112,Fresno,Lisa A. Smittcamp,0,1,1,1,0,,1247,30.39294306,57.73857257,9.943865277,1.924619086
Fresno_ 2016 Q3 Court,384,Fresno, 2016 Q3 Court,1733,1049,382,724,32,120,1195,318,414,72,Fresno,Lisa A. Smittcamp,0,1,1,1,0,,1258,30.36565978,57.55166932,9.538950715,2.543720191
Fresno_ 2016 Q4 Court,385,Fresno, 2016 Q4 Court,1554,822,344,629,32,78,1539,313,327,114,Fresno,Lisa A. Smittcamp,0,1,1,1,0,,1083,31.76361958,58.07940905,7.202216066,2.954755309
Fresno_ 2017 Q1 Court,386,Fresno, 2017 Q1 Court,1650,840,401,642,25,97,1040,298,380,127,Fresno,Lisa A. Smittcamp,0,1,1,1,0,,1165,34.42060086,55.10729614,8.326180258,2.145922747
Fresno_ 2017 Q2 Court,387,Fresno, 2017 Q2 Court,1650,734,392,590,35,129,891,204,409,115,Fresno,Lisa A. Smittcamp,0,1,1,1,0,,1146,34.20593368,51.48342059,11.2565445,3.054101222
Fresno_ 2017 Q3 Court,388,Fresno, 2017 Q3 Court,1691,631,345,616,27,107,951,325,411,168,Fresno,Lisa A. Smittcamp,0,1,1,1,0,,1095,31.50684932,56.25570776,9.771689498,2.465753425
Fresno_ 2017 Q4 Court,389,Fresno, 2017 Q4 Court,1641,654,361,566,24,93,830,286,354,130,Fresno,Lisa A. Smittcamp,0,1,1,1,0,,1044,34.57854406,54.21455939,8.908045977,2.298850575
Fresno_ 2018 Q1 Court,390,Fresno, 2018 Q1 Court,1856,790,401,618,36,97,1208,288,383,144,Fresno,Lisa A. Smittcamp,0,1,1,1,0,Need the info on whether it was contested here,1152,34.80902778,53.64583333,8.420138889,3.125
Fresno_ 2018 Q2 Court,391,Fresno, 2018 Q2 Court,1963,1167,444,720,43,87,1210,286,194,102,Fresno,Lisa A. Smittcamp,0,1,1,1,0,,1294,34.3122102,55.64142195,6.723338485,3.323029366
Fresno_ 2018 Q3 Court,392,Fresno, 2018 Q3 Court,2062,1171,448,713,33,99,975,186,160,100,Fresno,Lisa A. Smittcamp,0,1,1,1,1,,1293,34.64810518,55.14307811,7.656612529,2.552204176
Fresno_ 2018 Q4 Court,393,Fresno, 2018 Q4 Court,1925,2221,368,667,43,76,726,218,410,123,Fresno,Lisa A. Smittcamp,0,1,1,1,1,,1154,31.88908146,57.79896014,6.585788562,3.726169844
Fresno_ 2019 Q1 Court,394,Fresno, 2019 Q1 Court,1874,5649,375,678,34,96,450,188,353,138,Fresno,Lisa A. Smittcamp,0,1,1,0,0,,1183,31.69907016,57.31191885,8.114961961,2.874049028
Fresno_ 2019 Q2 Court,395,Fresno, 2019 Q2 Court,1946,5745,383,629,49,73,465,139,342,148,Fresno,Lisa A. Smittcamp,0,1,1,0,0,,1134,33.77425044,55.46737213,6.437389771,4.320987654
Fresno_ 2019 Q3 Court,396,Fresno, 2019 Q3 Court,2141,6038,386,645,61,68,438,177,349,162,Fresno,Lisa A. Smittcamp,0,1,1,0,0,,1160,33.27586207,55.60344828,5.862068966,5.25862069
Fresno_ 2019 Q4 Court,397,Fresno, 2019 Q4 Court,1799,5608,380,620,52,51,363,201,285,179,Fresno,Lisa A. Smittcamp,0,1,1,0,0,,1103,34.45149592,56.21033545,4.6237534,4.714415231
Fresno_ 2020 Q1 Court,398,Fresno, 2020 Q1 Court,1917,4208,346,609,41,61,375,139,363,237,Fresno,Lisa A. Smittcamp,0,1,1,0,0,,1057,32.73415326,57.61589404,5.771050142,3.878902554
Fresno_ 2020 Q2 Court,399,Fresno, 2020 Q2 Court,1791,661,183,216,23,22,110,108,280,49,Fresno,Lisa A. Smittcamp,0,1,1,0,0,,444,41.21621622,48.64864865,4.954954955,5.18018018
Fresno_ 2020 Q3 Court,400,Fresno, 2020 Q3 Court,2140,2450,215,428,9,9,149,107,213,67,Fresno,Lisa A. Smittcamp,0,1,1,0,0,,661,32.52647504,64.75037821,1.361573374,1.361573374
Fresno_ 2020 Q4 Court,401,Fresno, 2020 Q4 Court,2149,2494,270,425,14,17,486,99,212,69,Fresno,Lisa A. Smittcamp,0,1,1,0,0,,726,37.19008264,58.5399449,2.341597796,1.928374656
Fresno_ 2021 Q1 Court,402,Fresno, 2021 Q1 Court,2286,3090,293,440,18,28,567,94,129,24,Fresno,Lisa A. Smittcamp,0,1,1,0,0,,779,37.61232349,56.48267009,3.594351733,2.310654685
Fresno_ 2021 Q2 Court,403,Fresno, 2021 Q2 Court,2174,3823,388,454,33,24,366,62,140,30,Fresno,Lisa A. Smittcamp,0,1,1,0,0,,899,43.15906563,50.50055617,2.669632925,3.670745273
Fresno_ 2021 Q3 Court,404,Fresno, 2021 Q3 Court,2284,1754,395,574,29,31,224,24,117,50,Fresno,Lisa A. Smittcamp,0,1,1,0,0,,1029,38.38678328,55.78231293,3.012633625,2.818270165
Fresno_ 2021 Q4 Court,405,Fresno, 2021 Q4 Court,1757,1064,415,630,46,27,196,22,116,32,Fresno,Lisa A. Smittcamp,0,1,1,0,0,,1118,37.11985689,56.35062612,2.415026834,4.114490161
Fresno_ 2022 Q1 Court,406,Fresno, 2022 Q1 Court,1981,1381,416,676,30,36,167,24,118,20,Fresno,Lisa A. Smittcamp,0,1,1,0,0,,1158,35.92400691,58.37651123,3.10880829,2.590673575
Fresno_ 2022 Q2 Court,407,Fresno, 2022 Q2 Court,2141,1255,458,707,42,33,252,32,177,37,Fresno,Lisa A. Smittcamp,0,1,1,0,0,,1240,36.93548387,57.01612903,2.661290323,3.387096774
Fresno_ 2022 Q3 Court,408,Fresno, 2022 Q3 Court,2104,1175,400,731,34,51,349,34,153,28,Fresno,Lisa A. Smittcamp,0,1,1,0,1,,1216,32.89473684,60.11513158,4.194078947,2.796052632
Fresno_ 2022 Q4 Court,409,Fresno, 2022 Q4 Court,1794,881,431,621,44,47,324,61,179,22,Fresno,Lisa A. Smittcamp,0,1,1,0,1,,1143,37.70778653,54.33070866,4.111986002,3.84951881
Fresno_ 2023 Q1 Court,410,Fresno, 2023 Q1 Court,2024,949,492,658,40,35,358,64,201,28,Fresno,Lisa A. Smittcamp,0,NA,NA,NA,0,,1225,40.16326531,53.71428571,2.857142857,3.265306122
Glenn_ 2013 Q1 Court,411,Glenn, 2013 Q1 Court,50,6,2,22,3,9,30,12,8,1,Glenn,Robert J. Maloney,0,1,0,1,0,,36,5.555555556,61.11111111,25,8.333333333
Glenn_ 2013 Q2 Court,412,Glenn, 2013 Q2 Court,65,12,4,27,5,19,87,3,3,NA,Glenn,Robert J. Maloney,0,1,0,1,0,,55,7.272727273,49.09090909,34.54545455,9.090909091
Glenn_ 2013 Q3 Court,413,Glenn, 2013 Q3 Court,72,1,8,34,7,24,82,6,5,1,Glenn,Robert J. Maloney,0,1,0,1,0,,73,10.95890411,46.57534247,32.87671233,9.589041096
Glenn_ 2013 Q4 Court,414,Glenn, 2013 Q4 Court,62,4,7,33,6,28,58,8,5,1,Glenn,Robert J. Maloney,0,1,0,1,0,,74,9.459459459,44.59459459,37.83783784,8.108108108
Glenn_ 2014 Q1 Court,415,Glenn, 2014 Q1 Court,51,6,2,22,3,9,30,12,8,1,Glenn,Robert J. Maloney,0,1,0,1,0,,36,5.555555556,61.11111111,25,8.333333333
Glenn_ 2014 Q2 Court,416,Glenn, 2014 Q2 Court,56,7,2,28,4,18,38,12,3,2,Glenn,Robert J. Maloney,0,1,0,1,0,,52,3.846153846,53.84615385,34.61538462,7.692307692
Glenn_ 2014 Q3 Court,417,Glenn, 2014 Q3 Court,69,6,3,29,3,22,22,8,4,1,Glenn,Robert J. Maloney,0,1,0,1,1,,57,5.263157895,50.87719298,38.59649123,5.263157895
Glenn_ 2014 Q4 Court,418,Glenn, 2014 Q4 Court,116,4,3,38,3,31,28,8,2,3,Glenn,Robert J. Maloney,0,1,0,1,1,,75,4,50.66666667,41.33333333,4
Glenn_ 2015 Q1 Court,419,Glenn, 2015 Q1 Court,52,2,1,29,0,15,10,4,2,1,Glenn,Dwayne R. Stewart,0,1,1,0,0,,45,2.222222222,64.44444444,33.33333333,0
Glenn_ 2015 Q2 Court,420,Glenn, 2015 Q2 Court,63,1,3,34,0,12,8,5,2,2,Glenn,Dwayne R. Stewart,0,1,1,0,0,,49,6.12244898,69.3877551,24.48979592,0
Glenn_ 2015 Q3 Court,421,Glenn, 2015 Q3 Court,68,NA,NA,NA,NA,NA,NA,NA,NA,NA,Glenn,Dwayne R. Stewart,0,1,1,0,0,,NA,NA,NA,NA,NA
Glenn_ 2015 Q4 Court,422,Glenn, 2015 Q4 Court,58,1,3,20,0,9,10,3,2,2,Glenn,Dwayne R. Stewart,0,1,1,0,0,,32,9.375,62.5,28.125,0
Glenn_ 2016 Q1 Court,423,Glenn, 2016 Q1 Court,79,4,6,40,2,12,8,4,1,0,Glenn,Dwayne R. Stewart,0,1,1,0,0,,60,10,66.66666667,20,3.333333333
Glenn_ 2016 Q2 Court,424,Glenn, 2016 Q2 Court,115,12,8,52,4,18,16,9,3,2,Glenn,Dwayne R. Stewart,0,1,1,0,0,,82,9.756097561,63.41463415,21.95121951,4.87804878
Glenn_ 2016 Q3 Court,425,Glenn, 2016 Q3 Court,109,12,2,24,1,15,22,8,4,1,Glenn,Dwayne R. Stewart,0,1,1,0,0,,42,4.761904762,57.14285714,35.71428571,2.380952381
Glenn_ 2016 Q4 Court,426,Glenn, 2016 Q4 Court,81,14,1,42,3,16,26,3,0,0,Glenn,Dwayne R. Stewart,0,1,1,0,0,,62,1.612903226,67.74193548,25.80645161,4.838709677
Glenn_ 2017 Q1 Court,427,Glenn, 2017 Q1 Court,64,0,2,32,0,12,25,3,2,1,Glenn,Dwayne R. Stewart,0,1,1,0,0,,46,4.347826087,69.56521739,26.08695652,0
Glenn_ 2017 Q2 Court,428,Glenn, 2017 Q2 Court,65,1,1,34,1,8,22,8,2,2,Glenn,Dwayne R. Stewart,0,1,1,0,0,,44,2.272727273,77.27272727,18.18181818,2.272727273
Glenn_ 2017 Q3 Court,429,Glenn, 2017 Q3 Court,67,1,1,32,1,9,25,7,3,0,Glenn,Dwayne R. Stewart,0,1,1,0,0,,43,2.325581395,74.41860465,20.93023256,2.325581395
Glenn_ 2017 Q4 Court,430,Glenn, 2017 Q4 Court,63,NA,NA,NA,NA,NA,NA,NA,NA,NA,Glenn,Dwayne R. Stewart,0,1,1,0,0,,NA,NA,NA,NA,NA
Glenn_ 2018 Q1 Court,431,Glenn, 2018 Q1 Court,94,3,NA,45,37,0,27,0,7,1,Glenn,Dwayne R. Stewart,0,1,1,0,0,,NA,NA,NA,NA,NA
Glenn_ 2018 Q2 Court,432,Glenn, 2018 Q2 Court,66,NA,NA,NA,NA,NA,NA,NA,NA,NA,Glenn,Dwayne R. Stewart,0,1,1,0,0,,NA,NA,NA,NA,NA
Glenn_ 2018 Q3 Court,433,Glenn, 2018 Q3 Court,76,NA,NA,NA,NA,NA,NA,NA,NA,NA,Glenn,Dwayne R. Stewart,0,1,1,0,1,,NA,NA,NA,NA,NA
Glenn_ 2018 Q4 Court,434,Glenn, 2018 Q4 Court,89,NA,NA,NA,NA,NA,NA,NA,NA,NA,Glenn,Dwayne R. Stewart,0,1,1,0,1,,NA,NA,NA,NA,NA
Glenn_ 2019 Q1 Court,435,Glenn, 2019 Q1 Court,80,12,16,17,5,2,64,0,9,3,Glenn,Dwayne R. Stewart,0,1,1,0,0,,40,40,42.5,5,12.5
Glenn_ 2019 Q2 Court,436,Glenn, 2019 Q2 Court,73,5,11,21,4,3,55,4,0,2,Glenn,Dwayne R. Stewart,0,1,1,0,0,,39,28.20512821,53.84615385,7.692307692,10.25641026
Glenn_ 2019 Q3 Court,437,Glenn, 2019 Q3 Court,124,9,12,26,4,2,86,0,9,5,Glenn,Dwayne R. Stewart,0,1,1,0,0,,44,27.27272727,59.09090909,4.545454545,9.090909091
Glenn_ 2019 Q4 Court,438,Glenn, 2019 Q4 Court,83,7,5,13,2,1,89,0,14,4,Glenn,Dwayne R. Stewart,0,1,1,0,0,,21,23.80952381,61.9047619,4.761904762,9.523809524
Glenn_ 2020 Q1 Court,439,Glenn, 2020 Q1 Court,69,35,14,14,2,3,62,2,11,6,Glenn,Dwayne R. Stewart,0,1,1,0,0,,33,42.42424242,42.42424242,9.090909091,6.060606061
Glenn_ 2020 Q2 Court,440,Glenn, 2020 Q2 Court,62,32,23,35,0,0,61,3,6,0,Glenn,Dwayne R. Stewart,0,1,1,0,0,,58,39.65517241,60.34482759,0,0
Glenn_ 2020 Q3 Court,441,Glenn, 2020 Q3 Court,69,16,14,36,3,0,77,4,6,4,Glenn,Dwayne R. Stewart,0,1,1,0,0,,53,26.41509434,67.9245283,0,5.660377358
Glenn_ 2020 Q4 Court,442,Glenn, 2020 Q4 Court,67,38,3,28,2,0,64,7,9,0,Glenn,Dwayne R. Stewart,0,1,1,0,0,,33,9.090909091,84.84848485,0,6.060606061
Glenn_ 2021 Q1 Court,443,Glenn, 2021 Q1 Court,83,32,12,NA,2,NA,69,1,18,0,Glenn,Dwayne R. Stewart,0,1,1,0,0,,NA,NA,NA,NA,NA
Glenn_ 2021 Q2 Court,444,Glenn, 2021 Q2 Court,74,NA,12,NA,1,NA,99,0,12,0,Glenn,Dwayne R. Stewart,0,1,1,0,0,,NA,NA,NA,NA,NA
Glenn_ 2021 Q3 Court,445,Glenn, 2021 Q3 Court,NA,NA,15,NA,2,NA,92,5,11,0,Glenn,Dwayne R. Stewart,0,1,1,0,0,,NA,NA,NA,NA,NA
Glenn_ 2021 Q4 Court,446,Glenn, 2021 Q4 Court,NA,NA,3,NA,0,NA,71,1,6,0,Glenn,Dwayne R. Stewart,0,1,1,0,0,,NA,NA,NA,NA,NA
Glenn_ 2022 Q1 Court,447,Glenn, 2022 Q1 Court,NA,NA,9,NA,3,NA,85,2,6,1,Glenn,Dwayne R. Stewart,0,1,1,0,0,,NA,NA,NA,NA,NA
Glenn_ 2022 Q2 Court,448,Glenn, 2022 Q2 Court,NA,NA,7,NA,0,NA,76,0,1,4,Glenn,Dwayne R. Stewart,0,1,1,0,0,,NA,NA,NA,NA,NA
Glenn_ 2022 Q3 Court,449,Glenn, 2022 Q3 Court,NA,NA,11,NA,0,NA,58,1,1,1,Glenn,Dwayne R. Stewart,0,1,1,0,1,,NA,NA,NA,NA,NA
Glenn_ 2022 Q4 Court,450,Glenn, 2022 Q4 Court,NA,NA,8,NA,1,NA,38,0,5,1,Glenn,Dwayne R. Stewart,0,1,1,0,1,,NA,NA,NA,NA,NA
Humboldt_ 2013 Q1 Court,451,Humboldt, 2013 Q1 Court,509,150,21,125,6,23,180,56,58,NA,Humboldt,Paul Gallegos,0,0,NA,NA,0,,175,12,71.42857143,13.14285714,3.428571429
Humboldt_ 2013 Q2 Court,452,Humboldt, 2013 Q2 Court,445,172,30,101,2,20,254,61,48,NA,Humboldt,Paul Gallegos,0,0,NA,NA,0,,153,19.60784314,66.0130719,13.07189542,1.307189542
Humboldt_ 2013 Q3 Court,453,Humboldt, 2013 Q3 Court,555,192,31,91,4,11,195,61,51,4,Humboldt,Paul Gallegos,0,0,NA,NA,0,,137,22.62773723,66.42335766,8.02919708,2.919708029
Humboldt_ 2013 Q4 Court,454,Humboldt, 2013 Q4 Court,544,167,28,134,4,16,231,51,53,4,Humboldt,Paul Gallegos,0,0,NA,NA,0,,182,15.38461538,73.62637363,8.791208791,2.197802198
Humboldt_ 2014 Q1 Court,455,Humboldt, 2014 Q1 Court,476,173,32,128,2,8,284,64,35,3,Humboldt,Paul Gallegos,0,0,NA,1,0,,170,18.82352941,75.29411765,4.705882353,1.176470588
Humboldt_ 2014 Q2 Court,456,Humboldt, 2014 Q2 Court,476,121,28,118,4,8,248,76,52,8,Humboldt,Paul Gallegos,0,0,NA,1,0,,158,17.72151899,74.6835443,5.063291139,2.53164557
Humboldt_ 2014 Q3 Court,457,Humboldt, 2014 Q3 Court,420,159,11,113,1,18,277,50,55,4,Humboldt,Paul Gallegos,0,0,NA,1,1,,143,7.692307692,79.02097902,12.58741259,0.699300699
Humboldt_ 2014 Q4 Court,458,Humboldt, 2014 Q4 Court,335,142,20,63,3,5,149,76,49,5,Humboldt,Paul Gallegos,0,0,NA,1,1,,91,21.97802198,69.23076923,5.494505495,3.296703297
Humboldt_ 2015 Q1 Court,459,Humboldt, 2015 Q1 Court,378,163,27,65,6,3,150,33,45,6,Humboldt,Maggie Fleming,0,1,1,0,0,,101,26.73267327,64.35643564,2.97029703,5.940594059
Humboldt_ 2015 Q2 Court,460,Humboldt, 2015 Q2 Court,406,120,42,90,1,10,130,28,49,4,Humboldt,Maggie Fleming,0,1,1,0,0,,143,29.37062937,62.93706294,6.993006993,0.699300699
Humboldt_ 2015 Q3 Court,461,Humboldt, 2015 Q3 Court,294,115,27,94,2,7,138,28,54,10,Humboldt,Maggie Fleming,0,1,1,0,0,,130,20.76923077,72.30769231,5.384615385,1.538461538
Humboldt_ 2015 Q4 Court,462,Humboldt, 2015 Q4 Court,356,65,22,45,0,8,93,19,37,0,Humboldt,Maggie Fleming,0,1,1,0,0,,75,29.33333333,60,10.66666667,0
Humboldt_ 2016 Q1 Court,463,Humboldt, 2016 Q1 Court,342,130,36,75,2,12,141,29,50,6,Humboldt,Maggie Fleming,0,1,1,0,0,,125,28.8,60,9.6,1.6
Humboldt_ 2016 Q2 Court,464,Humboldt, 2016 Q2 Court,377,101,30,83,0,13,135,34,51,7,Humboldt,Maggie Fleming,0,1,1,0,0,,126,23.80952381,65.87301587,10.31746032,0
Humboldt_ 2016 Q3 Court,465,Humboldt, 2016 Q3 Court,296,97,41,104,2,24,146,40,66,6,Humboldt,Maggie Fleming,0,1,1,0,0,,171,23.97660819,60.81871345,14.03508772,1.169590643
Humboldt_ 2016 Q4 Court,466,Humboldt, 2016 Q4 Court,300,88,24,94,1,16,154,58,55,8,Humboldt,Maggie Fleming,0,1,1,0,0,,135,17.77777778,69.62962963,11.85185185,0.740740741
Humboldt_ 2017 Q1 Court,467,Humboldt, 2017 Q1 Court,261,87,39,83,1,16,151,83,60,10,Humboldt,Maggie Fleming,0,1,1,0,0,,139,28.05755396,59.71223022,11.51079137,0.71942446
Humboldt_ 2017 Q2 Court,468,Humboldt, 2017 Q2 Court,295,88,56,104,1,16,168,57,68,11,Humboldt,Maggie Fleming,0,1,1,0,0,,177,31.63841808,58.75706215,9.039548023,0.564971751
Humboldt_ 2017 Q3 Court,469,Humboldt, 2017 Q3 Court,315,75,44,88,1,15,141,52,51,11,Humboldt,Maggie Fleming,0,1,1,0,0,,148,29.72972973,59.45945946,10.13513514,0.675675676
Humboldt_ 2017 Q4 Court,470,Humboldt, 2017 Q4 Court,313,52,40,102,1,21,160,45,45,17,Humboldt,Maggie Fleming,0,1,1,0,0,,164,24.3902439,62.19512195,12.80487805,0.609756098
Humboldt_ 2018 Q1 Court,471,Humboldt, 2018 Q1 Court,331,70,41,82,2,18,142,50,34,10,Humboldt,Maggie Fleming,0,1,1,0,0,,143,28.67132867,57.34265734,12.58741259,1.398601399
Humboldt_ 2018 Q2 Court,472,Humboldt, 2018 Q2 Court,399,97,51,106,4,15,129,61,41,13,Humboldt,Maggie Fleming,0,1,1,0,0,,176,28.97727273,60.22727273,8.522727273,2.272727273
Humboldt_ 2018 Q3 Court,473,Humboldt, 2018 Q3 Court,297,95,39,102,0,10,133,74,28,10,Humboldt,Maggie Fleming,0,1,1,0,0,,151,25.82781457,67.54966887,6.622516556,0
Humboldt_ 2018 Q4 Court,474,Humboldt, 2018 Q4 Court,290,71,47,96,0,17,158,47,44,17,Humboldt,Maggie Fleming,0,1,1,0,0,,160,29.375,60,10.625,0
Humboldt_ 2019 Q1 Court,475,Humboldt, 2019 Q1 Court,277,78,34,83,2,23,125,49,40,11,Humboldt,Maggie Fleming,0,1,1,0,0,,142,23.94366197,58.45070423,16.1971831,1.408450704
Humboldt_ 2019 Q2 Court,476,Humboldt, 2019 Q2 Court,297,101,61,80,1,6,145,59,48,22,Humboldt,Maggie Fleming,0,1,1,0,0,,148,41.21621622,54.05405405,4.054054054,0.675675676
Humboldt_ 2019 Q3 Court,477,Humboldt, 2019 Q3 Court,319,86,18,54,0,11,92,37,34,15,Humboldt,Maggie Fleming,0,1,1,0,1,,83,21.68674699,65.06024096,13.25301205,0
Humboldt_ 2019 Q4 Court,478,Humboldt, 2019 Q4 Court,249,47,54,162,0,11,135,46,44,33,Humboldt,Maggie Fleming,0,1,1,0,1,,227,23.78854626,71.36563877,4.845814978,0
Humboldt_ 2020 Q1 Court,479,Humboldt, 2020 Q1 Court,275,46,44,207,1,15,130,51,35,32,Humboldt,Maggie Fleming,0,0,NA,1,0,,267,16.47940075,77.52808989,5.617977528,0.374531835
Humboldt_ 2020 Q2 Court,480,Humboldt, 2020 Q2 Court,240,49,21,60,0,2,57,18,17,4,Humboldt,Maggie Fleming,0,0,NA,1,0,,83,25.30120482,72.28915663,2.409638554,0
Humboldt_ 2020 Q3 Court,481,Humboldt, 2020 Q3 Court,332,91,35,111,1,4,120,25,25,7,Humboldt,Maggie Fleming,0,0,NA,1,0,,151,23.17880795,73.50993377,2.649006623,0.662251656
Humboldt_ 2020 Q4 Court,482,Humboldt, 2020 Q4 Court,258,109,40,84,0,9,103,15,23,13,Humboldt,Maggie Fleming,0,0,NA,1,0,,133,30.07518797,63.15789474,6.766917293,0
Humboldt_ 2021 Q1 Court,483,Humboldt, 2021 Q1 Court,381,131,24,89,0,7,98,30,16,19,Humboldt,Maggie Fleming,0,0,NA,1,0,,120,20,74.16666667,5.833333333,0
Humboldt_ 2021 Q2 Court,484,Humboldt, 2021 Q2 Court,326,189,36,95,1,12,89,20,18,36,Humboldt,Maggie Fleming,0,0,NA,1,0,,144,25,65.97222222,8.333333333,0.694444444
Humboldt_ 2021 Q3 Court,485,Humboldt, 2021 Q3 Court,340,206,77,114,0,18,108,20,13,22,Humboldt,Maggie Fleming,0,0,NA,1,0,,209,36.84210526,54.54545455,8.612440191,0
Humboldt_ 2021 Q4 Court,486,Humboldt, 2021 Q4 Court,353,192,65,116,1,11,87,22,17,9,Humboldt,Maggie Fleming,0,0,NA,1,0,,193,33.67875648,60.10362694,5.699481865,0.518134715
Humboldt_ 2022 Q1 Court,487,Humboldt, 2022 Q1 Court,243,225,52,127,0,12,77,18,11,16,Humboldt,Maggie Fleming,0,0,NA,1,0,Maggie Fleming did not run again. Stacey Eads ,191,27.22513089,66.4921466,6.282722513,0
Humboldt_ 2022 Q2 Court,488,Humboldt, 2022 Q2 Court,296,203,72,146,4,18,71,22,8,16,Humboldt,Maggie Fleming,0,0,NA,1,0,,240,30,60.83333333,7.5,1.666666667
Humboldt_ 2022 Q3 Court,489,Humboldt, 2022 Q3 Court,309,197,81,120,1,19,82,29,15,7,Humboldt,Maggie Fleming,0,0,NA,1,1,,221,36.65158371,54.29864253,8.597285068,0.452488688
Humboldt_ 2022 Q4 Court,490,Humboldt, 2022 Q4 Court,271,143,33,103,3,19,80,29,20,10,Humboldt,Maggie Fleming,0,0,NA,1,1,,158,20.88607595,65.18987342,12.02531646,1.898734177
Humboldt_ 2023 Q1 Court,491,Humboldt, 2023 Q1 Court,303,158,38,92,0,14,97,33,20,14,Humboldt,Stacey Eads,0,NA,NA,NA,0,,144,26.38888889,63.88888889,9.722222222,0
Imperial_ 2013 Q1 Court,492,Imperial, 2013 Q1 Court,580,78,67,146,27,0,101,0,7,0,Imperial,Gilbert G. Otero,0,1,1,0,0,https://elections.imperialcounty.org/election-data/,240,27.91666667,60.83333333,0,11.25
Imperial_ 2013 Q2 Court,493,Imperial, 2013 Q2 Court,556,88,59,168,27,0,141,0,14,NA,Imperial,Gilbert G. Otero,0,1,1,0,0,,254,23.22834646,66.14173228,0,10.62992126
Imperial_ 2013 Q3 Court,494,Imperial, 2013 Q3 Court,552,71,44,155,32,0,132,0,20,13,Imperial,Gilbert G. Otero,0,1,1,0,0,,231,19.04761905,67.0995671,0,13.85281385
Imperial_ 2013 Q4 Court,495,Imperial, 2013 Q4 Court,570,113,70,171,29,6,139,2,17,17,Imperial,Gilbert G. Otero,0,1,1,0,0,,276,25.36231884,61.95652174,2.173913043,10.50724638
Imperial_ 2014 Q1 Court,496,Imperial, 2014 Q1 Court,501,99,45,136,29,8,138,1,20,14,Imperial,Gilbert G. Otero,0,1,1,0,0,,218,20.64220183,62.3853211,3.669724771,13.30275229
Imperial_ 2014 Q2 Court,497,Imperial, 2014 Q2 Court,570,96,53,204,29,14,167,3,25,22,Imperial,Gilbert G. Otero,0,1,1,0,0,,300,17.66666667,68,4.666666667,9.666666667
Imperial_ 2014 Q3 Court,498,Imperial, 2014 Q3 Court,485,92,65,161,33,7,196,14,40,12,Imperial,Gilbert G. Otero,0,1,1,0,0,,266,24.43609023,60.52631579,2.631578947,12.40601504
Imperial_ 2014 Q4 Court,499,Imperial, 2014 Q4 Court,401,76,53,143,15,5,132,15,26,23,Imperial,Gilbert G. Otero,0,1,1,0,0,,216,24.53703704,66.2037037,2.314814815,6.944444444
Imperial_ 2015 Q1 Court,500,Imperial, 2015 Q1 Court,379,60,43,126,16,6,131,12,28,13,Imperial,Gilbert G. Otero,0,1,1,0,0,,191,22.51308901,65.96858639,3.141361257,8.376963351
Imperial_ 2015 Q2 Court,501,Imperial, 2015 Q2 Court,470,58,36,170,19,6,136,13,37,7,Imperial,Gilbert G. Otero,0,1,1,0,0,,231,15.58441558,73.59307359,2.597402597,8.225108225
Imperial_ 2015 Q3 Court,502,Imperial, 2015 Q3 Court,438,63,75,155,25,4,184,9,40,15,Imperial,Gilbert G. Otero,0,1,1,0,1,,259,28.95752896,59.84555985,1.544401544,9.652509653
Imperial_ 2015 Q4 Court,503,Imperial, 2015 Q4 Court,367,74,47,142,21,2,186,8,24,7,Imperial,Gilbert G. Otero,0,1,1,0,1,,212,22.16981132,66.98113208,0.943396226,9.905660377
Imperial_ 2016 Q1 Court,504,Imperial, 2016 Q1 Court,404,87,76,130,19,7,150,8,32,10,Imperial,Gilbert G. Otero,0,1,1,1,0,,232,32.75862069,56.03448276,3.017241379,8.189655172
Imperial_ 2016 Q2 Court,505,Imperial, 2016 Q2 Court,410,71,80,147,19,6,184,7,42,17,Imperial,Gilbert G. Otero,0,1,1,1,0,,252,31.74603175,58.33333333,2.380952381,7.53968254
Imperial_ 2016 Q3 Court,506,Imperial, 2016 Q3 Court,408,59,74,124,13,5,156,4,29,14,Imperial,Gilbert G. Otero,0,1,1,1,0,,216,34.25925926,57.40740741,2.314814815,6.018518519
Imperial_ 2016 Q4 Court,507,Imperial, 2016 Q4 Court,302,42,58,104,15,2,160,2,42,15,Imperial,Gilbert G. Otero,0,1,1,1,0,,179,32.40223464,58.10055866,1.117318436,8.379888268
Imperial_ 2017 Q1 Court,508,Imperial, 2017 Q1 Court,398,45,72,123,10,4,159,4,29,14,Imperial,Gilbert G. Otero,0,1,1,1,0,,209,34.44976077,58.85167464,1.913875598,4.784688995
Imperial_ 2017 Q2 Court,509,Imperial, 2017 Q2 Court,407,50,60,96,21,2,226,4,45,14,Imperial,Gilbert G. Otero,0,1,1,1,0,,179,33.51955307,53.63128492,1.117318436,11.73184358
Imperial_ 2017 Q3 Court,510,Imperial, 2017 Q3 Court,362,68,99,130,11,6,204,4,34,14,Imperial,Gilbert G. Otero,0,1,1,1,0,,246,40.24390244,52.84552846,2.43902439,4.471544715
Imperial_ 2017 Q4 Court,511,Imperial, 2017 Q4 Court,344,58,72,255,7,3,162,1,37,15,Imperial,Gilbert G. Otero,0,1,1,1,0,,337,21.36498516,75.66765579,0.890207715,2.077151335
Imperial_ 2018 Q1 Court,512,Imperial, 2018 Q1 Court,309,43,69,230,0,2,182,8,30,11,Imperial,Gilbert G. Otero,0,1,1,1,0,,301,22.92358804,76.41196013,0.664451827,0
Imperial_ 2018 Q2 Court,513,Imperial, 2018 Q2 Court,375,63,80,236,5,3,193,0,30,11,Imperial,Gilbert G. Otero,0,1,1,1,0,,324,24.69135802,72.83950617,0.925925926,1.543209877
Imperial_ 2018 Q3 Court,514,Imperial, 2018 Q3 Court,375,76,101,256,7,1,194,1,35,8,Imperial,Gilbert G. Otero,0,1,1,1,1,,365,27.67123288,70.1369863,0.273972603,1.917808219
Imperial_ 2018 Q4 Court,515,Imperial, 2018 Q4 Court,280,70,80,203,10,4,158,1,34,5,Imperial,Gilbert G. Otero,0,1,1,1,1,,297,26.93602694,68.35016835,1.346801347,3.367003367
Imperial_ 2019 Q1 Court,516,Imperial, 2019 Q1 Court,268,59,54,161,3,5,123,0,29,6,Imperial,Gilbert G. Otero,0,0,NA,NA,0,,223,24.21524664,72.19730942,2.242152466,1.34529148
Imperial_ 2019 Q2 Court,517,Imperial, 2019 Q2 Court,328,77,58,181,4,6,156,1,23,6,Imperial,Gilbert G. Otero,0,0,NA,NA,0,,249,23.29317269,72.69076305,2.409638554,1.606425703
Imperial_ 2019 Q3 Court,518,Imperial, 2019 Q3 Court,343,84,55,193,5,19,134,1,30,10,Imperial,Gilbert G. Otero,0,0,NA,NA,0,,272,20.22058824,70.95588235,6.985294118,1.838235294
Imperial_ 2019 Q4 Court,519,Imperial, 2019 Q4 Court,252,65,53,166,8,9,131,1,19,4,Imperial,Gilbert G. Otero,0,0,NA,NA,0,,236,22.45762712,70.33898305,3.813559322,3.389830508
Imperial_ 2020 Q1 Court,520,Imperial, 2020 Q1 Court,252,54,49,150,5,6,130,0,27,10,Imperial,Gilbert G. Otero,0,0,NA,NA,0,,210,23.33333333,71.42857143,2.857142857,2.380952381
Imperial_ 2020 Q2 Court,521,Imperial, 2020 Q2 Court,169,42,19,52,1,3,24,0,4,0,Imperial,Gilbert G. Otero,0,0,NA,NA,0,,75,25.33333333,69.33333333,4,1.333333333
Imperial_ 2020 Q3 Court,522,Imperial, 2020 Q3 Court,248,75,20,74,6,6,53,4,28,1,Imperial,Gilbert G. Otero,0,0,NA,NA,0,,106,18.86792453,69.81132075,5.660377358,5.660377358
Imperial_ 2020 Q4 Court,523,Imperial, 2020 Q4 Court,348,60,15,50,3,1,86,1,32,1,Imperial,Gilbert G. Otero,0,0,NA,NA,0,,69,21.73913043,72.46376812,1.449275362,4.347826087
Imperial_ 2021 Q1 Court,524,Imperial, 2021 Q1 Court,394,60,25,48,2,0,78,4,24,0,Imperial,Gilbert G. Otero,0,0,NA,NA,0,,75,33.33333333,64,0,2.666666667
Imperial_ 2021 Q2 Court,525,Imperial, 2021 Q2 Court,363,112,36,92,7,2,70,6,19,3,Imperial,Gilbert G. Otero,0,0,NA,NA,0,,137,26.27737226,67.15328467,1.459854015,5.109489051
Imperial_ 2021 Q3 Court,526,Imperial, 2021 Q3 Court,427,102,57,120,8,5,72,15,10,3,Imperial,Gilbert G. Otero,0,0,NA,NA,0,,190,30,63.15789474,2.631578947,4.210526316
Imperial_ 2021 Q4 Court,527,Imperial, 2021 Q4 Court,195,83,82,120,3,3,55,5,21,0,Imperial,Gilbert G. Otero,0,0,NA,NA,0,,208,39.42307692,57.69230769,1.442307692,1.442307692
Imperial_ 2022 Q1 Court,528,Imperial, 2022 Q1 Court,243,60,56,69,4,4,76,1,24,8,Imperial,Gilbert G. Otero,0,0,NA,1,0,,133,42.10526316,51.87969925,3.007518797,3.007518797
Imperial_ 2022 Q2 Court,529,Imperial, 2022 Q2 Court,306,73,57,116,8,5,90,2,13,3,Imperial,Gilbert G. Otero,0,0,NA,1,0,,186,30.64516129,62.3655914,2.688172043,4.301075269
Imperial_ 2022 Q3 Court,530,Imperial, 2022 Q3 Court,422,80,67,122,5,10,85,3,29,5,Imperial,Gilbert G. Otero,0,0,NA,1,1,,204,32.84313725,59.80392157,4.901960784,2.450980392
Imperial_ 2022 Q4 Court,531,Imperial, 2022 Q4 Court,272,58,56,92,1,8,72,2,30,0,Imperial,Gilbert G. Otero,0,0,NA,1,1,,157,35.66878981,58.59872611,5.095541401,0.636942675
Imperial_ 2023 Q1 Court,532,Imperial, 2023 Q1 Court,205,69,72,96,5,8,85,10,35,4,Imperial,George Marquez,0,0,NA,NA,0,,181,39.77900552,53.03867403,4.419889503,2.762430939
Inyo_ 2013 Q1 Court,533,Inyo, 2013 Q1 Court,48,13,5,8,3,2,3,1,0,0,Inyo,Arthur Maillett,0,0,NA,NA,0,https://elections.inyocounty.us/results/,18,27.77777778,44.44444444,11.11111111,16.66666667
Inyo_ 2013 Q2 Court,534,Inyo, 2013 Q2 Court,47,8,2,5,5,3,8,3,0,0,Inyo,Arthur Maillett,0,0,NA,NA,0,,15,13.33333333,33.33333333,20,33.33333333
Inyo_ 2013 Q3 Court,535,Inyo, 2013 Q3 Court,78,3,3,26,0,9,10,8,1,1,Inyo,Arthur Maillett,0,0,NA,NA,0,,38,7.894736842,68.42105263,23.68421053,0
Inyo_ 2013 Q4 Court,536,Inyo, 2013 Q4 Court,55,3,1,16,1,2,40,2,0,5,Inyo,Arthur Maillett,0,0,NA,NA,0,,20,5,80,10,5
Inyo_ 2014 Q1 Court,537,Inyo, 2014 Q1 Court,39,2,3,20,1,8,37,3,1,2,Inyo,Arthur Maillett,0,0,NA,NA,0,,32,9.375,62.5,25,3.125
Inyo_ 2014 Q2 Court,538,Inyo, 2014 Q2 Court,45,2,3,17,3,5,39,1,5,2,Inyo,Arthur Maillett,0,0,NA,NA,0,,28,10.71428571,60.71428571,17.85714286,10.71428571
Inyo_ 2015 Q1 Court,541,Inyo, 2015 Q1 Court,57,19,3,25,4,1,28,0,0,0,Inyo,Thomas Hardy,0,1,1,0,0,,33,9.090909091,75.75757576,3.03030303,12.12121212
Inyo_ 2015 Q2 Court,542,Inyo, 2015 Q2 Court,58,16,9,27,1,0,36,0,1,3,Inyo,Thomas Hardy,0,1,1,0,0,,37,24.32432432,72.97297297,0,2.702702703
Inyo_ 2015 Q3 Court,543,Inyo, 2015 Q3 Court,48,8,4,36,2,0,48,3,1,0,Inyo,Thomas Hardy,0,1,1,0,0,,42,9.523809524,85.71428571,0,4.761904762
Inyo_ 2015 Q4 Court,544,Inyo, 2015 Q4 Court,38,14,3,19,0,2,37,2,4,0,Inyo,Thomas Hardy,0,1,1,0,0,,24,12.5,79.16666667,8.333333333,0
Inyo_ 2016 Q1 Court,545,Inyo, 2016 Q1 Court,37,10,6,22,0,3,31,1,6,0,Inyo,Thomas Hardy,0,1,1,0,0,,31,19.35483871,70.96774194,9.677419355,0
Inyo_ 2016 Q2 Court,546,Inyo, 2016 Q2 Court,49,2,2,27,0,0,39,3,7,0,Inyo,Thomas Hardy,0,1,1,0,0,,29,6.896551724,93.10344828,0,0
Inyo_ 2016 Q3 Court,547,Inyo, 2016 Q3 Court,35,7,6,17,1,2,46,2,9,0,Inyo,Thomas Hardy,0,1,1,0,0,,26,23.07692308,65.38461538,7.692307692,3.846153846
Inyo_ 2016 Q4 Court,548,Inyo, 2016 Q4 Court,45,4,3,16,0,1,46,6,7,0,Inyo,Thomas Hardy,0,1,1,0,0,,20,15,80,5,0
Inyo_ 2017 Q1 Court,549,Inyo, 2017 Q1 Court,39,17,2,13,0,1,45,5,5,1,Inyo,Thomas Hardy,0,1,1,0,0,,16,12.5,81.25,6.25,0
Inyo_ 2017 Q2 Court,550,Inyo, 2017 Q2 Court,61,9,2,22,0,1,45,8,7,0,Inyo,Thomas Hardy,0,1,1,0,0,,25,8,88,4,0
Inyo_ 2017 Q3 Court,551,Inyo, 2017 Q3 Court,49,4,0,19,1,1,43,6,9,0,Inyo,Thomas Hardy,0,1,1,0,0,,21,0,90.47619048,4.761904762,4.761904762
Inyo_ 2017 Q4 Court,552,Inyo, 2017 Q4 Court,37,11,7,23,0,1,49,4,10,0,Inyo,Thomas Hardy,0,1,1,0,0,,31,22.58064516,74.19354839,3.225806452,0
Inyo_ 2018 Q1 Court,553,Inyo, 2018 Q1 Court,35,13,4,14,0,1,42,2,6,0,Inyo,Thomas Hardy,0,1,1,0,0,,19,21.05263158,73.68421053,5.263157895,0
Inyo_ 2018 Q2 Court,554,Inyo, 2018 Q2 Court,59,6,5,12,0,3,64,3,4,0,Inyo,Thomas Hardy,0,1,1,0,0,,20,25,60,15,0
Inyo_ 2018 Q3 Court,555,Inyo, 2018 Q3 Court,40,4,8,13,0,1,51,2,13,0,Inyo,Thomas Hardy,0,1,1,0,1,,22,36.36363636,59.09090909,4.545454545,0
Inyo_ 2018 Q4 Court,556,Inyo, 2018 Q4 Court,46,8,2,8,1,1,31,2,5,1,Inyo,Thomas Hardy,0,1,1,0,1,,12,16.66666667,66.66666667,8.333333333,8.333333333
Inyo_ 2019 Q1 Court,557,Inyo, 2019 Q1 Court,34,8,4,9,0,1,28,4,8,0,Inyo,Thomas Hardy,0,1,1,0,0,,14,28.57142857,64.28571429,7.142857143,0
Inyo_ 2019 Q2 Court,558,Inyo, 2019 Q2 Court,47,20,3,11,0,1,26,9,8,1,Inyo,Thomas Hardy,0,1,1,0,0,,15,20,73.33333333,6.666666667,0
Inyo_ 2019 Q3 Court,559,Inyo, 2019 Q3 Court,51,8,5,15,1,1,30,1,9,1,Inyo,Thomas Hardy,0,1,1,0,0,,22,22.72727273,68.18181818,4.545454545,4.545454545
Inyo_ 2019 Q4 Court,560,Inyo, 2019 Q4 Court,27,9,5,15,4,0,32,1,10,0,Inyo,Thomas Hardy,0,1,1,0,0,,24,20.83333333,62.5,0,16.66666667
Inyo_ 2020 Q1 Court,561,Inyo, 2020 Q1 Court,37,5,3,11,0,0,24,0,10,0,Inyo,Thomas Hardy,0,1,1,0,0,,14,21.42857143,78.57142857,0,0
Inyo_ 2020 Q2 Court,562,Inyo, 2020 Q2 Court,34,5,3,4,0,0,17,1,5,0,Inyo,Thomas Hardy,0,1,1,0,0,,7,42.85714286,57.14285714,0,0
Inyo_ 2020 Q3 Court,563,Inyo, 2020 Q3 Court,70,19,2,7,0,0,40,2,7,0,Inyo,Thomas Hardy,0,1,1,0,0,,9,22.22222222,77.77777778,0,0
Inyo_ 2020 Q4 Court,564,Inyo, 2020 Q4 Court,48,15,3,17,1,0,29,0,7,0,Inyo,Thomas Hardy,0,1,1,0,0,,21,14.28571429,80.95238095,0,4.761904762
Inyo_ 2021 Q1 Court,565,Inyo, 2021 Q1 Court,54,16,2,11,0,0,22,0,12,0,Inyo,Thomas Hardy,0,1,1,0,0,,13,15.38461538,84.61538462,0,0
Inyo_ 2021 Q2 Court,566,Inyo, 2021 Q2 Court,71,31,3,18,0,0,30,0,6,0,Inyo,Thomas Hardy,0,1,1,0,0,,21,14.28571429,85.71428571,0,0
Inyo_ 2021 Q3 Court,567,Inyo, 2021 Q3 Court,74,22,4,18,0,3,31,0,11,0,Inyo,Thomas Hardy,0,1,1,0,0,,25,16,72,12,0
Inyo_ 2021 Q4 Court,568,Inyo, 2021 Q4 Court,64,20,6,18,0,0,30,2,12,1,Inyo,Thomas Hardy,0,1,1,0,0,,24,25,75,0,0
Inyo_ 2022 Q1 Court,569,Inyo, 2022 Q1 Court,58,20,4,13,0,0,46,0,9,0,Inyo,Thomas Hardy,0,1,1,0,0,,17,23.52941176,76.47058824,0,0
Inyo_ 2022 Q2 Court,570,Inyo, 2022 Q2 Court,48,20,4,22,0,0,31,0,6,0,Inyo,Thomas Hardy,0,1,1,0,0,,26,15.38461538,84.61538462,0,0
Inyo_ 2022 Q3 Court,571,Inyo, 2022 Q3 Court,48,22,2,20,1,0,28,1,10,0,Inyo,Thomas Hardy,0,1,1,0,1,,23,8.695652174,86.95652174,0,4.347826087
Inyo_ 2022 Q4 Court,572,Inyo, 2022 Q4 Court,42,12,1,10,0,1,16,0,8,0,Inyo,Thomas Hardy,0,1,1,0,1,,12,8.333333333,83.33333333,8.333333333,0
Inyo_ 2023 Q1 Court,573,Inyo, 2023 Q1 Court,54,11,5,16,1,0,22,0,12,0,Inyo,Thomas Hardy,0,NA,NA,NA,0,,22,22.72727273,72.72727273,0,4.545454545
Kern_ 2013 Q1 Court,574,Kern, 2013 Q1 Court,2805,329,369,897,403,225,1471,14,468,NA,Kern,Lisa S. Green,0,1,1,0,0,https://kernvote.com/ElectionInformation/ElectionResults,1894,19.48257656,47.36008448,11.87961985,21.27771911
Kern_ 2013 Q2 Court,575,Kern, 2013 Q2 Court,2872,418,437,868,443,256,2103,29,463,NA,Kern,Lisa S. Green,0,1,1,0,0,,2004,21.80638723,43.31337325,12.7744511,22.10578842
Kern_ 2013 Q3 Court,576,Kern, 2013 Q3 Court,2749,177,385,534,276,128,1792,128,477,58,Kern,Lisa S. Green,0,1,1,0,0,,1323,29.1005291,40.36281179,9.674981104,20.861678
Kern_ 2013 Q4 Court,577,Kern, 2013 Q4 Court,2520,171,381,772,265,98,1615,145,377,55,Kern,Lisa S. Green,0,1,1,0,0,,1516,25.13192612,50.92348285,6.464379947,17.48021108
Kern_ 2014 Q1 Court,578,Kern, 2014 Q1 Court,2600,168,342,725,210,130,1638,232,376,90,Kern,Lisa S. Green,0,1,1,0,0,,1407,24.30703625,51.52807392,9.239516702,14.92537313
Kern_ 2014 Q2 Court,579,Kern, 2014 Q2 Court,2683,216,346,751,252,136,1746,289,436,121,Kern,Lisa S. Green,0,1,1,0,0,,1485,23.2996633,50.57239057,9.158249158,16.96969697
Kern_ 2014 Q3 Court,580,Kern, 2014 Q3 Court,2707,186,404,811,257,157,1825,262,399,110,Kern,Lisa S. Green,0,1,1,0,1,,1629,24.8004911,49.78514426,9.63781461,15.77655003
Kern_ 2014 Q4 Court,581,Kern, 2014 Q4 Court,2183,145,351,501,134,106,1254,193,354,86,Kern,Lisa S. Green,0,1,1,0,1,,1092,32.14285714,45.87912088,9.706959707,12.27106227
Kern_ 2015 Q1 Court,582,Kern, 2015 Q1 Court,1721,145,356,375,49,57,923,162,327,89,Kern,Lisa S. Green,0,0,NA,NA,0,,837,42.53285544,44.80286738,6.810035842,5.854241338
Kern_ 2015 Q2 Court,583,Kern, 2015 Q2 Court,1763,112,405,403,43,93,948,128,332,75,Kern,Lisa S. Green,0,0,NA,NA,0,,944,42.90254237,42.69067797,9.851694915,4.555084746
Kern_ 2015 Q3 Court,584,Kern, 2015 Q3 Court,1862,118,397,403,45,116,1012,135,306,86,Kern,Lisa S. Green,0,0,NA,NA,0,,961,41.31113424,41.93548387,12.07075963,4.682622268
Kern_ 2015 Q4 Court,585,Kern, 2015 Q4 Court,1672,118,378,435,30,95,987,121,302,96,Kern,Lisa S. Green,0,0,NA,NA,0,,938,40.29850746,46.37526652,10.12793177,3.198294243
Kern_ 2016 Q1 Court,586,Kern, 2016 Q1 Court,1730,139,344,381,37,113,963,123,303,87,Kern,Lisa S. Green,0,0,NA,NA,0,,875,39.31428571,43.54285714,12.91428571,4.228571429
Kern_ 2016 Q2 Court,587,Kern, 2016 Q2 Court,1810,136,352,409,24,132,1068,115,346,81,Kern,Lisa S. Green,0,0,NA,NA,0,,917,38.38604144,44.60196292,14.39476554,2.617230098
Kern_ 2016 Q3 Court,588,Kern, 2016 Q3 Court,1950,107,313,409,30,141,1024,137,311,79,Kern,Lisa S. Green,0,0,NA,NA,0,,893,35.05039194,45.80067189,15.78947368,3.359462486
Kern_ 2016 Q4 Court,589,Kern, 2016 Q4 Court,1545,81,385,381,43,122,1009,141,334,93,Kern,Lisa S. Green,0,0,NA,NA,0,,931,41.35338346,40.92373792,13.10418904,4.618689581
Kern_ 2017 Q1 Court,590,Kern, 2017 Q1 Court,1780,104,264,369,46,116,999,163,342,120,Kern,Lisa S. Green,0,0,NA,NA,0,,795,33.20754717,46.41509434,14.59119497,5.786163522
Kern_ 2017 Q2 Court,591,Kern, 2017 Q2 Court,1842,115,272,459,33,119,1100,181,320,89,Kern,Lisa S. Green,0,0,NA,NA,0,,883,30.80407701,51.98187995,13.47678369,3.737259343
Kern_ 2017 Q3 Court,592,Kern, 2017 Q3 Court,1731,126,295,480,23,90,1147,171,358,103,Kern,Lisa S. Green,0,0,NA,NA,0,,888,33.22072072,54.05405405,10.13513514,2.59009009
Kern_ 2017 Q4 Court,593,Kern, 2017 Q4 Court,1635,129,259,417,30,71,1108,169,317,88,Kern,Lisa S. Green,0,0,NA,NA,0,,777,33.33333333,53.66795367,9.137709138,3.861003861
Kern_ 2018 Q1 Court,594,Kern, 2018 Q1 Court,1831,156,283,456,34,94,1083,173,326,94,Kern,Lisa S. Green,0,0,NA,1,0,,867,32.64129181,52.59515571,10.84198385,3.921568627
Kern_ 2018 Q2 Court,595,Kern, 2018 Q2 Court,2023,132,311,496,36,106,1189,211,395,92,Kern,Lisa S. Green,0,0,NA,1,0,,949,32.77133825,52.26554268,11.16965227,3.793466807
Kern_ 2018 Q3 Court,596,Kern, 2018 Q3 Court,1947,129,347,524,33,152,1191,177,456,74,Kern,Lisa S. Green,0,0,NA,1,1,,1056,32.85984848,49.62121212,14.39393939,3.125
Kern_ 2018 Q4 Court,597,Kern, 2018 Q4 Court,2042,153,294,477,31,93,1117,183,404,108,Kern,Lisa S. Green,0,0,NA,1,1,,895,32.84916201,53.29608939,10.39106145,3.463687151
Kern_ 2019 Q1 Court,598,Kern, 2019 Q1 Court,2041,160,346,490,35,162,1211,215,474,90,Kern,Cynthia Zimmer,0,0,NA,NA,0,,1033,33.4946757,47.43465634,15.68247822,3.388189739
Kern_ 2019 Q2 Court,599,Kern, 2019 Q2 Court,2017,144,447,572,34,148,1291,252,439,106,Kern,Cynthia Zimmer,0,0,NA,NA,0,,1201,37.21898418,47.62697752,12.32306411,2.830974188
Kern_ 2019 Q3 Court,600,Kern, 2019 Q3 Court,2130,130,387,556,28,141,1086,273,475,99,Kern,Cynthia Zimmer,0,0,NA,NA,0,,1112,34.80215827,50,12.67985612,2.517985612
Kern_ 2019 Q4 Court,601,Kern, 2019 Q4 Court,2082,121,346,511,41,166,1104,255,399,96,Kern,Cynthia Zimmer,0,0,NA,NA,0,,1064,32.51879699,48.02631579,15.60150376,3.853383459
Kern_ 2020 Q1 Court,602,Kern, 2020 Q1 Court,1864,155,373,528,39,139,1065,212,413,72,Kern,Cynthia Zimmer,0,0,NA,NA,0,,1079,34.56904541,48.93419833,12.88229842,3.614457831
Kern_ 2020 Q2 Court,603,Kern, 2020 Q2 Court,1839,283,187,268,12,46,601,182,321,16,Kern,Cynthia Zimmer,0,0,NA,NA,0,,513,36.45224172,52.2417154,8.966861598,2.339181287
Kern_ 2020 Q3 Court,604,Kern, 2020 Q3 Court,1952,472,253,441,18,82,1026,238,368,37,Kern,Cynthia Zimmer,0,0,NA,NA,0,,794,31.86397985,55.54156171,10.32745592,2.267002519
Kern_ 2020 Q4 Court,605,Kern, 2020 Q4 Court,2078,508,280,368,14,37,909,211,316,28,Kern,Cynthia Zimmer,0,0,NA,NA,0,,699,40.05722461,52.64663805,5.293276109,2.00286123
Kern_ 2021 Q1 Court,606,Kern, 2021 Q1 Court,2237,557,323,358,23,57,955,172,225,40,Kern,Cynthia Zimmer,0,0,NA,NA,0,,761,42.44415243,47.04336399,7.490144547,3.022339028
Kern_ 2021 Q2 Court,607,Kern, 2021 Q2 Court,2204,637,394,542,33,87,903,153,265,46,Kern,Cynthia Zimmer,0,0,NA,NA,0,,1056,37.31060606,51.32575758,8.238636364,3.125
Kern_ 2021 Q3 Court,608,Kern, 2021 Q3 Court,2334,645,461,516,25,82,874,148,279,40,Kern,Cynthia Zimmer,0,0,NA,NA,0,,1084,42.52767528,47.60147601,7.564575646,2.306273063
Kern_ 2021 Q4 Court,609,Kern, 2021 Q4 Court,1900,440,403,580,26,69,807,153,221,52,Kern,Cynthia Zimmer,0,0,NA,NA,0,,1078,37.38404453,53.80333952,6.400742115,2.41187384
Kern_ 2022 Q1 Court,610,Kern, 2022 Q1 Court,1808,324,466,501,24,62,810,126,245,48,Kern,Cynthia Zimmer,0,0,NA,0,0,,1053,44.25451092,47.57834758,5.887939221,2.279202279
Kern_ 2022 Q2 Court,611,Kern, 2022 Q2 Court,1937,439,546,487,32,59,872,79,284,50,Kern,Cynthia Zimmer,0,0,NA,0,0,,1124,48.57651246,43.32740214,5.24911032,2.846975089
Kern_ 2022 Q3 Court,612,Kern, 2022 Q3 Court,1959,411,512,607,21,59,861,95,247,36,Kern,Cynthia Zimmer,0,0,NA,0,1,,1199,42.70225188,50.62552127,4.920767306,1.75145955
Kern_ 2022 Q4 Court,613,Kern, 2022 Q4 Court,1671,347,456,542,20,91,807,65,269,45,Kern,Cynthia Zimmer,0,0,NA,0,1,,1109,41.11812444,48.87285843,8.205590622,1.80342651
Kern_ 2023 Q1 Court,614,Kern, 2023 Q1 Court,2198,352,453,521,9,68,818,77,275,47,Kern,Cynthia Zimmer,0,NA,NA,NA,0,,1051,43.1018078,49.57183635,6.470028544,0.856327307
Kings_ 2013 Q1 Court,615,Kings, 2013 Q1 Court,635,NA,NA,NA,NA,NA,NA,NA,39,NA,Kings,Greg Strickland,0,1,0,1,0,https://www.countyofkings.com/departments/administration/elections/election-information/election-results/historical-results/-fsiteid-1,NA,NA,NA,NA,NA
Kings_ 2013 Q2 Court,616,Kings, 2013 Q2 Court,714,NA,NA,NA,NA,NA,NA,NA,31,NA,Kings,Greg Strickland,0,1,0,1,0,,NA,NA,NA,NA,NA
Kings_ 2013 Q3 Court,617,Kings, 2013 Q3 Court,733,NA,NA,NA,NA,NA,NA,NA,21,52,Kings,Greg Strickland,0,1,0,1,0,,NA,NA,NA,NA,NA
Kings_ 2013 Q4 Court,618,Kings, 2013 Q4 Court,609,NA,NA,NA,NA,NA,NA,NA,16,48,Kings,Greg Strickland,0,1,0,1,0,,NA,NA,NA,NA,NA
Kings_ 2014 Q1 Court,619,Kings, 2014 Q1 Court,669,NA,NA,NA,NA,NA,NA,NA,13,25,Kings,Greg Strickland,0,1,0,1,0,,NA,NA,NA,NA,NA
Kings_ 2014 Q2 Court,620,Kings, 2014 Q2 Court,593,NA,NA,NA,NA,NA,NA,NA,11,30,Kings,Greg Strickland,0,1,0,1,0,,NA,NA,NA,NA,NA
Kings_ 2014 Q3 Court,621,Kings, 2014 Q3 Court,782,NA,NA,NA,NA,NA,NA,NA,31,47,Kings,Greg Strickland,0,1,0,1,1,,NA,NA,NA,NA,NA
Kings_ 2014 Q4 Court,622,Kings, 2014 Q4 Court,458,175,1,0,0,0,72,0,20,48,Kings,Greg Strickland,0,1,0,1,1,,1,100,0,0,0
Kings_ 2015 Q1 Court,623,Kings, 2015 Q1 Court,504,249,1,0,1,0,131,0,15,56,Kings,Keith Fagundes,0,1,1,1,0,,2,50,0,0,50
Kings_ 2015 Q2 Court,624,Kings, 2015 Q2 Court,490,250,0,0,0,0,237,0,17,58,Kings,Keith Fagundes,0,1,1,1,0,,0,NA,NA,NA,NA
Kings_ 2015 Q3 Court,625,Kings, 2015 Q3 Court,467,242,2,0,0,0,274,0,30,78,Kings,Keith Fagundes,0,1,1,1,0,,2,100,0,0,0
Kings_ 2015 Q4 Court,626,Kings, 2015 Q4 Court,539,205,2,4,0,0,259,0,15,51,Kings,Keith Fagundes,0,1,1,1,0,,6,33.33333333,66.66666667,0,0
Kings_ 2016 Q1 Court,627,Kings, 2016 Q1 Court,459,303,58,86,9,9,283,0,26,46,Kings,Keith Fagundes,0,1,1,1,0,,162,35.80246914,53.08641975,5.555555556,5.555555556
Kings_ 2016 Q2 Court,628,Kings, 2016 Q2 Court,388,256,115,129,20,10,282,0,19,53,Kings,Keith Fagundes,0,1,1,1,0,,274,41.97080292,47.08029197,3.649635036,7.299270073
Kings_ 2016 Q3 Court,629,Kings, 2016 Q3 Court,335,217,122,154,16,21,203,0,42,44,Kings,Keith Fagundes,0,1,1,1,0,,313,38.97763578,49.20127796,6.709265176,5.111821086
Kings_ 2016 Q4 Court,630,Kings, 2016 Q4 Court,401,206,99,98,14,9,214,0,23,59,Kings,Keith Fagundes,0,1,1,1,0,,220,45,44.54545455,4.090909091,6.363636364
Kings_ 2017 Q1 Court,631,Kings, 2017 Q1 Court,388,916,NA,NA,NA,NA,193,12,22,43,Kings,Keith Fagundes,0,1,1,1,0,,NA,NA,NA,NA,NA
Kings_ 2017 Q2 Court,632,Kings, 2017 Q2 Court,504,220,NA,NA,8,24,112,9,39,46,Kings,Keith Fagundes,0,1,1,1,0,,NA,NA,NA,NA,NA
Kings_ 2017 Q3 Court,633,Kings, 2017 Q3 Court,484,271,NA,NA,13,15,252,13,42,50,Kings,Keith Fagundes,0,1,1,1,0,,NA,NA,NA,NA,NA
Kings_ 2017 Q4 Court,634,Kings, 2017 Q4 Court,636,215,122,127,16,33,221,21,33,43,Kings,Keith Fagundes,0,1,1,1,0,,298,40.93959732,42.61744966,11.0738255,5.369127517
Kings_ 2018 Q1 Court,635,Kings, 2018 Q1 Court,530,258,98,204,6,25,221,23,39,37,Kings,Keith Fagundes,0,1,1,1,0,,333,29.42942943,61.26126126,7.507507508,1.801801802
Kings_ 2018 Q2 Court,636,Kings, 2018 Q2 Court,539,322,116,112,5,21,290,21,27,32,Kings,Keith Fagundes,0,1,1,1,0,,254,45.66929134,44.09448819,8.267716535,1.968503937
Kings_ 2018 Q3 Court,637,Kings, 2018 Q3 Court,613,276,132,165,10,38,281,30,51,55,Kings,Keith Fagundes,0,1,1,1,1,,345,38.26086957,47.82608696,11.01449275,2.898550725
Kings_ 2018 Q4 Court,638,Kings, 2018 Q4 Court,583,234,133,117,11,37,240,24,52,38,Kings,Keith Fagundes,0,1,1,1,1,,298,44.63087248,39.26174497,12.41610738,3.691275168
Kings_ 2019 Q1 Court,639,Kings, 2019 Q1 Court,605,213,144,121,3,28,211,27,58,52,Kings,Keith Fagundes,0,0,NA,NA,0,,296,48.64864865,40.87837838,9.459459459,1.013513514
Kings_ 2019 Q2 Court,640,Kings, 2019 Q2 Court,693,266,136,132,6,25,156,20,63,53,Kings,Keith Fagundes,0,0,NA,NA,0,,299,45.48494983,44.14715719,8.361204013,2.006688963
Kings_ 2019 Q3 Court,641,Kings, 2019 Q3 Court,651,249,193,135,6,29,162,37,56,40,Kings,Keith Fagundes,0,0,NA,NA,0,,363,53.16804408,37.19008264,7.988980716,1.652892562
Kings_ 2019 Q4 Court,642,Kings, 2019 Q4 Court,530,264,190,101,6,32,125,24,52,40,Kings,Keith Fagundes,0,0,NA,NA,0,,329,57.75075988,30.69908815,9.726443769,1.823708207
Kings_ 2020 Q1 Court,643,Kings, 2020 Q1 Court,635,280,168,113,5,30,125,19,63,35,Kings,Keith Fagundes,0,0,NA,NA,0,,316,53.16455696,35.75949367,9.493670886,1.582278481
Kings_ 2020 Q2 Court,644,Kings, 2020 Q2 Court,798,270,97,56,1,13,100,18,37,10,Kings,Keith Fagundes,0,0,NA,NA,0,,167,58.08383234,33.53293413,7.784431138,0.598802395
Kings_ 2020 Q3 Court,645,Kings, 2020 Q3 Court,660,444,202,88,7,8,105,12,60,19,Kings,Keith Fagundes,0,0,NA,NA,0,,305,66.2295082,28.85245902,2.62295082,2.295081967
Kings_ 2020 Q4 Court,646,Kings, 2020 Q4 Court,512,409,184,100,1,21,118,10,46,31,Kings,Keith Fagundes,0,0,NA,NA,0,,306,60.13071895,32.67973856,6.862745098,0.326797386
Kings_ 2021 Q1 Court,647,Kings, 2021 Q1 Court,556,432,142,83,2,8,73,6,34,35,Kings,Keith Fagundes,0,0,NA,NA,0,,235,60.42553191,35.31914894,3.404255319,0.85106383
Kings_ 2021 Q2 Court,648,Kings, 2021 Q2 Court,522,452,218,126,2,14,85,25,47,27,Kings,Keith Fagundes,0,0,NA,NA,0,,360,60.55555556,35,3.888888889,0.555555556
Kings_ 2021 Q3 Court,649,Kings, 2021 Q3 Court,570,447,220,125,1,26,89,11,46,23,Kings,Keith Fagundes,0,0,NA,NA,0,,372,59.13978495,33.60215054,6.989247312,0.268817204
Kings_ 2021 Q4 Court,650,Kings, 2021 Q4 Court,418,326,148,84,6,17,73,11,42,30,Kings,Keith Fagundes,0,0,NA,NA,0,,255,58.03921569,32.94117647,6.666666667,2.352941176
Kings_ 2022 Q1 Court,651,Kings, 2022 Q1 Court,404,403,182,107,2,21,72,9,31,30,Kings,Keith Fagundes,0,0,NA,1,0,,312,58.33333333,34.29487179,6.730769231,0.641025641
Kings_ 2022 Q2 Court,652,Kings, 2022 Q2 Court,473,371,190,115,5,34,96,13,29,26,Kings,Keith Fagundes,0,0,NA,1,0,,344,55.23255814,33.43023256,9.88372093,1.453488372
Kings_ 2022 Q3 Court,653,Kings, 2022 Q3 Court,435,369,145,152,2,14,105,17,55,49,Kings,Keith Fagundes,0,0,NA,1,1,,313,46.32587859,48.56230032,4.47284345,0.638977636
Kings_ 2022 Q4 Court,654,Kings, 2022 Q4 Court,433,338,155,121,7,21,97,11,28,40,Kings,Keith Fagundes,0,0,NA,1,1,,304,50.98684211,39.80263158,6.907894737,2.302631579
Kings_ 2023 Q1 Court,655,Kings, 2023 Q1 Court,342,350,150,105,11,21,99,13,33,34,Kings,Sarah Hacker,0,NA,NA,NA,0,,287,52.26480836,36.58536585,7.317073171,3.832752613
Lake_ 2013 Q1 Court,656,Lake, 2013 Q1 Court,220,42,21,47,15,1,0,0,12,NA,,,0,NA,NA,NA,0,,84,25,55.95238095,1.19047619,17.85714286
Lake_ 2013 Q2 Court,657,Lake, 2013 Q2 Court,256,62,38,63,22,0,62,1,14,0,,,0,NA,NA,NA,0,,123,30.89430894,51.2195122,0,17.88617886
Lake_ 2013 Q3 Court,658,Lake, 2013 Q3 Court,284,47,41,85,16,0,65,0,7,1,,,0,NA,NA,NA,0,,142,28.87323944,59.85915493,0,11.26760563
Lake_ 2013 Q4 Court,659,Lake, 2013 Q4 Court,288,59,34,68,20,0,74,1,13,2,,,0,NA,NA,NA,0,,122,27.86885246,55.73770492,0,16.39344262
Lake_ 2014 Q1 Court,660,Lake, 2014 Q1 Court,268,62,22,74,23,0,76,0,12,6,,,0,NA,NA,NA,0,,119,18.48739496,62.18487395,0,19.32773109
Lake_ 2014 Q2 Court,661,Lake, 2014 Q2 Court,316,62,38,85,26,0,49,0,10,7,,,0,NA,NA,NA,0,,149,25.5033557,57.04697987,0,17.44966443
Lake_ 2014 Q3 Court,662,Lake, 2014 Q3 Court,215,41,25,84,23,0,56,0,14,12,,,0,NA,NA,NA,0,,132,18.93939394,63.63636364,0,17.42424242
Lake_ 2014 Q4 Court,663,Lake, 2014 Q4 Court,242,46,27,39,13,0,22,0,5,5,,,0,NA,NA,NA,0,,79,34.17721519,49.36708861,0,16.4556962
Lake_ 2015 Q1 Court,664,Lake, 2015 Q1 Court,193,49,25,48,8,2,33,0,13,2,,,0,NA,NA,NA,0,,83,30.12048193,57.8313253,2.409638554,9.638554217
Lake_ 2015 Q2 Court,665,Lake, 2015 Q2 Court,245,58,35,60,8,2,48,1,11,3,,,0,NA,NA,NA,0,,105,33.33333333,57.14285714,1.904761905,7.619047619
Lake_ 2015 Q3 Court,666,Lake, 2015 Q3 Court,193,50,35,52,2,5,51,2,12,8,,,0,NA,NA,NA,0,,94,37.23404255,55.31914894,5.319148936,2.127659574
Lake_ 2015 Q4 Court,667,Lake, 2015 Q4 Court,212,54,36,48,4,4,41,0,13,4,,,0,NA,NA,NA,0,,92,39.13043478,52.17391304,4.347826087,4.347826087
Lake_ 2016 Q1 Court,668,Lake, 2016 Q1 Court,168,40,30,54,7,2,43,1,9,2,,,0,NA,NA,NA,0,,93,32.25806452,58.06451613,2.150537634,7.52688172
Lake_ 2016 Q2 Court,669,Lake, 2016 Q2 Court,212,27,42,42,2,2,67,0,20,4,,,0,NA,NA,NA,0,,88,47.72727273,47.72727273,2.272727273,2.272727273
Lake_ 2016 Q3 Court,670,Lake, 2016 Q3 Court,284,41,40,41,5,4,27,0,9,3,,,0,NA,NA,NA,0,,90,44.44444444,45.55555556,4.444444444,5.555555556
Lake_ 2016 Q4 Court,671,Lake, 2016 Q4 Court,242,41,35,58,2,5,35,4,13,1,,,0,NA,NA,NA,0,,100,35,58,5,2
Lake_ 2017 Q1 Court,672,Lake, 2017 Q1 Court,186,53,33,59,4,11,43,2,17,1,,,0,NA,NA,NA,0,,107,30.8411215,55.14018692,10.28037383,3.738317757
Lake_ 2017 Q2 Court,673,Lake, 2017 Q2 Court,228,37,47,46,4,8,47,2,18,2,,,0,NA,NA,NA,0,,105,44.76190476,43.80952381,7.619047619,3.80952381
Lake_ 2017 Q3 Court,674,Lake, 2017 Q3 Court,230,51,58,59,2,13,33,1,9,2,,,0,NA,NA,NA,0,,132,43.93939394,44.6969697,9.848484848,1.515151515
Lake_ 2017 Q4 Court,675,Lake, 2017 Q4 Court,251,27,39,45,4,7,41,0,17,3,,,0,NA,NA,NA,0,,95,41.05263158,47.36842105,7.368421053,4.210526316
Lake_ 2018 Q1 Court,676,Lake, 2018 Q1 Court,235,45,32,71,3,9,44,1,17,6,,,0,NA,NA,1,0,,115,27.82608696,61.73913043,7.826086957,2.608695652
Lake_ 2018 Q2 Court,677,Lake, 2018 Q2 Court,239,67,37,65,4,17,69,1,8,4,,,0,NA,NA,1,0,,123,30.08130081,52.84552846,13.82113821,3.25203252
Lake_ 2019 Q1 Court,680,Lake, 2019 Q1 Court,186,57,24,66,4,10,50,1,13,12,Lake,Susan Krones,0,1,1,1,0,,104,23.07692308,63.46153846,9.615384615,3.846153846
Lake_ 2019 Q2 Court,681,Lake, 2019 Q2 Court,181,62,27,41,9,5,32,2,18,17,Lake,Susan Krones,0,1,1,1,0,,82,32.92682927,50,6.097560976,10.97560976
Lake_ 2019 Q3 Court,682,Lake, 2019 Q3 Court,260,66,47,41,8,15,47,3,23,18,Lake,Susan Krones,0,1,1,1,0,,111,42.34234234,36.93693694,13.51351351,7.207207207
Lake_ 2019 Q4 Court,683,Lake, 2019 Q4 Court,197,68,39,57,9,11,25,0,11,9,Lake,Susan Krones,0,1,1,1,0,,116,33.62068966,49.13793103,9.482758621,7.75862069
Lake_ 2020 Q1 Court,684,Lake, 2020 Q1 Court,200,53,35,38,5,5,38,1,10,8,Lake,Susan Krones,0,1,1,1,0,,83,42.1686747,45.78313253,6.024096386,6.024096386
Lake_ 2020 Q2 Court,685,Lake, 2020 Q2 Court,251,20,17,12,2,3,14,0,4,5,Lake,Susan Krones,0,1,1,1,0,,34,50,35.29411765,8.823529412,5.882352941
Lake_ 2020 Q3 Court,686,Lake, 2020 Q3 Court,155,63,20,35,3,0,27,1,13,1,Lake,Susan Krones,0,1,1,1,0,,58,34.48275862,60.34482759,0,5.172413793
Lake_ 2020 Q4 Court,687,Lake, 2020 Q4 Court,183,56,17,32,1,5,40,1,13,8,Lake,Susan Krones,0,1,1,1,0,,55,30.90909091,58.18181818,9.090909091,1.818181818
Lake_ 2021 Q1 Court,688,Lake, 2021 Q1 Court,199,91,14,33,0,6,18,2,8,6,Lake,Susan Krones,0,1,1,1,0,,53,26.41509434,62.26415094,11.32075472,0
Lake_ 2021 Q2 Court,689,Lake, 2021 Q2 Court,234,96,20,47,0,3,22,0,1,6,Lake,Susan Krones,0,1,1,1,0,,70,28.57142857,67.14285714,4.285714286,0
Lake_ 2021 Q3 Court,690,Lake, 2021 Q3 Court,213,125,15,40,0,1,36,3,5,6,Lake,Susan Krones,0,1,1,1,0,,56,26.78571429,71.42857143,1.785714286,0
Lake_ 2021 Q4 Court,691,Lake, 2021 Q4 Court,166,97,36,51,2,6,27,0,6,5,Lake,Susan Krones,0,1,1,1,0,,95,37.89473684,53.68421053,6.315789474,2.105263158
Lake_ 2022 Q1 Court,692,Lake, 2022 Q1 Court,208,118,36,52,0,6,12,0,6,5,Lake,Susan Krones,0,1,1,1,0,,94,38.29787234,55.31914894,6.382978723,0
Lake_ 2022 Q2 Court,693,Lake, 2022 Q2 Court,261,114,39,48,3,5,11,1,9,8,Lake,Susan Krones,0,1,1,1,0,,95,41.05263158,50.52631579,5.263157895,3.157894737
Lake_ 2022 Q3 Court,694,Lake, 2022 Q3 Court,280,135,31,37,1,2,16,0,8,8,Lake,Susan Krones,0,1,1,1,1,,71,43.66197183,52.11267606,2.816901408,1.408450704
Lake_ 2022 Q4 Court,695,Lake, 2022 Q4 Court,229,133,51,78,0,6,17,0,3,6,Lake,Susan Krones,0,1,1,1,1,,135,37.77777778,57.77777778,4.444444444,0
Lake_ 2023 Q1 Court,696,Lake, 2023 Q1 Court,NA,143,19,42,0,9,27,1,14,5,Lake,Susan Krones,0,NA,NA,NA,0,,70,27.14285714,60,12.85714286,0
Lassen_ 2013 Q1 Court,697,Lassen, 2013 Q1 Court,127,13,23,15,5,0,18,0,4,NA,Lassen,Robert Burns,0,0,NA,NA,0,,43,53.48837209,34.88372093,0,11.62790698
Lassen_ 2013 Q2 Court,698,Lassen, 2013 Q2 Court,140,23,22,1,25,0,35,0,2,NA,Lassen,Robert Burns,0,0,NA,NA,0,,48,45.83333333,2.083333333,0,52.08333333
Lassen_ 2013 Q3 Court,699,Lassen, 2013 Q3 Court,112,13,20,21,12,0,24,3,3,2,Lassen,Robert Burns,0,0,NA,NA,0,,53,37.73584906,39.62264151,0,22.64150943
Lassen_ 2013 Q4 Court,700,Lassen, 2013 Q4 Court,101,10,26,18,16,0,25,6,11,3,Lassen,Robert Burns,0,0,NA,NA,0,,60,43.33333333,30,0,26.66666667
Lassen_ 2014 Q1 Court,701,Lassen, 2014 Q1 Court,98,8,17,22,6,0,16,11,11,6,Lassen,Robert Burns,0,0,NA,1,0,,45,37.77777778,48.88888889,0,13.33333333
Lassen_ 2014 Q2 Court,702,Lassen, 2014 Q2 Court,90,11,37,27,11,0,17,0,8,5,Lassen,Robert Burns,0,0,NA,1,0,,75,49.33333333,36,0,14.66666667
Lassen_ 2014 Q3 Court,703,Lassen, 2014 Q3 Court,124,17,45,26,10,0,18,0,9,5,Lassen,Robert Burns,0,0,NA,1,1,,81,55.55555556,32.09876543,0,12.34567901
Lassen_ 2014 Q4 Court,704,Lassen, 2014 Q4 Court,154,16,32,11,6,0,32,0,8,1,Lassen,Robert Burns,0,0,NA,1,1,,49,65.30612245,22.44897959,0,12.24489796
Lassen_ 2015 Q1 Court,705,Lassen, 2015 Q1 Court,125,22,36,12,6,2,21,0,2,2,Lassen,Stacey Montgomery ,0,0,NA,NA,0,,56,64.28571429,21.42857143,3.571428571,10.71428571
Lassen_ 2015 Q2 Court,706,Lassen, 2015 Q2 Court,105,14,30,19,4,3,14,0,5,1,Lassen,Stacey Montgomery ,0,0,NA,NA,0,,56,53.57142857,33.92857143,5.357142857,7.142857143
Lassen_ 2015 Q3 Court,707,Lassen, 2015 Q3 Court,125,16,59,11,5,0,12,0,5,2,Lassen,Stacey Montgomery ,0,0,NA,NA,0,,75,78.66666667,14.66666667,0,6.666666667
Lassen_ 2015 Q4 Court,708,Lassen, 2015 Q4 Court,104,11,38,9,3,1,11,0,9,0,Lassen,Stacey Montgomery ,0,0,NA,NA,0,,51,74.50980392,17.64705882,1.960784314,5.882352941
Lassen_ 2016 Q1 Court,709,Lassen, 2016 Q1 Court,96,5,42,13,3,0,11,0,5,1,Lassen,Stacey Montgomery ,0,0,NA,NA,0,,58,72.4137931,22.4137931,0,5.172413793
Lassen_ 2016 Q2 Court,710,Lassen, 2016 Q2 Court,100,10,41,16,6,1,22,0,10,0,Lassen,Stacey Montgomery ,0,0,NA,NA,0,,64,64.0625,25,1.5625,9.375
Lassen_ 2016 Q3 Court,711,Lassen, 2016 Q3 Court,101,15,36,4,3,1,24,0,8,1,Lassen,Stacey Montgomery ,0,0,NA,NA,0,,44,81.81818182,9.090909091,2.272727273,6.818181818
Lassen_ 2016 Q4 Court,712,Lassen, 2016 Q4 Court,141,15,29,8,4,1,20,0,7,1,Lassen,Stacey Montgomery ,0,0,NA,NA,0,,42,69.04761905,19.04761905,2.380952381,9.523809524
Lassen_ 2017 Q1 Court,713,Lassen, 2017 Q1 Court,147,0,65,4,1,5,14,14,10,0,Lassen,Stacey Montgomery ,0,0,NA,NA,0,,75,86.66666667,5.333333333,6.666666667,1.333333333
Lassen_ 2017 Q2 Court,714,Lassen, 2017 Q2 Court,104,0,53,11,1,1,36,10,9,1,Lassen,Stacey Montgomery ,0,0,NA,NA,0,,66,80.3030303,16.66666667,1.515151515,1.515151515
Lassen_ 2017 Q3 Court,715,Lassen, 2017 Q3 Court,94,0,40,8,2,0,36,2,4,5,Lassen,Stacey Montgomery ,0,0,NA,NA,0,,50,80,16,0,4
Lassen_ 2017 Q4 Court,716,Lassen, 2017 Q4 Court,105,13,31,7,5,2,11,0,1,5,Lassen,Stacey Montgomery ,0,0,NA,NA,0,,45,68.88888889,15.55555556,4.444444444,11.11111111
Lassen_ 2018 Q1 Court,717,Lassen, 2018 Q1 Court,91,17,38,9,3,0,18,0,4,5,Lassen,Stacey Montgomery ,0,0,NA,1,0,,50,76,18,0,6
Lassen_ 2018 Q2 Court,718,Lassen, 2018 Q2 Court,134,6,58,5,11,0,9,0,0,2,Lassen,Stacey Montgomery ,0,0,NA,1,0,,74,78.37837838,6.756756757,0,14.86486486
Lassen_ 2018 Q3 Court,719,Lassen, 2018 Q3 Court,113,7,57,17,5,1,10,0,4,0,Lassen,Stacey Montgomery ,0,0,NA,1,1,,80,71.25,21.25,1.25,6.25
Lassen_ 2018 Q4 Court,720,Lassen, 2018 Q4 Court,82,13,71,12,6,2,12,0,4,3,Lassen,Stacey Montgomery ,0,0,NA,1,1,,91,78.02197802,13.18681319,2.197802198,6.593406593
Lassen_ 2019 Q1 Court,721,Lassen, 2019 Q1 Court,81,11,81,11,5,3,7,0,4,2,Lassen,Susan Rios,0,1,1,0,0,,100,81,11,3,5
Lassen_ 2019 Q2 Court,722,Lassen, 2019 Q2 Court,73,15,51,11,5,4,12,0,3,5,Lassen,Susan Rios,0,1,1,0,0,,71,71.83098592,15.49295775,5.633802817,7.042253521
Lassen_ 2019 Q3 Court,723,Lassen, 2019 Q3 Court,78,7,75,12,7,0,12,0,2,3,Lassen,Susan Rios,0,1,1,0,0,,94,79.78723404,12.76595745,0,7.446808511
Lassen_ 2019 Q4 Court,724,Lassen, 2019 Q4 Court,85,8,35,15,0,1,20,0,6,2,Lassen,Susan Rios,0,1,1,0,0,,51,68.62745098,29.41176471,1.960784314,0
Lassen_ 2020 Q1 Court,725,Lassen, 2020 Q1 Court,90,17,62,10,4,1,11,0,6,1,Lassen,Susan Rios,0,1,1,0,0,,77,80.51948052,12.98701299,1.298701299,5.194805195
Lassen_ 2020 Q2 Court,726,Lassen, 2020 Q2 Court,82,21,19,9,4,3,8,1,5,1,Lassen,Susan Rios,0,1,1,0,0,,35,54.28571429,25.71428571,8.571428571,11.42857143
Lassen_ 2020 Q3 Court,727,Lassen, 2020 Q3 Court,105,35,15,7,0,1,10,1,4,2,Lassen,Susan Rios,0,1,1,0,0,,23,65.2173913,30.43478261,4.347826087,0
Lassen_ 2020 Q4 Court,728,Lassen, 2020 Q4 Court,83,23,21,15,3,4,5,0,6,3,Lassen,Susan Rios,0,1,1,0,0,,43,48.8372093,34.88372093,9.302325581,6.976744186
Lassen_ 2021 Q1 Court,729,Lassen, 2021 Q1 Court,81,31,61,17,12,1,11,0,8,4,Lassen,Susan Rios,0,1,1,0,0,,91,67.03296703,18.68131868,1.098901099,13.18681319
Lassen_ 2021 Q2 Court,730,Lassen, 2021 Q2 Court,82,20,116,11,2,2,9,1,11,0,Lassen,Susan Rios,0,1,1,0,0,,131,88.54961832,8.396946565,1.526717557,1.526717557
Lassen_ 2021 Q3 Court,731,Lassen, 2021 Q3 Court,105,30,71,10,6,1,5,2,8,3,Lassen,Susan Rios,0,1,1,0,0,,88,80.68181818,11.36363636,1.136363636,6.818181818
Lassen_ 2021 Q4 Court,732,Lassen, 2021 Q4 Court,59,16,59,6,5,2,7,0,12,1,Lassen,Susan Rios,0,1,1,0,0,,72,81.94444444,8.333333333,2.777777778,6.944444444
Lassen_ 2022 Q1 Court,733,Lassen, 2022 Q1 Court,90,22,27,13,4,3,9,0,4,4,Lassen,Susan Rios,0,1,1,0,0,,47,57.44680851,27.65957447,6.382978723,8.510638298
Lassen_ 2022 Q2 Court,734,Lassen, 2022 Q2 Court,112,44,49,10,3,0,6,0,7,1,Lassen,Susan Rios,0,1,1,0,0,,62,79.03225806,16.12903226,0,4.838709677
Lassen_ 2022 Q3 Court,735,Lassen, 2022 Q3 Court,130,16,49,17,2,1,11,2,7,2,Lassen,Susan Rios,0,1,1,0,1,,69,71.01449275,24.63768116,1.449275362,2.898550725
Lassen_ 2022 Q4 Court,736,Lassen, 2022 Q4 Court,98,13,41,28,0,0,6,0,12,0,Lassen,Susan Rios,0,1,1,0,1,,69,59.42028986,40.57971014,0,0
Lassen_ 2023 Q1 Court,737,Lassen, 2023 Q1 Court,95,16,54,17,1,4,27,2,9,1,Lassen,Susan Rios,0,NA,NA,NA,0,,76,71.05263158,22.36842105,5.263157895,1.315789474
Los Angeles_ 2013 Q1 Court,738,Los Angeles, 2013 Q1 Court,14116,625,2977,6173,1861,60,NA,NA,2125,NA,Los Angeles,Jackey Lacey,0,1,1,0,0,https://www.laalmanac.com/election/el13.php,11071,26.89007316,55.75828742,0.541956463,16.80968296
Los Angeles_ 2013 Q2 Court,739,Los Angeles, 2013 Q2 Court,14638,999,3057,6317,1849,31,NA,NA,2230,NA,Los Angeles,Jackey Lacey,0,1,1,0,0,,11254,27.16367514,56.13115337,0.275457615,16.42971388
Los Angeles_ 2013 Q3 Court,740,Los Angeles, 2013 Q3 Court,14472,1114,2382,5570,1926,16,NA,NA,3392,2277,Los Angeles,Jackey Lacey,0,1,1,0,0,,9894,24.07519709,56.2967455,0.16171417,19.46634324
Los Angeles_ 2013 Q4 Court,741,Los Angeles, 2013 Q4 Court,13153,1045,2301,5416,1771,18,NA,NA,3038,2569,Los Angeles,Jackey Lacey,0,1,1,0,0,,9506,24.20576478,56.97454239,0.189354092,18.63033873
Los Angeles_ 2014 Q1 Court,742,Los Angeles, 2014 Q1 Court,14351,1196,2629,5900,1964,15,NA,NA,2063,2493,Los Angeles,Jackey Lacey,0,1,1,0,0,,10508,25.01903312,56.14769699,0.142748382,18.69052151
Los Angeles_ 2014 Q2 Court,743,Los Angeles, 2014 Q2 Court,14644,1426,2846,6424,1983,29,NA,NA,2496,2328,Los Angeles,Jackey Lacey,0,1,1,0,0,,11282,25.22602375,56.94025882,0.257046623,17.5766708
Los Angeles_ 2014 Q3 Court,744,Los Angeles, 2014 Q3 Court,14761,1301,1860,6861,1676,135,NA,NA,2224,2108,Los Angeles,Jackey Lacey,0,1,1,0,0,,10532,17.66046335,65.14432207,1.281807824,15.91340676
Los Angeles_ 2014 Q4 Court,745,Los Angeles, 2014 Q4 Court,11015,1111,1488,4061,913,156,3831,10,1996,2210,Los Angeles,Jackey Lacey,0,1,1,0,0,,6618,22.48413418,61.36294953,2.357207616,13.79570867
Los Angeles_ 2015 Q1 Court,746,Los Angeles, 2015 Q1 Court,9559,1171,1459,3107,805,197,3554,7,2071,2303,Los Angeles,Jackey Lacey,0,1,1,0,0,,5568,26.2033046,55.80100575,3.538074713,14.45761494
Los Angeles_ 2015 Q2 Court,747,Los Angeles, 2015 Q2 Court,9996,625,1580,3012,819,187,3375,29,1924,2686,Los Angeles,Jackey Lacey,0,1,1,0,0,,5598,28.22436584,53.80493033,3.340478742,14.63022508
Los Angeles_ 2015 Q3 Court,748,Los Angeles, 2015 Q3 Court,9536,1064,1522,3295,846,185,3042,48,1942,2842,Los Angeles,Jackey Lacey,0,1,1,0,0,,5848,26.02599179,56.34404925,3.163474692,14.46648427
Los Angeles_ 2015 Q4 Court,749,Los Angeles, 2015 Q4 Court,9258,1208,1471,3051,817,203,2827,52,1858,2543,Los Angeles,Jackey Lacey,0,1,1,0,0,,5542,26.54276435,55.05232768,3.662937568,14.74197041
Los Angeles_ 2016 Q1 Court,750,Los Angeles, 2016 Q1 Court,9688,1254,1541,2939,909,209,2996,84,1720,2358,Los Angeles,Jackey Lacey,0,1,1,0,0,,5598,27.52768846,52.50089318,3.733476242,16.23794212
Los Angeles_ 2016 Q2 Court,751,Los Angeles, 2016 Q2 Court,10379,1309,1556,3364,850,208,3256,86,1666,2309,Los Angeles,Jackey Lacey,0,1,1,0,0,,5978,26.02877216,56.273001,3.479424557,14.21880228
Los Angeles_ 2016 Q3 Court,752,Los Angeles, 2016 Q3 Court,10045,991,1616,3366,1031,189,3332,82,1725,2219,Los Angeles,Jackey Lacey,0,1,1,0,1,,6202,26.05611093,54.27281522,3.047404063,16.62366978
Los Angeles_ 2016 Q4 Court,753,Los Angeles, 2016 Q4 Court,9383,1285,1295,2807,848,189,2784,102,1514,1744,Los Angeles,Jackey Lacey,0,1,1,0,1,,5139,25.19945515,54.6215217,3.677758319,16.50126484
Los Angeles_ 2017 Q1 Court,754,Los Angeles, 2017 Q1 Court,9118,1188,1574,2963,1028,172,3651,137,1659,1100,Los Angeles,Jackey Lacey,0,1,0,1,0,,5737,27.43594213,51.64720237,2.998082622,17.91877288
Los Angeles_ 2017 Q2 Court,755,Los Angeles, 2017 Q2 Court,10041,1242,1684,3050,897,179,3397,139,1905,1544,Los Angeles,Jackey Lacey,0,1,0,1,0,,5810,28.98450947,52.49569707,3.080895009,15.43889845
Los Angeles_ 2017 Q3 Court,756,Los Angeles, 2017 Q3 Court,10894,1200,1678,3020,960,152,3171,132,1900,1536,Los Angeles,Jackey Lacey,0,1,0,1,0,,5810,28.88123924,51.97934596,2.616179002,16.5232358
Los Angeles_ 2017 Q4 Court,757,Los Angeles, 2017 Q4 Court,9785,1007,1496,2817,836,112,2926,160,2059,1720,Los Angeles,Jackey Lacey,0,1,0,1,0,,5261,28.43565862,53.54495343,2.128872838,15.89051511
Los Angeles_ 2018 Q1 Court,758,Los Angeles, 2018 Q1 Court,8811,1049,1711,2792,894,121,2694,107,2030,1987,Los Angeles,Jackey Lacey,0,1,0,1,0,,5518,31.00761145,50.59804277,2.192823487,16.20152229
Los Angeles_ 2018 Q2 Court,759,Los Angeles, 2018 Q2 Court,9057,1150,1804,2926,864,107,3516,109,2152,2012,Los Angeles,Jackey Lacey,0,1,0,1,0,,5701,31.6435713,51.32432907,1.876863708,15.15523592
Los Angeles_ 2018 Q3 Court,760,Los Angeles, 2018 Q3 Court,9748,1161,1723,2931,908,86,3461,101,2372,2039,Los Angeles,Jackey Lacey,0,1,0,1,0,,5648,30.50637394,51.89447592,1.52266289,16.07648725
Los Angeles_ 2018 Q4 Court,761,Los Angeles, 2018 Q4 Court,8430,1024,1482,2551,873,72,3336,99,2132,1952,Los Angeles,Jackey Lacey,0,1,0,1,0,,4978,29.77099237,51.24548011,1.446364002,17.53716352
Los Angeles_ 2019 Q1 Court,762,Los Angeles, 2019 Q1 Court,9132,1113,1574,2731,898,78,3675,90,2103,2192,Los Angeles,Jackey Lacey,0,1,0,1,0,,5281,29.80496118,51.71369059,1.476992994,17.00435524
Los Angeles_ 2019 Q2 Court,763,Los Angeles, 2019 Q2 Court,9838,1259,1572,2613,870,74,3720,70,2426,2337,Los Angeles,Jackey Lacey,0,1,0,1,0,,5129,30.64924937,50.94560343,1.44277637,16.96237083
Los Angeles_ 2019 Q3 Court,764,Los Angeles, 2019 Q3 Court,9446,1105,1709,2681,797,75,3481,100,2475,2450,Los Angeles,Jackey Lacey,0,1,0,1,0,,5262,32.47814519,50.95020905,1.425313569,15.14633219
Los Angeles_ 2019 Q4 Court,765,Los Angeles, 2019 Q4 Court,8383,1171,1493,2560,783,77,3049,114,2197,2255,Los Angeles,Jackey Lacey,0,1,0,1,0,,4913,30.3887645,52.10665581,1.567270507,15.93730918
Los Angeles_ 2020 Q1 Court,766,Los Angeles, 2020 Q1 Court,8509,1147,1309,2603,713,81,3029,86,2095,2223,Los Angeles,Jackey Lacey,0,1,0,1,0,,4706,27.81555461,55.31236719,1.72120697,15.15087123
Los Angeles_ 2020 Q2 Court,767,Los Angeles, 2020 Q2 Court,7048,1174,629,1250,201,34,885,22,1680,1670,Los Angeles,Jackey Lacey,0,1,0,1,0,,2114,29.75402081,59.12961211,1.608325449,9.508041627
Los Angeles_ 2020 Q3 Court,768,Los Angeles, 2020 Q3 Court,8669,2462,1159,1964,462,28,2286,61,1737,2057,Los Angeles,Jackey Lacey,0,1,0,1,1,,3613,32.07860504,54.35925823,0.774979242,12.78715749
Los Angeles_ 2020 Q4 Court,769,Los Angeles, 2020 Q4 Court,7738,2122,1014,2382,507,38,2032,50,1517,1893,Los Angeles,Jackey Lacey,0,1,0,1,1,,3941,25.72951028,60.44151231,0.964222279,12.86475514
Los Angeles_ 2021 Q1 Court,770,Los Angeles, 2021 Q1 Court,9028,2123,1223,3090,569,14,2170,53,1276,1829,Los Angeles,George Gascon,1,NA,NA,NA,0,LA Elections are on Presidential Years,4896,24.97957516,63.1127451,0.285947712,11.62173203
Los Angeles_ 2021 Q2 Court,771,Los Angeles, 2021 Q2 Court,8845,2102,1313,2994,589,21,2202,61,1312,2099,Los Angeles,George Gascon,1,NA,NA,NA,0,,4917,26.70327435,60.89078707,0.427089689,11.97884889
Los Angeles_ 2021 Q3 Court,772,Los Angeles, 2021 Q3 Court,8721,2190,1272,2898,663,14,2231,30,1334,2034,Los Angeles,George Gascon,1,NA,NA,NA,0,,4847,26.24303693,59.78956055,0.288838457,13.67856406
Los Angeles_ 2021 Q4 Court,773,Los Angeles, 2021 Q4 Court,8112,2042,1267,2765,697,7,1929,31,1307,1704,Los Angeles,George Gascon,1,NA,NA,NA,0,,4736,26.75253378,58.38260135,0.147804054,14.71706081
Los Angeles_ 2022 Q1 Court,774,Los Angeles, 2022 Q1 Court,8086,2172,1325,2612,679,3,1976,30,1240,1702,Los Angeles,George Gascon,1,NA,NA,NA,0,,4619,28.68586274,56.54903659,0.064949123,14.70015155
Los Angeles_ 2022 Q2 Court,775,Los Angeles, 2022 Q2 Court,8211,2278,1476,2516,722,5,2232,17,1507,2021,Los Angeles,George Gascon,1,NA,NA,NA,0,,4719,31.2778131,53.31638059,0.105954651,15.29985166
Los Angeles_ 2022 Q3 Court,776,Los Angeles, 2022 Q3 Court,9983,2026,1315,2681,737,3,2481,9,1543,1964,Los Angeles,George Gascon,1,NA,NA,NA,0,,4736,27.7660473,56.6089527,0.063344595,15.56165541
Los Angeles_ 2022 Q4 Court,777,Los Angeles, 2022 Q4 Court,8465,1804,1279,2501,689,3,2327,10,1561,1338,Los Angeles,George Gascon,1,NA,NA,NA,0,,4472,28.60017889,55.92576029,0.067084079,15.40697674
Los Angeles_ 2023 Q1 Court,778,Los Angeles, 2023 Q1 Court,7667,1628,1171,2661,700,13,2537,3,3298,1771,Los Angeles,George Gascon,1,NA,NA,NA,0,,4545,25.76457646,58.54785479,0.286028603,15.40154015
Madera_ 2013 Q1 Court,779,Madera, 2013 Q1 Court,483,244,66,119,24,18,206,16,56,NA,Madera,Michael Keitz,0,1,0,1,0,https://votemadera.com/election-data/past-election-results/,227,29.07488987,52.42290749,7.929515419,10.57268722
Madera_ 2013 Q2 Court,780,Madera, 2013 Q2 Court,479,295,61,112,17,15,201,11,36,NA,Madera,Michael Keitz,0,1,0,1,0,,205,29.75609756,54.63414634,7.317073171,8.292682927
Madera_ 2013 Q3 Court,781,Madera, 2013 Q3 Court,510,255,71,130,10,16,175,30,41,10,Madera,Michael Keitz,0,1,0,1,0,,227,31.27753304,57.26872247,7.04845815,4.405286344
Madera_ 2013 Q4 Court,782,Madera, 2013 Q4 Court,496,212,49,157,18,17,154,15,40,14,Madera,Michael Keitz,0,1,0,1,0,,241,20.33195021,65.14522822,7.053941909,7.468879668
Madera_ 2014 Q1 Court,783,Madera, 2014 Q1 Court,495,215,72,122,11,3,320,28,30,14,Madera,Michael Keitz,0,1,0,1,0,,208,34.61538462,58.65384615,1.442307692,5.288461538
Madera_ 2014 Q2 Court,784,Madera, 2014 Q2 Court,498,230,72,101,11,5,276,27,45,18,Madera,Michael Keitz,0,1,0,1,0,,189,38.0952381,53.43915344,2.645502646,5.82010582
Madera_ 2014 Q3 Court,785,Madera, 2014 Q3 Court,524,267,73,119,15,6,230,9,34,11,Madera,Michael Keitz,0,1,0,1,1,,213,34.27230047,55.8685446,2.816901408,7.042253521
Madera_ 2014 Q4 Court,786,Madera, 2014 Q4 Court,437,215,50,87,11,8,197,16,40,9,Madera,Michael Keitz,0,1,0,1,1,,156,32.05128205,55.76923077,5.128205128,7.051282051
Madera_ 2015 Q1 Court,787,Madera, 2015 Q1 Court,315,201,71,61,4,6,201,15,40,18,Madera,David Linn,0,1,0,1,0,,142,50,42.95774648,4.225352113,2.816901408
Madera_ 2015 Q2 Court,788,Madera, 2015 Q2 Court,321,192,82,103,7,4,164,7,37,17,Madera,David Linn,0,1,0,1,0,,196,41.83673469,52.55102041,2.040816327,3.571428571
Madera_ 2015 Q3 Court,789,Madera, 2015 Q3 Court,254,133,73,87,6,12,147,20,37,12,Madera,David Linn,0,1,0,1,0,,178,41.01123596,48.87640449,6.741573034,3.370786517
Madera_ 2015 Q4 Court,790,Madera, 2015 Q4 Court,287,107,58,81,5,8,120,4,42,16,Madera,David Linn,0,1,0,1,0,,152,38.15789474,53.28947368,5.263157895,3.289473684
Madera_ 2016 Q1 Court,791,Madera, 2016 Q1 Court,300,119,60,76,0,5,94,4,45,15,Madera,David Linn,0,1,0,1,0,,141,42.55319149,53.90070922,3.546099291,0
Madera_ 2016 Q2 Court,792,Madera, 2016 Q2 Court,420,101,64,99,1,5,137,14,37,11,Madera,David Linn,0,1,0,1,0,,169,37.86982249,58.57988166,2.958579882,0.591715976
Madera_ 2016 Q3 Court,793,Madera, 2016 Q3 Court,296,113,65,107,5,7,130,13,48,8,Madera,David Linn,0,1,0,1,0,,184,35.32608696,58.15217391,3.804347826,2.717391304
Madera_ 2016 Q4 Court,794,Madera, 2016 Q4 Court,372,91,62,93,6,5,116,10,33,17,Madera,David Linn,0,1,0,1,0,,166,37.34939759,56.02409639,3.012048193,3.614457831
Madera_ 2017 Q1 Court,795,Madera, 2017 Q1 Court,329,80,68,68,15,15,111,15,31,18,Madera,David Linn,0,1,0,1,0,,166,40.96385542,40.96385542,9.036144578,9.036144578
Madera_ 2017 Q2 Court,796,Madera, 2017 Q2 Court,366,89,59,81,8,13,122,12,44,12,Madera,David Linn,0,1,0,1,0,,161,36.64596273,50.31055901,8.074534161,4.968944099
Madera_ 2017 Q3 Court,797,Madera, 2017 Q3 Court,337,118,55,68,3,0,112,7,31,12,Madera,David Linn,0,1,0,1,0,,126,43.65079365,53.96825397,0,2.380952381
Madera_ 2017 Q4 Court,798,Madera, 2017 Q4 Court,350,80,46,51,5,4,110,10,26,12,Madera,David Linn,0,1,0,1,0,,106,43.39622642,48.11320755,3.773584906,4.716981132
Madera_ 2018 Q1 Court,799,Madera, 2018 Q1 Court,354,88,43,95,14,7,113,6,44,12,Madera,David Linn,0,1,0,1,0,,159,27.04402516,59.74842767,4.402515723,8.805031447
Madera_ 2018 Q2 Court,800,Madera, 2018 Q2 Court,462,158,76,91,12,4,121,7,41,16,Madera,David Linn,0,1,0,1,0,,183,41.53005464,49.72677596,2.18579235,6.557377049
Madera_ 2018 Q3 Court,801,Madera, 2018 Q3 Court,438,113,72,107,8,7,96,16,37,14,Madera,David Linn,0,1,0,1,1,,194,37.11340206,55.15463918,3.608247423,4.12371134
Madera_ 2018 Q4 Court,802,Madera, 2018 Q4 Court,422,102,106,81,5,4,135,7,38,11,Madera,David Linn,0,1,0,1,1,,196,54.08163265,41.32653061,2.040816327,2.551020408
Madera_ 2019 Q1 Court,803,Madera, 2019 Q1 Court,338,86,66,147,6,1,113,5,50,12,Madera,Sally Orme Moreno,0,1,1,0,0,,220,30,66.81818182,0.454545455,2.727272727
Madera_ 2019 Q2 Court,804,Madera, 2019 Q2 Court,297,84,104,199,15,5,107,2,43,20,Madera,Sally Orme Moreno,0,1,1,0,0,,323,32.19814241,61.60990712,1.547987616,4.643962848
Madera_ 2019 Q3 Court,805,Madera, 2019 Q3 Court,378,99,70,166,7,3,129,4,48,13,Madera,Sally Orme Moreno,0,1,1,0,0,,246,28.45528455,67.4796748,1.219512195,2.845528455
Madera_ 2019 Q4 Court,806,Madera, 2019 Q4 Court,332,144,53,169,17,2,190,5,99,26,Madera,Sally Orme Moreno,0,1,1,0,0,,241,21.99170124,70.12448133,0.829875519,7.053941909
Madera_ 2020 Q1 Court,807,Madera, 2020 Q1 Court,302,71,43,85,8,1,90,2,49,11,Madera,Sally Orme Moreno,0,1,1,0,0,,137,31.38686131,62.04379562,0.729927007,5.839416058
Madera_ 2020 Q2 Court,808,Madera, 2020 Q2 Court,310,51,28,63,7,1,63,6,33,4,Madera,Sally Orme Moreno,0,1,1,0,0,,99,28.28282828,63.63636364,1.01010101,7.070707071
Madera_ 2020 Q3 Court,809,Madera, 2020 Q3 Court,391,125,31,66,6,2,99,2,53,6,Madera,Sally Orme Moreno,0,1,1,0,0,,105,29.52380952,62.85714286,1.904761905,5.714285714
Madera_ 2020 Q4 Court,810,Madera, 2020 Q4 Court,374,84,35,47,0,0,53,5,29,3,Madera,Sally Orme Moreno,0,1,1,0,0,,82,42.68292683,57.31707317,0,0
Madera_ 2021 Q1 Court,811,Madera, 2021 Q1 Court,443,107,70,88,7,2,70,2,42,4,Madera,Sally Orme Moreno,0,1,1,0,0,,167,41.91616766,52.69461078,1.19760479,4.191616766
Madera_ 2021 Q2 Court,812,Madera, 2021 Q2 Court,556,150,102,128,9,9,65,8,37,8,Madera,Sally Orme Moreno,0,1,1,0,0,,248,41.12903226,51.61290323,3.629032258,3.629032258
Madera_ 2021 Q3 Court,813,Madera, 2021 Q3 Court,451,200,79,121,8,12,77,3,36,6,Madera,Sally Orme Moreno,0,1,1,0,0,,220,35.90909091,55,5.454545455,3.636363636
Madera_ 2021 Q4 Court,814,Madera, 2021 Q4 Court,305,153,24,38,1,NA,67,12,30,7,Madera,Sally Orme Moreno,0,1,1,0,0,,NA,NA,NA,NA,NA
Madera_ 2022 Q1 Court,815,Madera, 2022 Q1 Court,360,157,62,112,15,7,60,5,42,8,Madera,Sally Orme Moreno,0,1,1,0,0,,196,31.63265306,57.14285714,3.571428571,7.653061224
Madera_ 2022 Q2 Court,816,Madera, 2022 Q2 Court,357,147,101,142,12,6,69,6,30,6,Madera,Sally Orme Moreno,0,1,1,0,0,,261,38.69731801,54.40613027,2.298850575,4.597701149
Madera_ 2022 Q3 Court,817,Madera, 2022 Q3 Court,418,166,89,124,4,4,67,7,41,4,Madera,Sally Orme Moreno,0,1,1,0,1,,221,40.27149321,56.10859729,1.809954751,1.809954751
Madera_ 2022 Q4 Court,818,Madera, 2022 Q4 Court,307,127,6,29,0,0,66,22,41,4,Madera,Sally Orme Moreno,0,1,1,0,1,,35,17.14285714,82.85714286,0,0
Madera_ 2023 Q1 Court,819,Madera, 2023 Q1 Court,256,124,9,22,0,1,56,9,33,2,Madera,Sally Orme Moreno,0,NA,NA,NA,0,,32,28.125,68.75,3.125,0
Marin_ 2013 Q1 Court,820,Marin, 2013 Q1 Court,253,12,10,60,3,1,166,1,6,NA,Marin,Edward Berberian,0,1,1,0,0,https://www.marincounty.org/depts/rv/election-info/past-elections?tabnum=13,74,13.51351351,81.08108108,1.351351351,4.054054054
Marin_ 2013 Q2 Court,821,Marin, 2013 Q2 Court,274,20,19,67,2,4,221,0,7,NA,Marin,Edward Berberian,0,1,1,0,0,,92,20.65217391,72.82608696,4.347826087,2.173913043
Marin_ 2013 Q3 Court,822,Marin, 2013 Q3 Court,231,19,14,61,0,10,343,4,4,3,Marin,Edward Berberian,0,1,1,0,0,,85,16.47058824,71.76470588,11.76470588,0
Marin_ 2013 Q4 Court,823,Marin, 2013 Q4 Court,294,21,17,16,4,14,319,4,9,7,Marin,Edward Berberian,0,1,1,0,0,,51,33.33333333,31.37254902,27.45098039,7.843137255
Marin_ 2014 Q1 Court,824,Marin, 2014 Q1 Court,282,34,17,74,1,7,184,5,2,16,Marin,Edward Berberian,0,1,1,0,0,,99,17.17171717,74.74747475,7.070707071,1.01010101
Marin_ 2014 Q2 Court,825,Marin, 2014 Q2 Court,264,23,23,96,4,9,216,2,11,21,Marin,Edward Berberian,0,1,1,0,0,,132,17.42424242,72.72727273,6.818181818,3.03030303
Marin_ 2014 Q3 Court,826,Marin, 2014 Q3 Court,249,16,25,71,4,17,191,12,9,27,Marin,Edward Berberian,0,1,1,0,1,,117,21.36752137,60.68376068,14.52991453,3.418803419
Marin_ 2014 Q4 Court,827,Marin, 2014 Q4 Court,225,30,14,61,2,5,108,16,7,25,Marin,Edward Berberian,0,1,1,0,1,,82,17.07317073,74.3902439,6.097560976,2.43902439
Marin_ 2015 Q1 Court,828,Marin, 2015 Q1 Court,240,17,10,52,1,3,108,5,13,11,Marin,Edward Berberian,0,0,NA,NA,0,,66,15.15151515,78.78787879,4.545454545,1.515151515
Marin_ 2015 Q2 Court,829,Marin, 2015 Q2 Court,231,NA,2,31,2,7,100,8,9,11,Marin,Edward Berberian,0,0,NA,NA,0,,42,4.761904762,73.80952381,16.66666667,4.761904762
Marin_ 2015 Q3 Court,830,Marin, 2015 Q3 Court,198,NA,3,NA,8,7,NA,9,9,12,Marin,Edward Berberian,0,0,NA,NA,0,,NA,NA,NA,NA,NA
Marin_ 2015 Q4 Court,831,Marin, 2015 Q4 Court,242,NA,5,NA,2,4,NA,0,6,9,Marin,Edward Berberian,0,0,NA,NA,0,,NA,NA,NA,NA,NA
Marin_ 2016 Q1 Court,832,Marin, 2016 Q1 Court,223,NA,3,27,3,11,155,6,11,4,Marin,Edward Berberian,0,0,NA,NA,0,,44,6.818181818,61.36363636,25,6.818181818
Marin_ 2016 Q2 Court,833,Marin, 2016 Q2 Court,257,NA,4,46,3,17,166,7,11,13,Marin,Edward Berberian,0,0,NA,NA,0,,70,5.714285714,65.71428571,24.28571429,4.285714286
Marin_ 2016 Q3 Court,834,Marin, 2016 Q3 Court,195,NA,21,41,3,14,177,3,14,12,Marin,Edward Berberian,0,0,NA,NA,0,,79,26.58227848,51.89873418,17.72151899,3.797468354
Marin_ 2016 Q4 Court,835,Marin, 2016 Q4 Court,242,NA,25,45,0,11,197,11,8,12,Marin,Edward Berberian,0,0,NA,NA,0,,81,30.86419753,55.55555556,13.58024691,0
Marin_ 2017 Q1 Court,836,Marin, 2017 Q1 Court,184,NA,37,44,6,9,194,8,10,10,Marin,Edward Berberian,0,0,NA,NA,0,,96,38.54166667,45.83333333,9.375,6.25
Marin_ 2017 Q2 Court,837,Marin, 2017 Q2 Court,200,NA,24,36,3,8,167,9,10,23,Marin,Edward Berberian,0,0,NA,NA,0,,71,33.8028169,50.70422535,11.26760563,4.225352113
Marin_ 2017 Q3 Court,838,Marin, 2017 Q3 Court,193,NA,26,45,4,1,146,9,10,19,Marin,Edward Berberian,0,0,NA,NA,0,,76,34.21052632,59.21052632,1.315789474,5.263157895
Marin_ 2017 Q4 Court,839,Marin, 2017 Q4 Court,180,NA,22,34,6,6,152,14,8,17,Marin,Edward Berberian,0,0,NA,NA,0,,68,32.35294118,50,8.823529412,8.823529412
Marin_ 2018 Q1 Court,840,Marin, 2018 Q1 Court,166,NA,24,60,4,14,136,13,14,9,Marin,Edward Berberian,0,0,NA,1,0,,102,23.52941176,58.82352941,13.7254902,3.921568627
Marin_ 2018 Q2 Court,841,Marin, 2018 Q2 Court,178,NA,25,38,6,10,151,9,9,15,Marin,Edward Berberian,0,0,NA,1,0,,79,31.64556962,48.10126582,12.65822785,7.594936709
Marin_ 2018 Q3 Court,842,Marin, 2018 Q3 Court,181,NA,26,44,9,3,137,14,11,18,Marin,Edward Berberian,0,0,NA,1,1,,82,31.70731707,53.65853659,3.658536585,10.97560976
Marin_ 2018 Q4 Court,843,Marin, 2018 Q4 Court,202,NA,NA,NA,NA,NA,NA,NA,NA,NA,Marin,Edward Berberian,0,0,NA,1,1,,NA,NA,NA,NA,NA
Marin_ 2019 Q1 Court,844,Marin, 2019 Q1 Court,223,NA,18,48,2,15,111,6,15,19,Marin,Lori Frugoli,0,1,1,0,0,,83,21.68674699,57.8313253,18.07228916,2.409638554
Marin_ 2019 Q2 Court,845,Marin, 2019 Q2 Court,187,NA,24,45,2,7,142,10,13,14,Marin,Lori Frugoli,0,1,1,0,0,,78,30.76923077,57.69230769,8.974358974,2.564102564
Marin_ 2019 Q3 Court,846,Marin, 2019 Q3 Court,215,NA,23,39,2,9,118,9,11,21,Marin,Lori Frugoli,0,1,1,0,0,,73,31.50684932,53.42465753,12.32876712,2.739726027
Marin_ 2019 Q4 Court,847,Marin, 2019 Q4 Court,161,NA,26,38,2,10,140,25,10,19,Marin,Lori Frugoli,0,1,1,0,0,,76,34.21052632,50,13.15789474,2.631578947
Marin_ 2020 Q1 Court,848,Marin, 2020 Q1 Court,186,NA,10,8,5,7,97,6,13,10,Marin,Lori Frugoli,0,1,1,0,0,,30,33.33333333,26.66666667,23.33333333,16.66666667
Marin_ 2020 Q2 Court,849,Marin, 2020 Q2 Court,183,NA,7,7,0,3,81,11,14,7,Marin,Lori Frugoli,0,1,1,0,0,,17,41.17647059,41.17647059,17.64705882,0
Marin_ 2020 Q3 Court,850,Marin, 2020 Q3 Court,776,NA,14,12,2,7,108,11,17,11,Marin,Lori Frugoli,0,1,1,0,0,,35,40,34.28571429,20,5.714285714
Marin_ 2020 Q4 Court,851,Marin, 2020 Q4 Court,475,NA,14,11,0,6,104,7,17,20,Marin,Lori Frugoli,0,1,1,0,0,,31,45.16129032,35.48387097,19.35483871,0
Marin_ 2021 Q1 Court,852,Marin, 2021 Q1 Court,192,NA,8,19,1,8,91,5,11,19,Marin,Lori Frugoli,0,1,1,0,0,,36,22.22222222,52.77777778,22.22222222,2.777777778
Marin_ 2021 Q2 Court,853,Marin, 2021 Q2 Court,200,NA,4,16,2,3,113,7,12,17,Marin,Lori Frugoli,0,1,1,0,0,,25,16,64,12,8
Marin_ 2021 Q3 Court,854,Marin, 2021 Q3 Court,216,NA,11,13,3,6,74,6,17,13,Marin,Lori Frugoli,0,1,1,0,0,,33,33.33333333,39.39393939,18.18181818,9.090909091
Marin_ 2021 Q4 Court,855,Marin, 2021 Q4 Court,201,NA,12,22,0,9,97,7,7,18,Marin,Lori Frugoli,0,1,1,0,0,,43,27.90697674,51.1627907,20.93023256,0
Marin_ 2022 Q1 Court,856,Marin, 2022 Q1 Court,362,NA,13,9,1,12,88,12,7,22,Marin,Lori Frugoli,0,1,1,0,0,,35,37.14285714,25.71428571,34.28571429,2.857142857
Marin_ 2022 Q2 Court,857,Marin, 2022 Q2 Court,235,NA,26,15,4,9,90,11,10,16,Marin,Lori Frugoli,0,1,1,0,0,,54,48.14814815,27.77777778,16.66666667,7.407407407
Marin_ 2022 Q3 Court,858,Marin, 2022 Q3 Court,201,NA,13,21,3,4,112,4,12,7,Marin,Lori Frugoli,0,1,1,0,1,,41,31.70731707,51.2195122,9.756097561,7.317073171
Marin_ 2022 Q4 Court,859,Marin, 2022 Q4 Court,181,NA,19,16,2,8,96,12,11,12,Marin,Lori Frugoli,0,1,1,0,1,,45,42.22222222,35.55555556,17.77777778,4.444444444
Marin_ 2023 Q1 Court,860,Marin, 2023 Q1 Court,NA,NA,16,9,2,6,107,4,13,10,Marin,Lori Frugoli,0,NA,NA,NA,0,,33,48.48484848,27.27272727,18.18181818,6.060606061
Mariposa_ 2013 Q1 Court,861,Mariposa, 2013 Q1 Court,69,0,5,41,0,5,30,3,3,0,Mariposa,Robert H. Brown,0,0,NA,NA,0,https://www.mariposacounty.org/132/Election-Results,51,9.803921569,80.39215686,9.803921569,0
Mariposa_ 2013 Q2 Court,862,Mariposa, 2013 Q2 Court,55,2,6,58,0,2,88,0,4,0,Mariposa,Robert H. Brown,0,0,NA,NA,0,,66,9.090909091,87.87878788,3.03030303,0
Mariposa_ 2013 Q3 Court,863,Mariposa, 2013 Q3 Court,62,1,5,69,1,16,80,0,2,0,Mariposa,Robert H. Brown,0,0,NA,NA,0,,91,5.494505495,75.82417582,17.58241758,1.098901099
Mariposa_ 2013 Q4 Court,864,Mariposa, 2013 Q4 Court,25,0,9,40,0,2,28,2,1,1,Mariposa,Robert H. Brown,0,0,NA,NA,0,,51,17.64705882,78.43137255,3.921568627,0
Mariposa_ 2014 Q1 Court,865,Mariposa, 2014 Q1 Court,40,0,6,17,0,1,27,0,1,0,Mariposa,Robert H. Brown,0,0,NA,0,0,,24,25,70.83333333,4.166666667,0
Mariposa_ 2014 Q2 Court,866,Mariposa, 2014 Q2 Court,54,0,5,17,0,7,38,0,0,0,Mariposa,Robert H. Brown,0,0,NA,0,0,,29,17.24137931,58.62068966,24.13793103,0
Mariposa_ 2014 Q3 Court,867,Mariposa, 2014 Q3 Court,36,0,4,18,0,2,22,1,0,0,Mariposa,Robert H. Brown,0,0,NA,0,1,,24,16.66666667,75,8.333333333,0
Mariposa_ 2014 Q4 Court,868,Mariposa, 2014 Q4 Court,29,0,2,20,0,0,12,0,2,1,Mariposa,Robert H. Brown,0,0,NA,0,1,,22,9.090909091,90.90909091,0,0
Mariposa_ 2015 Q1 Court,869,Mariposa, 2015 Q1 Court,22,0,4,15,0,5,16,0,2,2,Mariposa,Thomas K. Cook,0,0,NA,NA,0,,24,16.66666667,62.5,20.83333333,0
Mariposa_ 2015 Q2 Court,870,Mariposa, 2015 Q2 Court,28,0,8,16,1,8,26,0,0,0,Mariposa,Thomas K. Cook,0,0,NA,NA,0,,33,24.24242424,48.48484848,24.24242424,3.03030303
Mariposa_ 2015 Q3 Court,871,Mariposa, 2015 Q3 Court,53,0,8,36,0,2,33,3,3,0,Mariposa,Thomas K. Cook,0,0,NA,NA,0,,46,17.39130435,78.26086957,4.347826087,0
Mariposa_ 2015 Q4 Court,872,Mariposa, 2015 Q4 Court,49,0,5,27,0,3,17,1,4,2,Mariposa,Thomas K. Cook,0,0,NA,NA,0,,35,14.28571429,77.14285714,8.571428571,0
Mariposa_ 2016 Q1 Court,873,Mariposa, 2016 Q1 Court,29,0,5,54,0,0,33,4,4,0,Mariposa,Thomas K. Cook,0,0,NA,NA,0,,59,8.474576271,91.52542373,0,0
Mariposa_ 2016 Q2 Court,874,Mariposa, 2016 Q2 Court,37,1,8,20,0,13,24,1,6,2,Mariposa,Thomas K. Cook,0,0,NA,NA,0,,41,19.51219512,48.7804878,31.70731707,0
Mariposa_ 2016 Q3 Court,875,Mariposa, 2016 Q3 Court,13,1,11,10,0,8,28,0,6,0,Mariposa,Thomas K. Cook,0,0,NA,NA,0,,29,37.93103448,34.48275862,27.5862069,0
Mariposa_ 2016 Q4 Court,876,Mariposa, 2016 Q4 Court,33,3,5,22,0,3,8,0,4,0,Mariposa,Thomas K. Cook,0,0,NA,NA,0,,30,16.66666667,73.33333333,10,0
Mariposa_ 2017 Q1 Court,877,Mariposa, 2017 Q1 Court,34,0,5,29,0,0,15,1,7,1,Mariposa,Thomas K. Cook,0,0,NA,NA,0,,34,14.70588235,85.29411765,0,0
Mariposa_ 2017 Q2 Court,878,Mariposa, 2017 Q2 Court,31,0,1,16,0,7,25,0,4,0,Mariposa,Thomas K. Cook,0,0,NA,NA,0,,24,4.166666667,66.66666667,29.16666667,0
Mariposa_ 2017 Q3 Court,879,Mariposa, 2017 Q3 Court,39,2,8,16,0,2,17,3,9,0,Mariposa,Thomas K. Cook,0,0,NA,NA,0,,26,30.76923077,61.53846154,7.692307692,0
Mariposa_ 2017 Q4 Court,880,Mariposa, 2017 Q4 Court,47,3,4,14,0,0,23,3,6,0,Mariposa,Thomas K. Cook,0,0,NA,NA,0,,18,22.22222222,77.77777778,0,0
Mariposa_ 2018 Q1 Court,881,Mariposa, 2018 Q1 Court,29,15,8,10,0,8,28,0,14,0,Mariposa,Thomas K. Cook,0,0,NA,0,0,,26,30.76923077,38.46153846,30.76923077,0
Mariposa_ 2018 Q2 Court,882,Mariposa, 2018 Q2 Court,40,5,3,18,0,5,6,0,4,0,Mariposa,Thomas K. Cook,0,0,NA,0,0,,26,11.53846154,69.23076923,19.23076923,0
Mariposa_ 2018 Q3 Court,883,Mariposa, 2018 Q3 Court,24,3,4,11,0,6,22,1,2,0,Mariposa,Thomas K. Cook,0,0,NA,0,1,,21,19.04761905,52.38095238,28.57142857,0
Mariposa_ 2018 Q4 Court,884,Mariposa, 2018 Q4 Court,16,3,3,20,0,2,18,4,5,0,Mariposa,Thomas K. Cook,0,0,NA,0,1,,25,12,80,8,0
Mariposa_ 2019 Q1 Court,885,Mariposa, 2019 Q1 Court,37,0,2,13,0,6,24,1,4,1,Mariposa,Walter W. Wall,0,1,1,0,0,,21,9.523809524,61.9047619,28.57142857,0
Mariposa_ 2019 Q2 Court,886,Mariposa, 2019 Q2 Court,35,1,5,38,0,10,30,0,2,2,Mariposa,Walter W. Wall,0,1,1,0,0,,53,9.433962264,71.69811321,18.86792453,0
Mariposa_ 2019 Q3 Court,887,Mariposa, 2019 Q3 Court,46,1,6,25,0,7,24,3,18,0,Mariposa,Walter W. Wall,0,1,1,0,0,,38,15.78947368,65.78947368,18.42105263,0
Mariposa_ 2019 Q4 Court,888,Mariposa, 2019 Q4 Court,28,1,6,33,0,4,20,1,10,3,Mariposa,Walter W. Wall,0,1,1,0,0,,43,13.95348837,76.74418605,9.302325581,0
Mariposa_ 2020 Q1 Court,889,Mariposa, 2020 Q1 Court,49,1,4,14,0,11,10,0,5,0,Mariposa,Walter W. Wall,0,1,1,0,0,,29,13.79310345,48.27586207,37.93103448,0
Mariposa_ 2020 Q2 Court,890,Mariposa, 2020 Q2 Court,12,0,2,3,0,6,11,5,5,0,Mariposa,Walter W. Wall,0,1,1,0,0,,11,18.18181818,27.27272727,54.54545455,0
Mariposa_ 2020 Q3 Court,891,Mariposa, 2020 Q3 Court,55,1,3,18,0,1,14,0,4,0,Mariposa,Walter W. Wall,0,1,1,0,0,,22,13.63636364,81.81818182,4.545454545,0
Mariposa_ 2020 Q4 Court,892,Mariposa, 2020 Q4 Court,21,0,2,4,0,12,15,1,4,0,Mariposa,Walter W. Wall,0,1,1,0,0,,18,11.11111111,22.22222222,66.66666667,0
Mariposa_ 2021 Q1 Court,893,Mariposa, 2021 Q1 Court,32,3,1,16,0,1,6,5,10,0,Mariposa,Walter W. Wall,0,1,1,0,0,,18,5.555555556,88.88888889,5.555555556,0
Mariposa_ 2021 Q2 Court,894,Mariposa, 2021 Q2 Court,35,2,5,18,0,1,16,0,10,0,Mariposa,Walter W. Wall,0,1,1,0,0,,24,20.83333333,75,4.166666667,0
Mariposa_ 2021 Q3 Court,895,Mariposa, 2021 Q3 Court,40,0,9,28,0,0,6,3,5,0,Mariposa,Walter W. Wall,0,1,1,0,0,,37,24.32432432,75.67567568,0,0
Mariposa_ 2021 Q4 Court,896,Mariposa, 2021 Q4 Court,33,1,6,11,0,2,4,0,4,3,Mariposa,Walter W. Wall,0,1,1,0,0,,19,31.57894737,57.89473684,10.52631579,0
Mariposa_ 2022 Q1 Court,897,Mariposa, 2022 Q1 Court,29,5,3,17,0,5,29,0,0,2,Mariposa,Walter W. Wall,0,1,1,0,0,,25,12,68,20,0
Mariposa_ 2022 Q2 Court,898,Mariposa, 2022 Q2 Court,33,0,3,11,0,2,7,0,6,0,Mariposa,Walter W. Wall,0,1,1,0,0,,16,18.75,68.75,12.5,0
Mariposa_ 2022 Q3 Court,899,Mariposa, 2022 Q3 Court,64,20,8,9,0,0,11,1,6,0,Mariposa,Walter W. Wall,0,1,1,0,1,,17,47.05882353,52.94117647,0,0
Mariposa_ 2022 Q4 Court,900,Mariposa, 2022 Q4 Court,45,21,9,13,0,0,16,1,4,0,Mariposa,Walter W. Wall,0,1,1,0,1,,22,40.90909091,59.09090909,0,0
Mariposa_ 2023 Q1 Court,901,Mariposa, 2023 Q1 Court,31,22,5,16,0,0,4,0,0,0,Mariposa,Walter W. Wall,0,NA,NA,NA,0,,21,23.80952381,76.19047619,0,0
Mendocino_ 2013 Q1 Court,902,Mendocino, 2013 Q1 Court,241,35,41,73,18,2,127,1,14,0,Mendocino,Meredith Lintott,0,0,NA,NA,0,https://www.mendocinocounty.org/government/assessor-county-clerk-recorder-elections/elections/past-election-results,134,30.59701493,54.47761194,1.492537313,13.43283582
Mendocino_ 2013 Q2 Court,903,Mendocino, 2013 Q2 Court,271,36,31,79,11,6,98,1,12,0,Mendocino,Meredith Lintott,0,0,NA,NA,0,,127,24.40944882,62.20472441,4.724409449,8.661417323
Mendocino_ 2013 Q3 Court,904,Mendocino, 2013 Q3 Court,263,26,24,79,6,3,116,1,22,1,Mendocino,Meredith Lintott,0,0,NA,NA,0,,112,21.42857143,70.53571429,2.678571429,5.357142857
Mendocino_ 2013 Q4 Court,905,Mendocino, 2013 Q4 Court,270,12,35,78,5,2,103,3,24,6,Mendocino,Meredith Lintott,0,0,NA,NA,0,,120,29.16666667,65,1.666666667,4.166666667
Mendocino_ 2014 Q1 Court,906,Mendocino, 2014 Q1 Court,285,31,25,83,11,6,100,3,15,17,Mendocino,Meredith Lintott,0,0,NA,0,0,,125,20,66.4,4.8,8.8
Mendocino_ 2014 Q2 Court,907,Mendocino, 2014 Q2 Court,266,46,33,88,10,4,120,7,10,18,Mendocino,Meredith Lintott,0,0,NA,0,0,,135,24.44444444,65.18518519,2.962962963,7.407407407
Mendocino_ 2014 Q3 Court,908,Mendocino, 2014 Q3 Court,325,47,34,80,14,10,131,8,25,23,Mendocino,Meredith Lintott,0,0,NA,0,1,,138,24.63768116,57.97101449,7.246376812,10.14492754
Mendocino_ 2014 Q4 Court,909,Mendocino, 2014 Q4 Court,330,41,31,84,12,7,117,6,17,19,Mendocino,Meredith Lintott,0,0,NA,0,1,,134,23.13432836,62.68656716,5.223880597,8.955223881
Mendocino_ 2015 Q1 Court,910,Mendocino, 2015 Q1 Court,254,31,33,53,4,10,114,16,25,5,Mendocino,C. David Eyster,0,1,1,0,0,,100,33,53,10,4
Mendocino_ 2015 Q2 Court,911,Mendocino, 2015 Q2 Court,225,52,42,75,6,9,88,6,26,13,Mendocino,C. David Eyster,0,1,1,0,0,,132,31.81818182,56.81818182,6.818181818,4.545454545
Mendocino_ 2015 Q3 Court,912,Mendocino, 2015 Q3 Court,288,48,27,67,3,2,85,6,27,10,Mendocino,C. David Eyster,0,1,1,0,0,,99,27.27272727,67.67676768,2.02020202,3.03030303
Mendocino_ 2015 Q4 Court,913,Mendocino, 2015 Q4 Court,223,32,40,61,8,8,66,10,27,21,Mendocino,C. David Eyster,0,1,1,0,0,,117,34.18803419,52.13675214,6.837606838,6.837606838
Mendocino_ 2016 Q1 Court,914,Mendocino, 2016 Q1 Court,263,37,27,63,13,7,94,12,29,19,Mendocino,C. David Eyster,0,1,1,0,0,,110,24.54545455,57.27272727,6.363636364,11.81818182
Mendocino_ 2016 Q2 Court,915,Mendocino, 2016 Q2 Court,231,38,34,71,5,16,92,16,19,25,Mendocino,C. David Eyster,0,1,1,0,0,,126,26.98412698,56.34920635,12.6984127,3.968253968
Mendocino_ 2016 Q3 Court,916,Mendocino, 2016 Q3 Court,466,43,41,90,6,13,94,12,33,18,Mendocino,C. David Eyster,0,1,1,0,0,,150,27.33333333,60,8.666666667,4
Mendocino_ 2016 Q4 Court,917,Mendocino, 2016 Q4 Court,328,35,36,72,13,3,127,8,37,14,Mendocino,C. David Eyster,0,1,1,0,0,,124,29.03225806,58.06451613,2.419354839,10.48387097
Mendocino_ 2017 Q1 Court,918,Mendocino, 2017 Q1 Court,239,122,37,61,8,14,92,9,33,19,Mendocino,C. David Eyster,0,1,1,0,0,,120,30.83333333,50.83333333,11.66666667,6.666666667
Mendocino_ 2017 Q2 Court,919,Mendocino, 2017 Q2 Court,272,156,38,54,5,12,119,10,31,30,Mendocino,C. David Eyster,0,1,1,0,0,,109,34.86238532,49.5412844,11.00917431,4.587155963
Mendocino_ 2017 Q3 Court,920,Mendocino, 2017 Q3 Court,254,112,34,58,9,6,102,14,36,18,Mendocino,C. David Eyster,0,1,1,0,0,,107,31.77570093,54.20560748,5.607476636,8.411214953
Mendocino_ 2017 Q4 Court,921,Mendocino, 2017 Q4 Court,227,139,43,60,5,2,111,28,36,20,Mendocino,C. David Eyster,0,1,1,0,0,,110,39.09090909,54.54545455,1.818181818,4.545454545
Mendocino_ 2018 Q1 Court,922,Mendocino, 2018 Q1 Court,249,68,28,69,3,1,91,15,34,27,Mendocino,C. David Eyster,0,1,1,0,0,,101,27.72277228,68.31683168,0.99009901,2.97029703
Mendocino_ 2018 Q2 Court,923,Mendocino, 2018 Q2 Court,222,65,39,73,6,2,111,13,31,25,Mendocino,C. David Eyster,0,1,1,0,0,,120,32.5,60.83333333,1.666666667,5
Mendocino_ 2018 Q3 Court,924,Mendocino, 2018 Q3 Court,237,65,31,72,4,0,95,6,28,22,Mendocino,C. David Eyster,0,1,1,0,1,,107,28.97196262,67.28971963,0,3.738317757
Mendocino_ 2018 Q4 Court,925,Mendocino, 2018 Q4 Court,224,84,28,68,4,1,93,4,33,27,Mendocino,C. David Eyster,0,1,1,0,1,,101,27.72277228,67.32673267,0.99009901,3.96039604
Mendocino_ 2019 Q1 Court,926,Mendocino, 2019 Q1 Court,248,79,29,65,1,6,93,8,24,31,Mendocino,C. David Eyster,0,1,1,0,0,,101,28.71287129,64.35643564,5.940594059,0.99009901
Mendocino_ 2019 Q2 Court,927,Mendocino, 2019 Q2 Court,220,67,27,78,3,10,93,7,27,32,Mendocino,C. David Eyster,0,1,1,0,0,,118,22.88135593,66.10169492,8.474576271,2.542372881
Mendocino_ 2019 Q3 Court,928,Mendocino, 2019 Q3 Court,265,80,23,52,1,1,109,9,25,42,Mendocino,C. David Eyster,0,1,1,0,0,,77,29.87012987,67.53246753,1.298701299,1.298701299
Mendocino_ 2019 Q4 Court,929,Mendocino, 2019 Q4 Court,223,76,39,70,5,6,99,2,24,34,Mendocino,C. David Eyster,0,1,1,0,0,,120,32.5,58.33333333,5,4.166666667
Mendocino_ 2020 Q1 Court,930,Mendocino, 2020 Q1 Court,228,76,21,62,8,6,89,11,17,29,Mendocino,C. David Eyster,0,1,1,0,0,,97,21.64948454,63.91752577,6.18556701,8.24742268
Mendocino_ 2020 Q2 Court,931,Mendocino, 2020 Q2 Court,205,131,23,35,6,6,72,9,25,17,Mendocino,C. David Eyster,0,1,1,0,0,,70,32.85714286,50,8.571428571,8.571428571
Mendocino_ 2020 Q3 Court,932,Mendocino, 2020 Q3 Court,279,125,22,45,6,4,85,11,33,23,Mendocino,C. David Eyster,0,1,1,0,0,,77,28.57142857,58.44155844,5.194805195,7.792207792
Mendocino_ 2020 Q4 Court,933,Mendocino, 2020 Q4 Court,270,145,16,58,6,1,69,14,28,33,Mendocino,C. David Eyster,0,1,1,0,0,,81,19.75308642,71.60493827,1.234567901,7.407407407
Mendocino_ 2021 Q1 Court,934,Mendocino, 2021 Q1 Court,214,102,41,78,7,0,81,9,22,25,Mendocino,C. David Eyster,0,1,1,0,0,,126,32.53968254,61.9047619,0,5.555555556
Mendocino_ 2021 Q2 Court,935,Mendocino, 2021 Q2 Court,247,153,40,90,6,1,92,6,28,32,Mendocino,C. David Eyster,0,1,1,0,0,,137,29.19708029,65.69343066,0.729927007,4.379562044
Mendocino_ 2021 Q3 Court,936,Mendocino, 2021 Q3 Court,288,150,44,68,5,3,84,8,30,34,Mendocino,C. David Eyster,0,1,1,0,0,,120,36.66666667,56.66666667,2.5,4.166666667
Mendocino_ 2021 Q4 Court,937,Mendocino, 2021 Q4 Court,257,135,37,61,9,2,63,8,18,28,Mendocino,C. David Eyster,0,1,1,0,0,,109,33.94495413,55.96330275,1.834862385,8.256880734
Mendocino_ 2022 Q1 Court,938,Mendocino, 2022 Q1 Court,262,141,62,99,9,7,125,7,23,21,Mendocino,C. David Eyster,0,1,1,0,0,,177,35.02824859,55.93220339,3.95480226,5.084745763
Mendocino_ 2022 Q2 Court,939,Mendocino, 2022 Q2 Court,204,103,69,152,9,6,43,4,23,26,Mendocino,C. David Eyster,0,1,1,0,0,,236,29.23728814,64.40677966,2.542372881,3.813559322
Mendocino_ 2022 Q3 Court,940,Mendocino, 2022 Q3 Court,254,152,53,152,6,1,27,5,71,33,Mendocino,C. David Eyster,0,1,1,0,1,,212,25,71.69811321,0.471698113,2.830188679
Mendocino_ 2022 Q4 Court,941,Mendocino, 2022 Q4 Court,234,120,44,54,8,3,21,1,45,29,Mendocino,C. David Eyster,0,1,1,0,1,,109,40.36697248,49.5412844,2.752293578,7.339449541
Mendocino_ 2023 Q1 Court,942,Mendocino, 2023 Q1 Court,123,121,26,60,11,10,36,3,36,40,Mendocino,C. David Eyster,0,NA,NA,NA,0,,107,24.29906542,56.07476636,9.345794393,10.28037383
Merced_ 2013 Q1 Court,943,Merced, 2013 Q1 Court,708,84,125,291,13,23,497,38,77,NA,Merced,Larry Morse,0,1,1,0,0,https://www.countyofmerced.com/3632/Elections,452,27.65486726,64.38053097,5.088495575,2.876106195
Merced_ 2013 Q2 Court,944,Merced, 2013 Q2 Court,594,82,95,253,16,28,550,34,64,NA,Merced,Larry Morse,0,1,1,0,0,,392,24.23469388,64.54081633,7.142857143,4.081632653
Merced_ 2013 Q3 Court,945,Merced, 2013 Q3 Court,693,78,63,268,10,18,483,50,63,31,Merced,Larry Morse,0,1,1,0,0,,359,17.54874652,74.65181058,5.013927577,2.78551532
Merced_ 2013 Q4 Court,946,Merced, 2013 Q4 Court,664,75,89,241,7,19,493,41,57,27,Merced,Larry Morse,0,1,1,0,0,,356,25,67.69662921,5.337078652,1.966292135
Merced_ 2014 Q1 Court,947,Merced, 2014 Q1 Court,551,54,78,298,14,13,466,37,67,53,Merced,Larry Morse,0,1,1,0,0,,403,19.35483871,73.94540943,3.225806452,3.473945409
Merced_ 2014 Q2 Court,948,Merced, 2014 Q2 Court,731,52,88,289,15,22,505,49,69,36,Merced,Larry Morse,0,1,1,0,0,,414,21.25603865,69.80676329,5.314009662,3.623188406
Merced_ 2014 Q3 Court,949,Merced, 2014 Q3 Court,552,73,85,337,8,21,486,56,90,43,Merced,Larry Morse,0,1,1,0,1,,451,18.84700665,74.72283814,4.65631929,1.77383592
Merced_ 2014 Q4 Court,950,Merced, 2014 Q4 Court,390,NA,NA,NA,NA,NA,NA,NA,NA,NA,Merced,Larry Morse,0,1,1,0,1,,NA,NA,NA,NA,NA
Merced_ 2015 Q1 Court,951,Merced, 2015 Q1 Court,416,70,NA,NA,NA,NA,NA,NA,85,39,Merced,Larry Morse,0,1,0,1,0,,NA,NA,NA,NA,NA
Merced_ 2015 Q2 Court,952,Merced, 2015 Q2 Court,438,54,NA,NA,NA,NA,NA,NA,91,32,Merced,Larry Morse,0,1,0,1,0,,NA,NA,NA,NA,NA
Merced_ 2015 Q3 Court,953,Merced, 2015 Q3 Court,460,48,NA,NA,NA,NA,NA,NA,115,43,Merced,Larry Morse,0,1,0,1,0,,NA,NA,NA,NA,NA
Merced_ 2015 Q4 Court,954,Merced, 2015 Q4 Court,400,27,NA,NA,NA,NA,NA,NA,90,57,Merced,Larry Morse,0,1,0,1,0,,NA,NA,NA,NA,NA
Merced_ 2016 Q1 Court,955,Merced, 2016 Q1 Court,400,149,86,169,13,7,97,23,84,34,Merced,Larry Morse,0,1,0,1,0,,275,31.27272727,61.45454545,2.545454545,4.727272727
Merced_ 2016 Q2 Court,956,Merced, 2016 Q2 Court,489,151,84,189,7,14,104,34,109,36,Merced,Larry Morse,0,1,0,1,0,,294,28.57142857,64.28571429,4.761904762,2.380952381
Merced_ 2016 Q3 Court,957,Merced, 2016 Q3 Court,523,160,78,191,3,9,82,24,87,39,Merced,Larry Morse,0,1,0,1,0,,281,27.75800712,67.97153025,3.202846975,1.067615658
Merced_ 2016 Q4 Court,958,Merced, 2016 Q4 Court,414,169,79,162,12,9,52,34,82,42,Merced,Larry Morse,0,1,0,1,0,,262,30.15267176,61.83206107,3.435114504,4.580152672
Merced_ 2017 Q1 Court,959,Merced, 2017 Q1 Court,399,147,86,169,13,14,29,26,80,52,Merced,Larry Morse,0,1,0,1,0,,282,30.4964539,59.92907801,4.964539007,4.609929078
Merced_ 2017 Q2 Court,960,Merced, 2017 Q2 Court,469,257,127,222,29,9,30,22,94,49,Merced,Larry Morse,0,1,0,1,0,,387,32.81653747,57.36434109,2.325581395,7.493540052
Merced_ 2017 Q3 Court,961,Merced, 2017 Q3 Court,457,243,110,241,11,12,25,22,85,46,Merced,Larry Morse,0,1,0,1,0,,374,29.41176471,64.43850267,3.20855615,2.941176471
Merced_ 2017 Q4 Court,962,Merced, 2017 Q4 Court,489,NA,NA,NA,6,5,313,27,73,42,Merced,Larry Morse,0,1,0,1,0,,NA,NA,NA,NA,NA
Merced_ 2018 Q1 Court,963,Merced, 2018 Q1 Court,511,34,86,164,8,5,315,13,100,56,Merced,Larry Morse,0,1,0,1,0,,263,32.69961977,62.35741445,1.901140684,3.041825095
Merced_ 2018 Q2 Court,964,Merced, 2018 Q2 Court,606,24,69,193,7,10,363,14,119,35,Merced,Larry Morse,0,1,0,1,0,,279,24.7311828,69.17562724,3.584229391,2.508960573
Merced_ 2018 Q3 Court,965,Merced, 2018 Q3 Court,486,29,98,176,6,4,315,21,102,42,Merced,Larry Morse,0,1,0,1,1,,284,34.50704225,61.97183099,1.408450704,2.112676056
Merced_ 2018 Q4 Court,966,Merced, 2018 Q4 Court,387,51,96,166,7,8,354,17,98,61,Merced,Larry Morse,0,1,0,1,1,,277,34.65703971,59.92779783,2.888086643,2.527075812
Merced_ 2019 Q1 Court,967,Merced, 2019 Q1 Court,402,246,90,168,8,5,396,16,108,44,Merced,Kimberly Helms Lewis,0,1,0,1,0,,271,33.2103321,61.99261993,1.84501845,2.95202952
Merced_ 2019 Q2 Court,968,Merced, 2019 Q2 Court,397,339,111,167,10,1,342,20,108,41,Merced,Kimberly Helms Lewis,0,1,0,1,0,,289,38.4083045,57.78546713,0.346020761,3.460207612
Merced_ 2019 Q3 Court,969,Merced, 2019 Q3 Court,491,261,89,172,7,7,314,14,114,50,Merced,Kimberly Helms Lewis,0,1,0,1,0,,275,32.36363636,62.54545455,2.545454545,2.545454545
Merced_ 2019 Q4 Court,970,Merced, 2019 Q4 Court,421,246,94,179,7,14,264,6,94,36,Merced,Kimberly Helms Lewis,0,1,0,1,0,,294,31.97278912,60.88435374,4.761904762,2.380952381
Merced_ 2020 Q1 Court,971,Merced, 2020 Q1 Court,351,266,109,152,8,5,270,12,88,26,Merced,Kimberly Helms Lewis,0,1,0,1,0,,274,39.7810219,55.47445255,1.824817518,2.919708029
Merced_ 2020 Q2 Court,972,Merced, 2020 Q2 Court,451,157,44,62,1,1,94,3,56,10,Merced,Kimberly Helms Lewis,0,1,0,1,0,,108,40.74074074,57.40740741,0.925925926,0.925925926
Merced_ 2020 Q3 Court,973,Merced, 2020 Q3 Court,489,250,110,146,6,7,205,9,92,11,Merced,Kimberly Helms Lewis,0,1,0,1,0,,269,40.89219331,54.27509294,2.602230483,2.230483271
Merced_ 2020 Q4 Court,974,Merced, 2020 Q4 Court,406,156,72,125,7,4,155,6,72,10,Merced,Kimberly Helms Lewis,0,1,0,1,0,,208,34.61538462,60.09615385,1.923076923,3.365384615
Merced_ 2021 Q1 Court,975,Merced, 2021 Q1 Court,388,182,116,180,6,3,159,7,63,11,Merced,Kimberly Helms Lewis,0,1,0,1,0,,305,38.03278689,59.01639344,0.983606557,1.967213115
Merced_ 2021 Q2 Court,976,Merced, 2021 Q2 Court,460,314,119,200,4,0,162,4,63,12,Merced,Kimberly Helms Lewis,0,1,0,1,0,,323,36.84210526,61.91950464,0,1.238390093
Merced_ 2021 Q3 Court,977,Merced, 2021 Q3 Court,490,235,119,176,6,5,176,6,56,10,Merced,Kimberly Helms Lewis,0,1,0,1,0,,306,38.88888889,57.51633987,1.633986928,1.960784314
Merced_ 2021 Q4 Court,978,Merced, 2021 Q4 Court,459,198,112,193,15,1,159,4,49,7,Merced,Kimberly Helms Lewis,0,1,0,1,0,,321,34.89096573,60.12461059,0.31152648,4.672897196
Merced_ 2022 Q1 Court,979,Merced, 2022 Q1 Court,485,279,87,151,6,5,179,2,48,13,Merced,Kimberly Helms Lewis,0,1,0,1,0,,249,34.93975904,60.64257028,2.008032129,2.409638554
Merced_ 2022 Q2 Court,980,Merced, 2022 Q2 Court,515,262,93,148,11,7,185,12,44,12,Merced,Kimberly Helms Lewis,0,1,0,1,0,,259,35.90733591,57.14285714,2.702702703,4.247104247
Merced_ 2022 Q3 Court,981,Merced, 2022 Q3 Court,454,213,110,222,15,11,193,13,53,12,Merced,Kimberly Helms Lewis,0,1,0,1,1,,358,30.72625698,62.01117318,3.072625698,4.189944134
Merced_ 2022 Q4 Court,982,Merced, 2022 Q4 Court,496,254,83,195,9,6,207,6,49,13,Merced,Kimberly Helms Lewis,0,1,0,1,1,,293,28.32764505,66.55290102,2.04778157,3.071672355
Merced_ 2023 Q1 Court,983,Merced, 2023 Q1 Court,392,311,82,192,9,4,211,4,45,17,Merced,Nicole Argabright Silveira,0,NA,NA,NA,0,,287,28.57142857,66.8989547,1.393728223,3.135888502
Modoc_ 2013 Q1 Court,984,Modoc, 2013 Q1 Court,23,7,4,7,0,0,12,0,0,NA,Modoc,,0,NA,NA,NA,0,https://www.co.modoc.ca.us/departments/elections/past_elections_2.php,11,36.36363636,63.63636364,0,0
Modoc_ 2013 Q2 Court,985,Modoc, 2013 Q2 Court,29,3,4,11,2,0,14,0,1,NA,Modoc,,0,NA,NA,NA,0,,17,23.52941176,64.70588235,0,11.76470588
Modoc_ 2013 Q3 Court,986,Modoc, 2013 Q3 Court,42,6,1,10,3,1,9,NA,NA,1,Modoc,,0,NA,NA,NA,0,,15,6.666666667,66.66666667,6.666666667,20
Modoc_ 2013 Q4 Court,987,Modoc, 2013 Q4 Court,50,4,2,6,2,1,14,0,0,0,Modoc,,0,NA,NA,NA,0,,11,18.18181818,54.54545455,9.090909091,18.18181818
Modoc_ 2014 Q1 Court,988,Modoc, 2014 Q1 Court,32,11,3,4,1,0,15,0,1,0,Modoc,,0,NA,NA,NA,0,,8,37.5,50,0,12.5
Modoc_ 2014 Q2 Court,989,Modoc, 2014 Q2 Court,55,7,1,7,0,0,17,0,2,0,Modoc,,0,NA,NA,NA,0,,8,12.5,87.5,0,0
Modoc_ 2014 Q3 Court,990,Modoc, 2014 Q3 Court,37,5,2,4,0,0,20,1,0,1,Modoc,,0,NA,NA,NA,0,,6,33.33333333,66.66666667,0,0
Modoc_ 2014 Q4 Court,991,Modoc, 2014 Q4 Court,38,7,1,1,1,0,24,1,1,1,Modoc,,0,NA,NA,NA,0,,3,33.33333333,33.33333333,0,33.33333333
Modoc_ 2015 Q1 Court,992,Modoc, 2015 Q1 Court,23,7,0,2,0,0,14,1,1,0,Modoc,Jordan Funk,0,NA,NA,NA,0,,2,0,100,0,0
Modoc_ 2015 Q2 Court,993,Modoc, 2015 Q2 Court,17,9,4,3,1,1,23,0,0,1,Modoc,Jordan Funk,0,NA,NA,NA,0,,9,44.44444444,33.33333333,11.11111111,11.11111111
Modoc_ 2015 Q3 Court,994,Modoc, 2015 Q3 Court,23,NA,NA,NA,NA,NA,NA,NA,NA,NA,Modoc,Jordan Funk,0,NA,NA,NA,0,,NA,NA,NA,NA,NA
Modoc_ 2015 Q4 Court,995,Modoc, 2015 Q4 Court,24,NA,NA,NA,NA,NA,NA,NA,NA,NA,Modoc,Jordan Funk,0,NA,NA,NA,0,,NA,NA,NA,NA,NA
Modoc_ 2016 Q1 Court,996,Modoc, 2016 Q1 Court,20,6,1,3,1,0,12,0,4,2,Modoc,Jordan Funk,0,NA,NA,NA,0,,5,20,60,0,20
Modoc_ 2016 Q2 Court,997,Modoc, 2016 Q2 Court,27,5,4,3,0,2,10,4,1,2,Modoc,Jordan Funk,0,NA,NA,NA,0,,9,44.44444444,33.33333333,22.22222222,0
Modoc_ 2016 Q3 Court,998,Modoc, 2016 Q3 Court,30,8,0,1,0,0,10,2,0,1,Modoc,Jordan Funk,0,NA,NA,NA,0,,1,0,100,0,0
Modoc_ 2016 Q4 Court,999,Modoc, 2016 Q4 Court,26,9,6,6,0,2,9,0,1,1,Modoc,Jordan Funk,0,NA,NA,NA,0,,14,42.85714286,42.85714286,14.28571429,0
Modoc_ 2017 Q1 Court,1000,Modoc, 2017 Q1 Court,29,9,6,1,1,1,19,4,1,0,Modoc,Jordan Funk,0,NA,NA,NA,0,,9,66.66666667,11.11111111,11.11111111,11.11111111
Modoc_ 2017 Q2 Court,1001,Modoc, 2017 Q2 Court,35,8,4,5,0,0,8,2,0,0,Modoc,Jordan Funk,0,NA,NA,NA,0,,9,44.44444444,55.55555556,0,0
Modoc_ 2017 Q3 Court,1002,Modoc, 2017 Q3 Court,42,6,2,5,2,1,7,1,1,1,Modoc,Jordan Funk,0,NA,NA,NA,0,,10,20,50,10,20
Modoc_ 2017 Q4 Court,1003,Modoc, 2017 Q4 Court,40,13,3,4,0,0,11,1,0,1,Modoc,Jordan Funk,0,NA,NA,NA,0,,7,42.85714286,57.14285714,0,0
Modoc_ 2018 Q1 Court,1004,Modoc, 2018 Q1 Court,34,5,2,6,NA,NA,9,1,NA,NA,Modoc,Jordan Funk,0,NA,NA,NA,0,,NA,NA,NA,NA,NA
Modoc_ 2018 Q2 Court,1005,Modoc, 2018 Q2 Court,50,3,3,3,0,0,18,0,0,1,Modoc,Jordan Funk,0,NA,NA,NA,0,,6,50,50,0,0
Modoc_ 2018 Q3 Court,1006,Modoc, 2018 Q3 Court,45,13,3,NA,1,NA,12,1,1,2,Modoc,Jordan Funk,0,NA,NA,NA,0,,NA,NA,NA,NA,NA
Modoc_ 2018 Q4 Court,1007,Modoc, 2018 Q4 Court,32,7,2,1,1,1,7,NA,2,2,Modoc,Jordan Funk,0,NA,NA,NA,0,,5,40,20,20,20
Modoc_ 2019 Q1 Court,1008,Modoc, 2019 Q1 Court,53,NA,NA,NA,NA,NA,NA,NA,NA,NA,Modoc,,0,NA,NA,NA,0,,NA,NA,NA,NA,NA
Modoc_ 2019 Q2 Court,1009,Modoc, 2019 Q2 Court,46,NA,NA,NA,NA,NA,NA,NA,NA,NA,Modoc,,0,NA,NA,NA,0,,NA,NA,NA,NA,NA
Modoc_ 2019 Q3 Court,1010,Modoc, 2019 Q3 Court,44,NA,NA,NA,NA,NA,NA,NA,NA,NA,Modoc,,0,NA,NA,NA,0,,NA,NA,NA,NA,NA
Modoc_ 2019 Q4 Court,1011,Modoc, 2019 Q4 Court,33,10,4,3,0,2,12,1,3,0,Modoc,,0,NA,NA,NA,0,,9,44.44444444,33.33333333,22.22222222,0
Modoc_ 2020 Q1 Court,1012,Modoc, 2020 Q1 Court,36,5,4,15,0,0,9,0,2,1,Modoc,,0,NA,NA,NA,0,,19,21.05263158,78.94736842,0,0
Modoc_ 2020 Q2 Court,1013,Modoc, 2020 Q2 Court,24,NA,NA,NA,NA,NA,NA,NA,NA,NA,Modoc,,0,NA,NA,NA,0,,NA,NA,NA,NA,NA
Modoc_ 2020 Q3 Court,1014,Modoc, 2020 Q3 Court,33,NA,NA,NA,NA,NA,NA,NA,NA,NA,Modoc,,0,NA,NA,NA,0,,NA,NA,NA,NA,NA
Modoc_ 2020 Q4 Court,1015,Modoc, 2020 Q4 Court,38,NA,NA,NA,NA,NA,NA,NA,NA,NA,Modoc,,0,NA,NA,NA,0,,NA,NA,NA,NA,NA
Modoc_ 2021 Q1 Court,1016,Modoc, 2021 Q1 Court,36,1,7,4,0,1,13,0,2,0,Modoc,,0,NA,NA,NA,0,,12,58.33333333,33.33333333,8.333333333,0
Modoc_ 2021 Q2 Court,1017,Modoc, 2021 Q2 Court,41,4,6,11,0,0,7,0,2,1,Modoc,,0,NA,NA,NA,0,,17,35.29411765,64.70588235,0,0
Modoc_ 2021 Q3 Court,1018,Modoc, 2021 Q3 Court,24,5,2,10,0,0,8,0,3,1,Modoc,,0,NA,NA,NA,0,,12,16.66666667,83.33333333,0,0
Modoc_ 2021 Q4 Court,1019,Modoc, 2021 Q4 Court,14,9,2,8,0,0,11,0,4,0,Modoc,,0,NA,NA,NA,0,,10,20,80,0,0
Modoc_ 2022 Q1 Court,1020,Modoc, 2022 Q1 Court,26,4,7,3,0,0,7,0,2,0,Modoc,,0,NA,NA,NA,0,,10,70,30,0,0
Modoc_ 2022 Q2 Court,1021,Modoc, 2022 Q2 Court,17,9,3,4,0,0,4,0,5,0,Modoc,,0,NA,NA,NA,0,,7,42.85714286,57.14285714,0,0
Modoc_ 2022 Q3 Court,1022,Modoc, 2022 Q3 Court,42,14,5,7,0,0,7,0,2,1,Modoc,,0,NA,NA,NA,0,,12,41.66666667,58.33333333,0,0
Modoc_ 2022 Q4 Court,1023,Modoc, 2022 Q4 Court,29,9,1,6,NA,NA,1,NA,3,NA,Modoc,,0,NA,NA,NA,0,,NA,NA,NA,NA,NA
Modoc_ 2023 Q1 Court,1024,Modoc, 2023 Q1 Court,NA,3,1,4,0,0,1,0,5,2,Modoc,Cynthia Campbell,0,NA,NA,NA,0,,5,20,80,0,0
Mono_ 2013 Q1 Court,1025,Mono, 2013 Q1 Court,36,2,1,2,9,3,0,1,0,NA,Modoc,,0,NA,NA,NA,0,,15,6.666666667,13.33333333,20,60
Mono_ 2013 Q2 Court,1026,Mono, 2013 Q2 Court,42,2,1,8,1,1,1,0,0,NA,Modoc,,0,NA,NA,NA,0,,11,9.090909091,72.72727273,9.090909091,9.090909091
Mono_ 2013 Q3 Court,1027,Mono, 2013 Q3 Court,44,1,3,18,1,2,31,0,0,1,Modoc,,0,NA,NA,NA,0,,24,12.5,75,8.333333333,4.166666667
Mono_ 2013 Q4 Court,1028,Mono, 2013 Q4 Court,44,6,0,9,1,0,17,0,0,2,Modoc,,0,NA,NA,NA,0,,10,0,90,0,10
Mono_ 2014 Q1 Court,1029,Mono, 2014 Q1 Court,58,3,1,12,3,1,11,0,1,1,Modoc,,0,NA,NA,0,0,,17,5.882352941,70.58823529,5.882352941,17.64705882
Mono_ 2014 Q2 Court,1030,Mono, 2014 Q2 Court,30,3,6,15,2,0,12,0,0,0,Modoc,,0,NA,NA,0,0,,23,26.08695652,65.2173913,0,8.695652174
Mono_ 2015 Q1 Court,1033,Mono, 2015 Q1 Court,21,2,3,8,4,1,9,1,0,1,Mono,Tim Kendall,0,1,1,0,0,,16,18.75,50,6.25,25
Mono_ 2015 Q2 Court,1034,Mono, 2015 Q2 Court,16,2,4,2,1,1,8,0,1,0,Mono,Tim Kendall,0,1,1,0,0,,8,50,25,12.5,12.5
Mono_ 2015 Q3 Court,1035,Mono, 2015 Q3 Court,18,1,1,9,3,1,8,0,0,0,Mono,Tim Kendall,0,1,1,0,0,,14,7.142857143,64.28571429,7.142857143,21.42857143
Mono_ 2015 Q4 Court,1036,Mono, 2015 Q4 Court,30,2,0,4,0,1,7,1,0,0,Mono,Tim Kendall,0,1,1,0,0,,5,0,80,20,0
Mono_ 2016 Q1 Court,1037,Mono, 2016 Q1 Court,34,1,3,5,2,0,3,0,2,1,Mono,Tim Kendall,0,1,1,0,0,,10,30,50,0,20
Mono_ 2016 Q2 Court,1038,Mono, 2016 Q2 Court,25,1,1,5,2,0,2,1,3,2,Mono,Tim Kendall,0,1,1,0,0,,8,12.5,62.5,0,25
Mono_ 2016 Q3 Court,1039,Mono, 2016 Q3 Court,19,2,3,4,2,0,2,0,2,2,Mono,Tim Kendall,0,1,1,0,0,,9,33.33333333,44.44444444,0,22.22222222
Mono_ 2016 Q4 Court,1040,Mono, 2016 Q4 Court,16,3,3,4,2,0,6,0,1,0,Mono,Tim Kendall,0,1,1,0,0,,9,33.33333333,44.44444444,0,22.22222222
Mono_ 2017 Q1 Court,1041,Mono, 2017 Q1 Court,21,4,3,4,2,1,5,0,0,0,Mono,Tim Kendall,0,1,1,0,0,,10,30,40,10,20
Mono_ 2017 Q2 Court,1042,Mono, 2017 Q2 Court,24,4,0,4,1,1,1,0,0,2,Mono,Tim Kendall,0,1,1,0,0,,6,0,66.66666667,16.66666667,16.66666667
Mono_ 2017 Q3 Court,1043,Mono, 2017 Q3 Court,31,5,2,11,5,1,6,1,0,2,Mono,Tim Kendall,0,1,1,0,0,,19,10.52631579,57.89473684,5.263157895,26.31578947
Mono_ 2017 Q4 Court,1044,Mono, 2017 Q4 Court,28,3,5,11,3,0,2,2,1,1,Mono,Tim Kendall,0,1,1,0,0,,19,26.31578947,57.89473684,0,15.78947368
Mono_ 2018 Q1 Court,1045,Mono, 2018 Q1 Court,19,0,2,8,1,0,5,1,0,1,Mono,Tim Kendall,0,1,1,0,0,,11,18.18181818,72.72727273,0,9.090909091
Mono_ 2018 Q2 Court,1046,Mono, 2018 Q2 Court,24,2,2,4,0,0,3,0,0,0,Mono,Tim Kendall,0,1,1,0,0,,6,33.33333333,66.66666667,0,0
Mono_ 2018 Q3 Court,1047,Mono, 2018 Q3 Court,19,1,2,3,2,0,1,1,1,0,Mono,Tim Kendall,0,1,1,0,1,,7,28.57142857,42.85714286,0,28.57142857
Mono_ 2018 Q4 Court,1048,Mono, 2018 Q4 Court,14,3,2,0,3,0,0,1,1,0,Mono,Tim Kendall,0,1,1,0,1,,5,40,0,0,60
Mono_ 2019 Q1 Court,1049,Mono, 2019 Q1 Court,23,5,1,5,0,0,1,0,0,1,Mono,Tim Kendall,0,0,NA,NA,0,,6,16.66666667,83.33333333,0,0
Mono_ 2019 Q2 Court,1050,Mono, 2019 Q2 Court,25,4,4,9,0,0,4,0,0,0,Mono,Tim Kendall,0,0,NA,NA,0,,13,30.76923077,69.23076923,0,0
Mono_ 2019 Q3 Court,1051,Mono, 2019 Q3 Court,18,3,1,5,0,0,6,0,0,0,Mono,Tim Kendall,0,0,NA,NA,0,,6,16.66666667,83.33333333,0,0
Mono_ 2019 Q4 Court,1052,Mono, 2019 Q4 Court,26,1,1,7,1,0,4,0,0,1,Mono,Tim Kendall,0,0,NA,NA,0,,9,11.11111111,77.77777778,0,11.11111111
Mono_ 2020 Q1 Court,1053,Mono, 2020 Q1 Court,19,6,4,10,NA,NA,5,NA,NA,NA,Mono,Tim Kendall,0,0,NA,NA,0,,NA,NA,NA,NA,NA
Mono_ 2020 Q2 Court,1054,Mono, 2020 Q2 Court,9,3,NA,NA,NA,NA,3,NA,NA,NA,Mono,Tim Kendall,0,0,NA,NA,0,,NA,NA,NA,NA,NA
Mono_ 2020 Q3 Court,1055,Mono, 2020 Q3 Court,25,4,2,2,1,0,4,0,0,0,Mono,Tim Kendall,0,0,NA,NA,0,,5,40,40,0,20
Mono_ 2020 Q4 Court,1056,Mono, 2020 Q4 Court,17,0,4,6,0,0,4,0,0,0,Mono,Tim Kendall,0,0,NA,NA,0,,10,40,60,0,0
Mono_ 2021 Q1 Court,1057,Mono, 2021 Q1 Court,26,1,3,2,0,0,5,0,0,0,Mono,Tim Kendall,0,0,NA,NA,0,,5,60,40,0,0
Mono_ 2021 Q2 Court,1058,Mono, 2021 Q2 Court,23,1,2,4,0,0,1,0,0,0,Mono,Tim Kendall,0,0,NA,NA,0,,6,33.33333333,66.66666667,0,0
Mono_ 2021 Q3 Court,1059,Mono, 2021 Q3 Court,22,1,1,3,0,0,4,0,0,0,Mono,Tim Kendall,0,0,NA,NA,0,,4,25,75,0,0
Mono_ 2021 Q4 Court,1060,Mono, 2021 Q4 Court,21,2,0,4,0,0,3,0,0,1,Mono,Tim Kendall,0,0,NA,NA,0,,4,0,100,0,0
Mono_ 2022 Q1 Court,1061,Mono, 2022 Q1 Court,19,0,2,7,0,0,2,0,0,0,Mono,Tim Kendall,0,0,NA,0,0,,9,22.22222222,77.77777778,0,0
Mono_ 2022 Q2 Court,1062,Mono, 2022 Q2 Court,19,NA,2,5,NA,NA,3,NA,NA,NA,Mono,Tim Kendall,0,0,NA,0,0,,NA,NA,NA,NA,NA
Mono_ 2022 Q3 Court,1063,Mono, 2022 Q3 Court,26,3,0,5,0,0,2,0,0,0,Mono,Tim Kendall,0,0,NA,0,1,,5,0,100,0,0
Mono_ 2022 Q4 Court,1064,Mono, 2022 Q4 Court,27,NA,NA,4,NA,1,1,2,NA,NA,Mono,Tim Kendall,0,0,NA,0,1,,NA,NA,NA,NA,NA
Mono_ 2023 Q1 Court,1065,Mono, 2023 Q1 Court,19,3,0,5,0,0,0,0,0,0,Mono,David Anderson,0,NA,NA,NA,0,,5,0,100,0,0
Monterey_ 2013 Q1 Court,1066,Monterey, 2013 Q1 Court,845,170,118,372,53,4,551,3,27,0,Monterey,Dean Flippo,0,1,1,0,0,,547,21.57221207,68.00731261,0.731261426,9.689213894
Monterey_ 2013 Q2 Court,1067,Monterey, 2013 Q2 Court,864,181,157,320,71,8,572,2,23,NA,Monterey,Dean Flippo,0,1,1,0,0,,556,28.23741007,57.55395683,1.438848921,12.76978417
Monterey_ 2013 Q3 Court,1068,Monterey, 2013 Q3 Court,846,150,120,299,40,15,502,7,20,43,Monterey,Dean Flippo,0,1,1,0,0,,474,25.3164557,63.08016878,3.164556962,8.438818565
Monterey_ 2013 Q4 Court,1069,Monterey, 2013 Q4 Court,789,139,102,297,31,31,491,9,19,28,Monterey,Dean Flippo,0,1,1,0,0,,461,22.12581345,64.42516269,6.724511931,6.724511931
Monterey_ 2014 Q1 Court,1070,Monterey, 2014 Q1 Court,868,148,123,267,27,21,453,17,24,44,Monterey,Dean Flippo,0,1,1,0,0,,438,28.08219178,60.95890411,4.794520548,6.164383562
Monterey_ 2014 Q2 Court,1071,Monterey, 2014 Q2 Court,975,237,136,353,32,34,607,42,24,39,Monterey,Dean Flippo,0,1,1,0,0,,555,24.5045045,63.6036036,6.126126126,5.765765766
Monterey_ 2014 Q3 Court,1072,Monterey, 2014 Q3 Court,1013,219,132,360,38,46,648,20,29,35,Monterey,Dean Flippo,0,1,1,0,1,,576,22.91666667,62.5,7.986111111,6.597222222
Monterey_ 2014 Q4 Court,1073,Monterey, 2014 Q4 Court,746,177,82,213,24,11,419,50,28,45,Monterey,Dean Flippo,0,1,1,0,1,,330,24.84848485,64.54545455,3.333333333,7.272727273
Monterey_ 2015 Q1 Court,1074,Monterey, 2015 Q1 Court,558,171,120,140,12,14,429,22,27,34,Monterey,Dean Flippo,0,0,NA,NA,0,,286,41.95804196,48.95104895,4.895104895,4.195804196
Monterey_ 2015 Q2 Court,1075,Monterey, 2015 Q2 Court,678,141,134,149,14,2,373,24,19,32,Monterey,Dean Flippo,0,0,NA,NA,0,,299,44.81605351,49.83277592,0.668896321,4.682274247
Monterey_ 2015 Q3 Court,1076,Monterey, 2015 Q3 Court,647,114,118,135,23,25,356,42,23,36,Monterey,Dean Flippo,0,0,NA,NA,0,,301,39.20265781,44.85049834,8.305647841,7.641196013
Monterey_ 2015 Q4 Court,1077,Monterey, 2015 Q4 Court,640,128,136,178,35,19,344,27,18,32,Monterey,Dean Flippo,0,0,NA,NA,0,,368,36.95652174,48.36956522,5.163043478,9.510869565
Monterey_ 2016 Q1 Court,1078,Monterey, 2016 Q1 Court,583,122,165,129,31,16,378,36,22,19,Monterey,Dean Flippo,0,0,NA,NA,0,,341,48.38709677,37.82991202,4.692082111,9.090909091
Monterey_ 2016 Q2 Court,1079,Monterey, 2016 Q2 Court,641,114,131,193,23,27,324,29,16,33,Monterey,Dean Flippo,0,0,NA,NA,0,,374,35.02673797,51.60427807,7.219251337,6.14973262
Monterey_ 2016 Q3 Court,1080,Monterey, 2016 Q3 Court,640,86,150,153,12,12,334,26,22,31,Monterey,Dean Flippo,0,0,NA,NA,0,,327,45.87155963,46.78899083,3.669724771,3.669724771
Monterey_ 2016 Q4 Court,1081,Monterey, 2016 Q4 Court,586,77,122,156,17,15,351,32,15,14,Monterey,Dean Flippo,0,0,NA,NA,0,,310,39.35483871,50.32258065,4.838709677,5.483870968
Monterey_ 2017 Q1 Court,1082,Monterey, 2017 Q1 Court,616,107,128,154,17,13,320,26,28,18,Monterey,Dean Flippo,0,0,NA,NA,0,,312,41.02564103,49.35897436,4.166666667,5.448717949
Monterey_ 2017 Q2 Court,1083,Monterey, 2017 Q2 Court,556,77,140,107,12,20,387,20,32,19,Monterey,Dean Flippo,0,0,NA,NA,0,,279,50.17921147,38.35125448,7.168458781,4.301075269
Monterey_ 2017 Q3 Court,1084,Monterey, 2017 Q3 Court,584,130,151,174,15,21,367,6,15,19,Monterey,Dean Flippo,0,0,NA,NA,0,,361,41.82825485,48.19944598,5.817174515,4.155124654
Monterey_ 2017 Q4 Court,1085,Monterey, 2017 Q4 Court,593,200,151,165,20,18,318,0,21,21,Monterey,Dean Flippo,0,0,NA,NA,0,,354,42.65536723,46.61016949,5.084745763,5.649717514
Monterey_ 2018 Q1 Court,1086,Monterey, 2018 Q1 Court,690,256,153,129,14,23,351,0,16,30,Monterey,Dean Flippo,0,0,NA,0,0,,319,47.96238245,40.43887147,7.210031348,4.388714734
Monterey_ 2018 Q2 Court,1087,Monterey, 2018 Q2 Court,683,211,157,174,26,30,313,0,19,29,Monterey,Dean Flippo,0,0,NA,0,0,,387,40.56847545,44.96124031,7.751937984,6.718346253
Monterey_ 2018 Q3 Court,1088,Monterey, 2018 Q3 Court,679,192,140,155,17,11,324,5,28,17,Monterey,Dean Flippo,0,0,NA,0,1,,323,43.34365325,47.9876161,3.405572755,5.263157895
Monterey_ 2018 Q4 Court,1089,Monterey, 2018 Q4 Court,654,261,134,168,18,23,331,1,27,20,Monterey,Dean Flippo,0,0,NA,0,1,,343,39.06705539,48.97959184,6.705539359,5.247813411
Monterey_ 2019 Q1 Court,1090,Monterey, 2019 Q1 Court,625,217,118,134,14,18,350,16,22,22,Monterey,Jeannine Pacioni,1,1,1,0,0,,284,41.54929577,47.18309859,6.338028169,4.929577465
Monterey_ 2019 Q2 Court,1091,Monterey, 2019 Q2 Court,612,203,139,154,22,24,316,11,21,34,Monterey,Jeannine Pacioni,1,1,1,0,0,,339,41.00294985,45.42772861,7.079646018,6.489675516
Monterey_ 2019 Q3 Court,1092,Monterey, 2019 Q3 Court,657,235,113,122,20,15,313,40,30,28,Monterey,Jeannine Pacioni,1,1,1,0,0,,270,41.85185185,45.18518519,5.555555556,7.407407407
Monterey_ 2019 Q4 Court,1093,Monterey, 2019 Q4 Court,621,189,142,138,16,27,286,26,20,24,Monterey,Jeannine Pacioni,1,1,1,0,0,,323,43.9628483,42.7244582,8.359133127,4.953560372
Monterey_ 2020 Q1 Court,1094,Monterey, 2020 Q1 Court,554,186,142,146,18,17,255,19,22,20,Monterey,Jeannine Pacioni,1,1,1,0,0,,323,43.9628483,45.20123839,5.263157895,5.572755418
Monterey_ 2020 Q2 Court,1095,Monterey, 2020 Q2 Court,504,182,70,83,11,17,218,32,39,19,Monterey,Jeannine Pacioni,1,1,1,0,0,,181,38.67403315,45.85635359,9.392265193,6.077348066
Monterey_ 2020 Q3 Court,1096,Monterey, 2020 Q3 Court,633,334,88,113,9,11,284,37,43,11,Monterey,Jeannine Pacioni,1,1,1,0,0,,221,39.81900452,51.13122172,4.977375566,4.07239819
Monterey_ 2020 Q4 Court,1097,Monterey, 2020 Q4 Court,576,295,118,126,15,16,218,36,44,11,Monterey,Jeannine Pacioni,1,1,1,0,0,,275,42.90909091,45.81818182,5.818181818,5.454545455
Monterey_ 2021 Q1 Court,1098,Monterey, 2021 Q1 Court,546,273,117,178,21,21,230,21,46,16,Monterey,Jeannine Pacioni,1,1,1,0,0,,337,34.71810089,52.8189911,6.231454006,6.231454006
Monterey_ 2021 Q2 Court,1099,Monterey, 2021 Q2 Court,651,329,137,130,23,17,188,15,27,22,Monterey,Jeannine Pacioni,1,1,1,0,0,,307,44.62540717,42.34527687,5.537459283,7.491856678
Monterey_ 2021 Q3 Court,1100,Monterey, 2021 Q3 Court,716,147,186,160,25,5,192,29,30,13,Monterey,Jeannine Pacioni,1,1,1,0,0,,376,49.46808511,42.55319149,1.329787234,6.64893617
Monterey_ 2021 Q4 Court,1101,Monterey, 2021 Q4 Court,609,184,199,150,30,11,181,19,37,9,Monterey,Jeannine Pacioni,1,1,1,0,0,,390,51.02564103,38.46153846,2.820512821,7.692307692
Monterey_ 2022 Q1 Court,1102,Monterey, 2022 Q1 Court,615,239,152,165,27,15,203,32,30,19,Monterey,Jeannine Pacioni,1,1,1,0,0,,359,42.33983287,45.96100279,4.178272981,7.520891365
Monterey_ 2022 Q2 Court,1103,Monterey, 2022 Q2 Court,604,226,174,167,30,12,207,27,52,15,Monterey,Jeannine Pacioni,1,1,1,0,0,,383,45.4308094,43.60313316,3.133159269,7.832898172
Monterey_ 2022 Q3 Court,1104,Monterey, 2022 Q3 Court,658,179,194,146,28,12,190,17,29,26,Monterey,Jeannine Pacioni,1,1,1,0,1,,380,51.05263158,38.42105263,3.157894737,7.368421053
Monterey_ 2022 Q4 Court,1105,Monterey, 2022 Q4 Court,595,172,127,143,26,11,176,19,38,20,Monterey,Jeannine Pacioni,1,1,1,0,1,,307,41.36807818,46.57980456,3.583061889,8.469055375
Monterey_ 2023 Q1 Court,1106,Monterey, 2023 Q1 Court,214,203,176,140,39,12,221,18,26,21,Monterey,Jeannine Pacioni,1,NA,NA,NA,0,,367,47.95640327,38.14713896,3.269754768,10.626703
Napa_ 2013 Q1 Court,1107,Napa, 2013 Q1 Court,293,59,28,88,2,17,183,6,4,NA,Napa,,0,NA,NA,NA,0,,135,20.74074074,65.18518519,12.59259259,1.481481481
Napa_ 2013 Q2 Court,1108,Napa, 2013 Q2 Court,286,52,27,73,2,17,173,9,8,NA,Napa,,0,NA,NA,NA,0,,119,22.68907563,61.34453782,14.28571429,1.680672269
Napa_ 2013 Q3 Court,1109,Napa, 2013 Q3 Court,315,68,21,107,8,6,179,12,8,3,Napa,,0,NA,NA,NA,0,,142,14.78873239,75.35211268,4.225352113,5.633802817
Napa_ 2013 Q4 Court,1110,Napa, 2013 Q4 Court,350,83,45,110,1,17,177,6,4,10,Napa,,0,NA,NA,NA,0,,173,26.01156069,63.58381503,9.826589595,0.578034682
Napa_ 2014 Q1 Court,1111,Napa, 2014 Q1 Court,385,227,15,176,2,9,205,7,4,13,Napa,,0,NA,NA,NA,0,,202,7.425742574,87.12871287,4.455445545,0.99009901
Napa_ 2014 Q2 Court,1112,Napa, 2014 Q2 Court,389,103,18,154,4,19,225,15,8,7,Napa,,0,NA,NA,NA,0,,195,9.230769231,78.97435897,9.743589744,2.051282051
Napa_ 2014 Q3 Court,1113,Napa, 2014 Q3 Court,344,119,16,129,1,24,204,9,9,12,Napa,,0,NA,NA,NA,0,,170,9.411764706,75.88235294,14.11764706,0.588235294
Napa_ 2014 Q4 Court,1114,Napa, 2014 Q4 Court,240,113,16,64,1,6,209,14,9,6,Napa,,0,NA,NA,NA,0,,87,18.3908046,73.56321839,6.896551724,1.149425287
Napa_ 2015 Q1 Court,1115,Napa, 2015 Q1 Court,246,59,26,65,2,16,230,18,9,4,Napa,,0,NA,NA,NA,0,,109,23.85321101,59.63302752,14.67889908,1.834862385
Napa_ 2015 Q2 Court,1116,Napa, 2015 Q2 Court,255,50,26,74,4,9,199,21,17,6,Napa,,0,NA,NA,NA,0,,113,23.00884956,65.48672566,7.96460177,3.539823009
Napa_ 2015 Q3 Court,1117,Napa, 2015 Q3 Court,223,56,19,64,1,8,168,18,14,5,Napa,,0,NA,NA,NA,0,,92,20.65217391,69.56521739,8.695652174,1.086956522
Napa_ 2015 Q4 Court,1118,Napa, 2015 Q4 Court,235,51,32,69,7,8,195,31,10,4,Napa,,0,NA,NA,NA,0,,116,27.5862069,59.48275862,6.896551724,6.034482759
Napa_ 2016 Q1 Court,1119,Napa, 2016 Q1 Court,233,52,41,43,1,9,186,13,13,7,Napa,Allison Haley,0,1,1,0,0,Haley was appointed in 2016 by the Board of Supervisors ,94,43.61702128,45.74468085,9.574468085,1.063829787
Napa_ 2016 Q2 Court,1120,Napa, 2016 Q2 Court,237,52,33,54,2,14,190,14,12,6,Napa,Allison Haley,0,1,1,0,0,,103,32.03883495,52.42718447,13.59223301,1.941747573
Napa_ 2016 Q3 Court,1121,Napa, 2016 Q3 Court,220,55,18,95,3,5,159,16,14,5,Napa,Allison Haley,0,1,1,0,0,,121,14.87603306,78.51239669,4.132231405,2.479338843
Napa_ 2016 Q4 Court,1122,Napa, 2016 Q4 Court,194,52,33,40,3,8,196,14,15,4,Napa,Allison Haley,0,1,1,0,0,,84,39.28571429,47.61904762,9.523809524,3.571428571
Napa_ 2017 Q1 Court,1123,Napa, 2017 Q1 Court,218,46,43,54,1,4,182,19,13,4,Napa,Allison Haley,0,1,1,0,0,,102,42.15686275,52.94117647,3.921568627,0.980392157
Napa_ 2017 Q2 Court,1124,Napa, 2017 Q2 Court,254,55,30,45,1,7,169,20,12,6,Napa,Allison Haley,0,1,1,0,0,,83,36.14457831,54.21686747,8.43373494,1.204819277
Napa_ 2017 Q3 Court,1125,Napa, 2017 Q3 Court,215,53,39,61,1,2,107,14,14,12,Napa,Allison Haley,0,1,1,0,0,,103,37.86407767,59.22330097,1.941747573,0.970873786
Napa_ 2017 Q4 Court,1126,Napa, 2017 Q4 Court,248,45,41,45,2,3,114,10,9,12,Napa,Allison Haley,0,1,1,0,0,,91,45.05494505,49.45054945,3.296703297,2.197802198
Napa_ 2018 Q1 Court,1127,Napa, 2018 Q1 Court,217,54,43,50,1,1,198,20,11,21,Napa,Allison Haley,0,1,1,0,0,,95,45.26315789,52.63157895,1.052631579,1.052631579
Napa_ 2018 Q2 Court,1128,Napa, 2018 Q2 Court,224,55,55,49,1,2,179,10,11,10,Napa,Allison Haley,0,1,1,0,0,,107,51.40186916,45.79439252,1.869158879,0.934579439
Napa_ 2018 Q3 Court,1129,Napa, 2018 Q3 Court,240,52,56,51,2,3,177,10,11,11,Napa,Allison Haley,0,1,1,0,1,,112,50,45.53571429,2.678571429,1.785714286
Napa_ 2018 Q4 Court,1130,Napa, 2018 Q4 Court,210,54,40,NA,3,2,194,7,18,7,Napa,Allison Haley,0,1,1,0,1,,NA,NA,NA,NA,NA
Napa_ 2019 Q1 Court,1131,Napa, 2019 Q1 Court,183,53,49,58,3,6,177,15,15,17,Napa,Allison Haley,0,1,1,0,0,,116,42.24137931,50,5.172413793,2.586206897
Napa_ 2019 Q2 Court,1132,Napa, 2019 Q2 Court,224,50,56,150,2,1,186,14,20,15,Napa,Allison Haley,0,1,1,0,0,,209,26.79425837,71.77033493,0.4784689,0.956937799
Napa_ 2019 Q3 Court,1133,Napa, 2019 Q3 Court,230,46,64,137,4,1,184,16,32,17,Napa,Allison Haley,0,1,1,0,0,,206,31.06796117,66.50485437,0.485436893,1.941747573
Napa_ 2019 Q4 Court,1134,Napa, 2019 Q4 Court,210,NA,NA,NA,NA,NA,183,14,NA,NA,Napa,Allison Haley,0,1,1,0,0,,NA,NA,NA,NA,NA
Napa_ 2020 Q1 Court,1135,Napa, 2020 Q1 Court,184,NA,NA,NA,NA,NA,156,13,17,13,Napa,Allison Haley,0,1,1,0,0,,NA,NA,NA,NA,NA
Napa_ 2020 Q2 Court,1136,Napa, 2020 Q2 Court,176,NA,1,NA,NA,1,128,13,7,1,Napa,Allison Haley,0,1,1,0,0,,NA,NA,NA,NA,NA
Napa_ 2020 Q3 Court,1137,Napa, 2020 Q3 Court,209,NA,NA,NA,NA,NA,168,11,13,5,Napa,Allison Haley,0,1,1,0,0,,NA,NA,NA,NA,NA
Napa_ 2020 Q4 Court,1138,Napa, 2020 Q4 Court,249,NA,NA,NA,1,NA,123,7,14,1,Napa,Allison Haley,0,1,1,0,0,,NA,NA,NA,NA,NA
Napa_ 2021 Q1 Court,1139,Napa, 2021 Q1 Court,229,NA,NA,NA,NA,NA,156,15,18,5,Napa,Allison Haley,0,1,1,0,0,,NA,NA,NA,NA,NA
Napa_ 2021 Q2 Court,1140,Napa, 2021 Q2 Court,198,NA,1,NA,NA,NA,120,8,14,6,Napa,Allison Haley,0,1,1,0,0,,NA,NA,NA,NA,NA
Napa_ 2021 Q3 Court,1141,Napa, 2021 Q3 Court,206,NA,NA,NA,NA,NA,160,6,16,10,Napa,Allison Haley,0,1,1,0,0,,NA,NA,NA,NA,NA
Napa_ 2021 Q4 Court,1142,Napa, 2021 Q4 Court,191,0,0,0,0,0,132,15,5,1,Napa,Allison Haley,0,1,1,0,0,,0,NA,NA,NA,NA
Napa_ 2022 Q1 Court,1143,Napa, 2022 Q1 Court,184,NA,1,NA,NA,NA,131,12,18,11,Napa,Allison Haley,0,1,1,0,0,,NA,NA,NA,NA,NA
Napa_ 2022 Q2 Court,1144,Napa, 2022 Q2 Court,142,0,1,0,0,0,116,11,18,9,Napa,Allison Haley,0,1,1,0,0,,1,100,0,0,0
Napa_ 2022 Q3 Court,1145,Napa, 2022 Q3 Court,210,0,1,NA,NA,0,152,17,20,18,Napa,Allison Haley,0,1,1,0,1,,NA,NA,NA,NA,NA
Napa_ 2022 Q4 Court,1146,Napa, 2022 Q4 Court,165,0,0,0,0,0,150,16,23,12,Napa,Allison Haley,0,1,1,0,1,,0,NA,NA,NA,NA
Napa_ 2023 Q1 Court,1147,Napa, 2023 Q1 Court,220,NA,NA,NA,NA,NA,138,21,26,13,Napa,Allison Haley,0,NA,NA,NA,0,,NA,NA,NA,NA,NA
Nevada_ 2013 Q1 Court,1148,Nevada, 2013 Q1 Court,176,NA,NA,NA,NA,NA,NA,NA,NA,NA,Nevada,Clifford H. Newell,0,1,1,1,0,https://www.nevadacountyca.gov/3695/2013---2016-Historical-Election-Results,NA,NA,NA,NA,NA
Nevada_ 2013 Q2 Court,1149,Nevada, 2013 Q2 Court,107,26,12,29,4,4,31,2,8,0,Nevada,Clifford H. Newell,0,1,1,1,0,,49,24.48979592,59.18367347,8.163265306,8.163265306
Nevada_ 2013 Q3 Court,1150,Nevada, 2013 Q3 Court,134,24,10,21,0,2,113,3,18,2,Nevada,Clifford H. Newell,0,1,1,1,0,,33,30.3030303,63.63636364,6.060606061,0
Nevada_ 2013 Q4 Court,1151,Nevada, 2013 Q4 Court,171,16,12,26,0,4,28,5,27,5,Nevada,Clifford H. Newell,0,1,1,1,0,,42,28.57142857,61.9047619,9.523809524,0
Nevada_ 2014 Q1 Court,1152,Nevada, 2014 Q1 Court,155,16,21,20,4,3,23,4,3,3,Nevada,Clifford H. Newell,0,1,1,1,0,,48,43.75,41.66666667,6.25,8.333333333
Nevada_ 2014 Q2 Court,1153,Nevada, 2014 Q2 Court,162,22,13,23,3,0,35,6,8,3,Nevada,Clifford H. Newell,0,1,1,1,0,,39,33.33333333,58.97435897,0,7.692307692
Nevada_ 2014 Q3 Court,1154,Nevada, 2014 Q3 Court,165,54,18,56,7,6,60,7,9,6,Nevada,Clifford H. Newell,0,1,1,1,1,,87,20.68965517,64.36781609,6.896551724,8.045977011
Nevada_ 2014 Q4 Court,1155,Nevada, 2014 Q4 Court,144,32,13,55,1,1,71,8,12,2,Nevada,Clifford H. Newell,0,1,1,1,1,,70,18.57142857,78.57142857,1.428571429,1.428571429
Nevada_ 2015 Q1 Court,1156,Nevada, 2015 Q1 Court,115,19,6,23,1,5,65,10,10,5,Nevada,Clifford H. Newell,0,1,1,1,0,,35,17.14285714,65.71428571,14.28571429,2.857142857
Nevada_ 2015 Q2 Court,1157,Nevada, 2015 Q2 Court,127,12,11,34,0,4,57,8,8,5,Nevada,Clifford H. Newell,0,1,1,1,0,,49,22.44897959,69.3877551,8.163265306,0
Nevada_ 2015 Q3 Court,1158,Nevada, 2015 Q3 Court,129,9,7,49,0,5,61,4,11,0,Nevada,Clifford H. Newell,0,1,1,1,0,,61,11.47540984,80.32786885,8.196721311,0
Nevada_ 2015 Q4 Court,1159,Nevada, 2015 Q4 Court,160,19,11,43,1,5,50,6,0,0,Nevada,Clifford H. Newell,0,1,1,1,0,,60,18.33333333,71.66666667,8.333333333,1.666666667
Nevada_ 2016 Q1 Court,1160,Nevada, 2016 Q1 Court,147,15,9,18,4,6,37,5,1,1,Nevada,Clifford H. Newell,0,1,1,1,0,,37,24.32432432,48.64864865,16.21621622,10.81081081
Nevada_ 2016 Q2 Court,1161,Nevada, 2016 Q2 Court,153,18,7,56,3,4,46,4,4,0,Nevada,Clifford H. Newell,0,1,1,1,0,,70,10,80,5.714285714,4.285714286
Nevada_ 2016 Q3 Court,1162,Nevada, 2016 Q3 Court,139,19,10,55,0,7,42,2,2,0,Nevada,Clifford H. Newell,0,1,1,1,0,,72,13.88888889,76.38888889,9.722222222,0
Nevada_ 2016 Q4 Court,1163,Nevada, 2016 Q4 Court,113,12,13,61,1,4,46,7,3,1,Nevada,Clifford H. Newell,0,1,1,1,0,,79,16.4556962,77.21518987,5.063291139,1.265822785
Nevada_ 2017 Q1 Court,1164,Nevada, 2017 Q1 Court,117,21,7,66,0,3,51,3,3,1,Nevada,Clifford H. Newell,0,1,1,1,0,,76,9.210526316,86.84210526,3.947368421,0
Nevada_ 2017 Q2 Court,1165,Nevada, 2017 Q2 Court,171,19,4,60,3,4,42,4,5,0,Nevada,Clifford H. Newell,0,1,1,1,0,,71,5.633802817,84.50704225,5.633802817,4.225352113
Nevada_ 2017 Q3 Court,1166,Nevada, 2017 Q3 Court,141,12,7,47,0,8,33,3,2,0,Nevada,Clifford H. Newell,0,1,1,1,0,,62,11.29032258,75.80645161,12.90322581,0
Nevada_ 2017 Q4 Court,1167,Nevada, 2017 Q4 Court,112,20,6,42,1,6,26,5,0,1,Nevada,Clifford H. Newell,0,1,1,1,0,,55,10.90909091,76.36363636,10.90909091,1.818181818
Nevada_ 2018 Q1 Court,1168,Nevada, 2018 Q1 Court,111,16,11,45,0,2,23,3,3,1,Nevada,Clifford H. Newell,0,1,1,1,0,,58,18.96551724,77.5862069,3.448275862,0
Nevada_ 2018 Q2 Court,1169,Nevada, 2018 Q2 Court,114,11,14,52,2,8,33,3,2,0,Nevada,Clifford H. Newell,0,1,1,1,0,,76,18.42105263,68.42105263,10.52631579,2.631578947
Nevada_ 2018 Q3 Court,1170,Nevada, 2018 Q3 Court,98,6,16,12,1,4,10,4,4,0,Nevada,Clifford H. Newell,0,1,1,1,1,,33,48.48484848,36.36363636,12.12121212,3.03030303
Nevada_ 2018 Q4 Court,1171,Nevada, 2018 Q4 Court,106,13,11,24,1,8,36,5,6,1,Nevada,Clifford H. Newell,0,1,1,1,1,,44,25,54.54545455,18.18181818,2.272727273
Nevada_ 2019 Q1 Court,1172,Nevada, 2019 Q1 Court,92,6,14,16,2,9,29,8,7,0,Nevada,Clifford H. Newell,0,0,NA,NA,0,,41,34.14634146,39.02439024,21.95121951,4.87804878
Nevada_ 2019 Q2 Court,1173,Nevada, 2019 Q2 Court,130,12,19,20,0,9,37,5,3,0,Nevada,Clifford H. Newell,0,0,NA,NA,0,,48,39.58333333,41.66666667,18.75,0
Nevada_ 2019 Q3 Court,1174,Nevada, 2019 Q3 Court,187,9,7,33,2,9,63,12,5,0,Nevada,Clifford H. Newell,0,0,NA,NA,0,,51,13.7254902,64.70588235,17.64705882,3.921568627
Nevada_ 2019 Q4 Court,1175,Nevada, 2019 Q4 Court,155,8,11,39,0,8,64,11,3,2,Nevada,Clifford H. Newell,0,0,NA,NA,0,,58,18.96551724,67.24137931,13.79310345,0
Nevada_ 2020 Q1 Court,1176,Nevada, 2020 Q1 Court,110,5,17,22,1,5,41,8,2,1,Nevada,Clifford H. Newell,0,0,NA,NA,0,,45,37.77777778,48.88888889,11.11111111,2.222222222
Nevada_ 2020 Q2 Court,1177,Nevada, 2020 Q2 Court,139,7,9,32,1,7,43,5,0,1,Nevada,Clifford H. Newell,0,0,NA,NA,0,,49,18.36734694,65.30612245,14.28571429,2.040816327
Nevada_ 2020 Q3 Court,1178,Nevada, 2020 Q3 Court,139,9,10,30,1,4,46,3,2,0,Nevada,Clifford H. Newell,0,0,NA,NA,0,,45,22.22222222,66.66666667,8.888888889,2.222222222
Nevada_ 2020 Q4 Court,1179,Nevada, 2020 Q4 Court,106,4,20,30,3,6,39,6,1,0,Nevada,Clifford H. Newell,0,0,NA,NA,0,,59,33.89830508,50.84745763,10.16949153,5.084745763
Nevada_ 2021 Q1 Court,1180,Nevada, 2021 Q1 Court,117,1,19,25,3,5,25,2,1,0,Nevada,Clifford H. Newell,0,0,NA,NA,0,,52,36.53846154,48.07692308,9.615384615,5.769230769
Nevada_ 2021 Q2 Court,1181,Nevada, 2021 Q2 Court,102,28,14,25,0,1,26,0,1,0,Nevada,Clifford H. Newell,0,0,NA,NA,0,,40,35,62.5,2.5,0
Nevada_ 2021 Q3 Court,1182,Nevada, 2021 Q3 Court,128,2,10,33,0,9,39,5,3,0,Nevada,Clifford H. Newell,0,0,NA,NA,0,,52,19.23076923,63.46153846,17.30769231,0
Nevada_ 2021 Q4 Court,1183,Nevada, 2021 Q4 Court,94,1,25,21,2,8,34,11,6,0,Nevada,Clifford H. Newell,0,0,NA,NA,0,,56,44.64285714,37.5,14.28571429,3.571428571
Nevada_ 2022 Q1 Court,1184,Nevada, 2022 Q1 Court,105,3,16,20,2,2,30,3,2,0,Nevada,Clifford H. Newell,0,0,NA,0,0,,40,40,50,5,5
Nevada_ 2022 Q2 Court,1185,Nevada, 2022 Q2 Court,81,0,2,16,0,1,29,2,8,0,Nevada,Clifford H. Newell,0,0,NA,0,0,,19,10.52631579,84.21052632,5.263157895,0
Nevada_ 2022 Q3 Court,1186,Nevada, 2022 Q3 Court,61,58,11,32,5,2,19,2,12,0,Nevada,Clifford H. Newell,0,0,NA,0,1,,50,22,64,4,10
Nevada_ 2022 Q4 Court,1187,Nevada, 2022 Q4 Court,63,59,6,21,7,4,23,1,4,1,Nevada,Clifford H. Newell,0,0,NA,0,1,,38,15.78947368,55.26315789,10.52631579,18.42105263
Orange_ 2013 Q1 Court,1188,Orange, 2013 Q1 Court,4702,274,624,2021,144,230,1747,131,395,NA,Orange,Tony Rackauckas,0,1,1,1,0,https://ocvote.gov/data/election-results-archives,3019,20.66909573,66.94269626,7.618416694,4.769791322
Orange_ 2013 Q2 Court,1189,Orange, 2013 Q2 Court,4921,240,608,2119,196,264,2864,216,345,NA,Orange,Tony Rackauckas,0,1,1,1,0,,3187,19.07750235,66.488861,8.283652338,6.149984311
Orange_ 2013 Q3 Court,1190,Orange, 2013 Q3 Court,4885,341,603,2125,140,299,3512,258,362,241,Orange,Tony Rackauckas,0,1,1,1,0,,3167,19.04010104,67.09820019,9.441111462,4.420587307
Orange_ 2013 Q4 Court,1191,Orange, 2013 Q4 Court,4752,259,567,2079,185,276,3449,199,374,227,Orange,Tony Rackauckas,0,1,1,1,0,,3107,18.2491149,66.91342131,8.883167042,5.954296749
Orange_ 2014 Q1 Court,1192,Orange, 2014 Q1 Court,4560,302,613,2101,188,240,3862,259,371,200,Orange,Tony Rackauckas,0,1,1,1,0,,3142,19.50986633,66.86823679,7.638446849,5.983450032
Orange_ 2014 Q2 Court,1193,Orange, 2014 Q2 Court,4640,332,620,2276,257,254,4168,299,402,224,Orange,Tony Rackauckas,0,1,1,1,0,,3407,18.197828,66.80363957,7.455239213,7.54329322
Orange_ 2014 Q3 Court,1194,Orange, 2014 Q3 Court,4628,351,632,2168,271,215,4335,269,466,170,Orange,Tony Rackauckas,0,1,1,1,1,,3286,19.23311016,65.97687158,6.542909312,8.247108947
Orange_ 2014 Q4 Court,1195,Orange, 2014 Q4 Court,3296,279,454,1217,140,130,3018,195,381,161,Orange,Tony Rackauckas,0,1,1,1,1,,1941,23.39000515,62.69963936,6.697578568,7.212776919
Orange_ 2015 Q1 Court,1196,Orange, 2015 Q1 Court,2609,245,437,851,106,104,1898,175,380,182,Orange,Tony Rackauckas,0,1,1,1,0,,1498,29.17222964,56.80907877,6.94259012,7.076101469
Orange_ 2015 Q2 Court,1197,Orange, 2015 Q2 Court,3104,291,477,1023,106,128,1622,107,350,172,Orange,Tony Rackauckas,0,1,1,1,0,,1734,27.50865052,58.99653979,7.38177624,6.113033449
Orange_ 2015 Q3 Court,1198,Orange, 2015 Q3 Court,2953,303,526,1114,116,151,1647,119,297,190,Orange,Tony Rackauckas,0,1,1,1,0,,1907,27.58259046,58.41636078,7.91819612,6.082852648
Orange_ 2015 Q4 Court,1199,Orange, 2015 Q4 Court,2862,276,548,1132,131,185,1649,101,257,198,Orange,Tony Rackauckas,0,1,1,1,0,,1996,27.45490982,56.71342685,9.268537074,6.563126253
Orange_ 2016 Q1 Court,1200,Orange, 2016 Q1 Court,3124,330,599,1152,131,177,1715,114,292,181,Orange,Tony Rackauckas,0,1,1,1,0,,2059,29.09179213,55.94949004,8.596406022,6.362311802
Orange_ 2016 Q2 Court,1201,Orange, 2016 Q2 Court,3165,309,490,1171,117,152,1765,110,311,182,Orange,Tony Rackauckas,0,1,1,1,0,,1930,25.38860104,60.67357513,7.875647668,6.062176166
Orange_ 2016 Q3 Court,1202,Orange, 2016 Q3 Court,3051,280,498,1103,124,88,1752,75,352,133,Orange,Tony Rackauckas,0,1,1,1,0,,1813,27.46828461,60.83838941,4.853833425,6.839492554
Orange_ 2016 Q4 Court,1203,Orange, 2016 Q4 Court,3016,294,457,1103,150,159,1638,105,321,178,Orange,Tony Rackauckas,0,1,1,1,0,,1869,24.45157838,59.01551632,8.507223114,8.025682183
Orange_ 2017 Q1 Court,1204,Orange, 2017 Q1 Court,2960,324,647,1222,108,138,1908,136,393,138,Orange,Tony Rackauckas,0,1,1,1,0,,2115,30.59101655,57.77777778,6.524822695,5.106382979
Orange_ 2017 Q2 Court,1205,Orange, 2017 Q2 Court,2994,280,583,1222,131,145,1923,108,410,157,Orange,Tony Rackauckas,0,1,1,1,0,,2081,28.01537722,58.72176838,6.96780394,6.295050457
Orange_ 2017 Q3 Court,1206,Orange, 2017 Q3 Court,2814,271,557,1164,86,106,2080,93,450,180,Orange,Tony Rackauckas,0,1,1,1,0,,1913,29.11657083,60.84683743,5.541035024,4.495556717
Orange_ 2017 Q4 Court,1207,Orange, 2017 Q4 Court,2994,239,486,970,112,102,1892,98,441,145,Orange,Tony Rackauckas,0,1,1,1,0,,1670,29.10179641,58.08383234,6.107784431,6.706586826
Orange_ 2018 Q1 Court,1208,Orange, 2018 Q1 Court,2993,307,538,981,98,111,1868,111,489,169,Orange,Tony Rackauckas,0,1,1,1,0,,1728,31.13425926,56.77083333,6.423611111,5.671296296
Orange_ 2018 Q2 Court,1209,Orange, 2018 Q2 Court,3135,319,492,1034,105,120,2004,105,519,170,Orange,Tony Rackauckas,0,1,1,1,0,,1751,28.09822958,59.0519703,6.853226728,5.996573387
Orange_ 2018 Q3 Court,1210,Orange, 2018 Q3 Court,3076,308,531,957,75,125,1754,158,503,150,Orange,Tony Rackauckas,0,1,1,1,1,,1688,31.45734597,56.6943128,7.40521327,4.443127962
Orange_ 2018 Q4 Court,1211,Orange, 2018 Q4 Court,2894,295,461,986,107,146,1637,114,493,161,Orange,Tony Rackauckas,0,1,1,1,1,,1700,27.11764706,58,8.588235294,6.294117647
Orange_ 2019 Q1 Court,1212,Orange, 2019 Q1 Court,3007,297,552,870,88,143,1666,103,486,168,Orange,Tony Rackauckas,0,0,NA,NA,0,,1653,33.3938294,52.63157895,8.650937689,5.323653962
Orange_ 2019 Q2 Court,1213,Orange, 2019 Q2 Court,2874,306,487,918,87,151,1668,135,559,205,Orange,Tony Rackauckas,0,0,NA,NA,0,,1643,29.64090079,55.87340231,9.190505173,5.295191722
Orange_ 2019 Q3 Court,1214,Orange, 2019 Q3 Court,3179,312,584,1027,97,139,1654,168,570,197,Orange,Tony Rackauckas,0,0,NA,NA,0,,1847,31.61884136,55.60368165,7.52571738,5.25175961
Orange_ 2019 Q4 Court,1215,Orange, 2019 Q4 Court,2844,274,476,944,113,95,1497,165,546,191,Orange,Tony Rackauckas,0,0,NA,NA,0,,1628,29.23832924,57.98525799,5.835380835,6.941031941
Orange_ 2020 Q1 Court,1216,Orange, 2020 Q1 Court,2933,254,406,855,102,123,1267,147,451,216,Orange,Tony Rackauckas,0,0,NA,NA,0,,1486,27.32166891,57.53701211,8.277254374,6.864064603
Orange_ 2020 Q2 Court,1217,Orange, 2020 Q2 Court,2695,17,250,431,43,44,817,144,279,74,Orange,Tony Rackauckas,0,0,NA,NA,0,,768,32.55208333,56.11979167,5.729166667,5.598958333
Orange_ 2020 Q3 Court,1218,Orange, 2020 Q3 Court,3206,239,380,713,82,58,1216,128,461,85,Orange,Tony Rackauckas,0,0,NA,NA,0,,1233,30.81914031,57.82643958,4.703974047,6.650446067
Orange_ 2020 Q4 Court,1219,Orange, 2020 Q4 Court,2923,213,381,674,94,81,1208,94,451,81,Orange,Tony Rackauckas,0,0,NA,NA,0,,1230,30.97560976,54.79674797,6.585365854,7.642276423
Orange_ 2021 Q1 Court,1220,Orange, 2021 Q1 Court,3407,267,540,849,142,100,1393,81,528,83,Orange,Tony Rackauckas,0,0,NA,NA,0,,1631,33.10852238,52.05395463,6.131207848,8.706315144
Orange_ 2021 Q2 Court,1221,Orange, 2021 Q2 Court,3501,414,510,930,130,110,1600,107,628,80,Orange,Tony Rackauckas,0,0,NA,NA,0,,1680,30.35714286,55.35714286,6.547619048,7.738095238
Orange_ 2021 Q3 Court,1222,Orange, 2021 Q3 Court,3248,595,432,1002,104,95,1505,71,519,78,Orange,Tony Rackauckas,0,0,NA,NA,0,,1633,26.45437844,61.35946111,5.817513778,6.368646663
Orange_ 2021 Q4 Court,1223,Orange, 2021 Q4 Court,2611,578,376,960,93,67,1482,63,413,69,Orange,Tony Rackauckas,0,0,NA,NA,0,,1496,25.13368984,64.17112299,4.478609626,6.21657754
Orange_ 2022 Q1 Court,1224,Orange, 2022 Q1 Court,2876,583,409,1013,115,83,1549,63,440,78,Orange,Tony Rackauckas,0,0,NA,1,0,,1620,25.24691358,62.5308642,5.12345679,7.098765432
Orange_ 2022 Q2 Court,1225,Orange, 2022 Q2 Court,3173,587,370,1035,107,59,1818,120,502,97,Orange,Tony Rackauckas,0,0,NA,1,0,,1571,23.55187778,65.88160407,3.755569701,6.81094844
Orange_ 2022 Q3 Court,1226,Orange, 2022 Q3 Court,3902,741,382,1107,79,69,1703,120,525,77,Orange,Tony Rackauckas,0,0,NA,1,1,,1637,23.33536958,67.62370189,4.215027489,4.825901038
Orange_ 2022 Q4 Court,1227,Orange, 2022 Q4 Court,3535,596,400,1160,79,68,1604,75,473,70,Orange,Tony Rackauckas,0,0,NA,1,1,,1707,23.43292326,67.95547745,3.983596954,4.628002343
Orange_ 2023 Q1 Court,1228,Orange, 2023 Q1 Court,3462,654,394,915,67,49,1626,119,480,90,Orange,Todd Spitzer,0,NA,NA,NA,0,,1425,27.64912281,64.21052632,3.438596491,4.701754386
Placer_ 2013 Q1 Court,1229,Placer, 2013 Q1 Court,633,1347,52,178,43,1,575,0,26,NA,Placer,Ronald Scott Owens,0,1,1,0,0,https://www.placercountyelections.gov/past-elections/,274,18.97810219,64.96350365,0.364963504,15.69343066
Placer_ 2013 Q2 Court,1230,Placer, 2013 Q2 Court,778,1778,79,223,35,1,434,3,15,NA,Placer,Ronald Scott Owens,0,1,1,0,0,,338,23.37278107,65.97633136,0.295857988,10.35502959
Placer_ 2013 Q3 Court,1231,Placer, 2013 Q3 Court,830,724,73,21,47,6,473,0,24,17,Placer,Ronald Scott Owens,0,1,1,0,0,,147,49.65986395,14.28571429,4.081632653,31.97278912
Placer_ 2013 Q4 Court,1232,Placer, 2013 Q4 Court,705,684,66,321,36,6,406,0,31,26,Placer,Ronald Scott Owens,0,1,1,0,0,,429,15.38461538,74.82517483,1.398601399,8.391608392
Placer_ 2014 Q1 Court,1233,Placer, 2014 Q1 Court,689,301,81,329,43,10,476,1,10,16,Placer,Ronald Scott Owens,0,1,1,0,0,,463,17.49460043,71.05831533,2.159827214,9.287257019
Placer_ 2014 Q2 Court,1234,Placer, 2014 Q2 Court,765,408,92,348,38,20,419,0,13,30,Placer,Ronald Scott Owens,0,1,1,0,0,,498,18.47389558,69.87951807,4.016064257,7.630522088
Placer_ 2014 Q3 Court,1235,Placer, 2014 Q3 Court,726,490,115,346,33,24,389,0,9,24,Placer,Ronald Scott Owens,0,1,1,0,1,,518,22.2007722,66.7953668,4.633204633,6.370656371
Placer_ 2014 Q4 Court,1236,Placer, 2014 Q4 Court,483,398,66,223,17,18,370,1,5,18,Placer,Ronald Scott Owens,0,1,1,0,1,,324,20.37037037,68.82716049,5.555555556,5.24691358
Placer_ 2015 Q1 Court,1237,Placer, 2015 Q1 Court,441,284,70,329,10,19,338,2,17,13,Placer,Ronald Scott Owens,0,1,1,0,0,,428,16.35514019,76.86915888,4.439252336,2.336448598
Placer_ 2015 Q2 Court,1238,Placer, 2015 Q2 Court,478,248,97,312,10,27,339,6,19,9,Placer,Ronald Scott Owens,0,1,1,0,0,,446,21.74887892,69.95515695,6.053811659,2.242152466
Placer_ 2015 Q3 Court,1239,Placer, 2015 Q3 Court,483,243,71,264,24,21,385,5,30,26,Placer,Ronald Scott Owens,0,1,1,0,0,,380,18.68421053,69.47368421,5.526315789,6.315789474
Placer_ 2015 Q4 Court,1240,Placer, 2015 Q4 Court,467,240,51,250,26,10,454,17,22,25,Placer,Ronald Scott Owens,0,1,1,0,0,,337,15.13353116,74.18397626,2.96735905,7.715133531
Placer_ 2016 Q1 Court,1241,Placer, 2016 Q1 Court,438,195,99,347,15,16,451,7,54,17,Placer,Ronald Scott Owens,0,1,1,0,0,,477,20.75471698,72.74633124,3.354297694,3.144654088
Placer_ 2016 Q2 Court,1242,Placer, 2016 Q2 Court,561,235,82,137,18,24,459,11,37,7,Placer,Ronald Scott Owens,0,1,1,0,0,,261,31.41762452,52.49042146,9.195402299,6.896551724
Placer_ 2016 Q3 Court,1243,Placer, 2016 Q3 Court,431,216,90,247,11,14,378,8,35,16,Placer,Ronald Scott Owens,0,1,1,0,0,,362,24.86187845,68.2320442,3.867403315,3.038674033
Placer_ 2016 Q4 Court,1244,Placer, 2016 Q4 Court,426,219,68,172,15,11,102,15,35,16,Placer,Ronald Scott Owens,0,1,1,0,0,,266,25.56390977,64.66165414,4.135338346,5.639097744
Placer_ 2017 Q1 Court,1245,Placer, 2017 Q1 Court,403,265,128,201,16,16,188,18,25,18,Placer,Ronald Scott Owens,0,1,1,0,0,,361,35.45706371,55.67867036,4.432132964,4.432132964
Placer_ 2017 Q2 Court,1246,Placer, 2017 Q2 Court,437,298,65,174,12,10,171,36,41,13,Placer,Ronald Scott Owens,0,1,1,0,0,,261,24.90421456,66.66666667,3.831417625,4.597701149
Placer_ 2017 Q3 Court,1247,Placer, 2017 Q3 Court,421,297,66,119,22,16,139,10,43,15,Placer,Ronald Scott Owens,0,1,1,0,0,,223,29.59641256,53.3632287,7.174887892,9.865470852
Placer_ 2017 Q4 Court,1248,Placer, 2017 Q4 Court,415,211,64,85,34,23,140,23,23,19,Placer,Ronald Scott Owens,0,1,1,0,0,,206,31.06796117,41.26213592,11.16504854,16.50485437
Placer_ 2018 Q1 Court,1249,Placer, 2018 Q1 Court,441,240,44,175,27,18,99,16,42,26,Placer,Ronald Scott Owens,0,1,1,0,0,,264,16.66666667,66.28787879,6.818181818,10.22727273
Placer_ 2018 Q2 Court,1250,Placer, 2018 Q2 Court,501,228,73,208,17,29,151,20,70,21,Placer,Ronald Scott Owens,0,1,1,0,0,,327,22.32415902,63.60856269,8.868501529,5.198776758
Placer_ 2018 Q3 Court,1251,Placer, 2018 Q3 Court,446,294,76,188,22,38,179,10,40,13,Placer,Ronald Scott Owens,0,1,1,0,1,,324,23.45679012,58.02469136,11.72839506,6.790123457
Placer_ 2018 Q4 Court,1252,Placer, 2018 Q4 Court,462,215,92,189,18,37,202,3,57,21,Placer,Ronald Scott Owens,0,1,1,0,1,,336,27.38095238,56.25,11.01190476,5.357142857
Placer_ 2019 Q1 Court,1253,Placer, 2019 Q1 Court,476,215,86,189,11,35,190,10,34,28,Placer,Ronald Scott Owens,0,NA,NA,NA,0,,321,26.79127726,58.87850467,10.90342679,3.426791277
Placer_ 2019 Q2 Court,1254,Placer, 2019 Q2 Court,380,167,71,234,15,36,234,4,37,39,Placer,Ronald Scott Owens,0,NA,NA,NA,0,,356,19.94382022,65.73033708,10.11235955,4.213483146
Placer_ 2019 Q3 Court,1255,Placer, 2019 Q3 Court,482,188,86,210,18,20,205,22,39,39,Placer,Ronald Scott Owens,0,NA,NA,NA,0,,334,25.74850299,62.8742515,5.988023952,5.389221557
Placer_ 2019 Q4 Court,1256,Placer, 2019 Q4 Court,477,174,94,225,15,18,180,4,45,31,Placer,Ronald Scott Owens,0,NA,NA,NA,0,,352,26.70454545,63.92045455,5.113636364,4.261363636
Placer_ 2020 Q1 Court,1257,Placer, 2020 Q1 Court,423,159,87,205,21,38,199,4,50,17,Placer,Morgan Gire,0,1,1,0,0,Board of Supervisors appointed Gire,351,24.78632479,58.4045584,10.82621083,5.982905983
Placer_ 2020 Q2 Court,1258,Placer, 2020 Q2 Court,401,132,27,121,28,10,130,3,28,8,Placer,Morgan Gire,0,1,1,0,0,,186,14.51612903,65.05376344,5.376344086,15.05376344
Placer_ 2020 Q3 Court,1259,Placer, 2020 Q3 Court,465,275,42,138,25,8,175,4,56,11,Placer,Morgan Gire,0,1,1,0,0,,213,19.71830986,64.78873239,3.755868545,11.7370892
Placer_ 2020 Q4 Court,1260,Placer, 2020 Q4 Court,573,300,51,162,20,15,96,6,47,10,Placer,Morgan Gire,0,1,1,0,0,,248,20.56451613,65.32258065,6.048387097,8.064516129
Placer_ 2021 Q1 Court,1261,Placer, 2021 Q1 Court,483,369,89,152,14,7,79,14,53,7,Placer,Morgan Gire,0,1,1,0,0,,262,33.96946565,58.01526718,2.671755725,5.34351145
Placer_ 2021 Q2 Court,1262,Placer, 2021 Q2 Court,455,351,101,192,20,11,100,11,37,9,Placer,Morgan Gire,0,1,1,0,0,,324,31.17283951,59.25925926,3.395061728,6.172839506
Placer_ 2021 Q3 Court,1263,Placer, 2021 Q3 Court,504,340,110,172,22,7,97,23,37,7,Placer,Morgan Gire,0,1,1,0,0,,311,35.36977492,55.30546624,2.250803859,7.073954984
Placer_ 2021 Q4 Court,1264,Placer, 2021 Q4 Court,379,339,80,164,13,6,65,27,21,10,Placer,Morgan Gire,0,1,1,0,0,,263,30.41825095,62.35741445,2.281368821,4.942965779
Placer_ 2022 Q1 Court,1265,Placer, 2022 Q1 Court,530,397,99,164,27,9,88,40,39,7,Placer,Morgan Gire,0,1,1,0,0,,299,33.11036789,54.84949833,3.010033445,9.030100334
Placer_ 2022 Q2 Court,1266,Placer, 2022 Q2 Court,514,386,127,217,19,15,110,37,45,7,Placer,Morgan Gire,0,1,1,0,0,,378,33.5978836,57.40740741,3.968253968,5.026455026
Placer_ 2022 Q3 Court,1267,Placer, 2022 Q3 Court,510,427,105,218,19,8,143,21,35,10,Placer,Morgan Gire,0,1,1,0,1,,350,30,62.28571429,2.285714286,5.428571429
Placer_ 2022 Q4 Court,1268,Placer, 2022 Q4 Court,533,352,100,177,14,9,120,32,34,7,Placer,Morgan Gire,0,1,1,0,1,,300,33.33333333,59,3,4.666666667
Placer_ 2023 Q1 Court,1269,Placer, 2023 Q1 Court,473,331,114,247,13,27,124,29,39,11,Placer,Morgan Gire,0,NA,NA,NA,0,,401,28.42892768,61.59600998,6.733167082,3.241895262
Plumas_ 2013 Q1 Court,1270,Plumas, 2013 Q1 Court,48,10,3,24,3,0,35,0,1,0,Plumas,David Hollister,0,1,1,0,0,https://www.plumascounty.us/Archive.aspx?AMID=100,30,10,80,0,10
Plumas_ 2013 Q2 Court,1271,Plumas, 2013 Q2 Court,39,13,1,19,4,0,19,0,1,0,Plumas,David Hollister,0,1,1,0,0,,24,4.166666667,79.16666667,0,16.66666667
Plumas_ 2013 Q3 Court,1272,Plumas, 2013 Q3 Court,45,16,0,20,4,0,29,0,0,0,Plumas,David Hollister,0,1,1,0,0,,24,0,83.33333333,0,16.66666667
Plumas_ 2013 Q4 Court,1273,Plumas, 2013 Q4 Court,35,10,5,17,1,0,33,0,1,0,Plumas,David Hollister,0,1,1,0,0,,23,21.73913043,73.91304348,0,4.347826087
Plumas_ 2014 Q1 Court,1274,Plumas, 2014 Q1 Court,43,6,2,15,4,0,43,0,0,1,Plumas,David Hollister,0,1,1,0,0,,21,9.523809524,71.42857143,0,19.04761905
Plumas_ 2014 Q2 Court,1275,Plumas, 2014 Q2 Court,31,7,10,19,4,0,37,0,1,0,Plumas,David Hollister,0,1,1,0,0,,33,30.3030303,57.57575758,0,12.12121212
Plumas_ 2014 Q3 Court,1276,Plumas, 2014 Q3 Court,51,6,7,17,0,0,42,0,1,0,Plumas,David Hollister,0,1,1,0,1,,24,29.16666667,70.83333333,0,0
Plumas_ 2014 Q4 Court,1277,Plumas, 2014 Q4 Court,31,5,2,24,0,0,32,0,0,0,Plumas,David Hollister,0,1,1,0,1,,26,7.692307692,92.30769231,0,0
Plumas_ 2015 Q1 Court,1278,Plumas, 2015 Q1 Court,21,3,4,5,2,0,7,0,0,2,Plumas,David Hollister,0,1,1,0,0,,11,36.36363636,45.45454545,0,18.18181818
Plumas_ 2015 Q2 Court,1279,Plumas, 2015 Q2 Court,30,7,5,14,2,0,33,0,0,3,Plumas,David Hollister,0,1,1,0,0,,21,23.80952381,66.66666667,0,9.523809524
Plumas_ 2015 Q3 Court,1280,Plumas, 2015 Q3 Court,19,5,3,9,0,0,22,0,0,2,Plumas,David Hollister,0,1,1,0,0,,12,25,75,0,0
Plumas_ 2015 Q4 Court,1281,Plumas, 2015 Q4 Court,25,1,9,7,1,0,23,0,3,0,Plumas,David Hollister,0,1,1,0,0,,17,52.94117647,41.17647059,0,5.882352941
Plumas_ 2016 Q1 Court,1282,Plumas, 2016 Q1 Court,31,NA,NA,NA,NA,NA,NA,NA,NA,NA,Plumas,David Hollister,0,1,1,0,0,,NA,NA,NA,NA,NA
Plumas_ 2016 Q2 Court,1283,Plumas, 2016 Q2 Court,28,3,1,12,3,0,21,0,1,0,Plumas,David Hollister,0,1,1,0,0,,16,6.25,75,0,18.75
Plumas_ 2016 Q3 Court,1284,Plumas, 2016 Q3 Court,33,3,7,11,1,0,17,0,2,0,Plumas,David Hollister,0,1,1,0,0,,19,36.84210526,57.89473684,0,5.263157895
Plumas_ 2016 Q4 Court,1285,Plumas, 2016 Q4 Court,22,NA,NA,NA,NA,NA,NA,NA,NA,NA,Plumas,David Hollister,0,1,1,0,0,,NA,NA,NA,NA,NA
Plumas_ 2017 Q1 Court,1286,Plumas, 2017 Q1 Court,23,1,9,10,2,0,14,0,0,0,Plumas,David Hollister,0,1,1,0,0,,21,42.85714286,47.61904762,0,9.523809524
Plumas_ 2017 Q2 Court,1287,Plumas, 2017 Q2 Court,26,3,7,13,1,0,16,0,0,0,Plumas,David Hollister,0,1,1,0,0,,21,33.33333333,61.9047619,0,4.761904762
Plumas_ 2017 Q3 Court,1288,Plumas, 2017 Q3 Court,28,2,8,15,0,0,11,0,0,1,Plumas,David Hollister,0,1,1,0,0,,23,34.7826087,65.2173913,0,0
Plumas_ 2017 Q4 Court,1289,Plumas, 2017 Q4 Court,24,4,8,5,0,0,10,0,0,1,Plumas,David Hollister,0,1,1,0,0,,13,61.53846154,38.46153846,0,0
Plumas_ 2018 Q1 Court,1290,Plumas, 2018 Q1 Court,26,10,6,7,1,8,10,0,1,2,Plumas,David Hollister,0,1,1,0,0,,22,27.27272727,31.81818182,36.36363636,4.545454545
Plumas_ 2018 Q2 Court,1291,Plumas, 2018 Q2 Court,15,NA,NA,NA,NA,NA,NA,NA,NA,NA,Plumas,David Hollister,0,1,1,0,0,,NA,NA,NA,NA,NA
Plumas_ 2018 Q3 Court,1292,Plumas, 2018 Q3 Court,27,NA,NA,NA,NA,NA,NA,NA,NA,NA,Plumas,David Hollister,0,1,1,0,1,,NA,NA,NA,NA,NA
Plumas_ 2018 Q4 Court,1293,Plumas, 2018 Q4 Court,24,5,2,5,0,0,12,0,2,3,Plumas,David Hollister,0,1,1,0,1,,7,28.57142857,71.42857143,0,0
Plumas_ 2019 Q1 Court,1294,Plumas, 2019 Q1 Court,23,2,9,18,1,0,8,0,2,3,Plumas,David Hollister,0,1,1,0,0,,28,32.14285714,64.28571429,0,3.571428571
Plumas_ 2019 Q2 Court,1295,Plumas, 2019 Q2 Court,24,6,2,16,0,0,12,0,2,3,Plumas,David Hollister,0,1,1,0,0,,18,11.11111111,88.88888889,0,0
Plumas_ 2019 Q3 Court,1296,Plumas, 2019 Q3 Court,27,3,5,14,0,0,11,0,1,8,Plumas,David Hollister,0,1,1,0,0,,19,26.31578947,73.68421053,0,0
Plumas_ 2019 Q4 Court,1297,Plumas, 2019 Q4 Court,20,5,5,8,0,0,11,0,2,3,Plumas,David Hollister,0,1,1,0,0,,13,38.46153846,61.53846154,0,0
Plumas_ 2020 Q1 Court,1298,Plumas, 2020 Q1 Court,17,6,2,6,0,0,3,0,1,2,Plumas,David Hollister,0,1,1,0,0,,8,25,75,0,0
Plumas_ 2020 Q2 Court,1299,Plumas, 2020 Q2 Court,23,NA,NA,NA,NA,NA,NA,NA,NA,NA,Plumas,David Hollister,0,1,1,0,0,,NA,NA,NA,NA,NA
Plumas_ 2020 Q3 Court,1300,Plumas, 2020 Q3 Court,21,NA,NA,NA,NA,NA,NA,NA,NA,NA,Plumas,David Hollister,0,1,1,0,0,,NA,NA,NA,NA,NA
Plumas_ 2020 Q4 Court,1301,Plumas, 2020 Q4 Court,14,9,3,2,0,3,12,0,11,2,Plumas,David Hollister,0,1,1,0,0,,8,37.5,25,37.5,0
Plumas_ 2021 Q1 Court,1302,Plumas, 2021 Q1 Court,17,2,3,6,0,1,15,0,6,0,Plumas,David Hollister,0,1,1,0,0,,10,30,60,10,0
Plumas_ 2021 Q2 Court,1303,Plumas, 2021 Q2 Court,14,7,4,2,0,3,8,0,5,2,Plumas,David Hollister,0,1,1,0,0,,9,44.44444444,22.22222222,33.33333333,0
Plumas_ 2021 Q3 Court,1304,Plumas, 2021 Q3 Court,22,4,0,2,0,8,6,0,5,0,Plumas,David Hollister,0,1,1,0,0,,10,0,20,80,0
Plumas_ 2021 Q4 Court,1305,Plumas, 2021 Q4 Court,17,8,6,3,0,3,9,0,2,3,Plumas,David Hollister,0,1,1,0,0,,12,50,25,25,0
Plumas_ 2022 Q1 Court,1306,Plumas, 2022 Q1 Court,19,3,3,2,0,3,9,0,7,2,Plumas,David Hollister,0,1,1,0,0,,8,37.5,25,37.5,0
Plumas_ 2022 Q2 Court,1307,Plumas, 2022 Q2 Court,22,1,5,1,0,1,9,0,5,2,Plumas,David Hollister,0,1,1,0,0,,7,71.42857143,14.28571429,14.28571429,0
Plumas_ 2022 Q3 Court,1308,Plumas, 2022 Q3 Court,21,NA,NA,NA,NA,NA,NA,NA,NA,NA,Plumas,David Hollister,0,1,1,0,1,,NA,NA,NA,NA,NA
Plumas_ 2022 Q4 Court,1309,Plumas, 2022 Q4 Court,26,7,3,1,0,7,8,0,24,2,Plumas,David Hollister,0,1,1,0,1,,11,27.27272727,9.090909091,63.63636364,0
Plumas_ 2023 Q1 Court,1310,Plumas, 2023 Q1 Court,14,3,3,0,0,1,5,0,2,2,Plumas,David Hollister,0,NA,NA,NA,0,,4,75,0,25,0
Riverside_ 2013 Q1 Court,1311,Riverside, 2013 Q1 Court,4312,677,928,1661,155,484,2115,236,408,NA,Riverside,Paul Zellerbach,0,1,0,1,0,https://voteinfo.net/past-elections,3228,28.74845105,51.45600991,14.99380421,4.80173482
Riverside_ 2013 Q2 Court,1312,Riverside, 2013 Q2 Court,4748,697,879,1769,174,571,1429,403,427,0,Riverside,Paul Zellerbach,0,1,0,1,0,,3393,25.90627763,52.13675214,16.8287651,5.128205128
Riverside_ 2013 Q3 Court,1313,Riverside, 2013 Q3 Court,4934,733,1051,1675,244,790,960,101,514,184,Riverside,Paul Zellerbach,0,1,0,1,0,,3760,27.95212766,44.54787234,21.0106383,6.489361702
Riverside_ 2013 Q4 Court,1314,Riverside, 2013 Q4 Court,4550,1393,845,1525,200,454,616,89,443,480,Riverside,Paul Zellerbach,0,1,0,1,0,,3024,27.94312169,50.42989418,15.01322751,6.613756614
Riverside_ 2014 Q1 Court,1315,Riverside, 2014 Q1 Court,4452,1586,916,1639,225,560,699,83,445,475,Riverside,Paul Zellerbach,0,1,0,1,0,,3340,27.4251497,49.07185629,16.76646707,6.736526946
Riverside_ 2014 Q2 Court,1316,Riverside, 2014 Q2 Court,4868,1677,876,1733,258,614,616,33,526,457,Riverside,Paul Zellerbach,0,1,0,1,0,,3481,25.16518242,49.78454467,17.63860959,7.411663315
Riverside_ 2014 Q3 Court,1317,Riverside, 2014 Q3 Court,4815,1800,996,1672,301,553,535,44,616,446,Riverside,Paul Zellerbach,0,1,0,1,1,,3522,28.27938671,47.47302669,15.70130608,8.546280522
Riverside_ 2014 Q4 Court,1318,Riverside, 2014 Q4 Court,3506,1368,722,1085,120,295,385,22,452,407,Riverside,Paul Zellerbach,0,1,0,1,1,,2222,32.49324932,48.82988299,13.27632763,5.400540054
Riverside_ 2015 Q1 Court,1319,Riverside, 2015 Q1 Court,2812,950,779,920,84,235,234,10,456,497,Riverside,Mike Hestrin,0,1,1,1,0,,2018,38.60257681,45.58969277,11.64519326,4.162537166
Riverside_ 2015 Q2 Court,1320,Riverside, 2015 Q2 Court,3082,846,771,1065,51,265,110,17,482,696,Riverside,Mike Hestrin,0,1,1,1,0,,2152,35.82713755,49.48884758,12.31412639,2.369888476
Riverside_ 2015 Q3 Court,1321,Riverside, 2015 Q3 Court,3122,926,805,1051,72,257,123,13,474,594,Riverside,Mike Hestrin,0,1,1,1,0,,2185,36.84210526,48.1006865,11.76201373,3.295194508
Riverside_ 2015 Q4 Court,1322,Riverside, 2015 Q4 Court,2565,733,701,981,77,205,106,15,448,613,Riverside,Mike Hestrin,0,1,1,1,0,,1964,35.69246436,49.9490835,10.43788187,3.920570265
Riverside_ 2016 Q1 Court,1323,Riverside, 2016 Q1 Court,2919,719,730,1057,69,218,83,6,409,597,Riverside,Mike Hestrin,0,1,1,1,0,,2074,35.19768563,50.96432015,10.51108968,3.326904532
Riverside_ 2016 Q2 Court,1324,Riverside, 2016 Q2 Court,3353,741,635,937,61,229,125,6,482,641,Riverside,Mike Hestrin,0,1,1,1,0,,1862,34.10311493,50.32223416,12.29860365,3.276047261
Riverside_ 2016 Q3 Court,1325,Riverside, 2016 Q3 Court,3862,1001,875,1132,112,260,178,10,536,653,Riverside,Mike Hestrin,0,1,1,1,0,,2379,36.78015973,47.58301807,10.92896175,4.707860446
Riverside_ 2016 Q4 Court,1326,Riverside, 2016 Q4 Court,3204,912,730,1099,117,225,178,24,530,614,Riverside,Mike Hestrin,0,1,1,1,0,,2171,33.62505758,50.62183326,10.36388761,5.389221557
Riverside_ 2017 Q1 Court,1327,Riverside, 2017 Q1 Court,3022,990,902,1139,109,226,166,6,485,451,Riverside,Mike Hestrin,0,1,1,1,0,,2376,37.96296296,47.93771044,9.511784512,4.587542088
Riverside_ 2017 Q2 Court,1328,Riverside, 2017 Q2 Court,2993,832,864,1007,151,243,111,8,531,473,Riverside,Mike Hestrin,0,1,1,1,0,,2265,38.14569536,44.45916115,10.72847682,6.666666667
Riverside_ 2017 Q3 Court,1329,Riverside, 2017 Q3 Court,3225,758,773,1013,95,231,191,14,530,480,Riverside,Mike Hestrin,0,1,1,1,0,,2112,36.60037879,47.96401515,10.9375,4.498106061
Riverside_ 2017 Q4 Court,1330,Riverside, 2017 Q4 Court,3377,746,701,833,109,203,369,102,484,471,Riverside,Mike Hestrin,0,1,1,1,0,,1846,37.97399783,45.12459372,10.99674973,5.904658722
Riverside_ 2018 Q1 Court,1331,Riverside, 2018 Q1 Court,3571,813,858,1055,110,264,247,114,606,512,Riverside,Mike Hestrin,0,1,1,1,0,,2287,37.51639703,46.13030171,11.54350678,4.809794491
Riverside_ 2018 Q2 Court,1332,Riverside, 2018 Q2 Court,3274,921,787,1117,129,243,246,99,620,435,Riverside,Mike Hestrin,0,1,1,1,0,,2276,34.57820738,49.07732865,10.67662566,5.667838313
Riverside_ 2018 Q3 Court,1333,Riverside, 2018 Q3 Court,3096,897,758,884,125,208,239,95,582,462,Riverside,Mike Hestrin,0,1,1,1,1,,1975,38.37974684,44.75949367,10.53164557,6.329113924
Riverside_ 2018 Q4 Court,1334,Riverside, 2018 Q4 Court,2929,850,685,921,110,232,183,75,545,453,Riverside,Mike Hestrin,0,1,1,1,1,,1948,35.16427105,47.27926078,11.90965092,5.646817248
Riverside_ 2019 Q1 Court,1335,Riverside, 2019 Q1 Court,3170,929,767,840,93,235,243,84,595,481,Riverside,Mike Hestrin,0,1,1,1,0,,1935,39.63824289,43.41085271,12.14470284,4.80620155
Riverside_ 2019 Q2 Court,1336,Riverside, 2019 Q2 Court,3014,1081,784,864,66,215,232,74,562,476,Riverside,Mike Hestrin,0,1,1,1,0,,1929,40.64282011,44.79004666,11.14567133,3.421461897
Riverside_ 2019 Q3 Court,1337,Riverside, 2019 Q3 Court,3126,983,784,969,77,227,240,96,608,509,Riverside,Mike Hestrin,0,1,1,1,0,,2057,38.1137579,47.10743802,11.03548858,3.743315508
Riverside_ 2019 Q4 Court,1338,Riverside, 2019 Q4 Court,2858,907,712,948,87,175,201,60,597,585,Riverside,Mike Hestrin,0,1,1,1,0,,1922,37.04474506,49.32362123,9.105098855,4.52653486
Riverside_ 2020 Q1 Court,1339,Riverside, 2020 Q1 Court,2828,769,274,923,82,162,204,78,527,448,Riverside,Mike Hestrin,0,1,1,1,0,,1441,19.01457321,64.05274115,11.24219292,5.690492713
Riverside_ 2020 Q2 Court,1340,Riverside, 2020 Q2 Court,2992,130,251,332,17,25,128,49,363,408,Riverside,Mike Hestrin,0,1,1,1,0,,625,40.16,53.12,4,2.72
Riverside_ 2020 Q3 Court,1341,Riverside, 2020 Q3 Court,2868,1392,784,778,46,92,362,121,775,536,Riverside,Mike Hestrin,0,1,1,1,0,,1700,46.11764706,45.76470588,5.411764706,2.705882353
Riverside_ 2020 Q4 Court,1342,Riverside, 2020 Q4 Court,2763,1202,638,781,46,81,295,107,737,556,Riverside,Mike Hestrin,0,1,1,1,0,,1546,41.26778784,50.51746442,5.239327296,2.97542044
Riverside_ 2021 Q1 Court,1343,Riverside, 2021 Q1 Court,3006,1769,650,689,57,99,243,75,581,439,Riverside,Mike Hestrin,0,1,1,1,0,,1495,43.47826087,46.08695652,6.622073579,3.81270903
Riverside_ 2021 Q2 Court,1344,Riverside, 2021 Q2 Court,3118,1897,851,863,79,214,227,84,571,388,Riverside,Mike Hestrin,0,1,1,1,0,,2007,42.40159442,42.99950174,10.66268062,3.936223219
Riverside_ 2021 Q3 Court,1345,Riverside, 2021 Q3 Court,3489,2106,846,1127,71,240,318,125,602,393,Riverside,Mike Hestrin,0,1,1,1,0,,2284,37.04028021,49.34325744,10.50788091,3.108581436
Riverside_ 2021 Q4 Court,1346,Riverside, 2021 Q4 Court,3524,2184,721,914,84,175,264,150,541,322,Riverside,Mike Hestrin,0,1,1,1,0,,1894,38.06758184,48.25765576,9.239704329,4.435058078
Riverside_ 2022 Q1 Court,1347,Riverside, 2022 Q1 Court,3738,2350,815,1006,85,167,353,115,558,347,Riverside,Mike Hestrin,0,1,1,1,0,,2073,39.31500241,48.52870236,8.055957549,4.100337675
Riverside_ 2022 Q2 Court,1348,Riverside, 2022 Q2 Court,3914,2581,849,1044,81,170,318,115,533,372,Riverside,Mike Hestrin,0,1,1,1,0,,2144,39.5988806,48.69402985,7.929104478,3.777985075
Riverside_ 2022 Q3 Court,1349,Riverside, 2022 Q3 Court,3478,2571,847,1165,149,166,301,120,556,397,Riverside,Mike Hestrin,0,1,1,1,1,,2327,36.39879673,50.06446068,7.133648474,6.403094113
Riverside_ 2022 Q4 Court,1350,Riverside, 2022 Q4 Court,2717,2200,826,1038,124,174,331,153,483,400,Riverside,Mike Hestrin,0,1,1,1,1,,2162,38.2053654,48.01110083,8.048103608,5.735430157
Riverside_ 2023 Q1 Court,1351,Riverside, 2023 Q1 Court,NA,1946,1027,1194,109,176,387,122,452,418,Riverside,Mike Hestrin,0,NA,NA,NA,0,,2506,40.98164405,47.64565044,7.023144453,4.349561053
Sacramento_ 2013 Q1 Court,1352,Sacramento, 2013 Q1 Court,2361,NA,NA,NA,82,34,NA,NA,48,NA,Sacramento,Jane Scully,0,0,NA,NA,0,,NA,NA,NA,NA,NA
Sacramento_ 2013 Q2 Court,1353,Sacramento, 2013 Q2 Court,2505,NA,NA,NA,NA,NA,NA,NA,NA,NA,Sacramento,Jane Scully,0,0,NA,NA,0,,NA,NA,NA,NA,NA
Sacramento_ 2013 Q3 Court,1354,Sacramento, 2013 Q3 Court,2841,NA,NA,NA,67,62,NA,NA,98,198,Sacramento,Jane Scully,0,0,NA,NA,0,,NA,NA,NA,NA,NA
Sacramento_ 2013 Q4 Court,1355,Sacramento, 2013 Q4 Court,2857,NA,NA,NA,61,83,NA,NA,92,257,Sacramento,Jane Scully,0,0,NA,NA,0,,NA,NA,NA,NA,NA
Sacramento_ 2014 Q1 Court,1356,Sacramento, 2014 Q1 Court,2832,NA,NA,NA,106,64,NA,NA,88,234,Sacramento,Jane Scully,0,0,NA,NA,0,,NA,NA,NA,NA,NA
Sacramento_ 2014 Q2 Court,1357,Sacramento, 2014 Q2 Court,3051,NA,NA,NA,77,54,NA,NA,81,208,Sacramento,Jane Scully,0,0,NA,1,0,,NA,NA,NA,NA,NA
Sacramento_ 2014 Q3 Court,1358,Sacramento, 2014 Q3 Court,3048,NA,NA,NA,68,68,NA,NA,90,215,Sacramento,Jane Scully,0,0,NA,1,1,,NA,NA,NA,NA,NA
Sacramento_ 2014 Q4 Court,1359,Sacramento, 2014 Q4 Court,2394,NA,NA,NA,64,52,NA,NA,73,148,Sacramento,Jane Scully,0,0,NA,1,1,,NA,NA,NA,NA,NA
Sacramento_ 2015 Q1 Court,1360,Sacramento, 2015 Q1 Court,3220,NA,NA,NA,47,66,NA,NA,69,139,Sacramento,Jane Scully,0,0,NA,1,0,,NA,NA,NA,NA,NA
Sacramento_ 2015 Q2 Court,1361,Sacramento, 2015 Q2 Court,3329,NA,NA,NA,32,86,NA,NA,65,157,Sacramento,Anne Marie Schubert,0,1,1,1,0,,NA,NA,NA,NA,NA
Sacramento_ 2015 Q3 Court,1362,Sacramento, 2015 Q3 Court,3540,NA,NA,NA,79,90,NA,NA,61,171,Sacramento,Anne Marie Schubert,0,1,1,1,0,,NA,NA,NA,NA,NA
Sacramento_ 2015 Q4 Court,1363,Sacramento, 2015 Q4 Court,3111,NA,NA,NA,68,110,NA,NA,47,129,Sacramento,Anne Marie Schubert,0,1,1,1,0,,NA,NA,NA,NA,NA
Sacramento_ 2016 Q1 Court,1364,Sacramento, 2016 Q1 Court,2888,NA,NA,NA,58,103,NA,NA,53,124,Sacramento,Anne Marie Schubert,0,1,1,1,0,,NA,NA,NA,NA,NA
Sacramento_ 2016 Q2 Court,1365,Sacramento, 2016 Q2 Court,3022,NA,NA,NA,127,72,NA,NA,51,133,Sacramento,Anne Marie Schubert,0,1,1,1,0,,NA,NA,NA,NA,NA
Sacramento_ 2016 Q3 Court,1366,Sacramento, 2016 Q3 Court,3024,NA,NA,NA,118,58,NA,NA,79,101,Sacramento,Anne Marie Schubert,0,1,1,1,0,,NA,NA,NA,NA,NA
Sacramento_ 2016 Q4 Court,1367,Sacramento, 2016 Q4 Court,2680,NA,NA,NA,94,51,NA,NA,68,91,Sacramento,Anne Marie Schubert,0,1,1,1,0,,NA,NA,NA,NA,NA
Sacramento_ 2017 Q1 Court,1368,Sacramento, 2017 Q1 Court,2781,NA,NA,NA,92,52,NA,NA,52,0,Sacramento,Anne Marie Schubert,0,1,1,1,0,,NA,NA,NA,NA,NA
Sacramento_ 2017 Q2 Court,1369,Sacramento, 2017 Q2 Court,2953,NA,NA,NA,107,87,NA,NA,49,113,Sacramento,Anne Marie Schubert,0,1,1,1,0,,NA,NA,NA,NA,NA
Sacramento_ 2017 Q3 Court,1370,Sacramento, 2017 Q3 Court,3244,NA,NA,NA,109,68,NA,NA,66,131,Sacramento,Anne Marie Schubert,0,1,1,1,0,,NA,NA,NA,NA,NA
Sacramento_ 2017 Q4 Court,1371,Sacramento, 2017 Q4 Court,3123,NA,NA,NA,135,125,NA,NA,72,149,Sacramento,Anne Marie Schubert,0,1,1,1,0,,NA,NA,NA,NA,NA
Sacramento_ 2018 Q1 Court,1372,Sacramento, 2018 Q1 Court,3347,NA,NA,NA,33,92,NA,NA,67,151,Sacramento,Anne Marie Schubert,0,1,1,1,0,,NA,NA,NA,NA,NA
Sacramento_ 2018 Q2 Court,1373,Sacramento, 2018 Q2 Court,3358,NA,NA,NA,26,70,NA,NA,76,159,Sacramento,Anne Marie Schubert,0,1,1,1,0,,NA,NA,NA,NA,NA
Sacramento_ 2018 Q3 Court,1374,Sacramento, 2018 Q3 Court,2618,NA,NA,NA,28,48,NA,NA,72,163,Sacramento,Anne Marie Schubert,0,1,1,1,1,,NA,NA,NA,NA,NA
Sacramento_ 2018 Q4 Court,1375,Sacramento, 2018 Q4 Court,2525,NA,NA,NA,38,61,NA,NA,64,166,Sacramento,Anne Marie Schubert,0,1,1,1,1,,NA,NA,NA,NA,NA
Sacramento_ 2019 Q1 Court,1376,Sacramento, 2019 Q1 Court,2290,NA,NA,NA,45,59,NA,NA,55,162,Sacramento,Anne Marie Schubert,0,0,NA,NA,0,,NA,NA,NA,NA,NA
Sacramento_ 2019 Q2 Court,1377,Sacramento, 2019 Q2 Court,2406,NA,NA,NA,34,47,NA,NA,50,190,Sacramento,Anne Marie Schubert,0,0,NA,NA,0,,NA,NA,NA,NA,NA
Sacramento_ 2019 Q3 Court,1378,Sacramento, 2019 Q3 Court,2681,NA,NA,NA,32,44,NA,NA,82,190,Sacramento,Anne Marie Schubert,0,0,NA,NA,0,,NA,NA,NA,NA,NA
Sacramento_ 2019 Q4 Court,1379,Sacramento, 2019 Q4 Court,2712,NA,NA,NA,35,52,NA,NA,91,184,Sacramento,Anne Marie Schubert,0,0,NA,NA,0,,NA,NA,NA,NA,NA
Sacramento_ 2020 Q1 Court,1380,Sacramento, 2020 Q1 Court,2640,NA,NA,NA,24,46,NA,NA,89,324,Sacramento,Anne Marie Schubert,0,0,NA,NA,0,,NA,NA,NA,NA,NA
Sacramento_ 2020 Q2 Court,1381,Sacramento, 2020 Q2 Court,3121,NA,NA,NA,14,13,NA,NA,6,180,Sacramento,Anne Marie Schubert,0,0,NA,NA,0,,NA,NA,NA,NA,NA
Sacramento_ 2020 Q3 Court,1382,Sacramento, 2020 Q3 Court,3286,NA,NA,NA,10,23,NA,NA,41,277,Sacramento,Anne Marie Schubert,0,0,NA,NA,0,,NA,NA,NA,NA,NA
Sacramento_ 2020 Q4 Court,1383,Sacramento, 2020 Q4 Court,2823,NA,NA,NA,24,27,NA,NA,63,111,Sacramento,Anne Marie Schubert,0,0,NA,NA,0,,NA,NA,NA,NA,NA
Sacramento_ 2021 Q1 Court,1384,Sacramento, 2021 Q1 Court,3361,NA,NA,NA,40,32,NA,NA,68,89,Sacramento,Anne Marie Schubert,0,0,NA,NA,0,,NA,NA,NA,NA,NA
Sacramento_ 2021 Q2 Court,1385,Sacramento, 2021 Q2 Court,2886,NA,NA,NA,29,45,NA,NA,87,81,Sacramento,Anne Marie Schubert,0,0,NA,NA,0,,NA,NA,NA,NA,NA
Sacramento_ 2021 Q3 Court,1386,Sacramento, 2021 Q3 Court,3110,NA,NA,NA,23,36,NA,NA,59,107,Sacramento,Anne Marie Schubert,0,0,NA,NA,0,,NA,NA,NA,NA,NA
Sacramento_ 2021 Q4 Court,1387,Sacramento, 2021 Q4 Court,2609,NA,NA,NA,26,26,NA,NA,60,100,Sacramento,Anne Marie Schubert,0,0,NA,NA,0,,NA,NA,NA,NA,NA
Sacramento_ 2022 Q1 Court,1388,Sacramento, 2022 Q1 Court,2889,NA,NA,NA,29,25,NA,NA,69,87,Sacramento,Anne Marie Schubert,0,0,NA,1,0,,NA,NA,NA,NA,NA
Sacramento_ 2022 Q2 Court,1389,Sacramento, 2022 Q2 Court,2979,NA,NA,NA,27,38,NA,NA,91,73,Sacramento,Anne Marie Schubert,0,0,NA,1,0,,NA,NA,NA,NA,NA
Sacramento_ 2022 Q3 Court,1390,Sacramento, 2022 Q3 Court,2870,NA,NA,NA,13,36,NA,NA,91,102,Sacramento,Anne Marie Schubert,0,0,NA,1,1,,NA,NA,NA,NA,NA
Sacramento_ 2022 Q4 Court,1391,Sacramento, 2022 Q4 Court,2681,0,0,0,17,24,0,0,78,115,Sacramento,Anne Marie Schubert,0,0,NA,1,1,,41,0,0,58.53658537,41.46341463
Sacramento_ 2023 Q1 Court,1392,Sacramento, 2023 Q1 Court,2086,NA,NA,NA,24,26,NA,NA,90,104,Sacramento,Thien Ho,0,NA,NA,NA,0,,NA,NA,NA,NA,NA
San Benito_ 2013 Q1 Court,1393,San Benito, 2013 Q1 Court,71,37,8,34,0,12,60,5,18,NA,San Benito,Candice Hooper Mancino,0,1,1,0,0,https://www.sanbenitocounty-ca-cre.gov/elections/election-results,54,14.81481481,62.96296296,22.22222222,0
San Benito_ 2013 Q2 Court,1394,San Benito, 2013 Q2 Court,105,35,5,28,0,6,45,8,9,NA,San Benito,Candice Hooper Mancino,0,1,1,0,0,,39,12.82051282,71.79487179,15.38461538,0
San Benito_ 2013 Q3 Court,1395,San Benito, 2013 Q3 Court,106,36,6,33,1,3,43,16,10,2,San Benito,Candice Hooper Mancino,0,1,1,0,0,,43,13.95348837,76.74418605,6.976744186,2.325581395
San Benito_ 2013 Q4 Court,1396,San Benito, 2013 Q4 Court,93,36,6,33,1,3,43,38,NA,NA,San Benito,Candice Hooper Mancino,0,1,1,0,0,,43,13.95348837,76.74418605,6.976744186,2.325581395
San Benito_ 2014 Q1 Court,1397,San Benito, 2014 Q1 Court,107,39,4,26,2,3,62,7,6,3,San Benito,Candice Hooper Mancino,0,1,1,0,0,,35,11.42857143,74.28571429,8.571428571,5.714285714
San Benito_ 2014 Q2 Court,1398,San Benito, 2014 Q2 Court,146,55,7,45,3,0,56,8,10,0,San Benito,Candice Hooper Mancino,0,1,1,0,0,,55,12.72727273,81.81818182,0,5.454545455
San Benito_ 2014 Q3 Court,1399,San Benito, 2014 Q3 Court,123,80,10,36,2,7,53,19,10,4,San Benito,Candice Hooper Mancino,0,1,1,0,1,,55,18.18181818,65.45454545,12.72727273,3.636363636
San Benito_ 2014 Q4 Court,1400,San Benito, 2014 Q4 Court,109,45,11,31,1,6,29,12,9,3,San Benito,Candice Hooper Mancino,0,1,1,0,1,,49,22.44897959,63.26530612,12.24489796,2.040816327
San Benito_ 2015 Q1 Court,1401,San Benito, 2015 Q1 Court,97,35,4,28,0,2,26,11,11,2,San Benito,Candice Hooper Mancino,0,1,1,0,0,,34,11.76470588,82.35294118,5.882352941,0
San Benito_ 2015 Q2 Court,1402,San Benito, 2015 Q2 Court,99,51,11,30,0,6,22,2,4,7,San Benito,Candice Hooper Mancino,0,1,1,0,0,,47,23.40425532,63.82978723,12.76595745,0
San Benito_ 2015 Q3 Court,1403,San Benito, 2015 Q3 Court,109,58,8,29,0,1,18,17,11,4,San Benito,Candice Hooper Mancino,0,1,1,0,0,,38,21.05263158,76.31578947,2.631578947,0
San Benito_ 2015 Q4 Court,1404,San Benito, 2015 Q4 Court,101,40,7,15,1,4,35,10,6,3,San Benito,Candice Hooper Mancino,0,1,1,0,0,,27,25.92592593,55.55555556,14.81481481,3.703703704
San Benito_ 2016 Q1 Court,1405,San Benito, 2016 Q1 Court,54,35,4,47,0,1,35,5,10,4,San Benito,Candice Hooper Mancino,0,1,1,0,0,,52,7.692307692,90.38461538,1.923076923,0
San Benito_ 2016 Q2 Court,1406,San Benito, 2016 Q2 Court,82,41,11,19,0,4,42,11,6,2,San Benito,Candice Hooper Mancino,0,1,1,0,0,,34,32.35294118,55.88235294,11.76470588,0
San Benito_ 2016 Q3 Court,1407,San Benito, 2016 Q3 Court,66,30,3,29,2,3,40,12,8,4,San Benito,Candice Hooper Mancino,0,1,1,0,0,,37,8.108108108,78.37837838,8.108108108,5.405405405
San Benito_ 2016 Q4 Court,1408,San Benito, 2016 Q4 Court,61,31,8,25,0,3,55,19,6,3,San Benito,Candice Hooper Mancino,0,1,1,0,0,,36,22.22222222,69.44444444,8.333333333,0
San Benito_ 2017 Q1 Court,1409,San Benito, 2017 Q1 Court,84,25,11,21,0,1,62,11,8,3,San Benito,Candice Hooper Mancino,0,1,1,0,0,,33,33.33333333,63.63636364,3.03030303,0
San Benito_ 2017 Q2 Court,1410,San Benito, 2017 Q2 Court,92,33,12,17,0,4,49,17,11,0,San Benito,Candice Hooper Mancino,0,1,1,0,0,,33,36.36363636,51.51515152,12.12121212,0
San Benito_ 2017 Q3 Court,1411,San Benito, 2017 Q3 Court,46,27,5,11,1,5,35,16,9,2,San Benito,Candice Hooper Mancino,0,1,1,0,0,,22,22.72727273,50,22.72727273,4.545454545
San Benito_ 2017 Q4 Court,1412,San Benito, 2017 Q4 Court,55,18,11,12,2,1,35,12,17,0,San Benito,Candice Hooper Mancino,0,1,1,0,0,,26,42.30769231,46.15384615,3.846153846,7.692307692
San Benito_ 2018 Q1 Court,1413,San Benito, 2018 Q1 Court,57,28,10,19,1,5,25,7,8,0,San Benito,Candice Hooper Mancino,0,1,1,0,0,,35,28.57142857,54.28571429,14.28571429,2.857142857
San Benito_ 2018 Q2 Court,1414,San Benito, 2018 Q2 Court,57,27,9,14,0,2,33,7,14,2,San Benito,Candice Hooper Mancino,0,1,1,0,0,,25,36,56,8,0
San Benito_ 2018 Q3 Court,1415,San Benito, 2018 Q3 Court,71,15,6,9,0,2,17,7,10,3,San Benito,Candice Hooper Mancino,0,1,1,0,1,,17,35.29411765,52.94117647,11.76470588,0
San Benito_ 2018 Q4 Court,1416,San Benito, 2018 Q4 Court,54,16,9,9,0,2,22,11,15,1,San Benito,Candice Hooper Mancino,0,1,1,0,1,,20,45,45,10,0
San Benito_ 2019 Q1 Court,1417,San Benito, 2019 Q1 Court,72,17,10,10,5,1,21,10,7,3,San Benito,Candice Hooper Mancino,0,1,0,1,0,,26,38.46153846,38.46153846,3.846153846,19.23076923
San Benito_ 2019 Q2 Court,1418,San Benito, 2019 Q2 Court,53,28,9,13,3,3,20,0,12,1,San Benito,Candice Hooper Mancino,0,1,0,1,0,,28,32.14285714,46.42857143,10.71428571,10.71428571
San Benito_ 2019 Q3 Court,1419,San Benito, 2019 Q3 Court,80,14,8,15,1,4,22,0,13,2,San Benito,Candice Hooper Mancino,0,1,0,1,0,,28,28.57142857,53.57142857,14.28571429,3.571428571
San Benito_ 2019 Q4 Court,1420,San Benito, 2019 Q4 Court,50,32,7,11,0,1,27,3,18,0,San Benito,Candice Hooper Mancino,0,1,0,1,0,,19,36.84210526,57.89473684,5.263157895,0
San Benito_ 2020 Q1 Court,1421,San Benito, 2020 Q1 Court,40,21,7,13,2,2,15,5,17,2,San Benito,Candice Hooper Mancino,0,1,0,1,0,,24,29.16666667,54.16666667,8.333333333,8.333333333
San Benito_ 2020 Q2 Court,1422,San Benito, 2020 Q2 Court,22,9,4,10,0,3,0,0,10,0,San Benito,Candice Hooper Mancino,0,1,0,1,0,,17,23.52941176,58.82352941,17.64705882,0
San Benito_ 2020 Q3 Court,1423,San Benito, 2020 Q3 Court,53,27,10,15,0,1,17,2,18,0,San Benito,Candice Hooper Mancino,0,1,0,1,0,,26,38.46153846,57.69230769,3.846153846,0
San Benito_ 2020 Q4 Court,1424,San Benito, 2020 Q4 Court,59,23,2,33,0,1,17,10,18,1,San Benito,Candice Hooper Mancino,0,1,0,1,0,,36,5.555555556,91.66666667,2.777777778,0
San Benito_ 2021 Q1 Court,1425,San Benito, 2021 Q1 Court,67,18,10,25,2,1,10,9,24,4,San Benito,Candice Hooper Mancino,0,1,0,1,0,,38,26.31578947,65.78947368,2.631578947,5.263157895
San Benito_ 2021 Q2 Court,1426,San Benito, 2021 Q2 Court,57,17,2,35,0,1,22,4,16,2,San Benito,Candice Hooper Mancino,0,1,0,1,0,,38,5.263157895,92.10526316,2.631578947,0
San Benito_ 2021 Q3 Court,1427,San Benito, 2021 Q3 Court,85,28,2,32,0,3,24,4,21,0,San Benito,Candice Hooper Mancino,0,1,0,1,0,,37,5.405405405,86.48648649,8.108108108,0
San Benito_ 2021 Q4 Court,1428,San Benito, 2021 Q4 Court,41,34,2,27,1,0,14,1,16,0,San Benito,Candice Hooper Mancino,0,1,0,1,0,,30,6.666666667,90,0,3.333333333
San Benito_ 2022 Q1 Court,1429,San Benito, 2022 Q1 Court,53,27,3,32,1,NA,18,4,18,NA,San Benito,Candice Hooper Mancino,0,1,0,1,0,,NA,NA,NA,NA,NA
San Benito_ 2022 Q2 Court,1430,San Benito, 2022 Q2 Court,73,34,8,20,NA,NA,16,NA,15,2,San Benito,Candice Hooper Mancino,0,1,0,1,0,,NA,NA,NA,NA,NA
San Benito_ 2022 Q3 Court,1431,San Benito, 2022 Q3 Court,62,31,8,12,NA,NA,16,2,14,1,San Benito,Candice Hooper Mancino,0,1,0,1,1,,NA,NA,NA,NA,NA
San Benito_ 2022 Q4 Court,1432,San Benito, 2022 Q4 Court,53,26,2,8,NA,NA,11,1,12,1,San Benito,Candice Hooper Mancino,0,1,0,1,1,,NA,NA,NA,NA,NA
San Benito_ 2023 Q1 Court,1433,San Benito, 2023 Q1 Court,58,39,9,22,NA,1,4,2,13,1,San Benito,Joel Buckingham,0,NA,NA,NA,0,,NA,NA,NA,NA,NA
San Bernardino_ 2013 Q1 Court,1434,San Bernardino, 2013 Q1 Court,4922,584,1232,1595,1163,304,5354,282,550,NA,San Bernadino,Michael Ramos,0,1,1,1,0,https://sbcountyelections.com/elections/pastelections/,4294,28.69119702,37.14485328,7.079646018,27.08430368
San Bernardino_ 2013 Q2 Court,1435,San Bernardino, 2013 Q2 Court,5232,761,1252,1539,1287,302,5728,457,528,NA,San Bernadino,Michael Ramos,0,1,1,1,0,,4380,28.58447489,35.1369863,6.894977169,29.38356164
San Bernardino_ 2013 Q3 Court,1436,San Bernardino, 2013 Q3 Court,5531,1342,1260,1633,1241,263,NA,436,428,510,San Bernadino,Michael Ramos,0,1,1,1,0,,4397,28.65590175,37.13895838,5.981350921,28.22378895
San Bernardino_ 2013 Q4 Court,1437,San Bernardino, 2013 Q4 Court,4870,1729,1146,1635,1079,409,5280,371,362,568,San Bernadino,Michael Ramos,0,1,1,1,0,,4269,26.84469431,38.29936753,9.580698056,25.2752401
San Bernardino_ 2014 Q1 Court,1438,San Bernardino, 2014 Q1 Court,5089,1833,1218,1626,1129,417,5680,459,388,499,San Bernadino,Michael Ramos,0,1,1,1,0,,4390,27.74487472,37.03872437,9.498861048,25.71753986
San Bernardino_ 2014 Q2 Court,1439,San Bernardino, 2014 Q2 Court,5332,1845,1306,1890,1250,508,6442,690,420,557,San Bernadino,Michael Ramos,0,1,1,1,0,,4954,26.36253532,38.1509891,10.25433993,25.23213565
San Bernardino_ 2014 Q3 Court,1440,San Bernardino, 2014 Q3 Court,5350,1213,1357,1726,1125,420,5863,729,462,488,San Bernadino,Michael Ramos,0,1,1,1,1,,4628,29.32152118,37.29472774,9.075194468,24.30855661
San Bernardino_ 2014 Q4 Court,1441,San Bernardino, 2014 Q4 Court,3980,1604,999,1175,674,318,4333,548,402,499,San Bernadino,Michael Ramos,0,1,1,1,1,,3166,31.55401137,37.11307644,10.04421984,21.28869236
San Bernardino_ 2015 Q1 Court,1442,San Bernardino, 2015 Q1 Court,3760,1327,1017,1106,509,256,3794,413,498,527,San Bernadino,Michael Ramos,0,1,0,1,0,,2888,35.21468144,38.29639889,8.864265928,17.62465374
San Bernardino_ 2015 Q2 Court,1443,San Bernardino, 2015 Q2 Court,3959,1556,1039,1161,523,290,4044,436,479,535,San Bernadino,Michael Ramos,0,1,0,1,0,,3013,34.48390309,38.53302356,9.624958513,17.35811484
San Bernardino_ 2015 Q3 Court,1444,San Bernardino, 2015 Q3 Court,3766,1633,1005,1247,579,324,4292,572,570,564,San Bernadino,Michael Ramos,0,1,0,1,0,,3155,31.85419968,39.52456418,10.26941363,18.3518225
San Bernardino_ 2015 Q4 Court,1445,San Bernardino, 2015 Q4 Court,3372,1317,997,1200,554,273,4261,648,489,551,San Bernadino,Michael Ramos,0,1,0,1,0,,3024,32.96957672,39.68253968,9.027777778,18.32010582
San Bernardino_ 2016 Q1 Court,1446,San Bernardino, 2016 Q1 Court,3292,956,536,497,248,109,1954,370,452,406,San Bernadino,Michael Ramos,0,1,0,1,0,,1390,38.56115108,35.75539568,7.841726619,17.84172662
San Bernardino_ 2016 Q2 Court,1447,San Bernardino, 2016 Q2 Court,3802,NA,NA,NA,NA,NA,NA,245,505,711,San Bernadino,Michael Ramos,0,1,0,1,0,,NA,NA,NA,NA,NA
San Bernardino_ 2016 Q3 Court,1448,San Bernardino, 2016 Q3 Court,3916,NA,NA,NA,NA,NA,NA,192,561,696,San Bernadino,Michael Ramos,0,1,0,1,0,,NA,NA,NA,NA,NA
San Bernardino_ 2016 Q4 Court,1449,San Bernardino, 2016 Q4 Court,3611,NA,NA,NA,NA,NA,NA,220,517,617,San Bernadino,Michael Ramos,0,1,0,1,0,,NA,NA,NA,NA,NA
San Bernardino_ 2017 Q1 Court,1450,San Bernardino, 2017 Q1 Court,3588,NA,NA,NA,NA,NA,NA,145,559,618,San Bernadino,Michael Ramos,0,1,0,1,0,,NA,NA,NA,NA,NA
San Bernardino_ 2017 Q2 Court,1451,San Bernardino, 2017 Q2 Court,3551,NA,NA,NA,NA,NA,NA,224,664,609,San Bernadino,Michael Ramos,0,1,0,1,0,,NA,NA,NA,NA,NA
San Bernardino_ 2017 Q3 Court,1452,San Bernardino, 2017 Q3 Court,4137,NA,NA,NA,NA,NA,NA,119,583,708,San Bernadino,Michael Ramos,0,1,0,1,0,,NA,NA,NA,NA,NA
San Bernardino_ 2017 Q4 Court,1453,San Bernardino, 2017 Q4 Court,3291,NA,NA,NA,NA,NA,NA,113,592,745,San Bernadino,Michael Ramos,0,1,0,1,0,,NA,NA,NA,NA,NA
San Bernardino_ 2018 Q1 Court,1454,San Bernardino, 2018 Q1 Court,3488,NA,NA,NA,NA,NA,NA,128,629,717,San Bernadino,Michael Ramos,0,1,0,1,0,,NA,NA,NA,NA,NA
San Bernardino_ 2018 Q2 Court,1455,San Bernardino, 2018 Q2 Court,3425,NA,NA,NA,NA,NA,NA,127,745,625,San Bernadino,Michael Ramos,0,1,0,1,0,,NA,NA,NA,NA,NA
San Bernardino_ 2018 Q3 Court,1456,San Bernardino, 2018 Q3 Court,3658,NA,NA,NA,NA,NA,NA,115,744,688,San Bernadino,Michael Ramos,0,1,0,1,1,,NA,NA,NA,NA,NA
San Bernardino_ 2018 Q4 Court,1457,San Bernardino, 2018 Q4 Court,3392,NA,NA,NA,NA,NA,NA,150,718,622,San Bernadino,Michael Ramos,0,1,0,1,1,,NA,NA,NA,NA,NA
San Bernardino_ 2019 Q1 Court,1458,San Bernardino, 2019 Q1 Court,3343,NA,NA,NA,NA,NA,NA,108,770,861,San Bernadino,Jason Anderson,0,1,1,0,0,,NA,NA,NA,NA,NA
San Bernardino_ 2019 Q2 Court,1459,San Bernardino, 2019 Q2 Court,3030,NA,NA,1383,NA,NA,1154,79,707,1068,San Bernadino,Jason Anderson,0,1,1,0,0,,NA,NA,NA,NA,NA
San Bernardino_ 2019 Q3 Court,1460,San Bernardino, 2019 Q3 Court,3388,NA,NA,1321,NA,NA,1331,98,877,986,San Bernadino,Jason Anderson,0,1,1,0,0,,NA,NA,NA,NA,NA
San Bernardino_ 2019 Q4 Court,1461,San Bernardino, 2019 Q4 Court,3045,NA,NA,1189,NA,NA,1093,94,805,949,San Bernadino,Jason Anderson,0,1,1,0,0,,NA,NA,NA,NA,NA
San Bernardino_ 2020 Q1 Court,1462,San Bernardino, 2020 Q1 Court,3335,NA,NA,1189,NA,NA,741,76,656,821,San Bernadino,Jason Anderson,0,1,1,0,0,,NA,NA,NA,NA,NA
San Bernardino_ 2020 Q2 Court,1463,San Bernardino, 2020 Q2 Court,3439,NA,NA,655,NA,NA,549,52,388,213,San Bernadino,Jason Anderson,0,1,1,0,0,,NA,NA,NA,NA,NA
San Bernardino_ 2020 Q3 Court,1464,San Bernardino, 2020 Q3 Court,3666,NA,NA,1103,NA,NA,953,53,875,438,San Bernadino,Jason Anderson,0,1,1,0,0,,NA,NA,NA,NA,NA
San Bernardino_ 2020 Q4 Court,1465,San Bernardino, 2020 Q4 Court,3381,NA,NA,1221,NA,NA,994,51,736,681,San Bernadino,Jason Anderson,0,1,1,0,0,,NA,NA,NA,NA,NA
San Bernardino_ 2021 Q1 Court,1466,San Bernardino, 2021 Q1 Court,3809,NA,NA,1323,NA,NA,994,62,712,572,San Bernadino,Jason Anderson,0,1,1,0,0,,NA,NA,NA,NA,NA
San Bernardino_ 2021 Q2 Court,1467,San Bernardino, 2021 Q2 Court,3583,NA,NA,1195,NA,NA,1185,63,673,576,San Bernadino,Jason Anderson,0,1,1,0,0,,NA,NA,NA,NA,NA
San Bernardino_ 2021 Q3 Court,1468,San Bernardino, 2021 Q3 Court,3604,NA,NA,1062,NA,NA,1107,68,668,539,San Bernadino,Jason Anderson,0,1,1,0,0,,NA,NA,NA,NA,NA
San Bernardino_ 2021 Q4 Court,1469,San Bernardino, 2021 Q4 Court,2714,NA,NA,1062,NA,NA,951,61,625,467,San Bernadino,Jason Anderson,0,1,1,0,0,,NA,NA,NA,NA,NA
San Bernardino_ 2022 Q1 Court,1470,San Bernardino, 2022 Q1 Court,3041,NA,NA,1118,NA,NA,1002,44,594,536,San Bernadino,Jason Anderson,0,1,1,0,0,,NA,NA,NA,NA,NA
San Bernardino_ 2022 Q2 Court,1471,San Bernardino, 2022 Q2 Court,3328,NA,NA,1122,NA,NA,1075,77,613,417,San Bernadino,Jason Anderson,0,1,1,0,0,,NA,NA,NA,NA,NA
San Bernardino_ 2022 Q3 Court,1472,San Bernardino, 2022 Q3 Court,3631,NA,NA,1101,NA,NA,1008,59,691,483,San Bernadino,Jason Anderson,0,1,1,0,1,,NA,NA,NA,NA,NA
San Bernardino_ 2022 Q4 Court,1473,San Bernardino, 2022 Q4 Court,3333,NA,NA,927,NA,NA,965,52,659,493,San Bernadino,Jason Anderson,0,1,1,0,1,,NA,NA,NA,NA,NA
San Bernardino_ 2023 Q1 Court,1474,San Bernardino, 2023 Q1 Court,NA,NA,NA,1026,NA,NA,904,44,589,423,San Bernadino,Jason Anderson,0,NA,NA,NA,0,,NA,NA,NA,NA,NA
San Diego_ 2013 Q1 Court,1475,San Diego, 2013 Q1 Court,4430,563,634,2399,213,127,NA,48,206,NA,San Diego,Bonnie Dumanis,0,1,1,1,0,https://www.sdvote.com/content/rov/en/elections/reportquery.html,3373,18.79632375,71.12362882,3.765194189,6.314853246
San Diego_ 2013 Q2 Court,1476,San Diego, 2013 Q2 Court,4784,NA,659,1467,237,114,NA,102,209,NA,San Diego,Bonnie Dumanis,0,1,1,1,0,,2477,26.60476383,59.22486879,4.602341542,9.568025838
San Diego_ 2013 Q3 Court,1477,San Diego, 2013 Q3 Court,4812,NA,723,1689,268,125,NA,84,227,203,San Diego,Bonnie Dumanis,0,1,1,1,0,,2805,25.77540107,60.21390374,4.456327986,9.554367201
San Diego_ 2013 Q4 Court,1478,San Diego, 2013 Q4 Court,4545,NA,678,1558,258,134,NA,107,355,329,San Diego,Bonnie Dumanis,0,1,1,1,0,,2628,25.79908676,59.28462709,5.098934551,9.817351598
San Diego_ 2014 Q1 Court,1479,San Diego, 2014 Q1 Court,4538,NA,657,1630,251,124,NA,108,340,298,San Diego,Bonnie Dumanis,0,1,1,1,0,,2662,24.68069121,61.23215627,4.658151766,9.429000751
San Diego_ 2014 Q2 Court,1480,San Diego, 2014 Q2 Court,4801,NA,708,1584,241,141,NA,122,316,269,San Diego,Bonnie Dumanis,0,1,1,1,0,,2674,26.47718773,59.23709798,5.272999252,9.012715034
San Diego_ 2014 Q3 Court,1481,San Diego, 2014 Q3 Court,4814,NA,636,1739,408,171,NA,124,324,281,San Diego,Bonnie Dumanis,0,1,1,1,1,,2954,21.53012864,58.86932972,5.788761002,13.81178064
San Diego_ 2014 Q4 Court,1482,San Diego, 2014 Q4 Court,3356,NA,616,1857,257,107,NA,152,397,222,San Diego,Bonnie Dumanis,0,1,1,1,1,,2837,21.71307719,65.4564681,3.771589707,9.058864998
San Diego_ 2015 Q1 Court,1483,San Diego, 2015 Q1 Court,2892,NA,NA,NA,NA,NA,NA,104,357,239,San Diego,Bonnie Dumanis,0,NA,NA,NA,0,,NA,NA,NA,NA,NA
San Diego_ 2015 Q2 Court,1484,San Diego, 2015 Q2 Court,3063,NA,NA,NA,NA,NA,NA,NA,402,249,San Diego,Bonnie Dumanis,0,NA,NA,NA,0,,NA,NA,NA,NA,NA
San Diego_ 2015 Q3 Court,1485,San Diego, 2015 Q3 Court,3115,NA,NA,NA,NA,NA,NA,NA,437,251,San Diego,Bonnie Dumanis,0,NA,NA,NA,0,,NA,NA,NA,NA,NA
San Diego_ 2015 Q4 Court,1486,San Diego, 2015 Q4 Court,2850,NA,NA,NA,NA,NA,NA,NA,379,264,San Diego,Bonnie Dumanis,0,NA,NA,NA,0,,NA,NA,NA,NA,NA
San Diego_ 2016 Q1 Court,1487,San Diego, 2016 Q1 Court,3157,NA,589,1149,140,174,NA,129,393,213,San Diego,Bonnie Dumanis,0,NA,NA,NA,0,,2052,28.7037037,55.99415205,8.479532164,6.822612086
San Diego_ 2016 Q2 Court,1488,San Diego, 2016 Q2 Court,3380,NA,599,1201,153,187,NA,132,427,195,San Diego,Bonnie Dumanis,0,NA,NA,NA,0,,2140,27.99065421,56.12149533,8.738317757,7.14953271
San Diego_ 2016 Q3 Court,1489,San Diego, 2016 Q3 Court,3334,NA,617,1223,154,134,NA,116,412,172,San Diego,Bonnie Dumanis,0,NA,NA,NA,0,,2128,28.9943609,57.47180451,6.296992481,7.236842105
San Diego_ 2016 Q4 Court,1490,San Diego, 2016 Q4 Court,2963,NA,532,1064,113,152,NA,122,434,172,San Diego,Bonnie Dumanis,0,NA,NA,NA,0,,1861,28.5867813,57.1735626,8.1676518,6.072004299
San Diego_ 2017 Q1 Court,1491,San Diego, 2017 Q1 Court,3149,NA,662,1431,118,144,NA,153,572,182,San Diego,Summer Stephan,0,1,1,1,0,Appointed to Replace,2355,28.1104034,60.76433121,6.114649682,5.010615711
San Diego_ 2017 Q2 Court,1492,San Diego, 2017 Q2 Court,3138,NA,628,1465,153,135,NA,161,495,198,San Diego,Summer Stephan,0,1,1,1,0,,2381,26.37547249,61.52876942,5.669886602,6.425871483
San Diego_ 2017 Q3 Court,1493,San Diego, 2017 Q3 Court,3190,NA,605,1172,178,143,NA,149,484,221,San Diego,Summer Stephan,0,1,1,1,0,,2098,28.83698761,55.86272641,6.816015253,8.484270734
San Diego_ 2017 Q4 Court,1494,San Diego, 2017 Q4 Court,2784,NA,544,1132,140,121,NA,125,443,242,San Diego,Summer Stephan,0,1,1,1,0,,1937,28.08466701,58.44088797,6.246773361,7.227671657
San Diego_ 2018 Q1 Court,1495,San Diego, 2018 Q1 Court,3028,NA,597,1288,190,113,NA,147,525,216,San Diego,Summer Stephan,0,1,1,1,0,,2188,27.28519196,58.86654479,5.164533821,8.683729433
San Diego_ 2018 Q2 Court,1496,San Diego, 2018 Q2 Court,3198,NA,575,1342,267,96,NA,160,464,212,San Diego,Summer Stephan,0,1,1,1,0,,2280,25.21929825,58.85964912,4.210526316,11.71052632
San Diego_ 2018 Q3 Court,1497,San Diego, 2018 Q3 Court,3402,NA,583,1230,207,124,NA,146,482,182,San Diego,Summer Stephan,0,1,1,1,1,,2144,27.19216418,57.36940299,5.78358209,9.654850746
San Diego_ 2018 Q4 Court,1498,San Diego, 2018 Q4 Court,3118,NA,553,1264,194,104,NA,135,430,195,San Diego,Summer Stephan,0,1,1,1,1,,2115,26.1465721,59.76359338,4.917257683,9.172576832
San Diego_ 2019 Q1 Court,1499,San Diego, 2019 Q1 Court,3398,NA,637,1237,193,95,NA,140,445,206,San Diego,Summer Stephan,0,1,1,0,0,,2162,29.46345976,57.21554117,4.394079556,8.926919519
San Diego_ 2019 Q2 Court,1500,San Diego, 2019 Q2 Court,3430,NA,NA,NA,NA,NA,NA,NA,NA,NA,San Diego,Summer Stephan,0,1,1,0,0,,NA,NA,NA,NA,NA
San Diego_ 2019 Q3 Court,1501,San Diego, 2019 Q3 Court,3387,NA,NA,NA,NA,NA,NA,NA,NA,NA,San Diego,Summer Stephan,0,1,1,0,0,,NA,NA,NA,NA,NA
San Diego_ 2019 Q4 Court,1502,San Diego, 2019 Q4 Court,2988,NA,NA,NA,NA,NA,NA,NA,NA,NA,San Diego,Summer Stephan,0,1,1,0,0,,NA,NA,NA,NA,NA
San Diego_ 2020 Q1 Court,1503,San Diego, 2020 Q1 Court,2724,NA,NA,NA,NA,NA,NA,NA,391,172,San Diego,Summer Stephan,0,1,1,0,0,,NA,NA,NA,NA,NA
San Diego_ 2020 Q2 Court,1504,San Diego, 2020 Q2 Court,1826,NA,NA,NA,NA,NA,NA,NA,15,21,San Diego,Summer Stephan,0,1,1,0,0,,NA,NA,NA,NA,NA
San Diego_ 2020 Q3 Court,1505,San Diego, 2020 Q3 Court,3112,NA,NA,NA,NA,NA,NA,NA,184,150,San Diego,Summer Stephan,0,1,1,0,0,,NA,NA,NA,NA,NA
San Diego_ 2020 Q4 Court,1506,San Diego, 2020 Q4 Court,3070,NA,NA,NA,NA,NA,NA,NA,113,97,San Diego,Summer Stephan,0,1,1,0,0,,NA,NA,NA,NA,NA
San Diego_ 2021 Q1 Court,1507,San Diego, 2021 Q1 Court,3530,NA,301,1063,50,46,NA,68,105,85,San Diego,Summer Stephan,0,1,1,0,0,,1460,20.61643836,72.80821918,3.150684932,3.424657534
San Diego_ 2021 Q2 Court,1508,San Diego, 2021 Q2 Court,3347,NA,404,1313,54,51,NA,85,152,94,San Diego,Summer Stephan,0,1,1,0,0,,1822,22.17343578,72.0636663,2.799121844,2.96377607
San Diego_ 2021 Q3 Court,1509,San Diego, 2021 Q3 Court,3329,NA,519,1351,64,44,NA,56,161,100,San Diego,Summer Stephan,0,1,1,0,0,,1978,26.23862487,68.30131446,2.224469161,3.235591507
San Diego_ 2021 Q4 Court,1510,San Diego, 2021 Q4 Court,3266,NA,521,1318,58,48,NA,43,188,79,San Diego,Summer Stephan,0,1,1,0,0,,1945,26.78663239,67.76349614,2.467866324,2.982005141
San Diego_ 2022 Q1 Court,1511,San Diego, 2022 Q1 Court,3469,NA,634,1437,86,59,NA,62,187,90,San Diego,Summer Stephan,0,1,1,0,0,,2216,28.6101083,64.8465704,2.662454874,3.880866426
San Diego_ 2022 Q2 Court,1512,San Diego, 2022 Q2 Court,3246,NA,734,1584,103,71,NA,48,200,81,San Diego,Summer Stephan,0,1,1,0,0,,2492,29.45425361,63.56340289,2.849117175,4.133226324
San Diego_ 2022 Q3 Court,1513,San Diego, 2022 Q3 Court,3147,NA,601,1398,83,56,NA,57,292,108,San Diego,Summer Stephan,0,1,1,0,1,,2138,28.11038354,65.38821328,2.619270346,3.882132834
San Diego_ 2022 Q4 Court,1514,San Diego, 2022 Q4 Court,2848,NA,546,1248,61,49,NA,47,378,103,San Diego,Summer Stephan,0,1,1,0,1,,1904,28.67647059,65.54621849,2.573529412,3.203781513
San Diego_ 2023 Q1 Court,1515,San Diego, 2023 Q1 Court,3003,NA,641,1239,61,46,NA,64,411,115,San Diego,Summer Stephan,0,NA,NA,NA,0,,1987,32.25968797,62.35530951,2.315047811,3.069954706
San Francisco_ 2013 Q1 Court,1516,San Francisco, 2013 Q1 Court,1172,NA,NA,NA,NA,NA,516,NA,65,NA,San Francisco,George Gascon,1,1,1,0,0,,NA,NA,NA,NA,NA
San Francisco_ 2013 Q2 Court,1517,San Francisco, 2013 Q2 Court,1059,NA,NA,NA,NA,NA,652,39,71,NA,San Francisco,George Gascon,1,1,1,0,0,,NA,NA,NA,NA,NA
San Francisco_ 2013 Q3 Court,1518,San Francisco, 2013 Q3 Court,1086,NA,73,252,NA,NA,619,38,69,59,San Francisco,George Gascon,1,1,1,0,0,,NA,NA,NA,NA,NA
San Francisco_ 2013 Q4 Court,1519,San Francisco, 2013 Q4 Court,965,NA,75,273,9,21,597,32,81,129,San Francisco,George Gascon,1,1,1,0,0,,378,19.84126984,72.22222222,5.555555556,2.380952381
San Francisco_ 2014 Q1 Court,1520,San Francisco, 2014 Q1 Court,1036,NA,53,212,6,24,508,43,81,143,San Francisco,George Gascon,1,1,1,0,0,,295,17.96610169,71.86440678,8.13559322,2.033898305
San Francisco_ 2014 Q2 Court,1521,San Francisco, 2014 Q2 Court,1079,NA,62,240,1,16,469,45,62,106,San Francisco,George Gascon,1,1,1,0,0,,319,19.43573668,75.23510972,5.015673981,0.313479624
San Francisco_ 2014 Q3 Court,1522,San Francisco, 2014 Q3 Court,1108,NA,48,263,2,19,460,46,55,121,San Francisco,George Gascon,1,1,1,0,0,,332,14.45783133,79.21686747,5.722891566,0.602409639
San Francisco_ 2014 Q4 Court,1523,San Francisco, 2014 Q4 Court,872,NA,41,248,4,19,386,40,44,35,San Francisco,George Gascon,1,1,1,0,0,,312,13.14102564,79.48717949,6.08974359,1.282051282
San Francisco_ 2015 Q1 Court,1524,San Francisco, 2015 Q1 Court,908,0,74,184,1,13,385,30,45,41,San Francisco,George Gascon,1,1,1,0,0,,272,27.20588235,67.64705882,4.779411765,0.367647059
San Francisco_ 2015 Q2 Court,1525,San Francisco, 2015 Q2 Court,858,NA,50,189,2,23,373,33,46,25,San Francisco,George Gascon,1,1,1,0,0,,264,18.93939394,71.59090909,8.712121212,0.757575758
San Francisco_ 2015 Q3 Court,1526,San Francisco, 2015 Q3 Court,931,NA,43,238,6,13,345,32,61,20,San Francisco,George Gascon,1,1,1,0,1,,300,14.33333333,79.33333333,4.333333333,2
San Francisco_ 2015 Q4 Court,1527,San Francisco, 2015 Q4 Court,896,0,44,204,3,15,423,33,36,12,San Francisco,George Gascon,1,1,1,0,1,,266,16.54135338,76.69172932,5.639097744,1.127819549
San Francisco_ 2016 Q1 Court,1528,San Francisco, 2016 Q1 Court,971,0,54,227,8,17,442,36,31,11,San Francisco,George Gascon,1,0,NA,NA,0,,306,17.64705882,74.18300654,5.555555556,2.614379085
San Francisco_ 2016 Q2 Court,1529,San Francisco, 2016 Q2 Court,1004,0,57,218,2,15,445,22,40,18,San Francisco,George Gascon,1,0,NA,NA,0,,292,19.52054795,74.65753425,5.136986301,0.684931507
San Francisco_ 2016 Q3 Court,1530,San Francisco, 2016 Q3 Court,1064,0,58,237,3,16,486,23,42,14,San Francisco,George Gascon,1,0,NA,NA,0,,314,18.47133758,75.47770701,5.095541401,0.955414013
San Francisco_ 2016 Q4 Court,1531,San Francisco, 2016 Q4 Court,1001,0,63,201,4,16,385,26,37,28,San Francisco,George Gascon,1,0,NA,NA,0,,284,22.18309859,70.77464789,5.633802817,1.408450704
San Francisco_ 2017 Q1 Court,1532,San Francisco, 2017 Q1 Court,933,267,56,252,8,18,382,26,37,22,San Francisco,George Gascon,1,0,NA,NA,0,,334,16.76646707,75.4491018,5.389221557,2.395209581
San Francisco_ 2017 Q2 Court,1533,San Francisco, 2017 Q2 Court,1028,292,85,170,3,14,412,34,31,33,San Francisco,George Gascon,1,0,NA,NA,0,,272,31.25,62.5,5.147058824,1.102941176
San Francisco_ 2017 Q3 Court,1534,San Francisco, 2017 Q3 Court,1017,335,51,168,3,21,360,22,33,25,San Francisco,George Gascon,1,0,NA,NA,0,,243,20.98765432,69.13580247,8.641975309,1.234567901
San Francisco_ 2017 Q4 Court,1535,San Francisco, 2017 Q4 Court,1023,333,62,182,3,15,379,23,53,30,San Francisco,George Gascon,1,0,NA,NA,0,,262,23.66412214,69.46564885,5.72519084,1.145038168
San Francisco_ 2018 Q1 Court,1536,San Francisco, 2018 Q1 Court,1147,453,295,155,4,11,429,29,73,44,San Francisco,George Gascon,1,0,NA,NA,0,,465,63.44086022,33.33333333,2.365591398,0.860215054
San Francisco_ 2018 Q2 Court,1537,San Francisco, 2018 Q2 Court,1278,613,75,168,11,18,381,30,59,31,San Francisco,George Gascon,1,0,NA,NA,0,,272,27.57352941,61.76470588,6.617647059,4.044117647
San Francisco_ 2018 Q3 Court,1538,San Francisco, 2018 Q3 Court,1250,627,64,211,9,20,386,31,59,38,San Francisco,George Gascon,1,0,NA,NA,0,,304,21.05263158,69.40789474,6.578947368,2.960526316
San Francisco_ 2018 Q4 Court,1539,San Francisco, 2018 Q4 Court,1243,569,69,233,12,24,385,43,42,54,San Francisco,George Gascon,1,0,NA,NA,0,,338,20.41420118,68.93491124,7.100591716,3.550295858
San Francisco_ 2019 Q1 Court,1540,San Francisco, 2019 Q1 Court,1265,554,83,279,17,16,458,45,60,42,San Francisco,George Gascon,1,0,NA,1,0,,395,21.01265823,70.63291139,4.050632911,4.303797468
San Francisco_ 2019 Q2 Court,1541,San Francisco, 2019 Q2 Court,1141,596,86,216,5,16,410,42,61,44,San Francisco,George Gascon,1,0,NA,1,0,,323,26.625387,66.87306502,4.953560372,1.547987616
San Francisco_ 2019 Q3 Court,1542,San Francisco, 2019 Q3 Court,1155,592,68,191,12,12,440,50,57,43,San Francisco,George Gascon,1,0,NA,1,1,,283,24.02826855,67.49116608,4.240282686,4.240282686
San Francisco_ 2019 Q4 Court,1543,San Francisco, 2019 Q4 Court,1091,577,71,170,5,15,443,38,62,53,San Francisco,George Gascon,1,0,NA,1,1,,261,27.20306513,65.13409962,5.747126437,1.915708812
San Francisco_ 2020 Q1 Court,1544,San Francisco, 2020 Q1 Court,820,458,68,152,5,13,377,36,47,65,San Francisco,Chesa Boudin,1,NA,NA,NA,0,,238,28.57142857,63.86554622,5.462184874,2.100840336
San Francisco_ 2020 Q2 Court,1545,San Francisco, 2020 Q2 Court,733,375,60,108,5,4,249,46,48,43,San Francisco,Chesa Boudin,1,NA,NA,NA,0,,177,33.89830508,61.01694915,2.259887006,2.824858757
San Francisco_ 2020 Q3 Court,1546,San Francisco, 2020 Q3 Court,897,597,62,102,5,8,774,38,45,47,San Francisco,Chesa Boudin,1,NA,NA,NA,0,,177,35.02824859,57.62711864,4.519774011,2.824858757
San Francisco_ 2020 Q4 Court,1547,San Francisco, 2020 Q4 Court,687,468,40,93,2,2,189,20,42,48,San Francisco,Chesa Boudin,1,NA,NA,NA,0,,137,29.19708029,67.88321168,1.459854015,1.459854015
San Francisco_ 2021 Q1 Court,1548,San Francisco, 2021 Q1 Court,850,497,22,73,4,1,267,28,65,43,San Francisco,Chesa Boudin,1,NA,NA,NA,0,,100,22,73,1,4
San Francisco_ 2021 Q2 Court,1549,San Francisco, 2021 Q2 Court,799,628,40,92,0,5,209,18,43,51,San Francisco,Chesa Boudin,1,NA,NA,NA,0,,137,29.19708029,67.15328467,3.649635036,0
San Francisco_ 2021 Q3 Court,1550,San Francisco, 2021 Q3 Court,913,711,38,91,4,11,205,17,61,67,San Francisco,Chesa Boudin,1,NA,NA,NA,0,,144,26.38888889,63.19444444,7.638888889,2.777777778
San Francisco_ 2021 Q4 Court,1551,San Francisco, 2021 Q4 Court,682,685,36,76,2,1,216,8,41,68,San Francisco,Chesa Boudin,1,NA,NA,NA,0,,115,31.30434783,66.08695652,0.869565217,1.739130435
San Francisco_ 2022 Q1 Court,1552,San Francisco, 2022 Q1 Court,759,637,33,83,3,6,172,1,42,72,San Francisco,Chesa Boudin,1,NA,NA,NA,0,,125,26.4,66.4,4.8,2.4
San Francisco_ 2022 Q2 Court,1553,San Francisco, 2022 Q2 Court,790,NA,NA,NA,NA,NA,NA,NA,NA,NA,San Francisco,Brooke Jenkins,1,1,1,1,0,Boudin was recalled in July 2022,NA,NA,NA,NA,NA
San Francisco_ 2022 Q3 Court,1554,San Francisco, 2022 Q3 Court,NA,NA,NA,NA,NA,NA,NA,NA,NA,NA,San Francisco,Brooke Jenkins,1,1,1,1,1,,NA,NA,NA,NA,NA
San Francisco_ 2022 Q4 Court,1555,San Francisco, 2022 Q4 Court,NA,NA,NA,NA,NA,NA,NA,NA,NA,NA,San Francisco,Brooke Jenkins,1,1,1,1,1,,NA,NA,NA,NA,NA
San Joaquin_ 2013 Q1 Court,1556,San Joaquin, 2013 Q1 Court,1971,NA,263,NA,20,69,268,34,170,NA,San Joaquin,Jim Willett,0,0,NA,NA,0,https://www.sjgov.org/department/rov/results/statement-of-votes-cast,NA,NA,NA,NA,NA
San Joaquin_ 2013 Q2 Court,1557,San Joaquin, 2013 Q2 Court,2007,NA,190,217,11,43,165,23,146,NA,San Joaquin,Jim Willett,0,0,NA,NA,0,,461,41.21475054,47.07158351,9.327548807,2.386117137
San Joaquin_ 2013 Q3 Court,1558,San Joaquin, 2013 Q3 Court,1967,NA,251,279,9,72,266,58,178,79,San Joaquin,Jim Willett,0,0,NA,NA,0,,611,41.0801964,45.66284779,11.78396072,1.47299509
San Joaquin_ 2013 Q4 Court,1559,San Joaquin, 2013 Q4 Court,1792,23,229,277,13,63,191,95,166,16,San Joaquin,Jim Willett,0,0,NA,NA,0,,582,39.34707904,47.59450172,10.82474227,2.233676976
San Joaquin_ 2014 Q1 Court,1560,San Joaquin, 2014 Q1 Court,1717,44,266,226,6,64,102,85,185,19,San Joaquin,Jim Willett,0,0,NA,1,0,,562,47.33096085,40.21352313,11.38790036,1.067615658
San Joaquin_ 2014 Q2 Court,1561,San Joaquin, 2014 Q2 Court,1947,38,216,267,19,58,69,82,192,60,San Joaquin,Jim Willett,0,0,NA,1,0,,560,38.57142857,47.67857143,10.35714286,3.392857143
San Joaquin_ 2014 Q3 Court,1562,San Joaquin, 2014 Q3 Court,1582,139,212,319,12,50,79,73,178,46,San Joaquin,Jim Willett,0,0,NA,1,1,,593,35.75042159,53.79426644,8.431703204,2.023608769
San Joaquin_ 2014 Q4 Court,1563,San Joaquin, 2014 Q4 Court,1328,114,227,83,12,41,41,58,188,39,San Joaquin,Jim Willett,0,0,NA,1,1,,363,62.53443526,22.86501377,11.29476584,3.305785124
San Joaquin_ 2015 Q1 Court,1564,San Joaquin, 2015 Q1 Court,1165,80,191,74,7,42,41,66,182,32,San Joaquin,Tori Verber Salazar,1,1,1,0,0,,314,60.82802548,23.56687898,13.37579618,2.229299363
San Joaquin_ 2015 Q2 Court,1565,San Joaquin, 2015 Q2 Court,1262,139,226,117,6,32,174,83,184,35,San Joaquin,Tori Verber Salazar,1,1,1,0,0,,381,59.3175853,30.70866142,8.398950131,1.57480315
San Joaquin_ 2015 Q3 Court,1566,San Joaquin, 2015 Q3 Court,1306,133,228,77,19,22,215,65,184,39,San Joaquin,Tori Verber Salazar,1,1,1,0,0,,346,65.89595376,22.25433526,6.358381503,5.49132948
San Joaquin_ 2015 Q4 Court,1567,San Joaquin, 2015 Q4 Court,1256,117,215,89,11,32,143,71,183,35,San Joaquin,Tori Verber Salazar,1,1,1,0,0,,347,61.95965418,25.64841499,9.221902017,3.170028818
San Joaquin_ 2016 Q1 Court,1568,San Joaquin, 2016 Q1 Court,1108,198,278,472,1,31,283,88,147,34,San Joaquin,Tori Verber Salazar,1,1,1,0,0,,782,35.54987212,60.35805627,3.964194373,0.127877238
San Joaquin_ 2016 Q2 Court,1569,San Joaquin, 2016 Q2 Court,1246,193,235,606,2,25,535,62,146,38,San Joaquin,Tori Verber Salazar,1,1,1,0,0,,868,27.07373272,69.8156682,2.880184332,0.230414747
San Joaquin_ 2016 Q3 Court,1570,San Joaquin, 2016 Q3 Court,1222,129,108,218,0,7,158,6,87,21,San Joaquin,Tori Verber Salazar,1,1,1,0,0,,333,32.43243243,65.46546547,2.102102102,0
San Joaquin_ 2016 Q4 Court,1571,San Joaquin, 2016 Q4 Court,924,143,198,431,4,33,360,8,168,37,San Joaquin,Tori Verber Salazar,1,1,1,0,0,,666,29.72972973,64.71471471,4.954954955,0.600600601
San Joaquin_ 2017 Q1 Court,1572,San Joaquin, 2017 Q1 Court,1196,150,234,430,3,25,331,16,161,34,San Joaquin,Tori Verber Salazar,1,1,1,0,0,,692,33.8150289,62.13872832,3.612716763,0.433526012
San Joaquin_ 2017 Q2 Court,1573,San Joaquin, 2017 Q2 Court,1342,167,226,465,2,NA,NA,9,163,55,San Joaquin,Tori Verber Salazar,1,1,1,0,0,,NA,NA,NA,NA,NA
San Joaquin_ 2017 Q3 Court,1574,San Joaquin, 2017 Q3 Court,1261,136,228,460,3,NA,NA,NA,127,44,San Joaquin,Tori Verber Salazar,1,1,1,0,0,,NA,NA,NA,NA,NA
San Joaquin_ 2017 Q4 Court,1575,San Joaquin, 2017 Q4 Court,1187,186,208,399,1,NA,NA,17,82,35,San Joaquin,Tori Verber Salazar,1,1,1,0,0,,NA,NA,NA,NA,NA
San Joaquin_ 2018 Q1 Court,1576,San Joaquin, 2018 Q1 Court,1100,119,282,422,4,30,493,17,112,37,San Joaquin,Tori Verber Salazar,1,1,1,0,0,,738,38.21138211,57.18157182,4.06504065,0.54200542
San Joaquin_ 2018 Q2 Court,1577,San Joaquin, 2018 Q2 Court,1141,187,247,440,2,26,0,0,126,35,San Joaquin,Tori Verber Salazar,1,1,1,0,0,,715,34.54545455,61.53846154,3.636363636,0.27972028
San Joaquin_ 2018 Q3 Court,1578,San Joaquin, 2018 Q3 Court,1327,160,236,455,10,40,495,24,44,30,San Joaquin,Tori Verber Salazar,1,1,1,0,1,,741,31.8488529,61.40350877,5.398110661,1.349527665
San Joaquin_ 2018 Q4 Court,1579,San Joaquin, 2018 Q4 Court,1283,205,215,382,7,20,499,35,62,41,San Joaquin,Tori Verber Salazar,1,1,1,0,1,,624,34.45512821,61.21794872,3.205128205,1.121794872
San Joaquin_ 2019 Q1 Court,1580,San Joaquin, 2019 Q1 Court,1300,207,284,444,17,34,634,23,69,47,San Joaquin,Tori Verber Salazar,1,1,1,0,0,,779,36.45699615,56.99614891,4.364569961,2.182284981
San Joaquin_ 2019 Q2 Court,1581,San Joaquin, 2019 Q2 Court,1378,201,219,474,10,39,632,23,47,43,San Joaquin,Tori Verber Salazar,1,1,1,0,0,,742,29.5148248,63.88140162,5.25606469,1.347708895
San Joaquin_ 2019 Q3 Court,1582,San Joaquin, 2019 Q3 Court,1156,205,249,431,6,33,678,39,59,35,San Joaquin,Tori Verber Salazar,1,1,1,0,0,,719,34.63143255,59.94436718,4.589707928,0.83449235
San Joaquin_ 2019 Q4 Court,1583,San Joaquin, 2019 Q4 Court,994,228,207,402,5,23,574,31,49,33,San Joaquin,Tori Verber Salazar,1,1,1,0,0,,637,32.49607535,63.10832025,3.610675039,0.784929356
San Joaquin_ 2020 Q1 Court,1584,San Joaquin, 2020 Q1 Court,955,189,203,436,6,23,569,18,40,25,San Joaquin,Tori Verber Salazar,1,1,1,0,0,,668,30.38922156,65.26946108,3.443113772,0.898203593
San Joaquin_ 2020 Q2 Court,1585,San Joaquin, 2020 Q2 Court,945,113,102,233,1,6,432,14,27,19,San Joaquin,Tori Verber Salazar,1,1,1,0,0,,342,29.8245614,68.12865497,1.754385965,0.292397661
San Joaquin_ 2020 Q3 Court,1586,San Joaquin, 2020 Q3 Court,1459,435,285,466,7,28,578,29,71,111,San Joaquin,Tori Verber Salazar,1,1,1,0,0,,786,36.25954198,59.28753181,3.562340967,0.890585242
San Joaquin_ 2020 Q4 Court,1587,San Joaquin, 2020 Q4 Court,1067,276,235,490,6,29,562,39,47,30,San Joaquin,Tori Verber Salazar,1,1,1,0,0,,760,30.92105263,64.47368421,3.815789474,0.789473684
San Joaquin_ 2021 Q1 Court,1588,San Joaquin, 2021 Q1 Court,1059,242,270,378,3,19,768,28,23,41,San Joaquin,Tori Verber Salazar,1,1,1,0,0,,670,40.29850746,56.41791045,2.835820896,0.447761194
San Joaquin_ 2021 Q2 Court,1589,San Joaquin, 2021 Q2 Court,1120,276,238,395,8,24,445,49,43,31,San Joaquin,Tori Verber Salazar,1,1,1,0,0,,665,35.78947368,59.39849624,3.609022556,1.203007519
San Joaquin_ 2021 Q3 Court,1590,San Joaquin, 2021 Q3 Court,1107,271,201,414,3,19,581,33,49,44,San Joaquin,Tori Verber Salazar,1,1,1,0,0,,637,31.55416013,64.99215071,2.982731554,0.470957614
San Joaquin_ 2021 Q4 Court,1591,San Joaquin, 2021 Q4 Court,989,287,258,430,8,31,455,24,37,36,San Joaquin,Tori Verber Salazar,1,1,1,0,0,,727,35.48830812,59.14718019,4.264099037,1.100412655
San Joaquin_ 2022 Q1 Court,1592,San Joaquin, 2022 Q1 Court,1005,237,263,467,4,20,494,18,67,37,San Joaquin,Tori Verber Salazar,1,1,1,0,0,,754,34.8806366,61.93633952,2.652519894,0.530503979
San Joaquin_ 2022 Q2 Court,1593,San Joaquin, 2022 Q2 Court,1087,210,251,444,4,25,550,16,47,25,San Joaquin,Tori Verber Salazar,1,1,1,0,0,,724,34.66850829,61.32596685,3.453038674,0.552486188
San Joaquin_ 2022 Q3 Court,1594,San Joaquin, 2022 Q3 Court,1088,250,258,385,8,27,484,18,36,30,San Joaquin,Tori Verber Salazar,1,1,1,0,1,,678,38.05309735,56.78466077,3.982300885,1.179941003
San Joaquin_ 2022 Q4 Court,1595,San Joaquin, 2022 Q4 Court,1004,274,181,333,9,21,438,29,41,43,San Joaquin,Tori Verber Salazar,1,1,1,0,1,,544,33.27205882,61.21323529,3.860294118,1.654411765
San Luis Obispo_ 2013 Q1 Court,1596,San Luis Obispo, 2013 Q1 Court,645,84,83,237,34,12,582,1,36,NA,San Luis Obispo,Gerald T. Shea,0,0,NA,NA,0,,366,22.67759563,64.75409836,3.278688525,9.289617486
San Luis Obispo_ 2013 Q2 Court,1597,San Luis Obispo, 2013 Q2 Court,615,131,57,249,30,12,634,1,31,NA,San Luis Obispo,Gerald T. Shea,0,0,NA,NA,0,,348,16.37931034,71.55172414,3.448275862,8.620689655
San Luis Obispo_ 2013 Q3 Court,1598,San Luis Obispo, 2013 Q3 Court,647,96,46,244,60,14,613,1,49,10,San Luis Obispo,Gerald T. Shea,0,0,NA,NA,0,,364,12.63736264,67.03296703,3.846153846,16.48351648
San Luis Obispo_ 2013 Q4 Court,1599,San Luis Obispo, 2013 Q4 Court,635,65,48,203,27,12,584,0,44,31,San Luis Obispo,Gerald T. Shea,0,0,NA,NA,0,,290,16.55172414,70,4.137931034,9.310344828
San Luis Obispo_ 2014 Q1 Court,1600,San Luis Obispo, 2014 Q1 Court,550,NA,NA,NA,NA,NA,NA,NA,41,30,San Luis Obispo,Gerald T. Shea,0,0,NA,1,0,,NA,NA,NA,NA,NA
San Luis Obispo_ 2014 Q2 Court,1601,San Luis Obispo, 2014 Q2 Court,635,NA,NA,NA,NA,NA,NA,NA,43,26,San Luis Obispo,Gerald T. Shea,0,0,NA,1,0,,NA,NA,NA,NA,NA
San Luis Obispo_ 2014 Q3 Court,1602,San Luis Obispo, 2014 Q3 Court,697,NA,NA,NA,NA,NA,NA,NA,36,29,San Luis Obispo,Gerald T. Shea,0,0,NA,1,1,,NA,NA,NA,NA,NA
San Luis Obispo_ 2014 Q4 Court,1603,San Luis Obispo, 2014 Q4 Court,467,NA,NA,NA,NA,NA,NA,NA,32,30,San Luis Obispo,Gerald T. Shea,0,0,NA,1,1,,NA,NA,NA,NA,NA
San Luis Obispo_ 2015 Q1 Court,1604,San Luis Obispo, 2015 Q1 Court,369,NA,NA,NA,NA,NA,NA,NA,40,29,San Luis Obispo,Dan Dow,0,1,1,1,0,,NA,NA,NA,NA,NA
San Luis Obispo_ 2015 Q2 Court,1605,San Luis Obispo, 2015 Q2 Court,459,NA,NA,NA,NA,NA,NA,NA,34,41,San Luis Obispo,Dan Dow,0,1,1,1,0,,NA,NA,NA,NA,NA
San Luis Obispo_ 2015 Q3 Court,1606,San Luis Obispo, 2015 Q3 Court,403,NA,NA,NA,NA,NA,NA,NA,47,52,San Luis Obispo,Dan Dow,0,1,1,1,0,,NA,NA,NA,NA,NA
San Luis Obispo_ 2015 Q4 Court,1607,San Luis Obispo, 2015 Q4 Court,340,NA,NA,NA,NA,NA,NA,NA,32,52,San Luis Obispo,Dan Dow,0,1,1,1,0,,NA,NA,NA,NA,NA
San Luis Obispo_ 2016 Q1 Court,1608,San Luis Obispo, 2016 Q1 Court,372,NA,NA,NA,NA,NA,NA,NA,23,32,San Luis Obispo,Dan Dow,0,1,1,1,0,,NA,NA,NA,NA,NA
San Luis Obispo_ 2016 Q2 Court,1609,San Luis Obispo, 2016 Q2 Court,426,NA,NA,NA,NA,NA,NA,NA,47,42,San Luis Obispo,Dan Dow,0,1,1,1,0,,NA,NA,NA,NA,NA
San Luis Obispo_ 2016 Q3 Court,1610,San Luis Obispo, 2016 Q3 Court,407,NA,NA,NA,NA,NA,NA,NA,49,52,San Luis Obispo,Dan Dow,0,1,1,1,0,,NA,NA,NA,NA,NA
San Luis Obispo_ 2016 Q4 Court,1611,San Luis Obispo, 2016 Q4 Court,365,NA,NA,NA,NA,NA,NA,NA,55,45,San Luis Obispo,Dan Dow,0,1,1,1,0,,NA,NA,NA,NA,NA
San Luis Obispo_ 2017 Q1 Court,1612,San Luis Obispo, 2017 Q1 Court,379,NA,NA,NA,NA,NA,NA,NA,45,54,San Luis Obispo,Dan Dow,0,1,1,1,0,,NA,NA,NA,NA,NA
San Luis Obispo_ 2017 Q2 Court,1613,San Luis Obispo, 2017 Q2 Court,439,NA,NA,NA,NA,NA,NA,NA,57,53,San Luis Obispo,Dan Dow,0,1,1,1,0,,NA,NA,NA,NA,NA
San Luis Obispo_ 2017 Q3 Court,1614,San Luis Obispo, 2017 Q3 Court,398,NA,NA,NA,NA,NA,NA,NA,52,62,San Luis Obispo,Dan Dow,0,1,1,1,0,,NA,NA,NA,NA,NA
San Luis Obispo_ 2017 Q4 Court,1615,San Luis Obispo, 2017 Q4 Court,414,NA,NA,NA,NA,NA,NA,NA,43,50,San Luis Obispo,Dan Dow,0,1,1,1,0,,NA,NA,NA,NA,NA
San Luis Obispo_ 2018 Q1 Court,1616,San Luis Obispo, 2018 Q1 Court,373,NA,NA,NA,NA,NA,NA,NA,54,73,San Luis Obispo,Dan Dow,0,1,1,1,0,,NA,NA,NA,NA,NA
San Luis Obispo_ 2018 Q2 Court,1617,San Luis Obispo, 2018 Q2 Court,374,NA,NA,NA,NA,NA,NA,NA,71,78,San Luis Obispo,Dan Dow,0,1,1,1,0,,NA,NA,NA,NA,NA
San Luis Obispo_ 2018 Q3 Court,1618,San Luis Obispo, 2018 Q3 Court,373,NA,NA,NA,NA,NA,NA,NA,57,70,San Luis Obispo,Dan Dow,0,1,1,1,1,,NA,NA,NA,NA,NA
San Luis Obispo_ 2018 Q4 Court,1619,San Luis Obispo, 2018 Q4 Court,382,NA,NA,NA,NA,NA,NA,NA,72,43,San Luis Obispo,Dan Dow,0,1,1,1,1,,NA,NA,NA,NA,NA
San Luis Obispo_ 2019 Q1 Court,1620,San Luis Obispo, 2019 Q1 Court,343,58,109,112,17,30,1,16,67,58,San Luis Obispo,Dan Dow,0,1,1,0,0,,268,40.67164179,41.79104478,11.19402985,6.343283582
San Luis Obispo_ 2019 Q2 Court,1621,San Luis Obispo, 2019 Q2 Court,384,59,96,110,14,13,0,7,81,53,San Luis Obispo,Dan Dow,0,1,1,0,0,,233,41.20171674,47.21030043,5.579399142,6.008583691
San Luis Obispo_ 2019 Q3 Court,1622,San Luis Obispo, 2019 Q3 Court,364,46,99,122,19,35,0,11,68,56,San Luis Obispo,Dan Dow,0,1,1,0,0,,275,36,44.36363636,12.72727273,6.909090909
San Luis Obispo_ 2019 Q4 Court,1623,San Luis Obispo, 2019 Q4 Court,286,36,84,102,13,16,0,4,55,47,San Luis Obispo,Dan Dow,0,1,1,0,0,,215,39.06976744,47.44186047,7.441860465,6.046511628
San Luis Obispo_ 2020 Q1 Court,1624,San Luis Obispo, 2020 Q1 Court,347,38,98,97,8,35,0,4,52,56,San Luis Obispo,Dan Dow,0,1,1,0,0,,238,41.17647059,40.75630252,14.70588235,3.361344538
San Luis Obispo_ 2020 Q2 Court,1625,San Luis Obispo, 2020 Q2 Court,310,70,91,64,10,19,0,1,0,33,San Luis Obispo,Dan Dow,0,1,1,0,0,,184,49.45652174,34.7826087,10.32608696,5.434782609
San Luis Obispo_ 2020 Q3 Court,1626,San Luis Obispo, 2020 Q3 Court,338,88,55,68,8,10,0,1,66,46,San Luis Obispo,Dan Dow,0,1,1,0,0,,141,39.0070922,48.22695035,7.092198582,5.673758865
San Luis Obispo_ 2020 Q4 Court,1627,San Luis Obispo, 2020 Q4 Court,364,139,52,89,11,21,1,1,68,46,San Luis Obispo,Dan Dow,0,1,1,0,0,,173,30.05780347,51.44508671,12.13872832,6.358381503
San Luis Obispo_ 2021 Q1 Court,1628,San Luis Obispo, 2021 Q1 Court,353,124,89,87,12,17,0,0,0,47,San Luis Obispo,Dan Dow,0,1,1,0,0,,205,43.41463415,42.43902439,8.292682927,5.853658537
San Luis Obispo_ 2021 Q2 Court,1629,San Luis Obispo, 2021 Q2 Court,322,120,73,106,14,13,0,0,0,37,San Luis Obispo,Dan Dow,0,1,1,0,0,,206,35.4368932,51.45631068,6.310679612,6.796116505
San Luis Obispo_ 2021 Q3 Court,1630,San Luis Obispo, 2021 Q3 Court,377,122,81,88,15,24,0,1,0,43,San Luis Obispo,Dan Dow,0,1,1,0,0,,208,38.94230769,42.30769231,11.53846154,7.211538462
San Luis Obispo_ 2021 Q4 Court,1631,San Luis Obispo, 2021 Q4 Court,366,130,100,96,12,11,0,1,0,48,San Luis Obispo,Dan Dow,0,1,1,0,0,,219,45.66210046,43.83561644,5.02283105,5.479452055
San Luis Obispo_ 2022 Q1 Court,1632,San Luis Obispo, 2022 Q1 Court,347,126,106,112,14,20,0,0,58,28,San Luis Obispo,Dan Dow,0,1,1,0,0,,252,42.06349206,44.44444444,7.936507937,5.555555556
San Luis Obispo_ 2022 Q2 Court,1633,San Luis Obispo, 2022 Q2 Court,303,120,125,119,14,29,0,0,51,40,San Luis Obispo,Dan Dow,0,1,1,0,0,,287,43.55400697,41.46341463,10.10452962,4.87804878
San Luis Obispo_ 2022 Q3 Court,1634,San Luis Obispo, 2022 Q3 Court,362,103,99,100,14,10,0,0,50,36,San Luis Obispo,Dan Dow,0,1,1,0,1,,223,44.39461883,44.84304933,4.484304933,6.278026906
San Luis Obispo_ 2022 Q4 Court,1635,San Luis Obispo, 2022 Q4 Court,334,80,113,122,16,15,0,0,54,34,San Luis Obispo,Dan Dow,0,1,1,0,1,,266,42.48120301,45.86466165,5.639097744,6.015037594
San Luis Obispo_ 2023 Q1 Court,1636,San Luis Obispo, 2023 Q1 Court,217,84,104,125,13,12,0,0,67,23,San Luis Obispo,Dan Dow,0,NA,NA,NA,0,,254,40.94488189,49.21259843,4.724409449,5.118110236
San Mateo_ 2013 Q1 Court,1637,San Mateo, 2013 Q1 Court,851,28,99,440,62,54,205,8,15,NA,San Mateo,Stephen Wagstaffe,0,1,1,0,0,,655,15.11450382,67.17557252,8.244274809,9.465648855
San Mateo_ 2013 Q2 Court,1638,San Mateo, 2013 Q2 Court,881,38,91,400,41,61,213,22,25,NA,San Mateo,Stephen Wagstaffe,0,1,1,0,0,,593,15.34569983,67.45362563,10.28667791,6.913996627
San Mateo_ 2013 Q3 Court,1639,San Mateo, 2013 Q3 Court,959,52,106,403,57,35,196,19,30,12,San Mateo,Stephen Wagstaffe,0,1,1,0,0,,601,17.63727121,67.05490849,5.823627288,9.484193012
San Mateo_ 2013 Q4 Court,1640,San Mateo, 2013 Q4 Court,852,51,103,386,61,40,188,24,21,14,San Mateo,Stephen Wagstaffe,0,1,1,0,0,,590,17.45762712,65.42372881,6.779661017,10.33898305
San Mateo_ 2014 Q1 Court,1641,San Mateo, 2014 Q1 Court,853,34,97,435,50,24,196,33,29,20,San Mateo,Stephen Wagstaffe,0,1,1,0,0,,606,16.00660066,71.78217822,3.96039604,8.250825083
San Mateo_ 2014 Q2 Court,1642,San Mateo, 2014 Q2 Court,918,60,70,414,47,39,198,27,29,33,San Mateo,Stephen Wagstaffe,0,1,1,0,0,,570,12.28070175,72.63157895,6.842105263,8.245614035
San Mateo_ 2014 Q3 Court,1643,San Mateo, 2014 Q3 Court,884,52,116,389,60,40,206,33,20,34,San Mateo,Stephen Wagstaffe,0,1,1,0,1,,605,19.17355372,64.29752066,6.611570248,9.917355372
San Mateo_ 2014 Q4 Court,1644,San Mateo, 2014 Q4 Court,572,63,84,295,44,16,159,21,24,34,San Mateo,Stephen Wagstaffe,0,1,1,0,1,,439,19.13439636,67.19817768,3.644646925,10.02277904
San Mateo_ 2015 Q1 Court,1645,San Mateo, 2015 Q1 Court,552,74,114,260,16,42,164,24,15,17,San Mateo,Stephen Wagstaffe,0,1,1,0,0,,432,26.38888889,60.18518519,9.722222222,3.703703704
San Mateo_ 2015 Q2 Court,1646,San Mateo, 2015 Q2 Court,573,31,100,269,16,41,164,22,20,20,San Mateo,Stephen Wagstaffe,0,1,1,0,0,,426,23.4741784,63.14553991,9.624413146,3.755868545
San Mateo_ 2015 Q3 Court,1647,San Mateo, 2015 Q3 Court,613,67,107,285,33,47,139,19,18,28,San Mateo,Stephen Wagstaffe,0,1,1,0,0,,472,22.66949153,60.38135593,9.957627119,6.991525424
San Mateo_ 2015 Q4 Court,1648,San Mateo, 2015 Q4 Court,601,15,27,101,4,14,169,21,24,18,San Mateo,Stephen Wagstaffe,0,1,1,0,0,,146,18.49315068,69.17808219,9.589041096,2.739726027
San Mateo_ 2016 Q1 Court,1649,San Mateo, 2016 Q1 Court,629,388,73,224,12,34,211,23,19,27,San Mateo,Stephen Wagstaffe,0,1,1,0,0,,343,21.28279883,65.30612245,9.912536443,3.498542274
San Mateo_ 2016 Q2 Court,1650,San Mateo, 2016 Q2 Court,823,184,95,256,28,34,270,37,36,30,San Mateo,Stephen Wagstaffe,0,1,1,0,0,,413,23.00242131,61.98547215,8.232445521,6.779661017
San Mateo_ 2016 Q3 Court,1651,San Mateo, 2016 Q3 Court,679,230,102,271,16,30,276,23,21,27,San Mateo,Stephen Wagstaffe,0,1,1,0,0,,419,24.34367542,64.6778043,7.159904535,3.818615752
San Mateo_ 2016 Q4 Court,1652,San Mateo, 2016 Q4 Court,614,260,108,223,11,41,255,25,27,21,San Mateo,Stephen Wagstaffe,0,1,1,0,0,,383,28.19843342,58.22454308,10.70496084,2.872062663
San Mateo_ 2017 Q1 Court,1653,San Mateo, 2017 Q1 Court,571,206,108,295,16,15,318,51,34,33,San Mateo,Stephen Wagstaffe,0,1,1,0,0,,434,24.88479263,67.97235023,3.456221198,3.686635945
San Mateo_ 2017 Q2 Court,1654,San Mateo, 2017 Q2 Court,648,192,91,284,21,29,243,30,33,29,San Mateo,Stephen Wagstaffe,0,1,1,0,0,,425,21.41176471,66.82352941,6.823529412,4.941176471
San Mateo_ 2017 Q3 Court,1655,San Mateo, 2017 Q3 Court,664,254,96,274,6,14,227,45,41,39,San Mateo,Stephen Wagstaffe,0,1,1,0,0,,390,24.61538462,70.25641026,3.58974359,1.538461538
San Mateo_ 2017 Q4 Court,1656,San Mateo, 2017 Q4 Court,652,273,97,261,18,23,266,44,44,32,San Mateo,Stephen Wagstaffe,0,1,1,0,0,,399,24.31077694,65.41353383,5.764411028,4.511278195
San Mateo_ 2018 Q1 Court,1657,San Mateo, 2018 Q1 Court,594,367,104,311,24,26,268,52,43,43,San Mateo,Stephen Wagstaffe,0,1,1,0,0,,465,22.3655914,66.88172043,5.591397849,5.161290323
San Mateo_ 2018 Q2 Court,1658,San Mateo, 2018 Q2 Court,584,346,110,204,18,13,293,33,44,32,San Mateo,Stephen Wagstaffe,0,1,1,0,0,,345,31.88405797,59.13043478,3.768115942,5.217391304
San Mateo_ 2018 Q3 Court,1659,San Mateo, 2018 Q3 Court,613,308,92,213,13,12,276,30,47,34,San Mateo,Stephen Wagstaffe,0,1,1,0,1,,330,27.87878788,64.54545455,3.636363636,3.939393939
San Mateo_ 2018 Q4 Court,1660,San Mateo, 2018 Q4 Court,620,335,92,184,11,12,302,34,65,39,San Mateo,Stephen Wagstaffe,0,1,1,0,1,,299,30.76923077,61.53846154,4.013377926,3.678929766
San Mateo_ 2019 Q1 Court,1661,San Mateo, 2019 Q1 Court,579,316,104,245,14,12,332,6,56,36,San Mateo,Stephen Wagstaffe,0,1,1,0,0,,375,27.73333333,65.33333333,3.2,3.733333333
San Mateo_ 2019 Q2 Court,1662,San Mateo, 2019 Q2 Court,630,371,91,218,32,21,278,23,36,50,San Mateo,Stephen Wagstaffe,0,1,1,0,0,,362,25.13812155,60.22099448,5.801104972,8.839779006
San Mateo_ 2019 Q3 Court,1663,San Mateo, 2019 Q3 Court,693,332,87,237,33,8,331,18,46,40,San Mateo,Stephen Wagstaffe,0,1,1,0,0,,365,23.83561644,64.93150685,2.191780822,9.04109589
San Mateo_ 2019 Q4 Court,1664,San Mateo, 2019 Q4 Court,637,374,71,194,31,10,268,23,46,38,San Mateo,Stephen Wagstaffe,0,1,1,0,0,,306,23.20261438,63.39869281,3.267973856,10.13071895
San Mateo_ 2020 Q1 Court,1665,San Mateo, 2020 Q1 Court,644,366,59,196,18,8,264,25,45,41,San Mateo,Stephen Wagstaffe,0,1,1,0,0,,281,20.99644128,69.75088968,2.846975089,6.40569395
San Mateo_ 2020 Q2 Court,1666,San Mateo, 2020 Q2 Court,614,325,69,37,4,3,86,4,11,11,San Mateo,Stephen Wagstaffe,0,1,1,0,0,,113,61.0619469,32.74336283,2.654867257,3.539823009
San Mateo_ 2020 Q3 Court,1667,San Mateo, 2020 Q3 Court,676,337,105,64,11,4,276,12,30,15,San Mateo,Stephen Wagstaffe,0,1,1,0,0,,184,57.06521739,34.7826087,2.173913043,5.97826087
San Mateo_ 2020 Q4 Court,1668,San Mateo, 2020 Q4 Court,633,322,139,49,18,8,240,10,28,13,San Mateo,Stephen Wagstaffe,0,1,1,0,0,,214,64.95327103,22.89719626,3.738317757,8.411214953
San Mateo_ 2021 Q1 Court,1669,San Mateo, 2021 Q1 Court,587,310,104,71,10,6,247,NA,19,14,San Mateo,Stephen Wagstaffe,0,1,1,0,0,,191,54.45026178,37.17277487,3.141361257,5.235602094
San Mateo_ 2021 Q2 Court,1670,San Mateo, 2021 Q2 Court,659,345,152,78,16,11,230,15,26,15,San Mateo,Stephen Wagstaffe,0,1,1,0,0,,257,59.14396887,30.35019455,4.280155642,6.225680934
San Mateo_ 2021 Q3 Court,1671,San Mateo, 2021 Q3 Court,646,351,58,174,22,13,208,6,64,20,San Mateo,Stephen Wagstaffe,0,1,1,0,0,,267,21.72284644,65.16853933,4.868913858,8.239700375
San Mateo_ 2021 Q4 Court,1672,San Mateo, 2021 Q4 Court,556,304,67,195,10,18,210,15,27,19,San Mateo,Stephen Wagstaffe,0,1,1,0,0,,290,23.10344828,67.24137931,6.206896552,3.448275862
San Mateo_ 2022 Q1 Court,1673,San Mateo, 2022 Q1 Court,615,322,83,220,12,6,222,21,25,11,San Mateo,Stephen Wagstaffe,0,1,1,0,0,,321,25.85669782,68.53582555,1.869158879,3.738317757
San Mateo_ 2022 Q2 Court,1674,San Mateo, 2022 Q2 Court,641,344,93,239,17,9,238,20,50,52,San Mateo,Stephen Wagstaffe,0,1,1,0,0,,358,25.97765363,66.75977654,2.51396648,4.748603352
San Mateo_ 2022 Q3 Court,1675,San Mateo, 2022 Q3 Court,651,350,109,257,27,10,304,20,54,101,San Mateo,Stephen Wagstaffe,0,1,1,0,1,,403,27.0471464,63.77171216,2.481389578,6.699751861
San Mateo_ 2022 Q4 Court,1676,San Mateo, 2022 Q4 Court,659,349,124,198,27,14,239,13,34,66,San Mateo,Stephen Wagstaffe,0,1,1,0,1,,363,34.15977961,54.54545455,3.856749311,7.438016529
San Mateo_ 2023 Q1 Court,1677,San Mateo, 2023 Q1 Court,NA,345,98,258,19,8,285,18,43,21,San Mateo,Stephen Wagstaffe,0,NA,NA,NA,0,,383,25.58746736,67.36292428,2.088772846,4.960835509
Santa Barbara_ 2013 Q1 Court,1678,Santa Barbara, 2013 Q1 Court,772,163,100,427,12,30,751,50,34,0,Santa Barbara,Joyce Dudley,0,1,1,0,0,,569,17.57469244,75.04393673,5.272407733,2.108963093
Santa Barbara_ 2013 Q2 Court,1679,Santa Barbara, 2013 Q2 Court,814,157,89,413,17,39,787,43,30,0,Santa Barbara,Joyce Dudley,0,1,1,0,0,,558,15.94982079,74.01433692,6.989247312,3.046594982
Santa Barbara_ 2013 Q3 Court,1680,Santa Barbara, 2013 Q3 Court,883,151,106,410,16,36,821,65,33,24,Santa Barbara,Joyce Dudley,0,1,1,0,0,,568,18.66197183,72.18309859,6.338028169,2.816901408
Santa Barbara_ 2013 Q4 Court,1681,Santa Barbara, 2013 Q4 Court,964,170,94,432,14,30,780,51,34,21,Santa Barbara,Joyce Dudley,0,1,1,0,0,,570,16.49122807,75.78947368,5.263157895,2.456140351
Santa Barbara_ 2014 Q1 Court,1682,Santa Barbara, 2014 Q1 Court,849,175,78,420,16,40,890,70,39,34,Santa Barbara,Joyce Dudley,0,1,1,0,0,,554,14.07942238,75.81227437,7.220216606,2.888086643
Santa Barbara_ 2014 Q2 Court,1683,Santa Barbara, 2014 Q2 Court,941,236,100,415,12,36,871,60,34,30,Santa Barbara,Joyce Dudley,0,1,1,0,0,,563,17.76198934,73.71225577,6.394316163,2.131438721
Santa Barbara_ 2014 Q3 Court,1684,Santa Barbara, 2014 Q3 Court,945,251,110,373,15,18,882,74,46,37,Santa Barbara,Joyce Dudley,0,1,1,0,1,,516,21.31782946,72.28682171,3.488372093,2.906976744
Santa Barbara_ 2014 Q4 Court,1685,Santa Barbara, 2014 Q4 Court,681,199,58,318,4,14,809,108,54,29,Santa Barbara,Joyce Dudley,0,1,1,0,1,,394,14.72081218,80.7106599,3.553299492,1.015228426
Santa Barbara_ 2015 Q1 Court,1686,Santa Barbara, 2015 Q1 Court,590,139,73,242,2,8,770,94,68,33,Santa Barbara,Joyce Dudley,0,1,1,0,0,,325,22.46153846,74.46153846,2.461538462,0.615384615
Santa Barbara_ 2015 Q2 Court,1687,Santa Barbara, 2015 Q2 Court,656,102,54,202,9,11,689,71,58,30,Santa Barbara,Joyce Dudley,0,1,1,0,0,,276,19.56521739,73.1884058,3.985507246,3.260869565
Santa Barbara_ 2015 Q3 Court,1688,Santa Barbara, 2015 Q3 Court,698,132,64,195,5,14,591,80,75,38,Santa Barbara,Joyce Dudley,0,1,1,0,0,,278,23.02158273,70.14388489,5.035971223,1.798561151
Santa Barbara_ 2015 Q4 Court,1689,Santa Barbara, 2015 Q4 Court,722,129,55,203,4,12,566,62,48,54,Santa Barbara,Joyce Dudley,0,1,1,0,0,,274,20.0729927,74.08759124,4.379562044,1.459854015
Santa Barbara_ 2016 Q1 Court,1690,Santa Barbara, 2016 Q1 Court,702,128,57,247,5,20,537,60,67,34,Santa Barbara,Joyce Dudley,0,1,1,0,0,,329,17.32522796,75.07598784,6.079027356,1.519756839
Santa Barbara_ 2016 Q2 Court,1691,Santa Barbara, 2016 Q2 Court,670,149,55,274,8,12,582,80,57,23,Santa Barbara,Joyce Dudley,0,1,1,0,0,,349,15.75931232,78.51002865,3.438395415,2.29226361
Santa Barbara_ 2016 Q3 Court,1692,Santa Barbara, 2016 Q3 Court,741,124,69,256,5,14,529,63,61,20,Santa Barbara,Joyce Dudley,0,1,1,0,0,,344,20.05813953,74.41860465,4.069767442,1.453488372
Santa Barbara_ 2016 Q4 Court,1693,Santa Barbara, 2016 Q4 Court,657,110,70,162,5,17,476,60,67,33,Santa Barbara,Joyce Dudley,0,1,1,0,0,,254,27.55905512,63.77952756,6.692913386,1.968503937
Santa Barbara_ 2017 Q1 Court,1694,Santa Barbara, 2017 Q1 Court,609,94,65,252,4,11,273,46,80,24,Santa Barbara,Joyce Dudley,0,1,1,0,0,,332,19.57831325,75.90361446,3.313253012,1.204819277
Santa Barbara_ 2017 Q2 Court,1695,Santa Barbara, 2017 Q2 Court,630,129,47,260,6,4,340,32,73,29,Santa Barbara,Joyce Dudley,0,1,1,0,0,,317,14.82649842,82.01892744,1.261829653,1.892744479
Santa Barbara_ 2017 Q3 Court,1696,Santa Barbara, 2017 Q3 Court,566,120,76,272,6,6,380,26,60,19,Santa Barbara,Joyce Dudley,0,1,1,0,0,,360,21.11111111,75.55555556,1.666666667,1.666666667
Santa Barbara_ 2017 Q4 Court,1697,Santa Barbara, 2017 Q4 Court,538,105,56,271,8,20,338,33,50,17,Santa Barbara,Joyce Dudley,0,1,1,0,0,,355,15.77464789,76.33802817,5.633802817,2.253521127
Santa Barbara_ 2018 Q1 Court,1698,Santa Barbara, 2018 Q1 Court,568,124,82,259,19,11,329,25,71,29,Santa Barbara,Joyce Dudley,0,1,1,0,0,,371,22.10242588,69.81132075,2.964959569,5.121293801
Santa Barbara_ 2018 Q2 Court,1699,Santa Barbara, 2018 Q2 Court,560,112,77,251,10,16,343,47,76,25,Santa Barbara,Joyce Dudley,0,1,1,0,0,,354,21.75141243,70.9039548,4.519774011,2.824858757
Santa Barbara_ 2018 Q3 Court,1700,Santa Barbara, 2018 Q3 Court,594,106,50,213,9,6,318,36,85,29,Santa Barbara,Joyce Dudley,0,1,1,0,1,,278,17.98561151,76.61870504,2.158273381,3.237410072
Santa Barbara_ 2018 Q4 Court,1701,Santa Barbara, 2018 Q4 Court,584,84,65,189,15,3,317,24,67,19,Santa Barbara,Joyce Dudley,0,1,1,0,1,,272,23.89705882,69.48529412,1.102941176,5.514705882
Santa Barbara_ 2019 Q1 Court,1702,Santa Barbara, 2019 Q1 Court,616,125,64,213,10,12,332,42,82,30,Santa Barbara,Joyce Dudley,0,0,NA,NA,0,,299,21.40468227,71.23745819,4.013377926,3.344481605
Santa Barbara_ 2019 Q2 Court,1703,Santa Barbara, 2019 Q2 Court,618,93,100,227,18,17,317,31,83,32,Santa Barbara,Joyce Dudley,0,0,NA,NA,0,,362,27.62430939,62.70718232,4.696132597,4.972375691
Santa Barbara_ 2019 Q3 Court,1704,Santa Barbara, 2019 Q3 Court,561,99,89,218,10,10,368,40,60,30,Santa Barbara,Joyce Dudley,0,0,NA,NA,0,,327,27.21712538,66.66666667,3.058103976,3.058103976
Santa Barbara_ 2019 Q4 Court,1705,Santa Barbara, 2019 Q4 Court,599,81,75,216,14,16,357,40,49,34,Santa Barbara,Joyce Dudley,0,0,NA,NA,0,,321,23.36448598,67.28971963,4.984423676,4.361370717
Santa Barbara_ 2020 Q1 Court,1706,Santa Barbara, 2020 Q1 Court,536,76,51,177,14,13,334,25,62,31,Santa Barbara,Joyce Dudley,0,0,NA,NA,0,,255,20,69.41176471,5.098039216,5.490196078
Santa Barbara_ 2020 Q2 Court,1707,Santa Barbara, 2020 Q2 Court,519,39,44,80,12,7,62,4,1,17,Santa Barbara,Joyce Dudley,0,0,NA,NA,0,,143,30.76923077,55.94405594,4.895104895,8.391608392
Santa Barbara_ 2020 Q3 Court,1708,Santa Barbara, 2020 Q3 Court,555,82,86,188,8,8,161,9,5,10,Santa Barbara,Joyce Dudley,0,0,NA,NA,0,,290,29.65517241,64.82758621,2.75862069,2.75862069
Santa Barbara_ 2020 Q4 Court,1709,Santa Barbara, 2020 Q4 Court,495,78,71,153,8,4,143,23,3,15,Santa Barbara,Joyce Dudley,0,0,NA,NA,0,,236,30.08474576,64.83050847,1.694915254,3.389830508
Santa Barbara_ 2021 Q1 Court,1710,Santa Barbara, 2021 Q1 Court,520,57,80,129,2,2,174,29,4,6,Santa Barbara,Joyce Dudley,0,0,NA,NA,0,,213,37.55868545,60.56338028,0.938967136,0.938967136
Santa Barbara_ 2021 Q2 Court,1711,Santa Barbara, 2021 Q2 Court,573,130,64,134,14,9,230,29,12,14,Santa Barbara,Joyce Dudley,0,0,NA,NA,0,,221,28.95927602,60.63348416,4.07239819,6.334841629
Santa Barbara_ 2021 Q3 Court,1712,Santa Barbara, 2021 Q3 Court,589,177,75,163,6,11,168,17,5,13,Santa Barbara,Joyce Dudley,0,0,NA,NA,0,,255,29.41176471,63.92156863,4.31372549,2.352941176
Santa Barbara_ 2021 Q4 Court,1713,Santa Barbara, 2021 Q4 Court,466,184,47,132,2,15,186,10,4,10,Santa Barbara,Joyce Dudley,0,0,NA,NA,0,,196,23.97959184,67.34693878,7.653061224,1.020408163
Santa Barbara_ 2022 Q1 Court,1714,Santa Barbara, 2022 Q1 Court,545,174,80,171,6,9,176,17,2,20,Santa Barbara,Joyce Dudley,0,0,NA,0,0,,266,30.07518797,64.28571429,3.383458647,2.255639098
Santa Barbara_ 2022 Q2 Court,1715,Santa Barbara, 2022 Q2 Court,587,173,95,213,10,19,188,21,7,27,Santa Barbara,Joyce Dudley,0,0,NA,0,0,,337,28.18991098,63.20474777,5.637982196,2.96735905
Santa Barbara_ 2022 Q3 Court,1716,Santa Barbara, 2022 Q3 Court,643,200,94,208,9,18,222,28,2,13,Santa Barbara,Joyce Dudley,0,0,NA,0,1,,329,28.57142857,63.2218845,5.47112462,2.73556231
Santa Barbara_ 2022 Q4 Court,1717,Santa Barbara, 2022 Q4 Court,597,161,100,218,20,28,185,29,16,16,Santa Barbara,Joyce Dudley,0,0,NA,0,1,,366,27.32240437,59.56284153,7.650273224,5.464480874
Santa Barbara_ 2023 Q1 Court,1718,Santa Barbara, 2023 Q1 Court,571,128,102,222,15,14,222,45,16,26,Santa Barbara,John Savrnoch,1,NA,NA,NA,0,,353,28.89518414,62.88951841,3.966005666,4.249291785
Santa Clara_ 2013 Q1 Court,1719,Santa Clara, 2013 Q1 Court,2145,497,241,941,128,68,NA,37,169,NA,Santa Clara,Jeff Rosen,1,1,1,0,0,,1378,17.48911466,68.287373,4.934687954,9.288824383
Santa Clara_ 2013 Q2 Court,1720,Santa Clara, 2013 Q2 Court,2443,496,275,959,64,125,NA,50,158,NA,Santa Clara,Jeff Rosen,1,1,1,0,0,,1423,19.32536894,67.39283204,8.784258609,4.497540408
Santa Clara_ 2013 Q3 Court,1721,Santa Clara, 2013 Q3 Court,2330,573,247,1038,64,106,NA,50,144,23,Santa Clara,Jeff Rosen,1,1,1,0,0,,1455,16.97594502,71.34020619,7.285223368,4.39862543
Santa Clara_ 2013 Q4 Court,1722,Santa Clara, 2013 Q4 Court,2187,496,274,1061,86,110,723,41,116,42,Santa Clara,Jeff Rosen,1,1,1,0,0,,1531,17.89679948,69.30111039,7.184846506,5.617243632
Santa Clara_ 2014 Q1 Court,1723,Santa Clara, 2014 Q1 Court,2488,512,321,1056,84,119,803,59,103,62,Santa Clara,Jeff Rosen,1,1,1,0,0,,1580,20.3164557,66.83544304,7.53164557,5.316455696
Santa Clara_ 2014 Q2 Court,1724,Santa Clara, 2014 Q2 Court,2606,605,336,1174,99,119,874,67,129,56,Santa Clara,Jeff Rosen,1,1,1,0,0,,1728,19.44444444,67.93981481,6.886574074,5.729166667
Santa Clara_ 2014 Q3 Court,1725,Santa Clara, 2014 Q3 Court,2642,763,256,1066,79,122,854,73,110,51,Santa Clara,Jeff Rosen,1,1,1,0,1,,1523,16.80892974,69.99343401,8.010505581,5.187130663
Santa Clara_ 2014 Q4 Court,1726,Santa Clara, 2014 Q4 Court,1956,653,232,722,40,60,743,77,117,46,Santa Clara,Jeff Rosen,1,1,1,0,1,,1054,22.0113852,68.50094877,5.69259962,3.795066414
Santa Clara_ 2015 Q1 Court,1727,Santa Clara, 2015 Q1 Court,1670,603,224,663,85,80,514,82,119,38,Santa Clara,Jeff Rosen,1,1,1,0,0,,1052,21.29277567,63.02281369,7.604562738,8.079847909
Santa Clara_ 2015 Q2 Court,1728,Santa Clara, 2015 Q2 Court,1825,594,279,699,52,104,374,86,132,39,Santa Clara,Jeff Rosen,1,1,1,0,0,,1134,24.6031746,61.64021164,9.171075838,4.585537919
Santa Clara_ 2015 Q3 Court,1729,Santa Clara, 2015 Q3 Court,1835,542,284,617,69,67,335,80,144,47,Santa Clara,Jeff Rosen,1,1,1,0,0,,1037,27.38669238,59.49855352,6.460945034,6.653809065
Santa Clara_ 2015 Q4 Court,1730,Santa Clara, 2015 Q4 Court,1642,454,254,615,49,70,245,84,109,31,Santa Clara,Jeff Rosen,1,1,1,0,0,,988,25.70850202,62.24696356,7.085020243,4.95951417
Santa Clara_ 2016 Q1 Court,1731,Santa Clara, 2016 Q1 Court,1820,448,244,654,62,99,229,79,145,32,Santa Clara,Jeff Rosen,1,1,1,0,0,,1059,23.04060434,61.75637394,9.348441926,5.854579792
Santa Clara_ 2016 Q2 Court,1732,Santa Clara, 2016 Q2 Court,1845,425,263,711,61,98,321,70,148,39,Santa Clara,Jeff Rosen,1,1,1,0,0,,1133,23.21270962,62.7537511,8.649602824,5.383936452
Santa Clara_ 2016 Q3 Court,1733,Santa Clara, 2016 Q3 Court,1677,465,282,702,40,111,202,81,119,38,Santa Clara,Jeff Rosen,1,1,1,0,0,,1135,24.84581498,61.85022026,9.779735683,3.524229075
Santa Clara_ 2016 Q4 Court,1734,Santa Clara, 2016 Q4 Court,1548,414,276,679,51,95,214,82,126,47,Santa Clara,Jeff Rosen,1,1,1,0,0,,1101,25.06811989,61.67120799,8.628519528,4.632152589
Santa Clara_ 2017 Q1 Court,1735,Santa Clara, 2017 Q1 Court,1874,488,330,670,47,80,468,95,173,54,Santa Clara,Jeff Rosen,1,1,1,0,0,,1127,29.28127773,59.4498669,7.098491571,4.170363798
Santa Clara_ 2017 Q2 Court,1736,Santa Clara, 2017 Q2 Court,1759,515,314,685,55,65,484,86,179,51,Santa Clara,Jeff Rosen,1,1,1,0,0,,1119,28.06076854,61.21537087,5.808757819,4.91510277
Santa Clara_ 2017 Q3 Court,1737,Santa Clara, 2017 Q3 Court,1667,449,314,655,65,63,489,101,169,77,Santa Clara,Jeff Rosen,1,1,1,0,0,,1097,28.62351869,59.70829535,5.742935278,5.925250684
Santa Clara_ 2017 Q4 Court,1738,Santa Clara, 2017 Q4 Court,1647,382,217,594,53,48,447,64,140,77,Santa Clara,Jeff Rosen,1,1,1,0,0,,912,23.79385965,65.13157895,5.263157895,5.811403509
Santa Clara_ 2018 Q1 Court,1739,Santa Clara, 2018 Q1 Court,1695,421,294,614,65,68,481,82,178,78,Santa Clara,Jeff Rosen,1,1,1,0,0,,1041,28.24207493,58.98174832,6.532180596,6.243996158
Santa Clara_ 2018 Q2 Court,1740,Santa Clara, 2018 Q2 Court,1783,492,270,618,60,56,492,81,211,72,Santa Clara,Jeff Rosen,1,1,1,0,0,,1004,26.89243028,61.55378486,5.577689243,5.976095618
Santa Clara_ 2018 Q3 Court,1741,Santa Clara, 2018 Q3 Court,0,480,231,611,81,56,469,73,210,48,Santa Clara,Jeff Rosen,1,1,1,0,1,,979,23.59550562,62.41062308,5.720122574,8.273748723
Santa Clara_ 2018 Q4 Court,1742,Santa Clara, 2018 Q4 Court,1075,426,209,494,46,47,448,55,159,57,Santa Clara,Jeff Rosen,1,1,1,0,1,,796,26.25628141,62.06030151,5.904522613,5.778894472
Santa Clara_ 2019 Q1 Court,1743,Santa Clara, 2019 Q1 Court,1766,426,285,613,65,65,537,62,172,46,Santa Clara,Jeff Rosen,1,1,1,1,0,,1028,27.72373541,59.63035019,6.322957198,6.322957198
Santa Clara_ 2019 Q2 Court,1744,Santa Clara, 2019 Q2 Court,1986,474,265,533,71,56,525,84,178,76,Santa Clara,Jeff Rosen,1,1,1,1,0,,925,28.64864865,57.62162162,6.054054054,7.675675676
Santa Clara_ 2019 Q3 Court,1745,Santa Clara, 2019 Q3 Court,1882,450,234,530,77,50,486,76,211,75,Santa Clara,Jeff Rosen,1,1,1,1,0,,891,26.26262626,59.48372615,5.611672278,8.641975309
Santa Clara_ 2019 Q4 Court,1746,Santa Clara, 2019 Q4 Court,1918,390,192,558,95,42,432,50,208,74,Santa Clara,Jeff Rosen,1,1,1,1,0,,887,21.64599775,62.90868095,4.735062007,10.7102593
Santa Clara_ 2020 Q1 Court,1747,Santa Clara, 2020 Q1 Court,1668,354,213,515,57,58,444,40,151,50,Santa Clara,Jeff Rosen,1,1,1,1,0,,843,25.26690391,61.09134045,6.880189798,6.761565836
Santa Clara_ 2020 Q2 Court,1748,Santa Clara, 2020 Q2 Court,1507,19,25,100,12,18,113,21,78,21,Santa Clara,Jeff Rosen,1,1,1,1,0,,155,16.12903226,64.51612903,11.61290323,7.741935484
Santa Clara_ 2020 Q3 Court,1749,Santa Clara, 2020 Q3 Court,1506,264,115,268,22,24,186,37,169,32,Santa Clara,Jeff Rosen,1,1,1,1,0,,429,26.80652681,62.47086247,5.594405594,5.128205128
Santa Clara_ 2020 Q4 Court,1750,Santa Clara, 2020 Q4 Court,1955,811,113,196,23,31,144,36,145,37,Santa Clara,Jeff Rosen,1,1,1,1,0,,363,31.12947658,53.99449036,8.539944904,6.336088154
Santa Clara_ 2021 Q1 Court,1751,Santa Clara, 2021 Q1 Court,2075,1043,185,433,29,14,178,30,150,30,Santa Clara,Jeff Rosen,1,1,1,1,0,,661,27.98789713,65.50680787,2.118003026,4.387291982
Santa Clara_ 2021 Q2 Court,1752,Santa Clara, 2021 Q2 Court,1775,904,188,435,51,41,171,34,85,36,Santa Clara,Jeff Rosen,1,1,1,1,0,,715,26.29370629,60.83916084,5.734265734,7.132867133
Santa Clara_ 2021 Q3 Court,1753,Santa Clara, 2021 Q3 Court,1748,1009,202,519,49,51,212,35,111,39,Santa Clara,Jeff Rosen,1,1,1,1,0,,821,24.60414129,63.21559074,6.211936663,5.968331303
Santa Clara_ 2021 Q4 Court,1754,Santa Clara, 2021 Q4 Court,1567,852,220,452,35,57,194,44,96,17,Santa Clara,Jeff Rosen,1,1,1,1,0,,764,28.79581152,59.16230366,7.460732984,4.581151832
Santa Clara_ 2022 Q1 Court,1755,Santa Clara, 2022 Q1 Court,1743,936,177,454,29,28,175,35,94,27,Santa Clara,Jeff Rosen,1,1,1,1,0,,688,25.72674419,65.98837209,4.069767442,4.215116279
Santa Clara_ 2022 Q2 Court,1756,Santa Clara, 2022 Q2 Court,1905,910,161,457,47,45,242,38,113,44,Santa Clara,Jeff Rosen,1,1,1,1,0,,710,22.67605634,64.36619718,6.338028169,6.61971831
Santa Clara_ 2022 Q3 Court,1757,Santa Clara, 2022 Q3 Court,2043,915,187,452,64,44,238,77,97,51,Santa Clara,Jeff Rosen,1,1,1,1,1,,747,25.0334672,60.50870147,5.890227577,8.567603748
Santa Clara_ 2022 Q4 Court,1758,Santa Clara, 2022 Q4 Court,1736,818,233,527,67,57,273,40,115,28,Santa Clara,Jeff Rosen,1,1,1,1,1,,884,26.35746606,59.61538462,6.447963801,7.57918552
Santa Clara_ 2023 Q1 Court,1759,Santa Clara, 2023 Q1 Court,487,729,223,483,58,53,251,22,68,24,Santa Clara,Jeff Rosen,1,NA,NA,NA,0,,817,27.29498164,59.11872705,6.487148103,7.099143207
Santa Cruz_ 2013 Q1 Court,1760,Santa Cruz, 2013 Q1 Court,517,4,21,300,0,4,0,0,28,0,Santa Cruz,Bob Lee,0,1,1,0,0,,325,6.461538462,92.30769231,1.230769231,0
Santa Cruz_ 2013 Q2 Court,1761,Santa Cruz, 2013 Q2 Court,607,21,33,205,10,6,0,0,24,NA,Santa Cruz,Bob Lee,0,1,1,0,0,,254,12.99212598,80.70866142,2.362204724,3.937007874
Santa Cruz_ 2013 Q3 Court,1762,Santa Cruz, 2013 Q3 Court,629,13,34,180,5,2,0,0,28,10,Santa Cruz,Bob Lee,0,1,1,0,0,,221,15.38461538,81.4479638,0.904977376,2.262443439
Santa Cruz_ 2013 Q4 Court,1763,Santa Cruz, 2013 Q4 Court,602,29,34,249,13,11,0,13,29,30,Santa Cruz,Bob Lee,0,1,1,0,0,,307,11.07491857,81.10749186,3.583061889,4.234527687
Santa Cruz_ 2014 Q1 Court,1764,Santa Cruz, 2014 Q1 Court,558,49,42,277,13,19,0,0,17,17,Santa Cruz,Bob Lee,0,1,1,0,0,,351,11.96581197,78.91737892,5.413105413,3.703703704
Santa Cruz_ 2014 Q2 Court,1765,Santa Cruz, 2014 Q2 Court,643,62,55,312,15,12,445,0,33,7,Santa Cruz,Bob Lee,0,1,1,0,0,,394,13.95939086,79.18781726,3.045685279,3.807106599
Santa Cruz_ 2014 Q3 Court,1766,Santa Cruz, 2014 Q3 Court,671,73,37,274,8,17,445,87,31,13,Santa Cruz,Bob Lee,0,1,1,0,1,,336,11.01190476,81.54761905,5.05952381,2.380952381
Santa Cruz_ 2014 Q4 Court,1767,Santa Cruz, 2014 Q4 Court,473,44,19,201,7,3,342,7,23,7,Santa Cruz,Bob Lee,0,1,1,0,1,,230,8.260869565,87.39130435,1.304347826,3.043478261
Santa Cruz_ 2015 Q1 Court,1768,Santa Cruz, 2015 Q1 Court,423,45,15,191,9,7,477,0,44,7,Santa Cruz,Jeff Rosell,0,1,1,0,0,Bob Lee died in 2014 and Rosell was appointed,222,6.756756757,86.03603604,3.153153153,4.054054054
Santa Cruz_ 2015 Q2 Court,1769,Santa Cruz, 2015 Q2 Court,376,2,36,148,5,8,299,NA,47,12,Santa Cruz,Jeff Rosell,0,1,1,0,0,,197,18.27411168,75.12690355,4.060913706,2.538071066
Santa Cruz_ 2015 Q3 Court,1770,Santa Cruz, 2015 Q3 Court,413,34,37,203,9,6,0,0,24,14,Santa Cruz,Jeff Rosell,0,1,1,0,0,,255,14.50980392,79.60784314,2.352941176,3.529411765
Santa Cruz_ 2015 Q4 Court,1771,Santa Cruz, 2015 Q4 Court,355,NA,2,22,3,0,NA,NA,1,1,Santa Cruz,Jeff Rosell,0,1,1,0,0,,27,7.407407407,81.48148148,0,11.11111111
Santa Cruz_ 2016 Q1 Court,1772,Santa Cruz, 2016 Q1 Court,330,NA,14,106,9,5,NA,NA,0,0,Santa Cruz,Jeff Rosell,0,1,1,0,0,,134,10.44776119,79.10447761,3.731343284,6.71641791
Santa Cruz_ 2016 Q2 Court,1773,Santa Cruz, 2016 Q2 Court,383,148,17,168,6,4,22,0,34,0,Santa Cruz,Jeff Rosell,0,1,1,0,0,,195,8.717948718,86.15384615,2.051282051,3.076923077
Santa Cruz_ 2016 Q3 Court,1774,Santa Cruz, 2016 Q3 Court,337,NA,30,195,3,9,407,1,1,4,Santa Cruz,Jeff Rosell,0,1,1,0,0,,237,12.65822785,82.27848101,3.797468354,1.265822785
Santa Cruz_ 2016 Q4 Court,1775,Santa Cruz, 2016 Q4 Court,318,NA,31,225,5,15,115,2,0,0,Santa Cruz,Jeff Rosell,0,1,1,0,0,,276,11.23188406,81.52173913,5.434782609,1.811594203
Santa Cruz_ 2017 Q1 Court,1776,Santa Cruz, 2017 Q1 Court,320,NA,21,254,4,8,75,2,0,0,Santa Cruz,Jeff Rosell,0,1,1,0,0,,287,7.317073171,88.50174216,2.787456446,1.393728223
Santa Cruz_ 2017 Q2 Court,1777,Santa Cruz, 2017 Q2 Court,450,16,21,254,4,8,75,2,0,0,Santa Cruz,Jeff Rosell,0,1,1,0,0,,287,7.317073171,88.50174216,2.787456446,1.393728223
Santa Cruz_ 2017 Q3 Court,1778,Santa Cruz, 2017 Q3 Court,376,0,31,366,11,26,107,1,1,0,Santa Cruz,Jeff Rosell,0,1,1,0,0,,434,7.142857143,84.33179724,5.99078341,2.534562212
Santa Cruz_ 2017 Q4 Court,1779,Santa Cruz, 2017 Q4 Court,352,0,36,370,9,22,105,2,0,0,Santa Cruz,Jeff Rosell,0,1,1,0,0,,437,8.23798627,84.66819222,5.034324943,2.059496568
Santa Cruz_ 2018 Q1 Court,1780,Santa Cruz, 2018 Q1 Court,385,132,71,203,9,25,388,32,34,5,Santa Cruz,Jeff Rosell,0,1,1,0,0,,308,23.05194805,65.90909091,8.116883117,2.922077922
Santa Cruz_ 2018 Q2 Court,1781,Santa Cruz, 2018 Q2 Court,439,56,63,180,7,15,351,56,28,6,Santa Cruz,Jeff Rosell,0,1,1,0,0,,265,23.77358491,67.9245283,5.660377358,2.641509434
Santa Cruz_ 2018 Q3 Court,1782,Santa Cruz, 2018 Q3 Court,400,64,39,218,5,24,284,10,45,11,Santa Cruz,Jeff Rosell,0,1,1,0,1,,286,13.63636364,76.22377622,8.391608392,1.748251748
Santa Cruz_ 2018 Q4 Court,1783,Santa Cruz, 2018 Q4 Court,409,93,31,172,7,24,413,28,44,11,Santa Cruz,Jeff Rosell,0,1,1,0,1,,234,13.24786325,73.5042735,10.25641026,2.991452991
Santa Cruz_ 2019 Q1 Court,1784,Santa Cruz, 2019 Q1 Court,424,84,22,141,36,28,330,32,36,0,Santa Cruz,Jeff Rosell,0,1,1,0,0,,227,9.691629956,62.11453744,12.33480176,15.85903084
Santa Cruz_ 2019 Q2 Court,1785,Santa Cruz, 2019 Q2 Court,437,84,25,159,0,27,329,42,31,12,Santa Cruz,Jeff Rosell,0,1,1,0,0,,211,11.84834123,75.35545024,12.79620853,0
Santa Cruz_ 2019 Q3 Court,1786,Santa Cruz, 2019 Q3 Court,395,96,87,166,20,26,301,22,38,10,Santa Cruz,Jeff Rosell,0,1,1,0,0,,299,29.09698997,55.51839465,8.695652174,6.688963211
Santa Cruz_ 2019 Q4 Court,1787,Santa Cruz, 2019 Q4 Court,311,84,57,175,20,32,398,39,27,8,Santa Cruz,Jeff Rosell,0,1,1,0,0,,284,20.07042254,61.61971831,11.26760563,7.042253521
Santa Cruz_ 2020 Q1 Court,1788,Santa Cruz, 2020 Q1 Court,356,79,35,135,25,30,222,26,24,11,Santa Cruz,Jeff Rosell,0,1,1,0,0,,225,15.55555556,60,13.33333333,11.11111111
Santa Cruz_ 2020 Q2 Court,1789,Santa Cruz, 2020 Q2 Court,275,44,31,85,3,9,139,10,18,6,Santa Cruz,Jeff Rosell,0,1,1,0,0,,128,24.21875,66.40625,7.03125,2.34375
Santa Cruz_ 2020 Q3 Court,1790,Santa Cruz, 2020 Q3 Court,353,131,39,126,9,12,138,19,32,9,Santa Cruz,Jeff Rosell,0,1,1,0,0,,186,20.96774194,67.74193548,6.451612903,4.838709677
Santa Cruz_ 2020 Q4 Court,1791,Santa Cruz, 2020 Q4 Court,359,157,32,128,8,18,156,18,29,8,Santa Cruz,Jeff Rosell,0,1,1,0,0,,186,17.20430108,68.8172043,9.677419355,4.301075269
Santa Cruz_ 2021 Q1 Court,1792,Santa Cruz, 2021 Q1 Court,352,182,31,125,7,11,131,11,31,7,Santa Cruz,Jeff Rosell,0,1,1,0,0,,174,17.81609195,71.83908046,6.32183908,4.022988506
Santa Cruz_ 2021 Q2 Court,1793,Santa Cruz, 2021 Q2 Court,341,192,38,166,9,17,168,44,38,4,Santa Cruz,Jeff Rosell,0,1,1,0,0,,230,16.52173913,72.17391304,7.391304348,3.913043478
Santa Cruz_ 2021 Q3 Court,1794,Santa Cruz, 2021 Q3 Court,407,209,38,168,19,18,206,24,38,5,Santa Cruz,Jeff Rosell,0,1,1,0,0,,243,15.63786008,69.13580247,7.407407407,7.818930041
Santa Cruz_ 2021 Q4 Court,1795,Santa Cruz, 2021 Q4 Court,411,214,38,131,10,28,187,30,34,5,Santa Cruz,Jeff Rosell,0,1,1,0,0,,207,18.35748792,63.28502415,13.52657005,4.830917874
Santa Cruz_ 2022 Q1 Court,1796,Santa Cruz, 2022 Q1 Court,315,172,43,142,7,15,162,10,29,7,Santa Cruz,Jeff Rosell,0,1,1,0,0,,207,20.77294686,68.59903382,7.246376812,3.381642512
Santa Cruz_ 2022 Q2 Court,1797,Santa Cruz, 2022 Q2 Court,306,168,39,138,5,12,193,13,25,5,Santa Cruz,Jeff Rosell,0,1,1,0,0,,194,20.10309278,71.13402062,6.18556701,2.577319588
Santa Cruz_ 2022 Q3 Court,1798,Santa Cruz, 2022 Q3 Court,418,180,44,150,10,20,213,25,31,2,Santa Cruz,Jeff Rosell,0,1,1,0,1,,224,19.64285714,66.96428571,8.928571429,4.464285714
Santa Cruz_ 2022 Q4 Court,1799,Santa Cruz, 2022 Q4 Court,375,159,27,152,11,24,168,11,40,2,Santa Cruz,Jeff Rosell,0,1,1,0,1,,214,12.61682243,71.02803738,11.21495327,5.140186916
Santa Cruz_ 2023 Q1 Court,1800,Santa Cruz, 2023 Q1 Court,365,171,34,184,17,37,187,39,27,6,Santa Cruz,Jeff Rosell,0,NA,NA,NA,0,,272,12.5,67.64705882,13.60294118,6.25
Shasta_ 2013 Q1 Court,1801,Shasta, 2013 Q1 Court,956,726,93,89,18,59,366,27,68,0,Shasta,Steve Carlton,0,1,1,0,0,,259,35.90733591,34.36293436,22.77992278,6.94980695
Shasta_ 2013 Q2 Court,1802,Shasta, 2013 Q2 Court,925,786,117,62,9,58,306,34,68,0,Shasta,Steve Carlton,0,1,1,0,0,,246,47.56097561,25.20325203,23.57723577,3.658536585
Shasta_ 2013 Q3 Court,1803,Shasta, 2013 Q3 Court,976,747,106,92,12,70,402,55,58,32,Shasta,Steve Carlton,0,1,1,0,0,,280,37.85714286,32.85714286,25,4.285714286
Shasta_ 2013 Q4 Court,1804,Shasta, 2013 Q4 Court,931,801,114,150,8,57,516,97,57,45,Shasta,Steve Carlton,0,1,1,0,0,,329,34.65045593,45.59270517,17.32522796,2.431610942
Shasta_ 2014 Q1 Court,1805,Shasta, 2014 Q1 Court,805,651,111,210,15,76,470,90,47,41,Shasta,Steve Carlton,0,1,1,0,0,,412,26.94174757,50.97087379,18.44660194,3.640776699
Shasta_ 2014 Q2 Court,1806,Shasta, 2014 Q2 Court,1045,794,182,239,1,57,477,83,52,64,Shasta,Steve Carlton,0,1,1,0,0,,479,37.99582463,49.89561587,11.89979123,0.208768267
Shasta_ 2014 Q3 Court,1807,Shasta, 2014 Q3 Court,854,676,175,241,3,48,525,148,48,51,Shasta,Steve Carlton,0,1,1,0,1,,467,37.4732334,51.60599572,10.27837259,0.642398287
Shasta_ 2014 Q4 Court,1808,Shasta, 2014 Q4 Court,843,569,108,209,2,25,424,104,43,57,Shasta,Steve Carlton,0,1,1,0,1,,344,31.39534884,60.75581395,7.26744186,0.581395349
Shasta_ 2015 Q1 Court,1809,Shasta, 2015 Q1 Court,527,357,111,186,4,15,323,75,48,51,Shasta,Steve Carlton,0,0,NA,NA,0,,316,35.12658228,58.86075949,4.746835443,1.265822785
Shasta_ 2015 Q2 Court,1810,Shasta, 2015 Q2 Court,630,322,103,187,3,16,350,40,45,48,Shasta,Steve Carlton,0,0,NA,NA,0,,309,33.33333333,60.51779935,5.177993528,0.970873786
Shasta_ 2015 Q3 Court,1811,Shasta, 2015 Q3 Court,732,257,111,239,3,20,357,47,41,85,Shasta,Steve Carlton,0,0,NA,NA,0,,373,29.75871314,64.07506702,5.361930295,0.804289544
Shasta_ 2015 Q4 Court,1812,Shasta, 2015 Q4 Court,665,199,58,220,3,17,317,54,68,60,Shasta,Steve Carlton,0,0,NA,NA,0,,298,19.46308725,73.82550336,5.704697987,1.006711409
Shasta_ 2016 Q1 Court,1813,Shasta, 2016 Q1 Court,702,208,65,218,1,7,410,66,49,53,Shasta,Steve Carlton,0,0,NA,NA,0,,291,22.33676976,74.91408935,2.405498282,0.343642612
Shasta_ 2016 Q2 Court,1814,Shasta, 2016 Q2 Court,673,223,106,209,0,11,493,54,46,38,Shasta,Steve Carlton,0,0,NA,NA,0,,326,32.51533742,64.11042945,3.374233129,0
Shasta_ 2016 Q3 Court,1815,Shasta, 2016 Q3 Court,654,271,121,177,6,10,564,52,43,64,Shasta,Steve Carlton,0,0,NA,NA,0,,314,38.53503185,56.36942675,3.184713376,1.910828025
Shasta_ 2016 Q4 Court,1816,Shasta, 2016 Q4 Court,554,234,83,164,2,19,565,40,38,27,Shasta,Steve Carlton,0,0,NA,NA,0,,268,30.97014925,61.19402985,7.089552239,0.746268657
Shasta_ 2017 Q1 Court,1817,Shasta, 2017 Q1 Court,599,239,93,142,2,12,635,34,59,30,Shasta,Steve Carlton,0,0,NA,NA,0,,249,37.34939759,57.02811245,4.819277108,0.803212851
Shasta_ 2017 Q2 Court,1818,Shasta, 2017 Q2 Court,542,309,90,157,3,20,491,36,69,52,Shasta,Steve Carlton,0,0,NA,NA,0,,270,33.33333333,58.14814815,7.407407407,1.111111111
Shasta_ 2017 Q3 Court,1819,Shasta, 2017 Q3 Court,622,339,103,158,4,19,431,41,61,54,Shasta,Steve Carlton,0,0,NA,NA,0,,284,36.26760563,55.63380282,6.690140845,1.408450704
Shasta_ 2017 Q4 Court,1820,Shasta, 2017 Q4 Court,456,368,89,151,6,13,402,39,50,48,Shasta,Steve Carlton,0,0,NA,NA,0,,259,34.36293436,58.3011583,5.019305019,2.316602317
Shasta_ 2018 Q1 Court,1821,Shasta, 2018 Q1 Court,591,302,122,154,6,12,357,22,45,42,Shasta,Steve Carlton,0,0,NA,0,0,,294,41.49659864,52.38095238,4.081632653,2.040816327
Shasta_ 2018 Q2 Court,1822,Shasta, 2018 Q2 Court,648,319,99,133,6,21,476,14,58,59,Shasta,Steve Carlton,0,0,NA,0,0,,259,38.22393822,51.35135135,8.108108108,2.316602317
Shasta_ 2018 Q3 Court,1823,Shasta, 2018 Q3 Court,580,332,136,155,3,12,405,20,38,53,Shasta,Steve Carlton,0,0,NA,0,1,,306,44.44444444,50.65359477,3.921568627,0.980392157
Shasta_ 2018 Q4 Court,1824,Shasta, 2018 Q4 Court,430,363,110,145,2,17,309,33,34,70,Shasta,Steve Carlton,0,0,NA,0,1,,274,40.1459854,52.91970803,6.204379562,0.729927007
Shasta_ 2019 Q1 Court,1825,Shasta, 2019 Q1 Court,471,219,95,188,11,21,364,27,59,47,Shasta,Stephanie Bridgett,0,1,1,1,0,,315,30.15873016,59.68253968,6.666666667,3.492063492
Shasta_ 2019 Q2 Court,1826,Shasta, 2019 Q2 Court,472,212,120,192,6,25,345,27,51,48,Shasta,Stephanie Bridgett,0,1,1,1,0,,343,34.98542274,55.97667638,7.288629738,1.749271137
Shasta_ 2019 Q3 Court,1827,Shasta, 2019 Q3 Court,497,228,115,146,3,11,390,31,59,71,Shasta,Stephanie Bridgett,0,1,1,1,0,,275,41.81818182,53.09090909,4,1.090909091
Shasta_ 2019 Q4 Court,1828,Shasta, 2019 Q4 Court,476,216,74,163,13,10,442,30,74,89,Shasta,Stephanie Bridgett,0,1,1,1,0,,260,28.46153846,62.69230769,3.846153846,5
Shasta_ 2020 Q1 Court,1829,Shasta, 2020 Q1 Court,391,205,99,191,5,6,337,41,45,71,Shasta,Stephanie Bridgett,0,1,1,1,0,,301,32.89036545,63.4551495,1.993355482,1.661129568
Shasta_ 2020 Q2 Court,1830,Shasta, 2020 Q2 Court,530,169,87,118,15,2,322,44,41,36,Shasta,Stephanie Bridgett,0,1,1,1,0,,222,39.18918919,53.15315315,0.900900901,6.756756757
Shasta_ 2020 Q3 Court,1831,Shasta, 2020 Q3 Court,603,345,102,141,5,3,420,16,63,53,Shasta,Stephanie Bridgett,0,1,1,1,0,,251,40.6374502,56.1752988,1.195219124,1.992031873
Shasta_ 2020 Q4 Court,1832,Shasta, 2020 Q4 Court,445,367,70,113,4,1,408,21,48,59,Shasta,Stephanie Bridgett,0,1,1,1,0,,188,37.23404255,60.10638298,0.531914894,2.127659574
Shasta_ 2021 Q1 Court,1833,Shasta, 2021 Q1 Court,440,298,63,118,1,5,362,18,46,69,Shasta,Stephanie Bridgett,0,1,1,1,0,,187,33.68983957,63.10160428,2.673796791,0.534759358
Shasta_ 2021 Q2 Court,1834,Shasta, 2021 Q2 Court,551,405,83,111,4,7,270,10,43,62,Shasta,Stephanie Bridgett,0,1,1,1,0,,205,40.48780488,54.14634146,3.414634146,1.951219512
Shasta_ 2021 Q3 Court,1835,Shasta, 2021 Q3 Court,509,352,132,96,1,1,262,35,32,65,Shasta,Stephanie Bridgett,0,1,1,1,0,,230,57.39130435,41.73913043,0.434782609,0.434782609
Shasta_ 2021 Q4 Court,1836,Shasta, 2021 Q4 Court,314,355,84,80,0,0,126,15,44,68,Shasta,Stephanie Bridgett,0,1,1,1,0,,164,51.2195122,48.7804878,0,0
Shasta_ 2022 Q1 Court,1837,Shasta, 2022 Q1 Court,217,278,90,94,1,6,103,7,39,81,Shasta,Stephanie Bridgett,0,1,1,1,0,,191,47.12041885,49.21465969,3.141361257,0.523560209
Shasta_ 2022 Q2 Court,1838,Shasta, 2022 Q2 Court,335,253,114,92,1,3,206,6,63,112,Shasta,Stephanie Bridgett,0,1,1,1,0,,210,54.28571429,43.80952381,1.428571429,0.476190476
Shasta_ 2022 Q3 Court,1839,Shasta, 2022 Q3 Court,454,343,70,86,2,6,287,2,84,140,Shasta,Stephanie Bridgett,0,1,1,1,1,,164,42.68292683,52.43902439,3.658536585,1.219512195
Shasta_ 2022 Q4 Court,1840,Shasta, 2022 Q4 Court,554,575,67,95,1,1,272,3,66,76,Shasta,Stephanie Bridgett,0,1,1,1,1,,164,40.85365854,57.92682927,0.609756098,0.609756098
Shasta_ 2023 Q1 Court,1841,Shasta, 2023 Q1 Court,339,408,78,101,1,0,294,17,42,66,Shasta,Stephanie Bridgett,0,NA,NA,NA,0,,180,43.33333333,56.11111111,0,0.555555556
Sierra_ 2013 Q1 Court,1842,Sierra, 2013 Q1 Court,3,4,0,0,0,0,4,0,0,0,Sierra,Lawrence Allen,0,1,1,0,0,,0,NA,NA,NA,NA
Sierra_ 2013 Q2 Court,1843,Sierra, 2013 Q2 Court,10,6,0,9,0,0,NA,0,0,NA,Sierra,Lawrence Allen,0,1,1,0,0,,9,0,100,0,0
Sierra_ 2013 Q3 Court,1844,Sierra, 2013 Q3 Court,7,2,0,1,0,0,7,0,1,0,Sierra,Lawrence Allen,0,1,1,0,0,,1,0,100,0,0
Sierra_ 2013 Q4 Court,1845,Sierra, 2013 Q4 Court,8,0,0,0,0,0,0,0,0,0,Sierra,Lawrence Allen,0,1,1,0,0,,0,NA,NA,NA,NA
Sierra_ 2014 Q1 Court,1846,Sierra, 2014 Q1 Court,10,3,2,3,1,0,2,0,1,0,Sierra,Lawrence Allen,0,1,1,0,0,,6,33.33333333,50,0,16.66666667
Sierra_ 2014 Q2 Court,1847,Sierra, 2014 Q2 Court,5,1,0,1,0,0,1,0,0,1,Sierra,Lawrence Allen,0,1,1,0,0,,1,0,100,0,0
Sierra_ 2014 Q3 Court,1848,Sierra, 2014 Q3 Court,9,2,0,1,0,0,2,0,0,2,Sierra,Lawrence Allen,0,1,1,0,1,,1,0,100,0,0
Sierra_ 2014 Q4 Court,1849,Sierra, 2014 Q4 Court,8,0,0,2,0,0,4,0,0,1,Sierra,Lawrence Allen,0,1,1,0,1,,2,0,100,0,0
Sierra_ 2015 Q1 Court,1850,Sierra, 2015 Q1 Court,2,2,0,2,0,0,2,0,0,1,Sierra,Lawrence Allen,0,0,NA,NA,0,,2,0,100,0,0
Sierra_ 2015 Q2 Court,1851,Sierra, 2015 Q2 Court,8,0,0,1,0,0,1,0,0,1,Sierra,Lawrence Allen,0,0,NA,NA,0,,1,0,100,0,0
Sierra_ 2015 Q3 Court,1852,Sierra, 2015 Q3 Court,7,NA,NA,NA,NA,NA,NA,NA,NA,NA,Sierra,Lawrence Allen,0,0,NA,NA,0,,NA,NA,NA,NA,NA
Sierra_ 2015 Q4 Court,1853,Sierra, 2015 Q4 Court,16,2,0,1,0,0,1,0,0,1,Sierra,Lawrence Allen,0,0,NA,NA,0,,1,0,100,0,0
Sierra_ 2016 Q1 Court,1854,Sierra, 2016 Q1 Court,4,1,0,3,0,0,2,0,0,0,Sierra,Lawrence Allen,0,0,NA,NA,0,,3,0,100,0,0
Sierra_ 2016 Q2 Court,1855,Sierra, 2016 Q2 Court,11,1,0,5,0,1,0,0,0,0,Sierra,Lawrence Allen,0,0,NA,NA,0,,6,0,83.33333333,16.66666667,0
Sierra_ 2016 Q3 Court,1856,Sierra, 2016 Q3 Court,8,1,0,4,0,0,1,0,0,0,Sierra,Lawrence Allen,0,0,NA,NA,0,,4,0,100,0,0
Sierra_ 2016 Q4 Court,1857,Sierra, 2016 Q4 Court,10,2,0,4,0,0,1,0,0,1,Sierra,Lawrence Allen,0,0,NA,NA,0,,4,0,100,0,0
Sierra_ 2017 Q1 Court,1858,Sierra, 2017 Q1 Court,6,1,1,0,0,1,0,0,0,2,Sierra,Lawrence Allen,0,0,NA,NA,0,,2,50,0,50,0
Sierra_ 2017 Q2 Court,1859,Sierra, 2017 Q2 Court,15,NA,NA,NA,NA,NA,NA,NA,NA,NA,Sierra,Lawrence Allen,0,0,NA,NA,0,,NA,NA,NA,NA,NA
Sierra_ 2017 Q3 Court,1860,Sierra, 2017 Q3 Court,16,1,0,2,0,0,5,0,0,0,Sierra,Lawrence Allen,0,0,NA,NA,0,,2,0,100,0,0
Sierra_ 2017 Q4 Court,1861,Sierra, 2017 Q4 Court,11,NA,NA,NA,NA,NA,NA,NA,NA,NA,Sierra,Lawrence Allen,0,0,NA,NA,0,,NA,NA,NA,NA,NA
Sierra_ 2018 Q1 Court,1862,Sierra, 2018 Q1 Court,15,2,3,3,0,0,6,0,0,2,Sierra,Lawrence Allen,0,0,NA,1,0,,6,50,50,0,0
Sierra_ 2018 Q2 Court,1863,Sierra, 2018 Q2 Court,12,NA,NA,NA,NA,NA,NA,NA,NA,NA,Sierra,Lawrence Allen,0,0,NA,1,0,,NA,NA,NA,NA,NA
Sierra_ 2018 Q3 Court,1864,Sierra, 2018 Q3 Court,16,NA,NA,NA,NA,NA,NA,NA,NA,NA,Sierra,Lawrence Allen,0,0,NA,1,1,,NA,NA,NA,NA,NA
Sierra_ 2018 Q4 Court,1865,Sierra, 2018 Q4 Court,10,NA,NA,NA,NA,NA,NA,NA,NA,NA,Sierra,Lawrence Allen,0,0,NA,1,1,,NA,NA,NA,NA,NA
Sierra_ 2019 Q1 Court,1866,Sierra, 2019 Q1 Court,8,NA,NA,NA,NA,NA,NA,NA,NA,NA,Sierra,Sandra Groven,0,1,1,0,0,,NA,NA,NA,NA,NA
Sierra_ 2019 Q2 Court,1867,Sierra, 2019 Q2 Court,7,NA,NA,NA,NA,NA,NA,NA,NA,NA,Sierra,Sandra Groven,0,1,1,0,0,,NA,NA,NA,NA,NA
Sierra_ 2019 Q3 Court,1868,Sierra, 2019 Q3 Court,7,NA,NA,1,NA,NA,NA,NA,NA,NA,Sierra,Sandra Groven,0,1,1,0,0,,NA,NA,NA,NA,NA
Sierra_ 2019 Q4 Court,1869,Sierra, 2019 Q4 Court,9,1,NA,1,NA,NA,1,NA,NA,NA,Sierra,Sandra Groven,0,1,1,0,0,,NA,NA,NA,NA,NA
Sierra_ 2020 Q1 Court,1870,Sierra, 2020 Q1 Court,12,4,0,NA,NA,NA,0,NA,NA,0,Sierra,Sandra Groven,0,1,1,0,0,,NA,NA,NA,NA,NA
Sierra_ 2020 Q2 Court,1871,Sierra, 2020 Q2 Court,16,3,0,1,0,0,1,0,0,0,Sierra,Sandra Groven,0,1,1,0,0,,1,0,100,0,0
Sierra_ 2020 Q3 Court,1872,Sierra, 2020 Q3 Court,10,2,0,2,0,1,1,0,0,0,Sierra,Sandra Groven,0,1,1,0,0,,3,0,66.66666667,33.33333333,0
Sierra_ 2020 Q4 Court,1873,Sierra, 2020 Q4 Court,11,1,0,1,0,0,0,0,1,0,Sierra,Sandra Groven,0,1,1,0,0,,1,0,100,0,0
Sierra_ 2021 Q1 Court,1874,Sierra, 2021 Q1 Court,7,7,0,1,0,0,1,0,0,0,Sierra,Sandra Groven,0,1,1,0,0,,1,0,100,0,0
Sierra_ 2021 Q2 Court,1875,Sierra, 2021 Q2 Court,3,1,0,2,0,1,2,0,0,0,Sierra,Sandra Groven,0,1,1,0,0,,3,0,66.66666667,33.33333333,0
Sierra_ 2021 Q3 Court,1876,Sierra, 2021 Q3 Court,8,0,0,1,0,0,0,0,0,0,Sierra,Sandra Groven,0,1,1,0,0,,1,0,100,0,0
Sierra_ 2021 Q4 Court,1877,Sierra, 2021 Q4 Court,13,1,0,1,0,0,2,0,0,0,Sierra,Sandra Groven,0,1,1,0,0,,1,0,100,0,0
Sierra_ 2022 Q1 Court,1878,Sierra, 2022 Q1 Court,12,2,0,2,0,0,0,0,1,0,Sierra,Sandra Groven,0,1,1,0,0,,2,0,100,0,0
Sierra_ 2022 Q2 Court,1879,Sierra, 2022 Q2 Court,2,1,1,2,0,1,0,0,0,0,Sierra,Sandra Groven,0,1,1,0,0,,4,25,50,25,0
Sierra_ 2022 Q3 Court,1880,Sierra, 2022 Q3 Court,10,1,0,1,0,0,2,0,0,0,Sierra,Sandra Groven,0,1,1,0,1,,1,0,100,0,0
Sierra_ 2022 Q4 Court,1881,Sierra, 2022 Q4 Court,6,1,0,0,0,0,1,0,0,0,Sierra,Sandra Groven,0,1,1,0,1,,0,NA,NA,NA,NA
Sierra_ 2023 Q1 Court,1882,Sierra, 2023 Q1 Court,8,3,0,1,0,0,4,0,0,0,Sierra,Sandra Groven,0,NA,NA,NA,0,,1,0,100,0,0
Siskiyou_ 2013 Q1 Court,1883,Siskiyou, 2013 Q1 Court,149,NA,7,33,2,4,NA,1,19,NA,Siskiyou,Kirk Andrus,0,1,1,0,0,,46,15.2173913,71.73913043,8.695652174,4.347826087
Siskiyou_ 2013 Q2 Court,1884,Siskiyou, 2013 Q2 Court,126,53,20,52,1,1,72,3,18,0,Siskiyou,Kirk Andrus,0,1,1,0,0,,74,27.02702703,70.27027027,1.351351351,1.351351351
Siskiyou_ 2013 Q3 Court,1885,Siskiyou, 2013 Q3 Court,150,24,11,59,4,0,63,0,0,0,Siskiyou,Kirk Andrus,0,1,1,0,0,,74,14.86486486,79.72972973,0,5.405405405
Siskiyou_ 2013 Q4 Court,1886,Siskiyou, 2013 Q4 Court,144,41,11,51,0,5,80,0,12,3,Siskiyou,Kirk Andrus,0,1,1,0,0,,67,16.41791045,76.11940299,7.462686567,0
Siskiyou_ 2014 Q1 Court,1887,Siskiyou, 2014 Q1 Court,158,99,22,57,3,4,126,1,15,1,Siskiyou,Kirk Andrus,0,1,1,0,0,,86,25.58139535,66.27906977,4.651162791,3.488372093
Siskiyou_ 2014 Q2 Court,1888,Siskiyou, 2014 Q2 Court,106,76,17,57,2,2,150,5,16,5,Siskiyou,Kirk Andrus,0,1,1,0,0,,78,21.79487179,73.07692308,2.564102564,2.564102564
Siskiyou_ 2014 Q3 Court,1889,Siskiyou, 2014 Q3 Court,129,106,18,57,3,7,119,8,17,8,Siskiyou,Kirk Andrus,0,1,1,0,1,,85,21.17647059,67.05882353,8.235294118,3.529411765
Siskiyou_ 2014 Q4 Court,1890,Siskiyou, 2014 Q4 Court,132,83,12,57,0,2,77,4,19,2,Siskiyou,Kirk Andrus,0,1,1,0,1,,71,16.90140845,80.28169014,2.816901408,0
Siskiyou_ 2015 Q1 Court,1891,Siskiyou, 2015 Q1 Court,96,62,13,57,0,0,55,9,8,6,Siskiyou,Kirk Andrus,0,1,1,0,0,,70,18.57142857,81.42857143,0,0
Siskiyou_ 2015 Q2 Court,1892,Siskiyou, 2015 Q2 Court,122,68,14,44,1,0,100,9,16,1,Siskiyou,Kirk Andrus,0,1,1,0,0,,59,23.72881356,74.57627119,0,1.694915254
Siskiyou_ 2015 Q3 Court,1893,Siskiyou, 2015 Q3 Court,142,94,27,56,0,0,147,4,9,3,Siskiyou,Kirk Andrus,0,1,1,0,0,,83,32.53012048,67.46987952,0,0
Siskiyou_ 2015 Q4 Court,1894,Siskiyou, 2015 Q4 Court,136,51,23,49,0,3,105,0,18,0,Siskiyou,Kirk Andrus,0,1,1,0,0,,75,30.66666667,65.33333333,4,0
Siskiyou_ 2016 Q1 Court,1895,Siskiyou, 2016 Q1 Court,125,49,17,57,0,0,101,2,7,2,Siskiyou,Kirk Andrus,0,1,1,0,0,,74,22.97297297,77.02702703,0,0
Siskiyou_ 2016 Q2 Court,1896,Siskiyou, 2016 Q2 Court,134,27,19,69,1,2,60,8,13,0,Siskiyou,Kirk Andrus,0,1,1,0,0,,91,20.87912088,75.82417582,2.197802198,1.098901099
Siskiyou_ 2016 Q3 Court,1897,Siskiyou, 2016 Q3 Court,155,92,13,58,2,0,52,0,11,1,Siskiyou,Kirk Andrus,0,1,1,0,0,,73,17.80821918,79.45205479,0,2.739726027
Siskiyou_ 2016 Q4 Court,1898,Siskiyou, 2016 Q4 Court,117,49,17,60,1,1,82,9,10,1,Siskiyou,Kirk Andrus,0,1,1,0,0,,79,21.51898734,75.94936709,1.265822785,1.265822785
Siskiyou_ 2017 Q1 Court,1899,Siskiyou, 2017 Q1 Court,139,80,27,33,1,1,54,3,8,0,Siskiyou,Kirk Andrus,0,1,1,0,0,,62,43.5483871,53.22580645,1.612903226,1.612903226
Siskiyou_ 2017 Q2 Court,1900,Siskiyou, 2017 Q2 Court,139,94,16,60,1,0,72,4,8,2,Siskiyou,Kirk Andrus,0,1,1,0,0,,77,20.77922078,77.92207792,0,1.298701299
Siskiyou_ 2017 Q3 Court,1901,Siskiyou, 2017 Q3 Court,125,80,29,47,0,2,70,3,8,2,Siskiyou,Kirk Andrus,0,1,1,0,0,,78,37.17948718,60.25641026,2.564102564,0
Siskiyou_ 2017 Q4 Court,1902,Siskiyou, 2017 Q4 Court,128,92,24,46,3,0,78,2,6,1,Siskiyou,Kirk Andrus,0,1,1,0,0,,73,32.87671233,63.01369863,0,4.109589041
Siskiyou_ 2018 Q1 Court,1903,Siskiyou, 2018 Q1 Court,159,105,15,45,9,0,90,2,10,0,Siskiyou,Kirk Andrus,0,1,1,0,0,,69,21.73913043,65.2173913,0,13.04347826
Siskiyou_ 2018 Q2 Court,1904,Siskiyou, 2018 Q2 Court,148,76,22,60,3,0,55,0,6,0,Siskiyou,Kirk Andrus,0,1,1,0,0,,85,25.88235294,70.58823529,0,3.529411765
Siskiyou_ 2018 Q3 Court,1905,Siskiyou, 2018 Q3 Court,157,95,10,34,0,0,82,0,14,4,Siskiyou,Kirk Andrus,0,1,1,0,1,,44,22.72727273,77.27272727,0,0
Siskiyou_ 2018 Q4 Court,1906,Siskiyou, 2018 Q4 Court,116,73,22,40,3,0,52,0,4,0,Siskiyou,Kirk Andrus,0,1,1,0,1,,65,33.84615385,61.53846154,0,4.615384615
Siskiyou_ 2019 Q1 Court,1907,Siskiyou, 2019 Q1 Court,129,102,31,60,2,1,105,0,13,1,Siskiyou,Kirk Andrus,0,1,1,0,0,,94,32.9787234,63.82978723,1.063829787,2.127659574
Siskiyou_ 2019 Q2 Court,1908,Siskiyou, 2019 Q2 Court,138,95,24,60,0,0,133,0,14,3,Siskiyou,Kirk Andrus,0,1,1,0,0,,84,28.57142857,71.42857143,0,0
Siskiyou_ 2019 Q3 Court,1909,Siskiyou, 2019 Q3 Court,138,98,9,59,2,0,140,0,9,0,Siskiyou,Kirk Andrus,0,1,1,0,0,,70,12.85714286,84.28571429,0,2.857142857
Siskiyou_ 2019 Q4 Court,1910,Siskiyou, 2019 Q4 Court,129,75,11,48,0,0,152,0,14,3,Siskiyou,Kirk Andrus,0,1,1,0,0,,59,18.6440678,81.3559322,0,0
Siskiyou_ 2020 Q1 Court,1911,Siskiyou, 2020 Q1 Court,109,34,15,40,0,0,140,0,16,2,Siskiyou,Kirk Andrus,0,1,1,0,0,,55,27.27272727,72.72727273,0,0
Siskiyou_ 2020 Q2 Court,1912,Siskiyou, 2020 Q2 Court,105,68,8,24,0,0,97,0,15,0,Siskiyou,Kirk Andrus,0,1,1,0,0,,32,25,75,0,0
Siskiyou_ 2020 Q3 Court,1913,Siskiyou, 2020 Q3 Court,161,193,14,33,0,0,77,1,6,0,Siskiyou,Kirk Andrus,0,1,1,0,0,,47,29.78723404,70.21276596,0,0
Siskiyou_ 2020 Q4 Court,1914,Siskiyou, 2020 Q4 Court,133,165,7,42,0,0,69,1,14,1,Siskiyou,Kirk Andrus,0,1,1,0,0,,49,14.28571429,85.71428571,0,0
Siskiyou_ 2021 Q1 Court,1915,Siskiyou, 2021 Q1 Court,125,162,5,15,2,0,65,1,10,2,Siskiyou,Kirk Andrus,0,1,1,0,0,,22,22.72727273,68.18181818,0,9.090909091
Siskiyou_ 2021 Q2 Court,1916,Siskiyou, 2021 Q2 Court,170,200,3,38,0,0,88,0,8,2,Siskiyou,Kirk Andrus,0,1,1,0,0,,41,7.317073171,92.68292683,0,0
Siskiyou_ 2021 Q3 Court,1917,Siskiyou, 2021 Q3 Court,181,199,10,16,2,0,43,0,8,1,Siskiyou,Kirk Andrus,0,1,1,0,0,,28,35.71428571,57.14285714,0,7.142857143
Siskiyou_ 2021 Q4 Court,1918,Siskiyou, 2021 Q4 Court,120,205,23,29,1,0,31,0,2,0,Siskiyou,Kirk Andrus,0,1,1,0,0,,53,43.39622642,54.71698113,0,1.886792453
Siskiyou_ 2022 Q1 Court,1919,Siskiyou, 2022 Q1 Court,111,180,20,18,0,0,23,0,3,1,Siskiyou,Kirk Andrus,0,1,1,0,0,,38,52.63157895,47.36842105,0,0
Siskiyou_ 2022 Q2 Court,1920,Siskiyou, 2022 Q2 Court,156,256,16,36,3,0,30,0,2,1,Siskiyou,Kirk Andrus,0,1,1,0,0,,55,29.09090909,65.45454545,0,5.454545455
Siskiyou_ 2022 Q3 Court,1921,Siskiyou, 2022 Q3 Court,167,249,32,24,1,1,23,0,3,1,Siskiyou,Kirk Andrus,0,1,1,0,1,,58,55.17241379,41.37931034,1.724137931,1.724137931
Siskiyou_ 2022 Q4 Court,1922,Siskiyou, 2022 Q4 Court,29,230,15,32,0,0,23,0,1,2,Siskiyou,Kirk Andrus,0,1,1,0,1,,47,31.91489362,68.08510638,0,0
Siskiyou_ 2023 Q1 Court,1923,Siskiyou, 2023 Q1 Court,88,228,10,20,0,0,15,0,2,2,Siskiyou,Kirk Andrus,0,NA,NA,NA,0,,30,33.33333333,66.66666667,0,0
Solano_ 2013 Q1 Court,1924,Solano, 2013 Q1 Court,938,227,89,237,68,26,347,0,82,0,Solano,Don Du Bain,0,1,0,1,0,,420,21.19047619,56.42857143,6.19047619,16.19047619
Solano_ 2013 Q2 Court,1925,Solano, 2013 Q2 Court,916,213,56,226,62,15,416,9,74,0,Solano,Don Du Bain,0,1,0,1,0,,359,15.59888579,62.95264624,4.178272981,17.27019499
Solano_ 2013 Q3 Court,1926,Solano, 2013 Q3 Court,942,228,65,232,63,18,396,7,112,55,Solano,Don Du Bain,0,1,0,1,0,,378,17.1957672,61.37566138,4.761904762,16.66666667
Solano_ 2013 Q4 Court,1927,Solano, 2013 Q4 Court,923,194,82,203,25,12,425,8,90,81,Solano,Don Du Bain,0,1,0,1,0,,322,25.46583851,63.04347826,3.726708075,7.763975155
Solano_ 2014 Q1 Court,1928,Solano, 2014 Q1 Court,930,268,89,228,19,18,433,14,46,91,Solano,Don Du Bain,0,1,0,1,0,,354,25.14124294,64.40677966,5.084745763,5.367231638
Solano_ 2014 Q2 Court,1929,Solano, 2014 Q2 Court,959,255,69,186,23,27,517,14,54,89,Solano,Don Du Bain,0,1,0,1,0,,305,22.62295082,60.98360656,8.852459016,7.540983607
Solano_ 2014 Q3 Court,1930,Solano, 2014 Q3 Court,980,269,89,227,22,17,513,24,64,73,Solano,Don Du Bain,0,1,0,1,1,,355,25.07042254,63.94366197,4.788732394,6.197183099
Solano_ 2014 Q4 Court,1931,Solano, 2014 Q4 Court,788,150,64,156,19,13,314,7,74,84,Solano,Don Du Bain,0,1,0,1,1,,252,25.3968254,61.9047619,5.158730159,7.53968254
Solano_ 2015 Q1 Court,1932,Solano, 2015 Q1 Court,654,139,53,134,13,2,294,21,49,87,Solano,Krishna Abrams,0,1,1,0,0,,202,26.23762376,66.33663366,0.99009901,6.435643564
Solano_ 2015 Q2 Court,1933,Solano, 2015 Q2 Court,656,172,78,144,15,10,278,16,37,94,Solano,Krishna Abrams,0,1,1,0,0,,247,31.57894737,58.29959514,4.048582996,6.072874494
Solano_ 2015 Q3 Court,1934,Solano, 2015 Q3 Court,695,158,85,110,14,11,353,7,57,92,Solano,Krishna Abrams,0,1,1,0,0,,220,38.63636364,50,5,6.363636364
Solano_ 2015 Q4 Court,1935,Solano, 2015 Q4 Court,654,141,83,141,11,9,290,16,74,98,Solano,Krishna Abrams,0,1,1,0,0,,244,34.01639344,57.78688525,3.68852459,4.508196721
Solano_ 2016 Q1 Court,1936,Solano, 2016 Q1 Court,716,164,71,157,19,13,329,15,67,83,Solano,Krishna Abrams,0,1,1,0,0,,260,27.30769231,60.38461538,5,7.307692308
Solano_ 2016 Q2 Court,1937,Solano, 2016 Q2 Court,750,136,69,153,12,11,318,7,95,88,Solano,Krishna Abrams,0,1,1,0,0,,245,28.16326531,62.44897959,4.489795918,4.897959184
Solano_ 2016 Q3 Court,1938,Solano, 2016 Q3 Court,822,146,57,181,13,6,294,7,78,52,Solano,Krishna Abrams,0,1,1,0,0,,257,22.17898833,70.42801556,2.33463035,5.058365759
Solano_ 2016 Q4 Court,1939,Solano, 2016 Q4 Court,717,177,30,175,8,8,363,16,78,57,Solano,Krishna Abrams,0,1,1,0,0,,221,13.57466063,79.18552036,3.619909502,3.619909502
Solano_ 2017 Q1 Court,1940,Solano, 2017 Q1 Court,814,146,32,99,3,1,380,5,58,75,Solano,Krishna Abrams,0,1,1,0,0,,135,23.7037037,73.33333333,0.740740741,2.222222222
Solano_ 2017 Q2 Court,1941,Solano, 2017 Q2 Court,826,153,57,99,10,7,407,4,75,54,Solano,Krishna Abrams,0,1,1,0,0,,173,32.94797688,57.22543353,4.046242775,5.780346821
Solano_ 2017 Q3 Court,1942,Solano, 2017 Q3 Court,812,142,35,59,9,9,361,8,71,62,Solano,Krishna Abrams,0,1,1,0,0,,112,31.25,52.67857143,8.035714286,8.035714286
Solano_ 2017 Q4 Court,1943,Solano, 2017 Q4 Court,648,144,29,66,3,8,337,12,79,60,Solano,Krishna Abrams,0,1,1,0,0,,106,27.35849057,62.26415094,7.547169811,2.830188679
Solano_ 2018 Q1 Court,1944,Solano, 2018 Q1 Court,605,121,26,78,4,7,352,11,78,72,Solano,Krishna Abrams,0,1,1,0,0,,115,22.60869565,67.82608696,6.086956522,3.47826087
Solano_ 2018 Q2 Court,1945,Solano, 2018 Q2 Court,652,144,7,25,1,4,376,9,76,56,Solano,Krishna Abrams,0,1,1,0,0,,37,18.91891892,67.56756757,10.81081081,2.702702703
Solano_ 2018 Q3 Court,1946,Solano, 2018 Q3 Court,598,139,9,23,1,0,382,9,109,67,Solano,Krishna Abrams,0,1,1,0,1,,33,27.27272727,69.6969697,0,3.03030303
Solano_ 2018 Q4 Court,1947,Solano, 2018 Q4 Court,644,168,29,45,4,6,306,11,85,53,Solano,Krishna Abrams,0,1,1,0,1,,84,34.52380952,53.57142857,7.142857143,4.761904762
Solano_ 2019 Q1 Court,1948,Solano, 2019 Q1 Court,570,132,46,44,0,2,311,10,85,83,Solano,Krishna Abrams,0,1,1,1,0,,92,50,47.82608696,2.173913043,0
Solano_ 2019 Q2 Court,1949,Solano, 2019 Q2 Court,606,169,30,50,0,3,328,5,111,99,Solano,Krishna Abrams,0,1,1,1,0,,83,36.14457831,60.24096386,3.614457831,0
Solano_ 2019 Q3 Court,1950,Solano, 2019 Q3 Court,566,150,33,52,0,2,358,11,119,88,Solano,Krishna Abrams,0,1,1,1,0,,87,37.93103448,59.77011494,2.298850575,0
Solano_ 2019 Q4 Court,1951,Solano, 2019 Q4 Court,612,150,14,37,2,1,284,9,104,85,Solano,Krishna Abrams,0,1,1,1,0,,54,25.92592593,68.51851852,1.851851852,3.703703704
Solano_ 2020 Q1 Court,1952,Solano, 2020 Q1 Court,604,141,38,43,1,2,265,0,85,74,Solano,Krishna Abrams,0,1,1,1,0,,84,45.23809524,51.19047619,2.380952381,1.19047619
Solano_ 2020 Q2 Court,1953,Solano, 2020 Q2 Court,616,46,12,15,3,1,146,2,75,71,Solano,Krishna Abrams,0,1,1,1,0,,31,38.70967742,48.38709677,3.225806452,9.677419355
Solano_ 2020 Q3 Court,1954,Solano, 2020 Q3 Court,728,370,15,27,0,0,204,2,120,72,Solano,Krishna Abrams,0,1,1,1,0,,42,35.71428571,64.28571429,0,0
Solano_ 2020 Q4 Court,1955,Solano, 2020 Q4 Court,684,307,9,37,0,2,224,3,125,80,Solano,Krishna Abrams,0,1,1,1,0,,48,18.75,77.08333333,4.166666667,0
Solano_ 2021 Q1 Court,1956,Solano, 2021 Q1 Court,679,283,59,118,7,2,302,1,94,77,Solano,Krishna Abrams,0,1,1,1,0,,186,31.72043011,63.44086022,1.075268817,3.76344086
Solano_ 2021 Q2 Court,1957,Solano, 2021 Q2 Court,632,305,112,111,13,1,283,1,114,99,Solano,Krishna Abrams,0,1,1,1,0,,237,47.25738397,46.83544304,0.421940928,5.485232068
Solano_ 2021 Q3 Court,1958,Solano, 2021 Q3 Court,640,282,95,238,12,10,268,2,101,51,Solano,Krishna Abrams,0,1,1,1,0,,355,26.76056338,67.04225352,2.816901408,3.38028169
Solano_ 2021 Q4 Court,1959,Solano, 2021 Q4 Court,536,259,114,116,18,4,222,1,70,60,Solano,Krishna Abrams,0,1,1,1,0,,252,45.23809524,46.03174603,1.587301587,7.142857143
Solano_ 2022 Q1 Court,1960,Solano, 2022 Q1 Court,590,208,89,99,10,6,238,1,90,72,Solano,Krishna Abrams,0,1,1,1,0,,204,43.62745098,48.52941176,2.941176471,4.901960784
Solano_ 2022 Q2 Court,1961,Solano, 2022 Q2 Court,575,354,149,107,10,5,200,1,121,62,Solano,Krishna Abrams,0,1,1,1,0,,271,54.98154982,39.48339483,1.84501845,3.6900369
Solano_ 2022 Q3 Court,1962,Solano, 2022 Q3 Court,565,295,92,121,9,2,234,1,88,53,Solano,Krishna Abrams,0,1,1,1,1,,224,41.07142857,54.01785714,0.892857143,4.017857143
Solano_ 2022 Q4 Court,1963,Solano, 2022 Q4 Court,416,211,112,126,10,4,261,2,100,55,Solano,Krishna Abrams,0,1,1,1,1,,252,44.44444444,50,1.587301587,3.968253968
Sonoma_ 2013 Q1 Court,1964,Sonoma, 2013 Q1 Court,741,111,78,217,3,40,467,11,64,NA,Sonoma,Jill Ravitch,0,1,1,1,0,,338,23.07692308,64.20118343,11.83431953,0.887573964
Sonoma_ 2013 Q2 Court,1965,Sonoma, 2013 Q2 Court,817,114,72,221,2,42,495,10,71,NA,Sonoma,Jill Ravitch,0,1,1,1,0,,337,21.36498516,65.57863501,12.46290801,0.59347181
Sonoma_ 2013 Q3 Court,1966,Sonoma, 2013 Q3 Court,768,144,49,258,10,56,834,76,148,72,Sonoma,Jill Ravitch,0,1,1,1,0,,373,13.13672922,69.1689008,15.01340483,2.680965147
Sonoma_ 2013 Q4 Court,1967,Sonoma, 2013 Q4 Court,767,138,58,262,17,41,716,73,150,90,Sonoma,Jill Ravitch,0,1,1,1,0,,378,15.34391534,69.31216931,10.84656085,4.497354497
Sonoma_ 2014 Q1 Court,1968,Sonoma, 2014 Q1 Court,781,183,62,254,5,42,755,67,95,55,Sonoma,Jill Ravitch,0,1,1,1,0,,363,17.07988981,69.97245179,11.57024793,1.377410468
Sonoma_ 2014 Q2 Court,1969,Sonoma, 2014 Q2 Court,735,182,68,294,5,38,745,76,119,80,Sonoma,Jill Ravitch,0,1,1,1,0,,405,16.79012346,72.59259259,9.382716049,1.234567901
Sonoma_ 2014 Q3 Court,1970,Sonoma, 2014 Q3 Court,751,169,47,244,10,51,768,77,130,60,Sonoma,Jill Ravitch,0,1,1,1,1,,352,13.35227273,69.31818182,14.48863636,2.840909091
Sonoma_ 2014 Q4 Court,1971,Sonoma, 2014 Q4 Court,649,129,63,217,9,29,637,108,145,47,Sonoma,Jill Ravitch,0,1,1,1,1,,318,19.81132075,68.23899371,9.119496855,2.830188679
Sonoma_ 2015 Q1 Court,1972,Sonoma, 2015 Q1 Court,677,112,35,214,3,38,654,146,149,47,Sonoma,Jill Ravitch,0,1,1,1,0,,290,12.06896552,73.79310345,13.10344828,1.034482759
Sonoma_ 2015 Q2 Court,1973,Sonoma, 2015 Q2 Court,707,122,77,247,9,44,637,105,92,37,Sonoma,Jill Ravitch,0,1,1,1,0,,377,20.42440318,65.51724138,11.67108753,2.387267905
Sonoma_ 2015 Q3 Court,1974,Sonoma, 2015 Q3 Court,782,85,41,140,5,22,511,57,65,36,Sonoma,Jill Ravitch,0,1,1,1,0,,208,19.71153846,67.30769231,10.57692308,2.403846154
Sonoma_ 2015 Q4 Court,1975,Sonoma, 2015 Q4 Court,728,127,50,240,6,26,681,48,82,40,Sonoma,Jill Ravitch,0,1,1,1,0,,322,15.52795031,74.53416149,8.074534161,1.863354037
Sonoma_ 2016 Q1 Court,1976,Sonoma, 2016 Q1 Court,793,129,78,224,6,29,587,55,84,51,Sonoma,Jill Ravitch,0,1,1,1,0,,337,23.14540059,66.46884273,8.605341246,1.78041543
Sonoma_ 2016 Q2 Court,1977,Sonoma, 2016 Q2 Court,764,151,89,260,11,26,671,61,81,43,Sonoma,Jill Ravitch,0,1,1,1,0,,386,23.05699482,67.35751295,6.735751295,2.849740933
Sonoma_ 2016 Q3 Court,1978,Sonoma, 2016 Q3 Court,725,146,67,263,6,25,749,79,93,34,Sonoma,Jill Ravitch,0,1,1,1,0,,361,18.55955679,72.8531856,6.925207756,1.662049861
Sonoma_ 2016 Q4 Court,1979,Sonoma, 2016 Q4 Court,648,98,55,233,7,23,695,100,128,47,Sonoma,Jill Ravitch,0,1,1,1,0,,318,17.29559748,73.27044025,7.232704403,2.201257862
Sonoma_ 2017 Q1 Court,1980,Sonoma, 2017 Q1 Court,663,110,68,186,3,28,744,74,110,30,Sonoma,Jill Ravitch,0,1,1,1,0,,285,23.85964912,65.26315789,9.824561404,1.052631579
Sonoma_ 2017 Q2 Court,1981,Sonoma, 2017 Q2 Court,727,110,67,190,3,28,738,74,110,46,Sonoma,Jill Ravitch,0,1,1,1,0,,288,23.26388889,65.97222222,9.722222222,1.041666667
Sonoma_ 2017 Q3 Court,1982,Sonoma, 2017 Q3 Court,664,NA,NA,NA,NA,NA,NA,NA,14,NA,Sonoma,Jill Ravitch,0,1,1,1,0,,NA,NA,NA,NA,NA
Sonoma_ 2017 Q4 Court,1983,Sonoma, 2017 Q4 Court,494,NA,NA,NA,NA,NA,NA,NA,41,NA,Sonoma,Jill Ravitch,0,1,1,1,0,,NA,NA,NA,NA,NA
Sonoma_ 2018 Q1 Court,1984,Sonoma, 2018 Q1 Court,648,NA,NA,NA,NA,NA,NA,NA,73,NA,Sonoma,Jill Ravitch,0,1,1,1,0,,NA,NA,NA,NA,NA
Sonoma_ 2018 Q2 Court,1985,Sonoma, 2018 Q2 Court,611,227,2,NA,NA,NA,NA,NA,97,NA,Sonoma,Jill Ravitch,0,1,1,1,0,,NA,NA,NA,NA,NA
Sonoma_ 2018 Q3 Court,1986,Sonoma, 2018 Q3 Court,527,NA,NA,NA,NA,NA,NA,NA,116,NA,Sonoma,Jill Ravitch,0,1,1,1,1,,NA,NA,NA,NA,NA
Sonoma_ 2018 Q4 Court,1987,Sonoma, 2018 Q4 Court,531,NA,5,NA,NA,NA,NA,NA,68,48,Sonoma,Jill Ravitch,0,1,1,1,1,,NA,NA,NA,NA,NA
Sonoma_ 2019 Q1 Court,1988,Sonoma, 2019 Q1 Court,559,NA,63,214,5,63,707,64,28,76,Sonoma,Jill Ravitch,0,0,NA,NA,0,,345,18.26086957,62.02898551,18.26086957,1.449275362
Sonoma_ 2019 Q2 Court,1989,Sonoma, 2019 Q2 Court,506,NA,59,229,6,27,704,44,37,71,Sonoma,Jill Ravitch,0,0,NA,NA,0,,321,18.38006231,71.33956386,8.411214953,1.869158879
Sonoma_ 2019 Q3 Court,1990,Sonoma, 2019 Q3 Court,586,NA,58,191,11,24,658,69,55,76,Sonoma,Jill Ravitch,0,0,NA,NA,0,,284,20.42253521,67.25352113,8.450704225,3.873239437
Sonoma_ 2019 Q4 Court,1991,Sonoma, 2019 Q4 Court,472,NA,52,186,7,22,NA,46,59,57,Sonoma,Jill Ravitch,0,0,NA,NA,0,,267,19.47565543,69.66292135,8.239700375,2.621722846
Sonoma_ 2020 Q1 Court,1992,Sonoma, 2020 Q1 Court,445,134,57,197,4,16,389,59,61,67,Sonoma,Jill Ravitch,0,0,NA,NA,0,,274,20.80291971,71.89781022,5.839416058,1.459854015
Sonoma_ 2020 Q2 Court,1993,Sonoma, 2020 Q2 Court,440,127,22,107,7,12,180,44,40,33,Sonoma,Jill Ravitch,0,0,NA,NA,0,,148,14.86486486,72.2972973,8.108108108,4.72972973
Sonoma_ 2020 Q3 Court,1994,Sonoma, 2020 Q3 Court,504,243,45,124,1,10,447,37,54,47,Sonoma,Jill Ravitch,0,0,NA,NA,0,,180,25,68.88888889,5.555555556,0.555555556
Sonoma_ 2020 Q4 Court,1995,Sonoma, 2020 Q4 Court,477,200,51,194,5,14,8,44,53,30,Sonoma,Jill Ravitch,0,0,NA,NA,0,,264,19.31818182,73.48484848,5.303030303,1.893939394
Sonoma_ 2021 Q1 Court,1996,Sonoma, 2021 Q1 Court,419,172,42,144,6,14,350,20,50,37,Sonoma,Jill Ravitch,0,0,NA,NA,0,,206,20.38834951,69.90291262,6.796116505,2.912621359
Sonoma_ 2021 Q2 Court,1997,Sonoma, 2021 Q2 Court,546,217,57,143,3,23,453,26,47,38,Sonoma,Jill Ravitch,0,0,NA,NA,0,,226,25.22123894,63.27433628,10.17699115,1.327433628
Sonoma_ 2021 Q3 Court,1998,Sonoma, 2021 Q3 Court,625,259,53,114,3,17,345,44,41,34,Sonoma,Jill Ravitch,0,0,NA,NA,0,,187,28.34224599,60.96256684,9.090909091,1.604278075
Sonoma_ 2021 Q4 Court,1999,Sonoma, 2021 Q4 Court,443,216,76,153,8,37,276,33,40,36,Sonoma,Jill Ravitch,0,0,NA,NA,0,,274,27.73722628,55.83941606,13.50364964,2.919708029
Sonoma_ 2022 Q1 Court,2000,Sonoma, 2022 Q1 Court,494,201,63,129,5,21,322,37,32,33,Sonoma,Jill Ravitch,0,0,NA,0,0,,218,28.89908257,59.17431193,9.633027523,2.293577982
Sonoma_ 2022 Q2 Court,2001,Sonoma, 2022 Q2 Court,487,200,77,169,5,23,433,34,45,41,Sonoma,Jill Ravitch,0,0,NA,0,0,,274,28.10218978,61.67883212,8.394160584,1.824817518
Sonoma_ 2022 Q3 Court,2002,Sonoma, 2022 Q3 Court,542,205,76,160,4,18,456,59,47,32,Sonoma,Jill Ravitch,0,0,NA,0,1,,258,29.45736434,62.01550388,6.976744186,1.550387597
Sonoma_ 2022 Q4 Court,2003,Sonoma, 2022 Q4 Court,479,191,88,133,3,31,397,31,61,35,Sonoma,Jill Ravitch,0,0,NA,0,1,,255,34.50980392,52.15686275,12.15686275,1.176470588
Sonoma_ 2023 Q1 Court,2004,Sonoma, 2023 Q1 Court,198,183,52,168,6,22,484,71,65,29,Sonoma,Carla Rodriguez,0,NA,NA,NA,0,,248,20.96774194,67.74193548,8.870967742,2.419354839
Stanislaus_ 2013 Q1 Court,2005,Stanislaus, 2013 Q1 Court,1770,735,219,915,38,147,394,67,133,NA,Stanislaus,Birgit Fladager,0,1,1,1,0,,1319,16.60348749,69.37073541,11.14480667,2.880970432
Stanislaus_ 2013 Q2 Court,2006,Stanislaus, 2013 Q2 Court,1866,750,72,934,46,93,465,91,141,NA,Stanislaus,Birgit Fladager,0,1,1,1,0,,1145,6.288209607,81.5720524,8.122270742,4.017467249
Stanislaus_ 2013 Q3 Court,2007,Stanislaus, 2013 Q3 Court,1925,759,264,1008,35,169,552,149,132,14,Stanislaus,Birgit Fladager,0,1,1,1,0,,1476,17.88617886,68.29268293,11.4498645,2.371273713
Stanislaus_ 2013 Q4 Court,2008,Stanislaus, 2013 Q4 Court,1776,381,176,897,57,96,478,114,92,19,Stanislaus,Birgit Fladager,0,1,1,1,0,,1226,14.35562806,73.16476346,7.830342577,4.649265905
Stanislaus_ 2014 Q1 Court,2009,Stanislaus, 2014 Q1 Court,1808,414,184,858,53,109,391,71,115,34,Stanislaus,Birgit Fladager,0,1,1,1,0,,1204,15.28239203,71.26245847,9.053156146,4.401993355
Stanislaus_ 2014 Q2 Court,2010,Stanislaus, 2014 Q2 Court,1923,438,196,1017,60,114,438,169,89,52,Stanislaus,Birgit Fladager,0,1,1,1,0,,1387,14.13121846,73.32372026,8.219178082,4.325883201
Stanislaus_ 2014 Q3 Court,2011,Stanislaus, 2014 Q3 Court,1900,459,183,910,61,96,404,132,90,56,Stanislaus,Birgit Fladager,0,1,1,1,1,,1250,14.64,72.8,7.68,4.88
Stanislaus_ 2014 Q4 Court,2012,Stanislaus, 2014 Q4 Court,1189,408,141,840,34,27,407,98,96,27,Stanislaus,Birgit Fladager,0,1,1,1,1,,1042,13.53166987,80.61420345,2.591170825,3.262955854
Stanislaus_ 2015 Q1 Court,2013,Stanislaus, 2015 Q1 Court,957,279,133,489,9,25,410,87,72,40,Stanislaus,Birgit Fladager,0,1,1,1,0,,656,20.27439024,74.54268293,3.81097561,1.37195122
Stanislaus_ 2015 Q2 Court,2014,Stanislaus, 2015 Q2 Court,926,237,123,463,11,37,444,60,74,34,Stanislaus,Birgit Fladager,0,1,1,1,0,,634,19.40063091,73.02839117,5.835962145,1.735015773
Stanislaus_ 2015 Q3 Court,2015,Stanislaus, 2015 Q3 Court,1070,268,71,309,24,18,436,46,77,55,Stanislaus,Birgit Fladager,0,1,1,1,0,,422,16.82464455,73.22274882,4.265402844,5.687203791
Stanislaus_ 2015 Q4 Court,2016,Stanislaus, 2015 Q4 Court,936,241,136,363,21,14,423,59,76,37,Stanislaus,Birgit Fladager,0,1,1,1,0,,534,25.46816479,67.97752809,2.621722846,3.93258427
Stanislaus_ 2016 Q1 Court,2017,Stanislaus, 2016 Q1 Court,972,260,160,499,14,34,344,30,76,4,Stanislaus,Birgit Fladager,0,1,1,1,0,,707,22.63083451,70.57991513,4.809052334,1.98019802
Stanislaus_ 2016 Q2 Court,2018,Stanislaus, 2016 Q2 Court,846,242,134,422,28,34,403,47,68,25,Stanislaus,Birgit Fladager,0,1,1,1,0,,618,21.6828479,68.28478964,5.501618123,4.530744337
Stanislaus_ 2016 Q3 Court,2019,Stanislaus, 2016 Q3 Court,911,232,186,536,26,41,453,32,15,22,Stanislaus,Birgit Fladager,0,1,1,1,0,,789,23.57414449,67.93409379,5.196451204,3.29531052
Stanislaus_ 2016 Q4 Court,2020,Stanislaus, 2016 Q4 Court,744,193,166,502,14,58,311,38,66,34,Stanislaus,Birgit Fladager,0,1,1,1,0,,740,22.43243243,67.83783784,7.837837838,1.891891892
Stanislaus_ 2017 Q1 Court,2021,Stanislaus, 2017 Q1 Court,794,222,173,460,460,21,354,33,68,23,Stanislaus,Birgit Fladager,0,1,1,1,0,,1114,15.52962298,41.29263914,1.885098743,41.29263914
Stanislaus_ 2017 Q2 Court,2022,Stanislaus, 2017 Q2 Court,760,212,194,445,14,32,334,43,89,40,Stanislaus,Birgit Fladager,0,1,1,1,0,,685,28.32116788,64.96350365,4.671532847,2.04379562
Stanislaus_ 2017 Q3 Court,2023,Stanislaus, 2017 Q3 Court,810,189,176,419,24,32,327,36,86,33,Stanislaus,Birgit Fladager,0,1,1,1,0,,651,27.03533026,64.3625192,4.915514593,3.686635945
Stanislaus_ 2017 Q4 Court,2024,Stanislaus, 2017 Q4 Court,852,212,175,448,19,22,290,39,91,41,Stanislaus,Birgit Fladager,0,1,1,1,0,,664,26.35542169,67.46987952,3.313253012,2.861445783
Stanislaus_ 2018 Q1 Court,2025,Stanislaus, 2018 Q1 Court,1045,198,152,488,21,27,283,37,85,37,Stanislaus,Birgit Fladager,0,1,1,1,0,,688,22.09302326,70.93023256,3.924418605,3.052325581
Stanislaus_ 2018 Q2 Court,2026,Stanislaus, 2018 Q2 Court,889,189,106,240,24,36,413,42,102,29,Stanislaus,Birgit Fladager,0,1,1,1,0,,406,26.10837438,59.11330049,8.866995074,5.911330049
Stanislaus_ 2018 Q3 Court,2027,Stanislaus, 2018 Q3 Court,903,201,140,251,26,27,438,35,97,28,Stanislaus,Birgit Fladager,0,1,1,1,1,,444,31.53153153,56.53153153,6.081081081,5.855855856
Stanislaus_ 2018 Q4 Court,2028,Stanislaus, 2018 Q4 Court,837,149,144,206,17,25,354,36,102,46,Stanislaus,Birgit Fladager,0,1,1,1,1,,392,36.73469388,52.55102041,6.37755102,4.336734694
Stanislaus_ 2019 Q1 Court,2029,Stanislaus, 2019 Q1 Court,859,171,191,264,33,39,422,41,137,45,Stanislaus,Birgit Fladager,0,0,NA,NA,0,,527,36.24288425,50.09487666,7.400379507,6.261859583
Stanislaus_ 2019 Q2 Court,2030,Stanislaus, 2019 Q2 Court,932,214,233,384,41,53,573,42,169,52,Stanislaus,Birgit Fladager,0,0,NA,NA,0,,711,32.77074543,54.00843882,7.454289733,5.76652602
Stanislaus_ 2019 Q3 Court,2031,Stanislaus, 2019 Q3 Court,950,185,137,285,24,31,400,33,131,49,Stanislaus,Birgit Fladager,0,0,NA,NA,0,,477,28.721174,59.74842767,6.498951782,5.031446541
Stanislaus_ 2019 Q4 Court,2032,Stanislaus, 2019 Q4 Court,933,168,150,265,39,21,418,39,121,50,Stanislaus,Birgit Fladager,0,0,NA,NA,0,,475,31.57894737,55.78947368,4.421052632,8.210526316
Stanislaus_ 2020 Q1 Court,2033,Stanislaus, 2020 Q1 Court,956,157,108,249,17,6,263,31,108,46,Stanislaus,Birgit Fladager,0,0,NA,NA,0,,380,28.42105263,65.52631579,1.578947368,4.473684211
Stanislaus_ 2020 Q2 Court,2034,Stanislaus, 2020 Q2 Court,919,99,45,154,2,1,209,19,94,22,Stanislaus,Birgit Fladager,0,0,NA,NA,0,,202,22.27722772,76.23762376,0.495049505,0.99009901
Stanislaus_ 2020 Q3 Court,2035,Stanislaus, 2020 Q3 Court,908,319,98,154,12,2,206,22,141,30,Stanislaus,Birgit Fladager,0,0,NA,NA,0,,266,36.84210526,57.89473684,0.751879699,4.511278195
Stanislaus_ 2020 Q4 Court,2036,Stanislaus, 2020 Q4 Court,963,361,92,212,12,4,162,13,98,23,Stanislaus,Birgit Fladager,0,0,NA,NA,0,,320,28.75,66.25,1.25,3.75
Stanislaus_ 2021 Q1 Court,2037,Stanislaus, 2021 Q1 Court,898,333,168,261,22,11,158,8,118,24,Stanislaus,Birgit Fladager,0,0,NA,NA,0,,462,36.36363636,56.49350649,2.380952381,4.761904762
Stanislaus_ 2021 Q2 Court,2038,Stanislaus, 2021 Q2 Court,1049,405,178,307,29,16,217,12,95,21,Stanislaus,Birgit Fladager,0,0,NA,NA,0,,530,33.58490566,57.9245283,3.018867925,5.471698113
Stanislaus_ 2021 Q3 Court,2039,Stanislaus, 2021 Q3 Court,1045,379,138,370,17,25,304,19,121,21,Stanislaus,Birgit Fladager,0,0,NA,NA,0,,550,25.09090909,67.27272727,4.545454545,3.090909091
Stanislaus_ 2021 Q4 Court,2040,Stanislaus, 2021 Q4 Court,1077,290,156,364,17,3,263,15,97,33,Stanislaus,Birgit Fladager,0,0,NA,NA,0,,540,28.88888889,67.40740741,0.555555556,3.148148148
Stanislaus_ 2022 Q1 Court,2041,Stanislaus, 2022 Q1 Court,1042,260,151,289,19,3,142,11,115,30,Stanislaus,Birgit Fladager,0,0,NA,0,0,,462,32.68398268,62.55411255,0.649350649,4.112554113
Stanislaus_ 2022 Q2 Court,2042,Stanislaus, 2022 Q2 Court,1155,249,192,421,15,2,83,10,110,36,Stanislaus,Birgit Fladager,0,0,NA,0,0,,630,30.47619048,66.82539683,0.317460317,2.380952381
Stanislaus_ 2022 Q3 Court,2043,Stanislaus, 2022 Q3 Court,1259,230,157,478,27,24,47,23,156,36,Stanislaus,Birgit Fladager,0,0,NA,0,1,,686,22.88629738,69.67930029,3.498542274,3.935860058
Stanislaus_ 2022 Q4 Court,2044,Stanislaus, 2022 Q4 Court,1056,185,141,493,18,19,80,19,115,43,Stanislaus,Birgit Fladager,0,0,NA,0,1,,671,21.01341282,73.47242921,2.831594635,2.682563338
Stanislaus_ 2023 Q1 Court,2045,Stanislaus, 2023 Q1 Court,357,198,186,390,29,4,84,19,150,38,Stanislaus,Jeff Laugero,0,NA,NA,NA,0,,609,30.54187192,64.03940887,0.65681445,4.761904762
Sutter_ 2013 Q1 Court,2046,Sutter, 2013 Q1 Court,354,84,40,93,13,8,25,0,0,NA,,,0,NA,NA,NA,0,,154,25.97402597,60.38961039,5.194805195,8.441558442
Sutter_ 2013 Q2 Court,2047,Sutter, 2013 Q2 Court,279,61,49,100,7,12,108,1,1,0,,,0,NA,NA,NA,0,,168,29.16666667,59.52380952,7.142857143,4.166666667
Sutter_ 2013 Q3 Court,2048,Sutter, 2013 Q3 Court,311,61,65,157,25,6,113,7,10,8,,,0,NA,NA,NA,0,,253,25.6916996,62.05533597,2.371541502,9.881422925
Sutter_ 2013 Q4 Court,2049,Sutter, 2013 Q4 Court,291,60,36,99,5,11,75,0,6,5,,,0,NA,NA,NA,0,,151,23.8410596,65.56291391,7.284768212,3.311258278
Sutter_ 2014 Q1 Court,2050,Sutter, 2014 Q1 Court,348,63,41,96,5,9,109,3,11,10,,,0,NA,NA,NA,0,,151,27.15231788,63.57615894,5.960264901,3.311258278
Sutter_ 2014 Q2 Court,2051,Sutter, 2014 Q2 Court,303,65,43,173,10,21,93,8,9,14,,,0,NA,NA,NA,0,,247,17.40890688,70.04048583,8.502024291,4.048582996
Sutter_ 2014 Q3 Court,2052,Sutter, 2014 Q3 Court,334,85,28,120,9,4,161,11,5,11,,,0,NA,NA,NA,0,,161,17.39130435,74.53416149,2.48447205,5.590062112
Sutter_ 2014 Q4 Court,2053,Sutter, 2014 Q4 Court,262,53,28,95,12,9,121,13,4,5,,,0,NA,NA,NA,0,,144,19.44444444,65.97222222,6.25,8.333333333
Sutter_ 2015 Q1 Court,2054,Sutter, 2015 Q1 Court,229,46,33,84,2,8,142,9,14,4,,,0,NA,NA,NA,0,,127,25.98425197,66.14173228,6.299212598,1.57480315
Sutter_ 2015 Q2 Court,2055,Sutter, 2015 Q2 Court,262,34,37,77,4,8,113,17,15,13,,,0,NA,NA,NA,0,,126,29.36507937,61.11111111,6.349206349,3.174603175
Sutter_ 2015 Q3 Court,2056,Sutter, 2015 Q3 Court,241,NA,NA,NA,NA,NA,104,12,20,13,,,0,NA,NA,NA,0,,NA,NA,NA,NA,NA
Sutter_ 2015 Q4 Court,2057,Sutter, 2015 Q4 Court,214,NA,NA,NA,NA,NA,103,11,15,14,,,0,NA,NA,NA,0,,NA,NA,NA,NA,NA
Sutter_ 2016 Q1 Court,2058,Sutter, 2016 Q1 Court,223,NA,NA,NA,NA,NA,73,12,17,13,,,0,NA,NA,NA,0,,NA,NA,NA,NA,NA
Sutter_ 2016 Q2 Court,2059,Sutter, 2016 Q2 Court,172,NA,NA,NA,NA,NA,56,14,5,9,,,0,NA,NA,NA,0,,NA,NA,NA,NA,NA
Sutter_ 2016 Q3 Court,2060,Sutter, 2016 Q3 Court,289,NA,NA,NA,NA,NA,30,9,17,9,,,0,NA,NA,NA,0,,NA,NA,NA,NA,NA
Sutter_ 2016 Q4 Court,2061,Sutter, 2016 Q4 Court,237,NA,NA,NA,NA,NA,NA,NA,NA,NA,,,0,NA,NA,NA,0,,NA,NA,NA,NA,NA
Sutter_ 2017 Q1 Court,2062,Sutter, 2017 Q1 Court,236,2,44,NA,1,3,24,17,19,15,,,0,NA,NA,NA,0,,NA,NA,NA,NA,NA
Sutter_ 2017 Q2 Court,2063,Sutter, 2017 Q2 Court,297,57,35,NA,4,10,89,16,29,8,,,0,NA,NA,NA,0,,NA,NA,NA,NA,NA
Sutter_ 2017 Q3 Court,2064,Sutter, 2017 Q3 Court,276,66,32,NA,3,8,99,18,25,9,,,0,NA,NA,NA,0,,NA,NA,NA,NA,NA
Sutter_ 2017 Q4 Court,2065,Sutter, 2017 Q4 Court,260,32,40,NA,10,5,112,28,24,10,,,0,NA,NA,NA,0,,NA,NA,NA,NA,NA
Sutter_ 2018 Q1 Court,2066,Sutter, 2018 Q1 Court,225,39,24,101,1,5,128,8,28,8,,,0,NA,NA,NA,0,,131,18.32061069,77.09923664,3.816793893,0.763358779
Sutter_ 2018 Q2 Court,2067,Sutter, 2018 Q2 Court,218,40,43,75,2,4,127,13,30,12,,,0,NA,NA,NA,0,,124,34.67741935,60.48387097,3.225806452,1.612903226
Sutter_ 2018 Q3 Court,2068,Sutter, 2018 Q3 Court,217,59,35,78,4,5,152,10,25,8,,,0,NA,NA,NA,0,,122,28.68852459,63.93442623,4.098360656,3.278688525
Sutter_ 2018 Q4 Court,2069,Sutter, 2018 Q4 Court,213,58,25,98,3,2,95,20,23,15,,,0,NA,NA,NA,0,,128,19.53125,76.5625,1.5625,2.34375
Sutter_ 2019 Q1 Court,2070,Sutter, 2019 Q1 Court,237,57,35,75,2,13,91,11,15,12,,,0,NA,NA,NA,0,,125,28,60,10.4,1.6
Sutter_ 2019 Q2 Court,2071,Sutter, 2019 Q2 Court,239,61,36,91,2,6,97,18,18,18,,,0,NA,NA,NA,0,,135,26.66666667,67.40740741,4.444444444,1.481481481
Sutter_ 2019 Q3 Court,2072,Sutter, 2019 Q3 Court,299,68,56,87,2,3,66,6,17,22,,,0,NA,NA,NA,0,,148,37.83783784,58.78378378,2.027027027,1.351351351
Sutter_ 2019 Q4 Court,2073,Sutter, 2019 Q4 Court,276,61,32,83,3,11,78,2,25,11,,,0,NA,NA,NA,0,,129,24.80620155,64.34108527,8.527131783,2.325581395
Sutter_ 2020 Q1 Court,2074,Sutter, 2020 Q1 Court,224,56,36,96,1,4,86,11,13,19,,,0,NA,NA,NA,0,,137,26.27737226,70.0729927,2.919708029,0.729927007
Sutter_ 2020 Q2 Court,2075,Sutter, 2020 Q2 Court,215,51,18,53,2,1,70,2,6,0,,,0,NA,NA,NA,0,,74,24.32432432,71.62162162,1.351351351,2.702702703
Sutter_ 2020 Q3 Court,2076,Sutter, 2020 Q3 Court,288,123,25,48,0,0,95,1,13,4,,,0,NA,NA,NA,0,,73,34.24657534,65.75342466,0,0
Sutter_ 2020 Q4 Court,2077,Sutter, 2020 Q4 Court,297,105,14,49,0,7,75,0,19,5,,,0,NA,NA,NA,0,,70,20,70,10,0
Sutter_ 2021 Q1 Court,2078,Sutter, 2021 Q1 Court,230,86,34,76,0,7,76,6,13,5,,,0,NA,NA,NA,0,,117,29.05982906,64.95726496,5.982905983,0
Sutter_ 2021 Q2 Court,2079,Sutter, 2021 Q2 Court,314,141,32,80,1,9,69,3,13,7,,,0,NA,NA,NA,0,,122,26.2295082,65.57377049,7.37704918,0.819672131
Sutter_ 2021 Q3 Court,2080,Sutter, 2021 Q3 Court,306,144,53,86,3,10,69,12,8,4,,,0,NA,NA,NA,0,,152,34.86842105,56.57894737,6.578947368,1.973684211
Sutter_ 2021 Q4 Court,2081,Sutter, 2021 Q4 Court,275,138,58,95,4,14,86,0,12,4,,,0,NA,NA,NA,0,,171,33.91812865,55.55555556,8.187134503,2.339181287
Sutter_ 2022 Q1 Court,2082,Sutter, 2022 Q1 Court,291,165,54,108,6,7,82,6,10,2,,,0,NA,NA,NA,0,,175,30.85714286,61.71428571,4,3.428571429
Sutter_ 2022 Q2 Court,2083,Sutter, 2022 Q2 Court,381,188,40,93,3,11,82,12,14,5,,,0,NA,NA,NA,0,,147,27.21088435,63.26530612,7.482993197,2.040816327
Sutter_ 2022 Q3 Court,2084,Sutter, 2022 Q3 Court,NA,205,41,108,3,12,63,9,13,9,,,0,NA,NA,NA,0,,164,25,65.85365854,7.317073171,1.829268293
Sutter_ 2022 Q4 Court,2085,Sutter, 2022 Q4 Court,NA,203,31,94,4,2,90,10,6,7,,,0,NA,NA,NA,0,,131,23.66412214,71.75572519,1.526717557,3.053435115
Tehama_ 2013 Q1 Court,2086,Tehama, 2013 Q1 Court,295,29,NA,NA,16,0,97,NA,15,NA,Tehama,Gregg Cohen,0,1,1,1,0,,NA,NA,NA,NA,NA
Tehama_ 2013 Q2 Court,2087,Tehama, 2013 Q2 Court,317,79,19,37,18,1,66,6,34,NA,Tehama,Gregg Cohen,0,1,1,1,0,,75,25.33333333,49.33333333,1.333333333,24
Tehama_ 2013 Q3 Court,2088,Tehama, 2013 Q3 Court,300,48,NA,NA,21,3,120,NA,10,2,Tehama,Gregg Cohen,0,1,1,1,0,,NA,NA,NA,NA,NA
Tehama_ 2013 Q4 Court,2089,Tehama, 2013 Q4 Court,334,50,NA,NA,14,8,132,4,16,1,Tehama,Gregg Cohen,0,1,1,1,0,,NA,NA,NA,NA,NA
Tehama_ 2014 Q1 Court,2090,Tehama, 2014 Q1 Court,256,78,46,48,10,4,116,1,17,5,Tehama,Gregg Cohen,0,1,1,1,0,,108,42.59259259,44.44444444,3.703703704,9.259259259
Tehama_ 2014 Q2 Court,2091,Tehama, 2014 Q2 Court,289,20,34,74,18,8,105,11,12,4,Tehama,Gregg Cohen,0,1,1,1,0,,134,25.37313433,55.2238806,5.970149254,13.43283582
Tehama_ 2014 Q3 Court,2092,Tehama, 2014 Q3 Court,317,25,31,88,38,15,105,5,13,9,Tehama,Gregg Cohen,0,1,1,1,1,,172,18.02325581,51.1627907,8.720930233,22.09302326
Tehama_ 2014 Q4 Court,2093,Tehama, 2014 Q4 Court,217,42,23,31,13,3,137,7,13,5,Tehama,Gregg Cohen,0,1,1,1,1,,70,32.85714286,44.28571429,4.285714286,18.57142857
Tehama_ 2015 Q1 Court,2094,Tehama, 2015 Q1 Court,188,14,43,32,0,4,75,4,16,7,Tehama,Gregg Cohen,0,NA,NA,NA,0,,79,54.43037975,40.50632911,5.063291139,0
Tehama_ 2015 Q2 Court,2095,Tehama, 2015 Q2 Court,194,19,44,51,7,4,106,7,19,5,Tehama,Gregg Cohen,0,NA,NA,NA,0,,106,41.50943396,48.11320755,3.773584906,6.603773585
Tehama_ 2015 Q3 Court,2096,Tehama, 2015 Q3 Court,248,11,50,39,5,3,73,8,11,5,Tehama,Gregg Cohen,0,NA,NA,NA,0,,97,51.54639175,40.20618557,3.092783505,5.154639175
Tehama_ 2015 Q4 Court,2097,Tehama, 2015 Q4 Court,238,19,30,46,4,4,71,4,15,9,Tehama,Gregg Cohen,0,NA,NA,NA,0,,84,35.71428571,54.76190476,4.761904762,4.761904762
Tehama_ 2016 Q1 Court,2098,Tehama, 2016 Q1 Court,197,19,36,40,12,11,63,10,16,3,Tehama,Gregg Cohen,0,NA,NA,NA,0,,99,36.36363636,40.4040404,11.11111111,12.12121212
Tehama_ 2016 Q2 Court,2099,Tehama, 2016 Q2 Court,222,19,32,51,2,3,80,10,14,4,Tehama,Gregg Cohen,0,NA,NA,NA,0,,88,36.36363636,57.95454545,3.409090909,2.272727273
Tehama_ 2016 Q3 Court,2100,Tehama, 2016 Q3 Court,200,71,14,39,2,1,40,6,7,7,Tehama,Gregg Cohen,0,NA,NA,NA,0,,56,25,69.64285714,1.785714286,3.571428571
Tehama_ 2016 Q4 Court,2101,Tehama, 2016 Q4 Court,168,62,37,64,1,0,63,6,15,5,Tehama,Gregg Cohen,0,NA,NA,NA,0,,102,36.2745098,62.74509804,0,0.980392157
Tehama_ 2017 Q1 Court,2102,Tehama, 2017 Q1 Court,253,2,32,62,0,4,73,9,6,14,Tehama,Gregg Cohen,0,NA,NA,NA,0,,98,32.65306122,63.26530612,4.081632653,0
Tehama_ 2017 Q2 Court,2103,Tehama, 2017 Q2 Court,176,15,53,62,2,3,57,2,5,9,Tehama,Gregg Cohen,0,NA,NA,NA,0,,120,44.16666667,51.66666667,2.5,1.666666667
Tehama_ 2017 Q3 Court,2104,Tehama, 2017 Q3 Court,223,2,29,56,2,5,84,4,7,10,Tehama,Gregg Cohen,0,NA,NA,NA,0,,92,31.52173913,60.86956522,5.434782609,2.173913043
Tehama_ 2017 Q4 Court,2105,Tehama, 2017 Q4 Court,205,NA,42,23,4,3,64,2,12,8,Tehama,Gregg Cohen,0,NA,NA,NA,0,,72,58.33333333,31.94444444,4.166666667,5.555555556
Tehama_ 2018 Q1 Court,2106,Tehama, 2018 Q1 Court,227,0,28,17,1,5,91,0,5,11,Tehama,Gregg Cohen,0,0,NA,1,0,,51,54.90196078,33.33333333,9.803921569,1.960784314
Tehama_ 2018 Q2 Court,2107,Tehama, 2018 Q2 Court,211,0,49,26,4,5,61,5,9,8,Tehama,Gregg Cohen,0,0,NA,1,0,,84,58.33333333,30.95238095,5.952380952,4.761904762
Tehama_ 2018 Q3 Court,2108,Tehama, 2018 Q3 Court,217,0,46,54,1,8,67,11,15,8,Tehama,Gregg Cohen,0,0,NA,1,1,,109,42.20183486,49.5412844,7.339449541,0.917431193
Tehama_ 2018 Q4 Court,2109,Tehama, 2018 Q4 Court,189,0,46,51,2,8,56,5,14,10,Tehama,Gregg Cohen,0,0,NA,1,1,,107,42.99065421,47.6635514,7.476635514,1.869158879
Tehama_ 2019 Q1 Court,2110,Tehama, 2019 Q1 Court,198,0,44,70,6,4,67,10,26,7,Tehama,Matthew Rogers,0,1,1,0,0,,124,35.48387097,56.4516129,3.225806452,4.838709677
Tehama_ 2019 Q2 Court,2111,Tehama, 2019 Q2 Court,155,0,33,74,5,6,59,4,19,15,Tehama,Matthew Rogers,0,1,1,0,0,,118,27.96610169,62.71186441,5.084745763,4.237288136
Tehama_ 2019 Q3 Court,2112,Tehama, 2019 Q3 Court,179,0,36,70,2,6,43,7,26,13,Tehama,Matthew Rogers,0,1,1,0,0,,114,31.57894737,61.40350877,5.263157895,1.754385965
Tehama_ 2019 Q4 Court,2113,Tehama, 2019 Q4 Court,198,0,28,69,2,5,38,7,24,16,Tehama,Matthew Rogers,0,1,1,0,0,,104,26.92307692,66.34615385,4.807692308,1.923076923
Tehama_ 2020 Q1 Court,2114,Tehama, 2020 Q1 Court,101,0,32,68,2,6,42,1,15,14,Tehama,Matthew Rogers,0,1,1,0,0,,108,29.62962963,62.96296296,5.555555556,1.851851852
Tehama_ 2020 Q2 Court,2115,Tehama, 2020 Q2 Court,157,0,15,26,1,2,47,4,17,7,Tehama,Matthew Rogers,0,1,1,0,0,,44,34.09090909,59.09090909,4.545454545,2.272727273
Tehama_ 2020 Q3 Court,2116,Tehama, 2020 Q3 Court,183,0,28,42,1,6,60,2,27,16,Tehama,Matthew Rogers,0,1,1,0,0,,77,36.36363636,54.54545455,7.792207792,1.298701299
Tehama_ 2020 Q4 Court,2117,Tehama, 2020 Q4 Court,195,0,33,37,7,3,52,2,18,11,Tehama,Matthew Rogers,0,1,1,0,0,,80,41.25,46.25,3.75,8.75
Tehama_ 2021 Q1 Court,2118,Tehama, 2021 Q1 Court,209,90,37,35,2,4,70,9,23,6,Tehama,Matthew Rogers,0,1,1,0,0,,78,47.43589744,44.87179487,5.128205128,2.564102564
Tehama_ 2021 Q2 Court,2119,Tehama, 2021 Q2 Court,180,65,19,31,0,2,51,1,13,6,Tehama,Matthew Rogers,0,1,1,0,0,,52,36.53846154,59.61538462,3.846153846,0
Tehama_ 2021 Q3 Court,2120,Tehama, 2021 Q3 Court,177,117,37,42,2,0,41,0,11,6,Tehama,Matthew Rogers,0,1,1,0,0,,81,45.67901235,51.85185185,0,2.469135802
Tehama_ 2021 Q4 Court,2121,Tehama, 2021 Q4 Court,139,94,39,46,1,4,37,6,15,13,Tehama,Matthew Rogers,0,1,1,0,0,,90,43.33333333,51.11111111,4.444444444,1.111111111
Tehama_ 2022 Q1 Court,2122,Tehama, 2022 Q1 Court,216,77,42,48,1,13,38,5,12,7,Tehama,Matthew Rogers,0,1,1,0,0,,104,40.38461538,46.15384615,12.5,0.961538462
Tehama_ 2022 Q2 Court,2123,Tehama, 2022 Q2 Court,167,161,39,49,0,5,30,5,10,7,Tehama,Matthew Rogers,0,1,1,0,0,,93,41.93548387,52.68817204,5.376344086,0
Tehama_ 2022 Q3 Court,2124,Tehama, 2022 Q3 Court,160,132,37,36,10,7,44,9,15,15,Tehama,Matthew Rogers,0,1,1,0,1,,90,41.11111111,40,7.777777778,11.11111111
Tehama_ 2022 Q4 Court,2125,Tehama, 2022 Q4 Court,173,115,39,33,2,8,34,4,12,11,Tehama,Matthew Rogers,0,1,1,0,1,,82,47.56097561,40.24390244,9.756097561,2.43902439
Tehama_ 2023 Q1 Court,2126,Tehama, 2023 Q1 Court,60,130,35,48,0,2,49,9,10,8,Tehama,Matthew Rogers,0,NA,NA,NA,0,,85,41.17647059,56.47058824,2.352941176,0
Trinity_ 2013 Q1 Court,2127,Trinity, 2013 Q1 Court,64,22,4,35,1,0,16,0,1,NA,Trinity,Michael B. Harper,0,0,NA,NA,0,,40,10,87.5,0,2.5
Trinity_ 2013 Q2 Court,2128,Trinity, 2013 Q2 Court,59,26,5,22,2,0,29,0,1,NA,Trinity,Michael B. Harper,0,0,NA,NA,0,,29,17.24137931,75.86206897,0,6.896551724
Trinity_ 2013 Q3 Court,2129,Trinity, 2013 Q3 Court,62,25,6,29,3,0,17,0,0,0,Trinity,Michael B. Harper,0,0,NA,NA,0,,38,15.78947368,76.31578947,0,7.894736842
Trinity_ 2013 Q4 Court,2130,Trinity, 2013 Q4 Court,78,19,3,81,1,0,0,0,0,1,Trinity,Michael B. Harper,0,0,NA,NA,0,,85,3.529411765,95.29411765,0,1.176470588
Trinity_ 2014 Q1 Court,2131,Trinity, 2014 Q1 Court,64,13,1,27,2,2,0,0,2,0,Trinity,Michael B. Harper,0,0,NA,1,0,,32,3.125,84.375,6.25,6.25
Trinity_ 2014 Q2 Court,2132,Trinity, 2014 Q2 Court,86,30,3,39,2,0,1,4,5,0,Trinity,Michael B. Harper,0,0,NA,1,0,,44,6.818181818,88.63636364,0,4.545454545
Trinity_ 2014 Q3 Court,2133,Trinity, 2014 Q3 Court,82,33,5,38,1,1,29,0,7,2,Trinity,Michael B. Harper,0,0,NA,1,1,,45,11.11111111,84.44444444,2.222222222,2.222222222
Trinity_ 2014 Q4 Court,2134,Trinity, 2014 Q4 Court,100,25,0,28,0,1,23,4,1,0,Trinity,Michael B. Harper,0,0,NA,1,1,,29,0,96.55172414,3.448275862,0
Trinity_ 2015 Q1 Court,2135,Trinity, 2015 Q1 Court,71,21,1,9,0,0,32,0,1,2,Trinity,Eric Heryford,0,1,1,0,0,,10,10,90,0,0
Trinity_ 2015 Q2 Court,2136,Trinity, 2015 Q2 Court,41,26,1,17,0,0,2,0,5,0,Trinity,Eric Heryford,0,1,1,0,0,,18,5.555555556,94.44444444,0,0
Trinity_ 2015 Q3 Court,2137,Trinity, 2015 Q3 Court,77,26,5,17,0,1,23,2,2,0,Trinity,Eric Heryford,0,1,1,0,0,,23,21.73913043,73.91304348,4.347826087,0
Trinity_ 2015 Q4 Court,2138,Trinity, 2015 Q4 Court,85,18,6,17,2,0,1,0,4,0,Trinity,Eric Heryford,0,1,1,0,0,,25,24,68,0,8
Trinity_ 2016 Q1 Court,2139,Trinity, 2016 Q1 Court,47,27,6,20,1,1,18,2,0,1,Trinity,Eric Heryford,0,1,1,0,0,,28,21.42857143,71.42857143,3.571428571,3.571428571
Trinity_ 2016 Q2 Court,2140,Trinity, 2016 Q2 Court,51,21,3,21,0,3,26,0,3,1,Trinity,Eric Heryford,0,1,1,0,0,,27,11.11111111,77.77777778,11.11111111,0
Trinity_ 2016 Q3 Court,2141,Trinity, 2016 Q3 Court,71,23,3,17,NA,1,15,1,2,2,Trinity,Eric Heryford,0,1,1,0,0,,NA,NA,NA,NA,NA
Trinity_ 2016 Q4 Court,2142,Trinity, 2016 Q4 Court,65,10,2,10,NA,1,30,2,NA,1,Trinity,Eric Heryford,0,1,1,0,0,,NA,NA,NA,NA,NA
Trinity_ 2017 Q1 Court,2143,Trinity, 2017 Q1 Court,55,23,4,20,1,2,0,3,0,1,Trinity,Eric Heryford,0,1,1,0,0,,27,14.81481481,74.07407407,7.407407407,3.703703704
Trinity_ 2017 Q2 Court,2144,Trinity, 2017 Q2 Court,41,16,5,19,1,0,21,1,1,0,Trinity,Eric Heryford,0,1,1,0,0,,25,20,76,0,4
Trinity_ 2017 Q3 Court,2145,Trinity, 2017 Q3 Court,77,16,5,8,1,0,24,1,1,0,Trinity,Eric Heryford,0,1,1,0,0,,14,35.71428571,57.14285714,0,7.142857143
Trinity_ 2017 Q4 Court,2146,Trinity, 2017 Q4 Court,85,24,4,11,2,0,28,4,3,1,Trinity,Eric Heryford,0,1,1,0,0,,17,23.52941176,64.70588235,0,11.76470588
Trinity_ 2018 Q1 Court,2147,Trinity, 2018 Q1 Court,54,14,4,0,0,0,21,0,1,0,Trinity,Eric Heryford,0,1,1,0,0,,4,100,0,0,0
Trinity_ 2018 Q2 Court,2148,Trinity, 2018 Q2 Court,58,25,9,17,2,0,22,2,2,0,Trinity,Eric Heryford,0,1,1,0,0,,28,32.14285714,60.71428571,0,7.142857143
Trinity_ 2018 Q3 Court,2149,Trinity, 2018 Q3 Court,72,17,11,10,0,0,15,0,2,0,Trinity,Eric Heryford,0,1,1,0,1,,21,52.38095238,47.61904762,0,0
Trinity_ 2018 Q4 Court,2150,Trinity, 2018 Q4 Court,65,9,8,14,0,0,17,0,1,1,Trinity,Eric Heryford,0,1,1,0,1,,22,36.36363636,63.63636364,0,0
Trinity_ 2019 Q1 Court,2151,Trinity, 2019 Q1 Court,53,16,5,13,1,0,8,1,5,0,Trinity,Eric Heryford,0,NA,NA,NA,0,,19,26.31578947,68.42105263,0,5.263157895
Trinity_ 2019 Q2 Court,2152,Trinity, 2019 Q2 Court,56,12,8,26,1,2,6,0,1,0,Trinity,Eric Heryford,0,NA,NA,NA,0,,37,21.62162162,70.27027027,5.405405405,2.702702703
Trinity_ 2019 Q3 Court,2153,Trinity, 2019 Q3 Court,44,16,5,13,1,0,9,1,5,0,Trinity,Eric Heryford,0,NA,NA,NA,0,,19,26.31578947,68.42105263,0,5.263157895
Trinity_ 2019 Q4 Court,2154,Trinity, 2019 Q4 Court,58,11,10,16,1,0,12,0,3,3,Trinity,Eric Heryford,0,NA,NA,NA,0,,27,37.03703704,59.25925926,0,3.703703704
Trinity_ 2020 Q1 Court,2155,Trinity, 2020 Q1 Court,61,9,2,29,2,3,15,0,1,0,Trinity,Donna Daly,0,NA,NA,NA,0,,36,5.555555556,80.55555556,8.333333333,5.555555556
Trinity_ 2020 Q2 Court,2156,Trinity, 2020 Q2 Court,71,22,3,12,0,2,18,0,3,0,Trinity,Donna Daly,0,NA,NA,NA,0,,17,17.64705882,70.58823529,11.76470588,0
Trinity_ 2020 Q3 Court,2157,Trinity, 2020 Q3 Court,58,NA,NA,NA,NA,NA,NA,NA,NA,NA,Trinity,Donna Daly,0,NA,NA,NA,0,,NA,NA,NA,NA,NA
Trinity_ 2020 Q4 Court,2158,Trinity, 2020 Q4 Court,58,29,3,13,0,0,2,0,7,3,Trinity,Donna Daly,0,NA,NA,NA,0,Donna Daly died,16,18.75,81.25,0,0
Trinity_ 2021 Q1 Court,2159,Trinity, 2021 Q1 Court,48,39,7,11,0,0,7,1,1,2,Trinity,David Brady,0,1,1,0,0,,18,38.88888889,61.11111111,0,0
Trinity_ 2021 Q2 Court,2160,Trinity, 2021 Q2 Court,61,47,4,10,0,0,4,1,3,1,Trinity,David Brady,0,1,1,0,0,,14,28.57142857,71.42857143,0,0
Trinity_ 2021 Q3 Court,2161,Trinity, 2021 Q3 Court,64,63,4,10,0,0,5,1,2,1,Trinity,David Brady,0,1,1,0,0,,14,28.57142857,71.42857143,0,0
Trinity_ 2021 Q4 Court,2162,Trinity, 2021 Q4 Court,36,26,5,5,0,1,5,0,3,1,Trinity,David Brady,0,1,1,0,0,,11,45.45454545,45.45454545,9.090909091,0
Trinity_ 2022 Q1 Court,2163,Trinity, 2022 Q1 Court,59,21,7,15,0,1,5,0,3,1,Trinity,David Brady,0,1,1,0,0,,23,30.43478261,65.2173913,4.347826087,0
Trinity_ 2022 Q2 Court,2164,Trinity, 2022 Q2 Court,56,43,7,10,0,0,4,0,1,2,Trinity,David Brady,0,1,1,0,0,,17,41.17647059,58.82352941,0,0
Trinity_ 2022 Q3 Court,2165,Trinity, 2022 Q3 Court,69,27,1,18,0,0,11,0,4,0,Trinity,David Brady,0,1,1,0,1,,19,5.263157895,94.73684211,0,0
Trinity_ 2022 Q4 Court,2166,Trinity, 2022 Q4 Court,38,20,6,9,0,0,0,0,1,2,Trinity,David Brady,0,1,1,0,1,,15,40,60,0,0
Tulare_ 2013 Q1 Court,2167,Tulare, 2013 Q1 Court,1112,200,127,404,34,31,538,122,244,0,Tulare,Philip Cline,0,NA,NA,NA,0,,596,21.30872483,67.7852349,5.201342282,5.704697987
Tulare_ 2013 Q2 Court,2168,Tulare, 2013 Q2 Court,1079,185,139,413,30,48,634,172,253,0,Tulare,Philip Cline,0,NA,NA,NA,0,,630,22.06349206,65.55555556,7.619047619,4.761904762
Tulare_ 2013 Q3 Court,2169,Tulare, 2013 Q3 Court,1356,247,109,414,30,39,431,248,5,0,Tulare,Philip Cline,0,NA,NA,NA,0,,592,18.41216216,69.93243243,6.587837838,5.067567568
Tulare_ 2013 Q4 Court,2170,Tulare, 2013 Q4 Court,1445,230,144,399,40,76,463,42,67,21,Tulare,Philip Cline,0,NA,NA,NA,0,,659,21.85128983,60.54628225,11.53262519,6.069802731
Tulare_ 2014 Q1 Court,2171,Tulare, 2014 Q1 Court,1261,193,166,491,80,68,529,76,76,33,Tulare,Philip Cline,0,0,NA,1,0,,805,20.62111801,60.99378882,8.447204969,9.937888199
Tulare_ 2014 Q2 Court,2172,Tulare, 2014 Q2 Court,1392,193,188,493,70,77,454,76,71,44,Tulare,Philip Cline,0,0,NA,1,0,,828,22.70531401,59.5410628,9.299516908,8.45410628
Tulare_ 2014 Q3 Court,2173,Tulare, 2014 Q3 Court,1396,228,186,523,61,57,475,72,69,29,Tulare,Philip Cline,0,0,NA,1,1,,827,22.49093108,63.24062878,6.892382104,7.376058041
Tulare_ 2014 Q4 Court,2174,Tulare, 2014 Q4 Court,1012,179,113,329,42,43,328,50,86,27,Tulare,Philip Cline,0,0,NA,1,1,,527,21.44212524,62.4288425,8.159392789,7.969639469
Tulare_ 2015 Q1 Court,2175,Tulare, 2015 Q1 Court,874,137,172,278,30,32,309,49,75,24,Tulare,Tim Ward,0,1,1,1,0,,512,33.59375,54.296875,6.25,5.859375
Tulare_ 2015 Q2 Court,2176,Tulare, 2015 Q2 Court,868,151,145,325,26,46,324,69,88,36,Tulare,Tim Ward,0,1,1,1,0,,542,26.75276753,59.96309963,8.487084871,4.79704797
Tulare_ 2015 Q3 Court,2177,Tulare, 2015 Q3 Court,836,122,158,324,17,27,299,51,73,23,Tulare,Tim Ward,0,1,1,1,0,,526,30.03802281,61.59695817,5.133079848,3.231939163
Tulare_ 2015 Q4 Court,2178,Tulare, 2015 Q4 Court,841,107,137,295,7,23,268,32,70,20,Tulare,Tim Ward,0,1,1,1,0,,462,29.65367965,63.85281385,4.978354978,1.515151515
Tulare_ 2016 Q1 Court,2179,Tulare, 2016 Q1 Court,796,167,183,306,4,33,317,46,77,32,Tulare,Tim Ward,0,1,1,1,0,,526,34.79087452,58.17490494,6.273764259,0.760456274
Tulare_ 2016 Q2 Court,2180,Tulare, 2016 Q2 Court,802,159,173,327,1,26,331,46,83,28,Tulare,Tim Ward,0,1,1,1,0,,527,32.82732448,62.04933586,4.933586338,0.189753321
Tulare_ 2016 Q3 Court,2181,Tulare, 2016 Q3 Court,794,136,164,314,NA,23,342,47,95,25,Tulare,Tim Ward,0,1,1,1,0,,NA,NA,NA,NA,NA
Tulare_ 2016 Q4 Court,2182,Tulare, 2016 Q4 Court,710,156,145,262,2,28,312,35,66,25,Tulare,Tim Ward,0,1,1,1,0,,437,33.18077803,59.95423341,6.407322654,0.457665904
Tulare_ 2017 Q1 Court,2183,Tulare, 2017 Q1 Court,834,171,165,278,NA,18,307,48,86,42,Tulare,Tim Ward,0,1,1,1,0,,NA,NA,NA,NA,NA
Tulare_ 2017 Q2 Court,2184,Tulare, 2017 Q2 Court,923,193,162,291,NA,30,344,38,85,39,Tulare,Tim Ward,0,1,1,1,0,,NA,NA,NA,NA,NA
Tulare_ 2017 Q3 Court,2185,Tulare, 2017 Q3 Court,809,173,149,269,19,30,336,37,96,27,Tulare,Tim Ward,0,1,1,1,0,,467,31.90578158,57.60171306,6.423982869,4.068522484
Tulare_ 2017 Q4 Court,2186,Tulare, 2017 Q4 Court,1017,168,181,242,8,22,353,39,78,36,Tulare,Tim Ward,0,1,1,1,0,,453,39.95584989,53.42163355,4.856512141,1.766004415
Tulare_ 2018 Q1 Court,2187,Tulare, 2018 Q1 Court,924,194,199,301,2,37,343,47,105,36,Tulare,Tim Ward,0,1,1,1,0,,539,36.92022263,55.84415584,6.864564007,0.371057514
Tulare_ 2018 Q2 Court,2188,Tulare, 2018 Q2 Court,951,189,182,240,7,31,345,42,87,39,Tulare,Tim Ward,0,1,1,1,0,,460,39.56521739,52.17391304,6.739130435,1.52173913
Tulare_ 2018 Q3 Court,2189,Tulare, 2018 Q3 Court,1049,206,137,308,2,38,327,43,84,57,Tulare,Tim Ward,0,1,1,1,1,,485,28.24742268,63.50515464,7.835051546,0.412371134
Tulare_ 2018 Q4 Court,2190,Tulare, 2018 Q4 Court,865,197,187,236,2,30,295,45,89,54,Tulare,Tim Ward,0,1,1,1,1,,455,41.0989011,51.86813187,6.593406593,0.43956044
Tulare_ 2019 Q1 Court,2191,Tulare, 2019 Q1 Court,931,192,166,219,1,17,238,32,76,64,Tulare,Tim Ward,0,1,1,0,0,,403,41.191067,54.34243176,4.218362283,0.248138958
Tulare_ 2019 Q2 Court,2192,Tulare, 2019 Q2 Court,1059,184,192,238,2,34,297,43,100,69,Tulare,Tim Ward,0,1,1,0,0,,466,41.20171674,51.07296137,7.296137339,0.429184549
Tulare_ 2019 Q3 Court,2193,Tulare, 2019 Q3 Court,873,161,137,253,2,46,347,49,89,61,Tulare,Tim Ward,0,1,1,0,0,,438,31.27853881,57.76255708,10.50228311,0.456621005
Tulare_ 2019 Q4 Court,2194,Tulare, 2019 Q4 Court,795,146,154,187,2,31,258,41,60,70,Tulare,Tim Ward,0,1,1,0,0,,374,41.17647059,50,8.288770053,0.534759358
Tulare_ 2020 Q1 Court,2195,Tulare, 2020 Q1 Court,872,174,130,163,11,29,207,40,84,59,Tulare,Tim Ward,0,1,1,0,0,,333,39.03903904,48.94894895,8.708708709,3.303303303
Tulare_ 2020 Q2 Court,2196,Tulare, 2020 Q2 Court,1015,180,33,44,0,4,57,4,32,23,Tulare,Tim Ward,0,1,1,0,0,,81,40.74074074,54.32098765,4.938271605,0
Tulare_ 2020 Q3 Court,2197,Tulare, 2020 Q3 Court,730,310,106,190,3,18,154,10,91,22,Tulare,Tim Ward,0,1,1,0,0,,317,33.4384858,59.93690852,5.678233438,0.94637224
Tulare_ 2020 Q4 Court,2198,Tulare, 2020 Q4 Court,873,266,82,158,1,15,100,16,48,28,Tulare,Tim Ward,0,1,1,0,0,,256,32.03125,61.71875,5.859375,0.390625
Tulare_ 2021 Q1 Court,2199,Tulare, 2021 Q1 Court,829,281,19,134,3,14,157,14,78,20,Tulare,Tim Ward,0,1,1,0,0,,170,11.17647059,78.82352941,8.235294118,1.764705882
Tulare_ 2021 Q2 Court,2200,Tulare, 2021 Q2 Court,835,321,135,215,5,35,162,15,65,29,Tulare,Tim Ward,0,1,1,0,0,,390,34.61538462,55.12820513,8.974358974,1.282051282
Tulare_ 2021 Q3 Court,2201,Tulare, 2021 Q3 Court,1015,273,159,219,4,27,168,17,77,27,Tulare,Tim Ward,0,1,1,0,0,,409,38.87530562,53.54523227,6.601466993,0.97799511
Tulare_ 2021 Q4 Court,2202,Tulare, 2021 Q4 Court,824,249,139,200,6,27,169,29,49,22,Tulare,Tim Ward,0,1,1,0,0,,372,37.3655914,53.76344086,7.258064516,1.612903226
Tulare_ 2022 Q1 Court,2203,Tulare, 2022 Q1 Court,812,222,131,234,1,23,106,31,77,27,Tulare,Tim Ward,0,1,1,0,0,,389,33.67609254,60.15424165,5.912596401,0.257069409
Tulare_ 2022 Q2 Court,2204,Tulare, 2022 Q2 Court,780,237,167,259,9,31,122,29,68,31,Tulare,Tim Ward,0,1,1,0,0,,466,35.83690987,55.57939914,6.652360515,1.931330472
Tulare_ 2022 Q3 Court,2205,Tulare, 2022 Q3 Court,760,204,192,288,6,31,145,38,63,21,Tulare,Tim Ward,0,1,1,0,1,,517,37.13733075,55.70599613,5.996131528,1.160541586
Tulare_ 2022 Q4 Court,2206,Tulare, 2022 Q4 Court,801,137,196,261,0,17,124,20,65,24,Tulare,Tim Ward,0,1,1,0,1,,474,41.35021097,55.06329114,3.58649789,0
Tulare_ 2023 Q1 Court,2207,Tulare, 2023 Q1 Court,670,129,187,259,3,16,176,26,63,19,Tulare,Tim Ward,0,NA,NA,NA,0,,465,40.21505376,55.69892473,3.440860215,0.64516129
Tuolumne_ 2013 Q1 Court,2208,Tuolumne, 2013 Q1 Court,197,49,20,98,0,9,103,6,6,NA,,,0,NA,NA,NA,0,,127,15.7480315,77.16535433,7.086614173,0
Tuolumne_ 2013 Q2 Court,2209,Tuolumne, 2013 Q2 Court,173,58,34,99,0,8,91,1,9,NA,,,0,NA,NA,NA,0,,141,24.11347518,70.21276596,5.673758865,0
Tuolumne_ 2013 Q3 Court,2210,Tuolumne, 2013 Q3 Court,182,42,38,73,2,7,94,1,6,0,,,0,NA,NA,NA,0,,120,31.66666667,60.83333333,5.833333333,1.666666667
Tuolumne_ 2013 Q4 Court,2211,Tuolumne, 2013 Q4 Court,195,44,35,90,2,17,111,1,6,1,,,0,NA,NA,NA,0,,144,24.30555556,62.5,11.80555556,1.388888889
Tuolumne_ 2014 Q1 Court,2212,Tuolumne, 2014 Q1 Court,216,67,25,70,1,13,84,3,3,0,,,0,NA,NA,NA,0,,109,22.93577982,64.22018349,11.9266055,0.917431193
Tuolumne_ 2014 Q2 Court,2213,Tuolumne, 2014 Q2 Court,231,82,27,69,3,16,83,6,7,0,,,0,NA,NA,NA,0,,115,23.47826087,60,13.91304348,2.608695652
Tuolumne_ 2014 Q3 Court,2214,Tuolumne, 2014 Q3 Court,253,98,29,64,1,11,94,5,6,1,,,0,NA,NA,NA,0,,105,27.61904762,60.95238095,10.47619048,0.952380952
Tuolumne_ 2014 Q4 Court,2215,Tuolumne, 2014 Q4 Court,193,90,32,48,1,7,65,10,6,1,,,0,NA,NA,NA,0,,88,36.36363636,54.54545455,7.954545455,1.136363636
Tuolumne_ 2015 Q1 Court,2216,Tuolumne, 2015 Q1 Court,150,94,35,57,3,18,52,13,7,0,Tuolmne,Laura Leslie Krieg,0,1,1,0,0,,113,30.97345133,50.44247788,15.92920354,2.654867257
Tuolumne_ 2015 Q2 Court,2217,Tuolumne, 2015 Q2 Court,172,60,21,43,0,11,66,9,2,6,Tuolmne,Laura Leslie Krieg,0,1,1,0,0,,75,28,57.33333333,14.66666667,0
Tuolumne_ 2015 Q3 Court,2218,Tuolumne, 2015 Q3 Court,146,47,37,60,2,11,52,10,4,0,Tuolmne,Laura Leslie Krieg,0,1,1,0,0,,110,33.63636364,54.54545455,10,1.818181818
Tuolumne_ 2015 Q4 Court,2219,Tuolumne, 2015 Q4 Court,175,51,31,42,0,9,81,8,4,5,Tuolmne,Laura Leslie Krieg,0,1,1,0,0,,82,37.80487805,51.2195122,10.97560976,0
Tuolumne_ 2016 Q1 Court,2220,Tuolumne, 2016 Q1 Court,193,59,37,48,1,7,69,11,8,5,Tuolmne,Laura Leslie Krieg,0,1,1,0,0,,93,39.78494624,51.61290323,7.52688172,1.075268817
Tuolumne_ 2016 Q2 Court,2221,Tuolumne, 2016 Q2 Court,199,86,29,70,0,8,64,21,4,4,Tuolmne,Laura Leslie Krieg,0,1,1,0,0,,107,27.10280374,65.42056075,7.476635514,0
Tuolumne_ 2016 Q3 Court,2222,Tuolumne, 2016 Q3 Court,176,86,43,54,3,14,49,17,6,1,Tuolmne,Laura Leslie Krieg,0,1,1,0,0,,114,37.71929825,47.36842105,12.28070175,2.631578947
Tuolumne_ 2016 Q4 Court,2223,Tuolumne, 2016 Q4 Court,185,100,26,44,0,13,62,11,5,1,Tuolmne,Laura Leslie Krieg,0,1,1,0,0,,83,31.3253012,53.01204819,15.6626506,0
Tuolumne_ 2017 Q1 Court,2224,Tuolumne, 2017 Q1 Court,222,100,46,63,1,17,50,26,9,2,Tuolmne,Laura Leslie Krieg,0,1,1,0,0,,127,36.22047244,49.60629921,13.38582677,0.787401575
Tuolumne_ 2017 Q2 Court,2225,Tuolumne, 2017 Q2 Court,205,107,40,77,0,18,68,6,8,1,Tuolmne,Laura Leslie Krieg,0,1,1,0,0,,135,29.62962963,57.03703704,13.33333333,0
Tuolumne_ 2017 Q3 Court,2226,Tuolumne, 2017 Q3 Court,190,82,51,77,1,26,34,16,8,0,Tuolmne,Laura Leslie Krieg,0,1,1,0,0,,155,32.90322581,49.67741935,16.77419355,0.64516129
Tuolumne_ 2017 Q4 Court,2227,Tuolumne, 2017 Q4 Court,185,110,76,58,1,18,55,15,5,2,Tuolmne,Laura Leslie Krieg,0,1,1,0,0,,153,49.67320261,37.90849673,11.76470588,0.653594771
Tuolumne_ 2018 Q1 Court,2228,Tuolumne, 2018 Q1 Court,181,122,39,67,1,14,34,3,9,3,Tuolmne,Laura Leslie Krieg,0,1,1,0,0,,121,32.23140496,55.37190083,11.57024793,0.826446281
Tuolumne_ 2018 Q2 Court,2229,Tuolumne, 2018 Q2 Court,211,74,54,57,0,7,43,7,11,4,Tuolmne,Laura Leslie Krieg,0,1,1,0,0,,118,45.76271186,48.30508475,5.93220339,0
Tuolumne_ 2018 Q3 Court,2230,Tuolumne, 2018 Q3 Court,157,88,50,69,0,15,46,26,6,1,Tuolmne,Laura Leslie Krieg,0,1,1,0,1,,134,37.31343284,51.49253731,11.19402985,0
Tuolumne_ 2018 Q4 Court,2231,Tuolumne, 2018 Q4 Court,175,57,31,74,0,6,31,16,7,0,Tuolmne,Laura Leslie Krieg,0,1,1,0,1,,111,27.92792793,66.66666667,5.405405405,0
Tuolumne_ 2019 Q1 Court,2232,Tuolumne, 2019 Q1 Court,157,61,58,59,0,10,45,9,6,2,Tuolmne,Laura Leslie Krieg,0,NA,NA,NA,0,,127,45.66929134,46.45669291,7.874015748,0
Tuolumne_ 2019 Q2 Court,2233,Tuolumne, 2019 Q2 Court,196,61,41,64,2,2,51,15,12,3,Tuolmne,Laura Leslie Krieg,0,NA,NA,NA,0,,109,37.6146789,58.71559633,1.834862385,1.834862385
Tuolumne_ 2019 Q3 Court,2234,Tuolumne, 2019 Q3 Court,146,76,41,53,0,11,89,12,7,4,Tuolmne,Laura Leslie Krieg,0,NA,NA,NA,0,,105,39.04761905,50.47619048,10.47619048,0
Tuolumne_ 2019 Q4 Court,2235,Tuolumne, 2019 Q4 Court,105,59,36,60,1,3,60,16,7,4,Tuolmne,Laura Leslie Krieg,0,NA,NA,NA,0,,100,36,60,3,1
Tuolumne_ 2020 Q1 Court,2236,Tuolumne, 2020 Q1 Court,129,60,45,56,0,4,65,22,13,5,Tuolmne,Laura Leslie Krieg,0,NA,NA,NA,0,,105,42.85714286,53.33333333,3.80952381,0
Tuolumne_ 2020 Q2 Court,2237,Tuolumne, 2020 Q2 Court,144,70,39,44,0,2,81,18,13,2,Tuolmne,Laura Leslie Krieg,0,NA,NA,NA,0,,85,45.88235294,51.76470588,2.352941176,0
Tuolumne_ 2020 Q3 Court,2238,Tuolumne, 2020 Q3 Court,163,121,20,46,0,0,69,16,9,0,Tuolmne,Laura Leslie Krieg,0,NA,NA,NA,0,,66,30.3030303,69.6969697,0,0
Tuolumne_ 2020 Q4 Court,2239,Tuolumne, 2020 Q4 Court,169,126,28,25,0,4,50,13,10,2,Tuolmne,Laura Leslie Krieg,0,NA,NA,NA,0,,57,49.12280702,43.85964912,7.01754386,0
Tuolumne_ 2021 Q1 Court,2240,Tuolumne, 2021 Q1 Court,134,155,40,24,0,0,46,6,15,1,Tuolmne,Cassandra Jenecke,0,NA,NA,NA,0,,64,62.5,37.5,0,0
Tuolumne_ 2021 Q2 Court,2241,Tuolumne, 2021 Q2 Court,198,146,45,81,1,5,49,2,12,0,Tuolmne,Cassandra Jenecke,0,NA,NA,NA,0,,132,34.09090909,61.36363636,3.787878788,0.757575758
Tuolumne_ 2021 Q3 Court,2242,Tuolumne, 2021 Q3 Court,128,128,35,53,0,9,30,13,11,2,Tuolmne,Cassandra Jenecke,0,NA,NA,NA,0,,97,36.08247423,54.63917526,9.278350515,0
Tuolumne_ 2021 Q4 Court,2243,Tuolumne, 2021 Q4 Court,136,94,42,40,0,1,41,10,15,0,Tuolmne,Cassandra Jenecke,0,NA,NA,NA,0,,83,50.60240964,48.19277108,1.204819277,0
Tuolumne_ 2022 Q1 Court,2244,Tuolumne, 2022 Q1 Court,146,98,63,54,0,7,27,9,11,0,Tuolmne,Cassandra Jenecke,0,1,1,0,0,,124,50.80645161,43.5483871,5.64516129,0
Tuolumne_ 2022 Q2 Court,2245,Tuolumne, 2022 Q2 Court,167,92,42,75,1,10,46,9,12,0,Tuolmne,Cassandra Jenecke,0,1,1,0,0,,128,32.8125,58.59375,7.8125,0.78125
Tuolumne_ 2022 Q3 Court,2246,Tuolumne, 2022 Q3 Court,151,91,48,73,0,22,69,7,15,3,Tuolmne,Cassandra Jenecke,0,1,1,0,1,,143,33.56643357,51.04895105,15.38461538,0
Tuolumne_ 2022 Q4 Court,2247,Tuolumne, 2022 Q4 Court,144,53,39,41,2,6,46,16,6,2,Tuolmne,Cassandra Jenecke,0,1,1,0,1,,88,44.31818182,46.59090909,6.818181818,2.272727273
Ventura_ 2013 Q1 Court,2248,Ventura, 2013 Q1 Court,1034,263,196,468,69,42,3559,62,7,0,Ventura,Greg Totten,0,1,1,0,0,,775,25.29032258,60.38709677,5.419354839,8.903225806
Ventura_ 2013 Q2 Court,2249,Ventura, 2013 Q2 Court,1046,289,167,509,74,35,3464,82,7,0,Ventura,Greg Totten,0,1,1,0,0,,785,21.27388535,64.84076433,4.458598726,9.426751592
Ventura_ 2013 Q3 Court,2250,Ventura, 2013 Q3 Court,1182,294,165,464,84,30,3688,125,10,46,Ventura,Greg Totten,0,1,1,0,0,,743,22.20726783,62.44952894,4.037685061,11.30551817
Ventura_ 2013 Q4 Court,2251,Ventura, 2013 Q4 Court,1042,327,144,422,82,17,3378,125,7,56,Ventura,Greg Totten,0,1,1,0,0,,665,21.65413534,63.45864662,2.556390977,12.33082707
Ventura_ 2014 Q1 Court,2252,Ventura, 2014 Q1 Court,1023,327,151,435,90,19,3429,166,222,178,Ventura,Greg Totten,0,1,1,0,0,,695,21.72661871,62.58992806,2.73381295,12.94964029
Ventura_ 2014 Q2 Court,2253,Ventura, 2014 Q2 Court,1225,347,194,433,72,26,3503,185,219,185,Ventura,Greg Totten,0,1,1,0,0,,725,26.75862069,59.72413793,3.586206897,9.931034483
Ventura_ 2014 Q3 Court,2254,Ventura, 2014 Q3 Court,1215,339,133,463,84,28,3293,145,248,128,Ventura,Greg Totten,0,1,1,0,1,,708,18.78531073,65.39548023,3.95480226,11.86440678
Ventura_ 2014 Q4 Court,2255,Ventura, 2014 Q4 Court,762,220,104,238,60,10,1653,126,260,123,Ventura,Greg Totten,0,1,1,0,1,,412,25.24271845,57.76699029,2.427184466,14.5631068
Ventura_ 2015 Q1 Court,2256,Ventura, 2015 Q1 Court,679,183,122,213,28,24,1286,101,365,136,Ventura,Greg Totten,0,1,1,0,0,,387,31.5245478,55.03875969,6.201550388,7.235142119
Ventura_ 2015 Q2 Court,2257,Ventura, 2015 Q2 Court,755,205,128,268,22,41,1225,90,383,140,Ventura,Greg Totten,0,1,1,0,0,,459,27.88671024,58.38779956,8.932461874,4.793028322
Ventura_ 2015 Q3 Court,2258,Ventura, 2015 Q3 Court,840,169,153,260,31,42,1260,101,318,106,Ventura,Greg Totten,0,1,1,0,0,,486,31.48148148,53.49794239,8.641975309,6.378600823
Ventura_ 2015 Q4 Court,2259,Ventura, 2015 Q4 Court,761,163,159,252,31,29,1220,106,328,122,Ventura,Greg Totten,0,1,1,0,0,,471,33.75796178,53.50318471,6.157112527,6.581740977
Ventura_ 2016 Q1 Court,2260,Ventura, 2016 Q1 Court,786,192,136,305,27,32,1257,148,325,98,Ventura,Greg Totten,0,1,1,0,0,,500,27.2,61,6.4,5.4
Ventura_ 2016 Q2 Court,2261,Ventura, 2016 Q2 Court,775,239,171,273,30,43,1339,115,310,103,Ventura,Greg Totten,0,1,1,0,0,,517,33.0754352,52.80464217,8.3172147,5.80270793
Ventura_ 2016 Q3 Court,2262,Ventura, 2016 Q3 Court,741,187,178,228,21,40,1341,158,378,87,Ventura,Greg Totten,0,1,1,0,0,,467,38.11563169,48.82226981,8.565310493,4.496788009
Ventura_ 2016 Q4 Court,2263,Ventura, 2016 Q4 Court,774,208,127,221,28,28,1178,120,321,90,Ventura,Greg Totten,0,1,1,0,0,,404,31.43564356,54.7029703,6.930693069,6.930693069
Ventura_ 2017 Q1 Court,2264,Ventura, 2017 Q1 Court,625,199,200,263,31,35,1319,118,375,112,Ventura,Greg Totten,0,1,1,0,0,,529,37.80718336,49.71644612,6.616257089,5.860113422
Ventura_ 2017 Q2 Court,2265,Ventura, 2017 Q2 Court,730,228,167,247,20,39,1427,153,426,103,Ventura,Greg Totten,0,1,1,0,0,,473,35.30655391,52.21987315,8.245243129,4.22832981
Ventura_ 2017 Q3 Court,2266,Ventura, 2017 Q3 Court,643,286,180,230,21,40,1516,170,507,123,Ventura,Greg Totten,0,1,1,0,0,,471,38.21656051,48.83227176,8.492569002,4.458598726
Ventura_ 2017 Q4 Court,2267,Ventura, 2017 Q4 Court,608,172,133,201,15,44,1437,180,447,127,Ventura,Greg Totten,0,1,1,0,0,,393,33.84223919,51.14503817,11.19592875,3.816793893
Ventura_ 2018 Q1 Court,2268,Ventura, 2018 Q1 Court,635,225,176,244,12,44,1461,244,470,133,Ventura,Greg Totten,0,1,1,0,0,,476,36.97478992,51.2605042,9.243697479,2.521008403
Ventura_ 2018 Q2 Court,2269,Ventura, 2018 Q2 Court,636,199,165,172,12,44,1343,252,421,115,Ventura,Greg Totten,0,1,1,0,0,,393,41.98473282,43.76590331,11.19592875,3.053435115
Ventura_ 2018 Q3 Court,2270,Ventura, 2018 Q3 Court,729,186,130,206,7,24,1277,231,465,114,Ventura,Greg Totten,0,1,1,0,1,,367,35.42234332,56.13079019,6.539509537,1.907356948
Ventura_ 2018 Q4 Court,2271,Ventura, 2018 Q4 Court,572,185,132,230,14,42,1246,252,452,101,Ventura,Greg Totten,0,1,1,0,1,,418,31.57894737,55.02392344,10.04784689,3.349282297
Ventura_ 2019 Q1 Court,2272,Ventura, 2019 Q1 Court,652,256,149,158,22,40,1264,229,501,124,Ventura,Greg Totten,0,0,NA,NA,0,,369,40.37940379,42.81842818,10.8401084,5.962059621
Ventura_ 2019 Q2 Court,2273,Ventura, 2019 Q2 Court,711,211,166,251,41,34,1198,232,504,121,Ventura,Greg Totten,0,0,NA,NA,0,,492,33.7398374,51.01626016,6.910569106,8.333333333
Ventura_ 2019 Q3 Court,2274,Ventura, 2019 Q3 Court,653,213,165,255,27,37,1157,199,475,160,Ventura,Greg Totten,0,0,NA,NA,0,,484,34.09090909,52.68595041,7.644628099,5.578512397
Ventura_ 2019 Q4 Court,2275,Ventura, 2019 Q4 Court,570,193,149,191,29,32,1144,209,500,121,Ventura,Greg Totten,0,0,NA,NA,0,,401,37.15710723,47.63092269,7.980049875,7.2319202
Ventura_ 2020 Q1 Court,2276,Ventura, 2020 Q1 Court,510,145,119,203,23,29,1029,161,551,107,Ventura,Greg Totten,0,0,NA,NA,0,,374,31.81818182,54.27807487,7.754010695,6.14973262
Ventura_ 2020 Q2 Court,2277,Ventura, 2020 Q2 Court,535,65,44,88,10,6,442,89,269,52,Ventura,Greg Totten,0,0,NA,NA,0,,148,29.72972973,59.45945946,4.054054054,6.756756757
Ventura_ 2020 Q3 Court,2278,Ventura, 2020 Q3 Court,654,200,108,193,7,33,1054,177,539,77,Ventura,Greg Totten,0,0,NA,NA,0,,341,31.67155425,56.59824047,9.677419355,2.052785924
Ventura_ 2020 Q4 Court,2279,Ventura, 2020 Q4 Court,630,142,119,204,19,30,929,201,480,79,Ventura,Greg Totten,0,0,NA,NA,0,,372,31.98924731,54.83870968,8.064516129,5.107526882
Ventura_ 2021 Q1 Court,2280,Ventura, 2021 Q1 Court,666,124,124,237,17,44,1115,199,503,89,Ventura,Greg Totten,0,0,NA,NA,0,,422,29.38388626,56.16113744,10.42654028,4.028436019
Ventura_ 2021 Q2 Court,2281,Ventura, 2021 Q2 Court,627,211,121,242,20,36,1224,169,515,96,Ventura,Greg Totten,0,0,NA,NA,0,,419,28.87828162,57.75656325,8.591885442,4.77326969
Ventura_ 2021 Q3 Court,2282,Ventura, 2021 Q3 Court,593,189,119,235,16,32,1186,180,540,104,Ventura,Greg Totten,0,0,NA,NA,0,,402,29.60199005,58.45771144,7.960199005,3.980099502
Ventura_ 2021 Q4 Court,2283,Ventura, 2021 Q4 Court,603,180,100,184,18,22,1086,180,505,92,Ventura,Greg Totten,0,0,NA,NA,0,,324,30.86419753,56.79012346,6.790123457,5.555555556
Ventura_ 2022 Q1 Court,2284,Ventura, 2022 Q1 Court,698,171,125,209,17,27,963,127,458,90,Ventura,Greg Totten,0,0,NA,1,0,,378,33.06878307,55.29100529,7.142857143,4.497354497
Ventura_ 2022 Q2 Court,2285,Ventura, 2022 Q2 Court,740,237,143,220,25,31,1083,139,452,78,Ventura,Greg Totten,0,0,NA,1,0,,419,34.12887828,52.50596659,7.398568019,5.966587112
Ventura_ 2022 Q3 Court,2286,Ventura, 2022 Q3 Court,753,215,160,197,18,49,1012,153,476,81,Ventura,Greg Totten,0,0,NA,1,1,,424,37.73584906,46.46226415,11.55660377,4.245283019
Ventura_ 2022 Q4 Court,2287,Ventura, 2022 Q4 Court,742,201,158,185,16,30,883,111,397,93,Ventura,Greg Totten,0,0,NA,1,1,,389,40.61696658,47.55784062,7.712082262,4.11311054
Ventura_ 2023 Q1 Court,2288,Ventura, 2023 Q1 Court,767,269,181,186,31,46,986,182,429,77,Ventura,Erik Nasarenko,0,NA,NA,NA,0,,444,40.76576577,41.89189189,10.36036036,6.981981982
Yolo_ 2013 Q1 Court,2289,Yolo, 2013 Q1 Court,462,29,62,163,54,30,194,15,55,NA,Yolo,Jeff Reisig,1,1,1,0,0,,309,20.06472492,52.75080906,9.708737864,17.47572816
Yolo_ 2013 Q2 Court,2290,Yolo, 2013 Q2 Court,461,34,55,165,52,19,217,29,54,0,Yolo,Jeff Reisig,1,1,1,0,0,,291,18.90034364,56.70103093,6.529209622,17.86941581
Yolo_ 2013 Q3 Court,2291,Yolo, 2013 Q3 Court,533,34,66,154,51,22,226,NA,52,10,Yolo,Jeff Reisig,1,1,1,0,0,,293,22.52559727,52.55972696,7.508532423,17.40614334
Yolo_ 2013 Q4 Court,2292,Yolo, 2013 Q4 Court,513,147,74,138,49,44,227,31,45,25,Yolo,Jeff Reisig,1,1,1,0,0,,305,24.26229508,45.24590164,14.42622951,16.06557377
Yolo_ 2014 Q1 Court,2293,Yolo, 2014 Q1 Court,554,76,90,157,35,11,227,20,36,26,Yolo,Jeff Reisig,1,1,1,0,0,,293,30.71672355,53.58361775,3.754266212,11.94539249
Yolo_ 2014 Q2 Court,2294,Yolo, 2014 Q2 Court,556,104,77,176,79,59,265,38,46,24,Yolo,Jeff Reisig,1,1,1,0,0,,391,19.69309463,45.01278772,15.08951407,20.20460358
Yolo_ 2014 Q3 Court,2295,Yolo, 2014 Q3 Court,585,132,74,167,74,58,260,41,58,11,Yolo,Jeff Reisig,1,1,1,0,1,,373,19.83914209,44.77211796,15.54959786,19.83914209
Yolo_ 2014 Q4 Court,2296,Yolo, 2014 Q4 Court,392,84,65,114,35,27,193,47,48,8,Yolo,Jeff Reisig,1,1,1,0,1,,241,26.97095436,47.30290456,11.2033195,14.52282158
Yolo_ 2015 Q1 Court,2297,Yolo, 2015 Q1 Court,358,46,60,133,41,31,166,51,41,6,Yolo,Jeff Reisig,1,1,1,1,0,,265,22.64150943,50.18867925,11.69811321,15.47169811
Yolo_ 2015 Q2 Court,2298,Yolo, 2015 Q2 Court,280,109,61,160,41,36,206,42,51,9,Yolo,Jeff Reisig,1,1,1,1,0,,298,20.46979866,53.69127517,12.08053691,13.75838926
Yolo_ 2015 Q3 Court,2299,Yolo, 2015 Q3 Court,351,149,47,85,30,29,222,41,44,11,Yolo,Jeff Reisig,1,1,1,1,0,,191,24.60732984,44.5026178,15.18324607,15.70680628
Yolo_ 2015 Q4 Court,2300,Yolo, 2015 Q4 Court,332,135,38,78,53,53,188,40,43,13,Yolo,Jeff Reisig,1,1,1,1,0,,222,17.11711712,35.13513514,23.87387387,23.87387387
Yolo_ 2016 Q1 Court,2301,Yolo, 2016 Q1 Court,336,117,58,73,23,31,193,37,47,22,Yolo,Jeff Reisig,1,1,1,1,0,,185,31.35135135,39.45945946,16.75675676,12.43243243
Yolo_ 2016 Q2 Court,2302,Yolo, 2016 Q2 Court,342,135,43,89,32,38,169,39,44,22,Yolo,Jeff Reisig,1,1,1,1,0,,202,21.28712871,44.05940594,18.81188119,15.84158416
Yolo_ 2016 Q3 Court,2303,Yolo, 2016 Q3 Court,297,157,62,103,30,36,135,46,44,27,Yolo,Jeff Reisig,1,1,1,1,0,,231,26.83982684,44.58874459,15.58441558,12.98701299
Yolo_ 2016 Q4 Court,2304,Yolo, 2016 Q4 Court,336,107,44,73,38,32,118,48,31,16,Yolo,Jeff Reisig,1,1,1,1,0,,187,23.52941176,39.03743316,17.11229947,20.32085561
Yolo_ 2017 Q1 Court,2305,Yolo, 2017 Q1 Court,290,41,60,87,20,22,171,39,31,15,Yolo,Jeff Reisig,1,1,1,1,0,,189,31.74603175,46.03174603,11.64021164,10.58201058
Yolo_ 2017 Q2 Court,2306,Yolo, 2017 Q2 Court,411,52,71,69,28,32,156,41,54,14,Yolo,Jeff Reisig,1,1,1,1,0,,200,35.5,34.5,16,14
Yolo_ 2017 Q3 Court,2307,Yolo, 2017 Q3 Court,280,38,55,63,48,46,145,58,43,14,Yolo,Jeff Reisig,1,1,1,1,0,,212,25.94339623,29.71698113,21.69811321,22.64150943
Yolo_ 2017 Q4 Court,2308,Yolo, 2017 Q4 Court,323,53,49,69,24,22,114,39,38,25,Yolo,Jeff Reisig,1,1,1,1,0,,164,29.87804878,42.07317073,13.41463415,14.63414634
Yolo_ 2018 Q1 Court,2309,Yolo, 2018 Q1 Court,352,58,65,76,29,27,150,39,47,19,Yolo,Jeff Reisig,1,1,1,1,0,,197,32.99492386,38.5786802,13.70558376,14.72081218
Yolo_ 2018 Q2 Court,2310,Yolo, 2018 Q2 Court,267,52,69,59,26,22,120,41,47,19,Yolo,Jeff Reisig,1,1,1,1,0,,176,39.20454545,33.52272727,12.5,14.77272727
Yolo_ 2018 Q3 Court,2311,Yolo, 2018 Q3 Court,316,46,51,95,35,28,229,65,58,38,Yolo,Jeff Reisig,1,1,1,1,1,,209,24.40191388,45.45454545,13.39712919,16.74641148
Yolo_ 2018 Q4 Court,2312,Yolo, 2018 Q4 Court,281,115,49,68,26,25,147,39,40,24,Yolo,Jeff Reisig,1,1,1,1,1,,168,29.16666667,40.47619048,14.88095238,15.47619048
Yolo_ 2019 Q1 Court,2313,Yolo, 2019 Q1 Court,294,40,54,74,23,24,162,30,36,19,Yolo,Jeff Reisig,1,1,1,1,0,,175,30.85714286,42.28571429,13.71428571,13.14285714
Yolo_ 2019 Q2 Court,2314,Yolo, 2019 Q2 Court,347,76,46,58,23,21,144,34,29,20,Yolo,Jeff Reisig,1,1,1,1,0,,148,31.08108108,39.18918919,14.18918919,15.54054054
Yolo_ 2019 Q3 Court,2315,Yolo, 2019 Q3 Court,380,69,51,70,23,25,158,25,56,23,Yolo,Jeff Reisig,1,1,1,1,0,,169,30.17751479,41.42011834,14.79289941,13.60946746
Yolo_ 2019 Q4 Court,2316,Yolo, 2019 Q4 Court,366,52,34,66,36,30,136,27,32,23,Yolo,Jeff Reisig,1,1,1,1,0,,166,20.48192771,39.75903614,18.07228916,21.68674699
Yolo_ 2020 Q1 Court,2317,Yolo, 2020 Q1 Court,300,59,33,53,27,24,117,12,27,25,Yolo,Jeff Reisig,1,1,1,1,0,,137,24.08759124,38.68613139,17.51824818,19.7080292
Yolo_ 2020 Q2 Court,2318,Yolo, 2020 Q2 Court,298,70,18,30,7,6,86,9,29,4,Yolo,Jeff Reisig,1,1,1,1,0,,61,29.50819672,49.18032787,9.836065574,11.47540984
Yolo_ 2020 Q3 Court,2319,Yolo, 2020 Q3 Court,312,NA,9,7,NA,NA,76,NA,10,3,Yolo,Jeff Reisig,1,1,1,1,0,,NA,NA,NA,NA,NA
Yolo_ 2020 Q4 Court,2320,Yolo, 2020 Q4 Court,282,NA,17,1,NA,NA,43,NA,13,5,Yolo,Jeff Reisig,1,1,1,1,0,,NA,NA,NA,NA,NA
Yolo_ 2021 Q1 Court,2321,Yolo, 2021 Q1 Court,264,NA,22,11,0,1,55,20,2,7,Yolo,Jeff Reisig,1,1,1,1,0,,34,64.70588235,32.35294118,2.941176471,0
Yolo_ 2021 Q2 Court,2322,Yolo, 2021 Q2 Court,370,NA,14,55,2,3,69,38,0,1,Yolo,Jeff Reisig,1,1,1,1,0,,74,18.91891892,74.32432432,4.054054054,2.702702703
Yolo_ 2021 Q3 Court,2323,Yolo, 2021 Q3 Court,444,NA,0,71,3,10,55,7,20,11,Yolo,Jeff Reisig,1,1,1,1,0,,84,0,84.52380952,11.9047619,3.571428571
Yolo_ 2021 Q4 Court,2324,Yolo, 2021 Q4 Court,311,NA,NA,54,5,18,71,7,11,11,Yolo,Jeff Reisig,1,1,1,1,0,,NA,NA,NA,NA,NA
Yolo_ 2022 Q1 Court,2325,Yolo, 2022 Q1 Court,306,NA,0,53,7,7,56,2,11,7,Yolo,Jeff Reisig,1,1,1,1,0,,67,0,79.10447761,10.44776119,10.44776119
Yolo_ 2022 Q2 Court,2326,Yolo, 2022 Q2 Court,338,NA,0,71,6,12,60,10,22,14,Yolo,Jeff Reisig,1,1,1,1,0,,89,0,79.7752809,13.48314607,6.741573034
Yolo_ 2022 Q3 Court,2327,Yolo, 2022 Q3 Court,302,NA,0,64,8,11,70,16,11,11,Yolo,Jeff Reisig,1,1,1,1,1,,83,0,77.10843373,13.25301205,9.638554217
Yolo_ 2022 Q4 Court,2328,Yolo, 2022 Q4 Court,316,NA,NA,51,7,13,65,10,29,14,Yolo,Jeff Reisig,1,1,1,1,1,,NA,NA,NA,NA,NA
Yolo_ 2023 Q1 Court,2329,Yolo, 2023 Q1 Court,319,NA,0,60,9,22,71,8,36,11,Yolo,Jeff Reisig,1,NA,NA,NA,0,,91,0,65.93406593,24.17582418,9.89010989
Yuba_ 2013 Q1 Court,2330,Yuba, 2013 Q1 Court,239,39,62,48,8,8,58,6,6,NA,Yuba,Patrick McGrath,0,1,1,0,0,,126,49.20634921,38.0952381,6.349206349,6.349206349
Yuba_ 2013 Q2 Court,2331,Yuba, 2013 Q2 Court,214,43,85,62,22,15,50,3,2,NA,Yuba,Patrick McGrath,0,1,1,0,0,,184,46.19565217,33.69565217,8.152173913,11.95652174
Yuba_ 2013 Q3 Court,2332,Yuba, 2013 Q3 Court,231,47,42,104,8,12,53,6,5,18,Yuba,Patrick McGrath,0,1,1,0,0,,166,25.30120482,62.65060241,7.228915663,4.819277108
Yuba_ 2013 Q4 Court,2333,Yuba, 2013 Q4 Court,253,50,45,78,2,11,23,12,17,15,Yuba,Patrick McGrath,0,1,1,0,0,,136,33.08823529,57.35294118,8.088235294,1.470588235
Yuba_ 2014 Q1 Court,2334,Yuba, 2014 Q1 Court,245,71,41,88,10,6,66,16,13,32,Yuba,Patrick McGrath,0,1,1,0,0,,145,28.27586207,60.68965517,4.137931034,6.896551724
Yuba_ 2014 Q2 Court,2335,Yuba, 2014 Q2 Court,245,77,42,94,10,5,58,8,19,34,Yuba,Patrick McGrath,0,1,1,0,0,,151,27.81456954,62.25165563,3.311258278,6.622516556
Yuba_ 2014 Q3 Court,2336,Yuba, 2014 Q3 Court,271,85,41,78,8,0,74,11,19,43,Yuba,Patrick McGrath,0,1,1,0,1,,127,32.28346457,61.41732283,0,6.299212598
Yuba_ 2014 Q4 Court,2337,Yuba, 2014 Q4 Court,199,58,35,69,5,11,48,16,18,36,Yuba,Patrick McGrath,0,1,1,0,1,,120,29.16666667,57.5,9.166666667,4.166666667
Yuba_ 2015 Q1 Court,2338,Yuba, 2015 Q1 Court,220,48,53,83,8,11,59,11,22,33,Yuba,Patrick McGrath,0,0,NA,NA,0,,155,34.19354839,53.5483871,7.096774194,5.161290323
Yuba_ 2015 Q2 Court,2339,Yuba, 2015 Q2 Court,230,54,59,84,7,10,39,10,11,34,Yuba,Patrick McGrath,0,0,NA,NA,0,,160,36.875,52.5,6.25,4.375
Yuba_ 2015 Q3 Court,2340,Yuba, 2015 Q3 Court,212,86,56,109,12,0,52,14,17,41,Yuba,Patrick McGrath,0,0,NA,NA,0,,177,31.63841808,61.5819209,0,6.779661017
Yuba_ 2015 Q4 Court,2341,Yuba, 2015 Q4 Court,220,91,55,113,10,11,86,13,17,37,Yuba,Patrick McGrath,0,0,NA,NA,0,,189,29.1005291,59.78835979,5.82010582,5.291005291
Yuba_ 2016 Q1 Court,2342,Yuba, 2016 Q1 Court,242,47,58,100,7,5,47,8,21,43,Yuba,Patrick McGrath,0,0,NA,NA,0,,170,34.11764706,58.82352941,2.941176471,4.117647059
Yuba_ 2016 Q2 Court,2343,Yuba, 2016 Q2 Court,193,51,46,40,6,0,14,8,4,10,Yuba,Patrick McGrath,0,0,NA,NA,0,,92,50,43.47826087,0,6.52173913
Yuba_ 2016 Q3 Court,2344,Yuba, 2016 Q3 Court,203,18,41,66,2,2,41,10,21,35,Yuba,Patrick McGrath,0,0,NA,NA,0,,111,36.93693694,59.45945946,1.801801802,1.801801802
Yuba_ 2016 Q4 Court,2345,Yuba, 2016 Q4 Court,176,24,48,68,3,1,29,10,20,24,Yuba,Patrick McGrath,0,0,NA,NA,0,,120,40,56.66666667,0.833333333,2.5
Yuba_ 2017 Q1 Court,2346,Yuba, 2017 Q1 Court,202,52,36,56,3,6,47,7,16,27,Yuba,Patrick McGrath,0,0,NA,NA,0,,101,35.64356436,55.44554455,5.940594059,2.97029703
Yuba_ 2017 Q2 Court,2347,Yuba, 2017 Q2 Court,214,58,40,44,3,5,62,6,11,30,Yuba,Patrick McGrath,0,0,NA,NA,0,,92,43.47826087,47.82608696,5.434782609,3.260869565
Yuba_ 2017 Q3 Court,2348,Yuba, 2017 Q3 Court,172,51,54,63,5,4,56,10,16,21,Yuba,Patrick McGrath,0,0,NA,NA,0,,126,42.85714286,50,3.174603175,3.968253968
Yuba_ 2017 Q4 Court,2349,Yuba, 2017 Q4 Court,187,53,45,35,7,6,59,7,16,18,Yuba,Patrick McGrath,0,0,NA,NA,0,,93,48.38709677,37.6344086,6.451612903,7.52688172
Yuba_ 2018 Q1 Court,2350,Yuba, 2018 Q1 Court,141,52,39,46,7,2,44,7,17,30,Yuba,Patrick McGrath,0,0,NA,0,0,,94,41.4893617,48.93617021,2.127659574,7.446808511
Yuba_ 2018 Q2 Court,2351,Yuba, 2018 Q2 Court,153,61,34,37,3,3,40,7,19,32,Yuba,Patrick McGrath,0,0,NA,0,0,,77,44.15584416,48.05194805,3.896103896,3.896103896
Yuba_ 2018 Q3 Court,2352,Yuba, 2018 Q3 Court,167,39,31,48,3,4,41,6,29,34,Yuba,Patrick McGrath,0,0,NA,0,1,,86,36.04651163,55.81395349,4.651162791,3.488372093
Yuba_ 2018 Q4 Court,2353,Yuba, 2018 Q4 Court,137,34,38,33,1,2,49,7,23,41,Yuba,Patrick McGrath,0,0,NA,0,1,,74,51.35135135,44.59459459,2.702702703,1.351351351
Yuba_ 2019 Q1 Court,2354,Yuba, 2019 Q1 Court,142,43,30,29,3,3,45,5,30,35,Yuba,Clint Curry,0,1,1,0,0,,65,46.15384615,44.61538462,4.615384615,4.615384615
Yuba_ 2019 Q2 Court,2355,Yuba, 2019 Q2 Court,165,31,30,39,4,4,47,2,37,43,Yuba,Clint Curry,0,1,1,0,0,,77,38.96103896,50.64935065,5.194805195,5.194805195
Yuba_ 2019 Q3 Court,2356,Yuba, 2019 Q3 Court,147,40,37,32,16,2,46,1,30,40,Yuba,Clint Curry,0,1,1,0,0,,87,42.52873563,36.7816092,2.298850575,18.3908046
Yuba_ 2019 Q4 Court,2357,Yuba, 2019 Q4 Court,148,40,39,45,9,4,34,2,25,34,Yuba,Clint Curry,0,1,1,0,0,,97,40.20618557,46.39175258,4.12371134,9.278350515
Yuba_ 2020 Q1 Court,2358,Yuba, 2020 Q1 Court,123,35,48,38,4,1,28,5,35,40,Yuba,Clint Curry,0,1,1,0,0,,91,52.74725275,41.75824176,1.098901099,4.395604396
Yuba_ 2020 Q2 Court,2359,Yuba, 2020 Q2 Court,195,33,22,35,0,0,32,3,15,13,Yuba,Clint Curry,0,1,1,0,0,,57,38.59649123,61.40350877,0,0
Yuba_ 2020 Q3 Court,2360,Yuba, 2020 Q3 Court,309,70,47,33,3,2,28,3,30,9,Yuba,Clint Curry,0,1,1,0,0,,85,55.29411765,38.82352941,2.352941176,3.529411765
Yuba_ 2020 Q4 Court,2361,Yuba, 2020 Q4 Court,195,90,52,47,5,8,30,2,23,14,Yuba,Clint Curry,0,1,1,0,0,,112,46.42857143,41.96428571,7.142857143,4.464285714
Yuba_ 2021 Q1 Court,2362,Yuba, 2021 Q1 Court,184,101,61,41,4,4,25,1,16,11,Yuba,Clint Curry,0,1,1,0,0,,110,55.45454545,37.27272727,3.636363636,3.636363636
Yuba_ 2021 Q2 Court,2363,Yuba, 2021 Q2 Court,218,110,49,59,1,4,35,1,29,10,Yuba,Clint Curry,0,1,1,0,0,,113,43.36283186,52.21238938,3.539823009,0.884955752
Yuba_ 2021 Q3 Court,2364,Yuba, 2021 Q3 Court,287,78,78,53,6,5,35,6,28,5,Yuba,Clint Curry,0,1,1,0,0,,142,54.92957746,37.32394366,3.521126761,4.225352113
Yuba_ 2021 Q4 Court,2365,Yuba, 2021 Q4 Court,216,110,88,49,15,10,22,3,23,15,Yuba,Clint Curry,0,1,1,0,0,,162,54.32098765,30.24691358,6.172839506,9.259259259
Yuba_ 2022 Q1 Court,2366,Yuba, 2022 Q1 Court,225,75,59,53,9,4,40,4,27,8,Yuba,Clint Curry,0,1,1,0,0,,125,47.2,42.4,3.2,7.2
Yuba_ 2022 Q2 Court,2367,Yuba, 2022 Q2 Court,265,82,78,50,2,7,50,6,32,14,Yuba,Clint Curry,0,1,1,0,0,,137,56.93430657,36.49635036,5.109489051,1.459854015
Yuba_ 2022 Q3 Court,2368,Yuba, 2022 Q3 Court,263,92,86,77,9,6,57,2,24,10,Yuba,Clint Curry,0,1,1,0,1,,178,48.31460674,43.25842697,3.370786517,5.056179775
Yuba_ 2022 Q4 Court,2369,Yuba, 2022 Q4 Court,267,64,82,62,7,3,46,0,20,13,Yuba,Clint Curry,0,1,1,0,1,,154,53.24675325,40.25974026,1.948051948,4.545454545
Yuba_ 2023 Q1 Court,2370,Yuba, 2023 Q1 Court,171,66,62,72,13,1,56,2,26,15,Yuba,Clint Curry,0,NA,NA,NA,0,,148,41.89189189,48.64864865,0.675675676,8.783783784
