County_and_Quarter,County,Total,Prison,Jail,Time.Served,Jail.and.Probation,Probation,Fine,Cond.Discharge,Other.Unknown,Name,Decarceratory,Party,Did_Incumbent_Seek_Reelection,If_Sought_Reelection_Did_Incumbent_Win,Contested_Primary,Contested_General,Election_Year,Notes,Percentage_Prison,Percentage_Jail,Percentage_Jail_and_Probation,Percentage_Probation,Percentage_Fine,Percentage_Cond_Disc
Albany_2010 Q1,Albany,1603,124,177,134,86,169,649,235,29,P. David Soares,0,,1,1,1,0,0,,7.735495945,11.04179663,5.364940736,10.54273238,40.48658765,14.66001248
Albany_2010 Q2,Albany,1579,112,151,120,84,185,687,215,25,P. David Soares,0,,1,1,1,0,0,,7.093096897,9.563014566,5.319822673,11.71627612,43.50854972,13.61621279
Albany_2010 Q3,Albany,1498,125,190,120,70,153,556,252,32,P. David Soares,0,,1,1,1,0,0,,8.344459279,12.6835781,4.672897196,10.21361816,37.11615487,16.82242991
Albany_2010 Q4,Albany,1418,100,143,122,70,186,559,213,25,P. David Soares,0,,1,1,1,0,0,,7.052186178,10.08462623,4.936530324,13.11706629,39.42172073,15.02115656
Albany_2011 Q1,Albany,1393,141,137,106,97,166,493,214,39,P. David Soares,0,,1,1,1,0,0,,10.12203877,9.834888729,6.96338837,11.91672649,35.39124192,15.36252692
Albany_2011 Q2,Albany,1428,116,140,80,79,160,602,208,43,P. David Soares,0,,1,1,1,0,0,,8.1232493,9.803921569,5.532212885,11.20448179,42.15686275,14.56582633
Albany_2011 Q3,Albany,1259,104,120,119,62,155,447,217,35,P. David Soares,0,,1,1,1,0,0,,8.260524226,9.531374106,4.924543288,12.31135822,35.50436855,17.23590151
Albany_2011 Q4,Albany,1217,88,124,68,57,144,475,235,26,P. David Soares,0,,1,1,1,0,0,,7.230895645,10.18898932,4.683648316,11.83237469,39.03040263,19.30977814
Albany_2012 Q1,Albany,1401,111,139,131,73,137,564,226,20,P. David Soares,0,,1,1,1,0,0.5,,7.922912206,9.921484654,5.210563883,9.778729479,40.25695931,16.13133476
Albany_2012 Q2,Albany,1513,127,146,137,74,144,582,271,32,P. David Soares,0,,1,1,1,0,0.5,,8.393919365,9.649702578,4.890945142,9.517514871,38.4666226,17.91143424
Albany_2012 Q3,Albany,1242,112,124,77,70,137,447,244,31,P. David Soares,0,,1,1,1,0,1,,9.017713366,9.98389694,5.636070853,11.03059581,35.99033816,19.64573269
Albany_2012 Q4,Albany,1368,109,152,82,66,158,470,289,42,P. David Soares,0,,1,1,1,0,1,,7.967836257,11.11111111,4.824561404,11.5497076,34.35672515,21.12573099
Albany_2013 Q1,Albany,1481,112,161,124,81,155,505,318,25,P. David Soares,0,,1,1,0,NA,0,,7.562457799,10.87103309,5.469277515,10.46590142,34.09858204,21.47197839
Albany_2013 Q2,Albany,1623,109,128,121,93,155,604,391,22,P. David Soares,0,,1,1,0,NA,0,,6.715958102,7.886629698,5.73012939,9.55021565,37.21503389,24.09118916
Albany_2013 Q3,Albany,1427,94,150,110,65,169,467,341,31,P. David Soares,0,,1,1,0,NA,0,,6.587245971,10.51156272,4.555010512,11.84302733,32.7259986,23.89628591
Albany_2013 Q4,Albany,1391,94,153,118,70,142,461,336,17,P. David Soares,0,,1,1,0,NA,0,,6.757728253,10.99928109,5.032350827,10.20848311,33.14162473,24.15528397
Albany_2014 Q1,Albany,1489,103,155,121,79,142,503,358,28,P. David Soares,0,,1,1,0,NA,0,,6.917394224,10.40967092,5.305574211,9.536601746,33.78106111,24.04298187
Albany_2014 Q2,Albany,1459,114,174,130,62,160,493,319,7,P. David Soares,0,,1,1,0,NA,0,,7.813570939,11.9259767,4.249485949,10.96641535,33.79026731,21.86429061
Albany_2014 Q3,Albany,1294,102,146,108,67,174,436,241,20,P. David Soares,0,,1,1,0,NA,0,,7.882534776,11.28284389,5.177743431,13.44667697,33.69397218,18.6244204
Albany_2014 Q4,Albany,1265,90,138,118,59,157,426,266,11,P. David Soares,0,,1,1,0,NA,0,,7.114624506,10.90909091,4.664031621,12.41106719,33.67588933,21.02766798
Albany_2015 Q1,Albany,1338,88,134,134,89,138,497,252,6,P. David Soares,0,,1,1,0,NA,0,,6.576980568,10.01494768,6.651718984,10.31390135,37.14499253,18.83408072
Albany_2015 Q2,Albany,1425,145,122,132,74,153,529,260,10,P. David Soares,0,,1,1,0,NA,0,,10.1754386,8.561403509,5.192982456,10.73684211,37.12280702,18.24561404
Albany_2015 Q3,Albany,1173,122,159,84,65,129,416,190,8,P. David Soares,0,,1,1,0,NA,0,,10.40068201,13.55498721,5.541346974,10.99744246,35.46462063,16.19778346
Albany_2015 Q4,Albany,1164,81,121,93,60,104,492,205,8,P. David Soares,0,,1,1,0,NA,0,,6.958762887,10.395189,5.154639175,8.934707904,42.26804124,17.61168385
Albany_2016 Q1,Albany,1454,135,169,130,85,118,581,225,11,P. David Soares,0,,1,1,0,0,0.5,,9.284731774,11.62310867,5.845942228,8.115543329,39.95873453,15.47455296
Albany_2016 Q2,Albany,1402,94,160,100,65,152,581,235,15,P. David Soares,0,,1,1,0,0,0.5,,6.704707561,11.41226819,4.636233951,10.84165478,41.44079886,16.7617689
Albany_2016 Q3,Albany,1309,107,156,114,72,126,495,229,10,P. David Soares,0,,1,1,0,0,1,,8.174178762,11.91749427,5.500381971,9.625668449,37.81512605,17.49427044
Albany_2016 Q4,Albany,1271,72,129,95,77,90,536,256,16,P. David Soares,0,,1,1,0,0,1,,5.664830842,10.14948859,6.058221873,7.081038552,42.17151849,20.14162077
Albany_2017 Q1,Albany,1271,103,125,104,58,140,530,190,21,P. David Soares,0,,1,1,1,1,0,,8.103855232,9.834775767,4.563335956,11.01494886,41.69944925,14.94885917
Albany_2017 Q2,Albany,1343,98,122,128,56,131,605,190,13,P. David Soares,0,,1,1,1,1,0,,7.297096054,9.084139985,4.169769173,9.754281459,45.04839911,14.14743112
Albany_2017 Q3,Albany,1254,92,137,123,65,146,499,176,16,P. David Soares,0,,1,1,1,1,0,,7.336523126,10.92503987,5.183413078,11.64274322,39.79266348,14.03508772
Albany_2017 Q4,Albany,1183,96,111,94,50,139,512,156,25,P. David Soares,0,,1,1,1,1,0,,8.114961961,9.382924768,4.226542688,11.74978867,43.27979713,13.18681319
Albany_2018 Q1,Albany,1185,110,111,91,54,120,511,140,48,P. David Soares,0,,1,1,1,1,0,,9.282700422,9.367088608,4.556962025,10.12658228,43.12236287,11.81434599
Albany_2018 Q2,Albany,1293,95,139,117,73,125,512,177,55,P. David Soares,0,,1,1,1,1,0,,7.347254447,10.75019335,5.645784996,9.667440062,39.59783449,13.68909513
Albany_2018 Q3,Albany,1140,89,117,82,51,112,448,188,53,P. David Soares,0,,1,1,1,1,0,,7.807017544,10.26315789,4.473684211,9.824561404,39.29824561,16.49122807
Albany_2018 Q4,Albany,1158,58,115,104,43,95,489,205,49,P. David Soares,0,,1,1,1,1,0,,5.008635579,9.930915371,3.713298791,8.203799655,42.22797927,17.7029361
Albany_2019 Q1,Albany,1180,84,113,102,44,116,450,207,64,P. David Soares,0,,1,1,1,1,0,,7.118644068,9.576271186,3.728813559,9.830508475,38.13559322,17.54237288
Albany_2019 Q2,Albany,1076,89,94,66,32,129,452,178,36,P. David Soares,0,,1,1,1,1,0,,8.271375465,8.73605948,2.973977695,11.98884758,42.00743494,16.54275093
Albany_2019 Q3,Albany,965,71,103,54,24,111,393,167,42,P. David Soares,0,,1,1,1,1,0,,7.357512953,10.67357513,2.487046632,11.50259067,40.7253886,17.30569948
Albany_2019 Q4,Albany,1136,58,89,85,28,99,506,240,31,P. David Soares,0,,1,1,1,1,0,,5.105633803,7.834507042,2.464788732,8.714788732,44.54225352,21.12676056
Albany_2020 Q1,Albany,857,75,53,27,38,103,370,151,40,P. David Soares,0,,1,1,1,1,0.5,,8.751458576,6.184364061,4.434072345,12.01866978,43.17386231,17.61960327
Albany_2020 Q2,Albany,35,1,1,5,2,8,6,12,0,P. David Soares,0,,1,1,1,1,0.5,,2.857142857,2.857142857,5.714285714,22.85714286,17.14285714,34.28571429
Albany_2020 Q3,Albany,495,35,9,20,21,65,226,92,27,P. David Soares,0,,1,1,1,1,1,,7.070707071,1.818181818,4.242424242,13.13131313,45.65656566,18.58585859
Albany_2020 Q4,Albany,455,34,28,28,12,42,208,78,25,P. David Soares,0,,1,1,1,1,1,,7.472527473,6.153846154,2.637362637,9.230769231,45.71428571,17.14285714
Albany_2021 Q1,Albany,425,44,21,26,14,41,174,74,31,P. David Soares,0,,1,NA,NA,NA,0,,10.35294118,4.941176471,3.294117647,9.647058824,40.94117647,17.41176471
Albany_2021 Q2,Albany,669,23,38,22,16,62,361,129,18,P. David Soares,0,,1,NA,NA,NA,0,,3.437967115,5.680119581,2.391629297,9.267563528,53.96113602,19.28251121
Albany_2021 Q3,Albany,693,72,41,25,22,61,308,138,26,P. David Soares,0,,1,NA,NA,NA,0,,10.38961039,5.916305916,3.174603175,8.802308802,44.44444444,19.91341991
Albany_2021 Q4,Albany,619,60,38,28,20,77,276,104,16,P. David Soares,0,,1,NA,NA,NA,0,,9.693053312,6.138933764,3.231017771,12.43941842,44.58804523,16.80129241
Albany_2022_Q1,Albany,746,77,47,44,21,92,294,145,26,P. David Soares,0,,1,NA,NA,NA,0,,10.32171582,6.300268097,2.815013405,12.33243968,39.41018767,19.43699732
Albany_2022_Q2,Albany,763,74,46,39,30,87,340,118,29,P. David Soares,0,,1,NA,NA,NA,0,,9.698558322,6.028833552,3.931847969,11.40235911,44.56094364,15.46526868
Albany_2022_Q3,Albany,710,80,42,62,13,45,308,130,30,P. David Soares,0,,1,NA,NA,NA,0,,11.26760563,5.915492958,1.830985915,6.338028169,43.38028169,18.30985915
Albany_2022_Q4,Albany,738,56,38,52,13,79,347,123,30,P. David Soares,0,,1,NA,NA,NA,0,,7.588075881,5.149051491,1.761517615,10.70460705,47.01897019,16.66666667
Allegany_2010 Q1,Allegany,218,15,18,6,5,30,126,15,3,Keith Slep,0,,1,1,0,0,0,,6.880733945,8.256880734,2.293577982,13.76146789,57.79816514,6.880733945
Allegany_2010 Q2,Allegany,185,7,7,4,4,27,103,26,7,Keith Slep,0,,1,1,0,0,0,,3.783783784,3.783783784,2.162162162,14.59459459,55.67567568,14.05405405
Allegany_2010 Q3,Allegany,186,4,14,5,6,37,97,20,3,Keith Slep,0,,1,1,0,0,0,,2.150537634,7.52688172,3.225806452,19.89247312,52.15053763,10.75268817
Allegany_2010 Q4,Allegany,189,4,18,4,6,27,112,15,3,Keith Slep,0,,1,1,0,0,0,,2.116402116,9.523809524,3.174603175,14.28571429,59.25925926,7.936507937
Allegany_2011 Q1,Allegany,188,5,14,4,2,24,112,27,0,Keith Slep,0,,1,1,0,0,0.5,,2.659574468,7.446808511,1.063829787,12.76595745,59.57446809,14.36170213
Allegany_2011 Q2,Allegany,180,4,14,3,4,20,119,14,2,Keith Slep,0,,1,1,0,0,0.5,,2.222222222,7.777777778,2.222222222,11.11111111,66.11111111,7.777777778
Allegany_2011 Q3,Allegany,173,6,16,0,6,26,93,21,5,Keith Slep,0,,1,1,0,0,1,,3.468208092,9.248554913,3.468208092,15.02890173,53.75722543,12.13872832
Allegany_2011 Q4,Allegany,186,6,16,5,6,33,101,14,5,Keith Slep,0,,1,1,0,0,1,,3.225806452,8.602150538,3.225806452,17.74193548,54.30107527,7.52688172
Allegany_2012 Q1,Allegany,170,9,8,3,3,28,103,13,3,Keith Slep,0,,1,1,0,0,0,,5.294117647,4.705882353,1.764705882,16.47058824,60.58823529,7.647058824
Allegany_2012 Q2,Allegany,167,2,17,5,6,29,87,20,1,Keith Slep,0,,1,1,0,0,0,,1.19760479,10.17964072,3.592814371,17.36526946,52.09580838,11.9760479
Allegany_2012 Q3,Allegany,139,5,10,4,1,20,73,21,5,Keith Slep,0,,1,1,0,0,0,,3.597122302,7.194244604,0.71942446,14.38848921,52.51798561,15.10791367
Allegany_2012 Q4,Allegany,169,9,15,2,2,29,96,11,5,Keith Slep,0,,1,1,0,0,0,,5.325443787,8.875739645,1.183431953,17.15976331,56.80473373,6.50887574
Allegany_2013 Q1,Allegany,165,3,18,2,6,23,94,15,4,Keith Slep,0,,1,1,0,0,0,,1.818181818,10.90909091,3.636363636,13.93939394,56.96969697,9.090909091
Allegany_2013 Q2,Allegany,165,9,20,2,4,12,100,13,5,Keith Slep,0,,1,1,0,0,0,,5.454545455,12.12121212,2.424242424,7.272727273,60.60606061,7.878787879
Allegany_2013 Q3,Allegany,142,5,13,2,1,28,77,14,2,Keith Slep,0,,1,1,0,0,0,,3.521126761,9.154929577,0.704225352,19.71830986,54.22535211,9.85915493
Allegany_2013 Q4,Allegany,121,12,14,5,3,20,47,12,8,Keith Slep,0,,1,1,0,0,0,,9.917355372,11.57024793,2.479338843,16.52892562,38.84297521,9.917355372
Allegany_2014 Q1,Allegany,131,12,13,4,1,28,61,10,2,Keith Slep,0,,1,1,0,0,0,,9.160305344,9.923664122,0.763358779,21.3740458,46.5648855,7.633587786
Allegany_2014 Q2,Allegany,143,2,18,6,4,22,75,11,5,Keith Slep,0,,1,1,0,0,0,,1.398601399,12.58741259,2.797202797,15.38461538,52.44755245,7.692307692
Allegany_2014 Q3,Allegany,114,1,15,2,2,26,60,7,1,Keith Slep,0,,1,1,0,0,0,,0.877192982,13.15789474,1.754385965,22.80701754,52.63157895,6.140350877
Allegany_2014 Q4,Allegany,115,7,7,3,1,18,70,6,3,Keith Slep,0,,1,1,0,0,0,,6.086956522,6.086956522,0.869565217,15.65217391,60.86956522,5.217391304
Allegany_2015 Q1,Allegany,92,10,9,3,2,18,38,10,2,Keith Slep,0,,1,1,0,0,0.5,,10.86956522,9.782608696,2.173913043,19.56521739,41.30434783,10.86956522
Allegany_2015 Q2,Allegany,120,11,10,3,1,24,60,9,2,Keith Slep,0,,1,1,0,0,0.5,,9.166666667,8.333333333,0.833333333,20,50,7.5
Allegany_2015 Q3,Allegany,113,3,12,1,3,20,69,4,1,Keith Slep,0,,1,1,0,0,1,,2.654867257,10.61946903,2.654867257,17.69911504,61.0619469,3.539823009
Allegany_2015 Q4,Allegany,106,3,10,6,0,22,58,5,2,Keith Slep,0,,1,1,0,0,1,,2.830188679,9.433962264,0,20.75471698,54.71698113,4.716981132
Allegany_2016 Q1,Allegany,112,3,4,3,4,20,64,10,4,Keith Slep,0,,1,1,0,0,0,,2.678571429,3.571428571,3.571428571,17.85714286,57.14285714,8.928571429
Allegany_2016 Q2,Allegany,134,8,14,7,4,29,56,14,2,Keith Slep,0,,1,1,0,0,0,,5.970149254,10.44776119,2.985074627,21.64179104,41.79104478,10.44776119
Allegany_2016 Q3,Allegany,129,7,17,1,1,20,70,12,1,Keith Slep,0,,1,1,0,0,0,,5.426356589,13.17829457,0.775193798,15.50387597,54.26356589,9.302325581
Allegany_2016 Q4,Allegany,95,4,11,0,0,15,53,8,4,Keith Slep,0,,1,1,0,0,0,,4.210526316,11.57894737,0,15.78947368,55.78947368,8.421052632
Allegany_2017 Q1,Allegany,130,12,11,1,1,33,59,10,3,Keith Slep,0,,1,1,0,0,0,,9.230769231,8.461538462,0.769230769,25.38461538,45.38461538,7.692307692
Allegany_2017 Q2,Allegany,137,7,12,1,1,37,71,8,0,Keith Slep,0,,1,1,0,0,0,,5.109489051,8.759124088,0.729927007,27.00729927,51.82481752,5.839416058
Allegany_2017 Q3,Allegany,121,3,19,1,2,18,69,7,2,Keith Slep,0,,1,1,0,0,0,,2.479338843,15.70247934,1.652892562,14.87603306,57.02479339,5.785123967
Allegany_2017 Q4,Allegany,97,2,14,0,2,17,51,9,2,Keith Slep,0,,1,1,0,0,0,,2.06185567,14.43298969,2.06185567,17.5257732,52.57731959,9.278350515
Allegany_2018 Q1,Allegany,116,3,2,4,1,36,60,5,5,Keith Slep,0,,1,1,0,0,0,,2.586206897,1.724137931,0.862068966,31.03448276,51.72413793,4.310344828
Allegany_2018 Q2,Allegany,119,6,18,1,4,18,65,7,0,Keith Slep,0,,1,1,0,0,0,,5.042016807,15.12605042,3.361344538,15.12605042,54.62184874,5.882352941
Allegany_2018 Q3,Allegany,122,3,18,2,2,26,57,8,6,Keith Slep,0,,1,1,0,0,0,,2.459016393,14.75409836,1.639344262,21.31147541,46.72131148,6.557377049
Allegany_2018 Q4,Allegany,91,4,11,0,1,29,36,7,3,Keith Slep,0,,1,1,0,0,0,,4.395604396,12.08791209,1.098901099,31.86813187,39.56043956,7.692307692
Allegany_2019 Q1,Allegany,107,5,7,1,2,33,50,8,1,Keith Slep,0,,1,1,0,0,0.5,,4.672897196,6.542056075,1.869158879,30.8411215,46.72897196,7.476635514
Allegany_2019 Q2,Allegany,135,5,14,1,2,25,62,21,5,Keith Slep,0,,1,1,0,0,0.5,,3.703703704,10.37037037,1.481481481,18.51851852,45.92592593,15.55555556
Allegany_2019 Q3,Allegany,100,1,12,0,1,23,48,11,4,Keith Slep,0,,1,1,0,0,1,,1,12,1,23,48,11
Allegany_2019 Q4,Allegany,110,6,15,0,1,14,61,8,5,Keith Slep,0,,1,1,0,0,1,,5.454545455,13.63636364,0.909090909,12.72727273,55.45454545,7.272727273
Allegany_2020 Q1,Allegany,68,3,6,1,3,13,35,5,2,Keith Slep,0,,0,NA,NA,NA,0,,4.411764706,8.823529412,4.411764706,19.11764706,51.47058824,7.352941176
Allegany_2020 Q2,Allegany,5,0,1,1,0,0,1,2,0,Keith Slep,0,,0,NA,NA,NA,0,,0,20,0,0,20,40
Allegany_2020 Q3,Allegany,61,8,4,4,1,3,27,14,0,Keith Slep,0,,0,NA,NA,NA,0,,13.1147541,6.557377049,1.639344262,4.918032787,44.26229508,22.95081967
Allegany_2020 Q4,Allegany,71,0,3,0,0,8,47,12,1,Keith Slep,0,,0,NA,NA,NA,0,,0,4.225352113,0,11.26760563,66.1971831,16.90140845
Allegany_2021 Q1,Allegany,24,3,2,4,1,6,6,2,0,Keith Slep,0,,0,NA,NA,NA,0,,12.5,8.333333333,4.166666667,25,25,8.333333333
Allegany_2021 Q2,Allegany,55,4,7,2,0,5,31,4,2,Keith Slep,0,,0,NA,NA,NA,0,,7.272727273,12.72727273,0,9.090909091,56.36363636,7.272727273
Allegany_2021 Q3,Allegany,77,2,4,2,0,10,52,4,3,Keith Slep,0,,0,NA,NA,NA,0,,2.597402597,5.194805195,0,12.98701299,67.53246753,5.194805195
Allegany_2021 Q4,Allegany,70,8,5,2,0,9,33,6,7,Keith Slep,0,,0,NA,NA,NA,0,,11.42857143,7.142857143,0,12.85714286,47.14285714,8.571428571
Allegany_2022 Q1,Allegany,74,2,3,4,1,11,48,2,3,Keith Slep,0,,0,NA,NA,NA,0,,2.702702703,4.054054054,1.351351351,14.86486486,64.86486486,2.702702703
Allegany_2022 Q2,Allegany,71,3,4,0,0,12,44,5,3,Keith Slep,0,,0,NA,NA,NA,0,,4.225352113,5.633802817,0,16.90140845,61.97183099,7.042253521
Allegany_2022 Q3,Allegany,69,1,3,0,1,12,41,7,4,Keith Slep,0,,0,NA,NA,NA,0,,1.449275362,4.347826087,1.449275362,17.39130435,59.42028986,10.14492754
Allegany_2022 Q4,Allegany,49,3,3,1,0,10,30,2,0,Keith Slep,0,,0,NA,NA,NA,0,,6.12244898,6.12244898,0,20.40816327,61.2244898,4.081632653
Bronx_2010 Q1,Bronx,10273,327,1693,847,42,210,1477,5669,8,Robert T. Johnson,1,D,1,1,0,0,0,,3.183101334,16.48009345,0.408838703,2.044193517,14.3774944,55.1834907
Bronx_2010 Q2,Bronx,10365,383,1440,759,45,206,1425,6087,20,Robert T. Johnson,1,D,1,1,0,0,0,,3.695127834,13.89290883,0.434153401,1.987457791,13.74819103,58.72648336
Bronx_2010 Q3,Bronx,9179,332,1402,608,41,192,1252,5340,12,Robert T. Johnson,1,D,1,1,0,0,0,,3.616951738,15.27399499,0.446671751,2.091731125,13.63983005,58.17627193
Bronx_2010 Q4,Bronx,9245,343,1329,679,46,206,1248,5385,9,Robert T. Johnson,1,D,1,1,0,0,0,,3.710113575,14.37533802,0.497566252,2.228231476,13.49918875,58.24770146
Bronx_2011 Q1,Bronx,9393,350,1462,488,49,233,1262,5546,3,Robert T. Johnson,1,D,1,1,0,0,0.5,,3.72617907,15.56478228,0.52166507,2.480570638,13.4355371,59.04396891
Bronx_2011 Q2,Bronx,9298,342,1351,558,42,240,1247,5509,9,Robert T. Johnson,1,D,1,1,0,0,0.5,,3.678210368,14.53000645,0.451710045,2.581200258,13.41148634,59.24930092
Bronx_2011 Q3,Bronx,8608,349,1358,573,49,202,1141,4928,8,Robert T. Johnson,1,D,1,1,0,0,1,,4.05436803,15.7760223,0.569237918,2.346654275,13.25511152,57.24907063
Bronx_2011 Q4,Bronx,8277,307,1243,633,29,196,1033,4829,7,Robert T. Johnson,1,D,1,1,0,0,1,,3.709073336,15.01751842,0.350368491,2.368007732,12.48036728,58.34239459
Bronx_2012 Q1,Bronx,8995,360,1381,947,35,180,1068,5016,8,Robert T. Johnson,1,D,0,NA,0,1,0,,4.002223457,15.35297387,0.389105058,2.001111729,11.87326292,55.76431351
Bronx_2012 Q2,Bronx,8905,341,1401,898,44,263,1092,4857,9,Robert T. Johnson,1,D,0,NA,0,1,0,,3.829309377,15.73273442,0.494104436,2.953396968,12.26277372,54.54239191
Bronx_2012 Q3,Bronx,8221,261,1258,818,24,169,997,4689,5,Robert T. Johnson,1,D,0,NA,0,1,0,,3.174796253,15.30227466,0.291935288,2.055710984,12.12747841,57.03685683
Bronx_2012 Q4,Bronx,7470,229,1105,756,30,150,917,4273,10,Robert T. Johnson,1,D,0,NA,0,1,0,,3.065595716,14.79250335,0.401606426,2.008032129,12.27576975,57.2021419
Bronx_2013 Q1,Bronx,8723,346,1461,588,35,157,1085,5040,11,Robert T. Johnson,1,D,0,NA,0,1,0,,3.966525278,16.74882495,0.401238106,1.799839505,12.43838129,57.77828729
Bronx_2013 Q2,Bronx,9797,393,1564,717,62,271,1112,5669,9,Robert T. Johnson,1,D,0,NA,0,1,0,,4.011432071,15.96407063,0.63284679,2.766152904,11.35041339,57.86465244
Bronx_2013 Q3,Bronx,8953,321,1481,565,53,200,1207,5114,12,Robert T. Johnson,1,D,0,NA,0,1,0,,3.585390372,16.54194125,0.591980342,2.233888082,13.48151458,57.12051826
Bronx_2013 Q4,Bronx,8242,273,1542,534,49,217,1107,4517,3,Robert T. Johnson,1,D,0,NA,0,1,0,,3.312302839,18.7090512,0.594515894,2.632856103,13.43120602,54.80465906
Bronx_2014 Q1,Bronx,8820,336,1392,600,56,188,1256,4989,3,Robert T. Johnson,1,D,0,NA,0,1,0,,3.80952381,15.78231293,0.634920635,2.131519274,14.24036281,56.56462585
Bronx_2014 Q2,Bronx,8765,351,1404,526,36,187,1291,4962,8,Robert T. Johnson,1,D,0,NA,0,1,0,,4.004563605,16.01825442,0.410724472,2.133485454,14.72903594,56.6115231
Bronx_2014 Q3,Bronx,8336,252,1288,619,40,168,1106,4852,11,Robert T. Johnson,1,D,0,NA,0,1,0,,3.02303263,15.45105566,0.479846449,2.015355086,13.26775432,58.20537428
Bronx_2014 Q4,Bronx,7231,262,1098,548,43,167,923,4186,4,Robert T. Johnson,1,D,0,NA,0,1,0,,3.623288618,15.18462177,0.594661872,2.309500761,12.76448624,57.88964182
Bronx_2015 Q1,Bronx,7173,283,1133,515,39,150,709,4336,8,Robert T. Johnson,1,D,0,NA,0,1,0.5,,3.94535062,15.79534365,0.543705563,2.09117524,9.884288303,60.44890562
Bronx_2015 Q2,Bronx,7184,315,1276,439,37,173,631,4307,6,Robert T. Johnson,1,D,0,NA,0,1,0.5,,4.384743875,17.76169265,0.515033408,2.408129176,8.783407572,59.95267261
Bronx_2015 Q3,Bronx,7060,244,1128,533,32,148,646,4326,3,Robert T. Johnson,1,D,0,NA,0,1,1,,3.456090652,15.97733711,0.45325779,2.09631728,9.150141643,61.27478754
Bronx_2015 Q4,Bronx,6138,256,895,404,41,148,632,3748,14,Robert T. Johnson,1,D,0,NA,0,1,1,,4.170739655,14.58129684,0.667970023,2.411208863,10.29651352,61.06223526
Bronx_2016 Q1,Bronx,6440,328,919,466,43,142,670,3862,10,Darcel D. Clark,1,D,1,1,0,0,0,,5.093167702,14.27018634,0.667701863,2.204968944,10.40372671,59.9689441
Bronx_2016 Q2,Bronx,6449,324,954,469,44,172,717,3762,7,Darcel D. Clark,1,D,1,1,0,0,0,,5.024034734,14.79299116,0.682276322,2.667080167,11.11800279,58.33462552
Bronx_2016 Q3,Bronx,6965,302,875,639,34,172,854,4083,6,Darcel D. Clark,1,D,1,1,0,0,0,,4.335965542,12.56281407,0.488155061,2.469490309,12.26130653,58.62167983
Bronx_2016 Q4,Bronx,5879,257,809,647,42,206,681,3231,6,Darcel D. Clark,1,D,1,1,0,0,0,,4.37149175,13.76084368,0.714407212,3.503997278,11.58360265,54.95832625
Bronx_2017 Q1,Bronx,5787,270,735,658,37,195,770,3113,9,Darcel D. Clark,1,D,1,1,0,0,0,,4.66562986,12.70088129,0.639364092,3.369621566,13.30568516,53.79298428
Bronx_2017 Q2,Bronx,5194,273,770,538,41,185,652,2729,6,Darcel D. Clark,1,D,1,1,0,0,0,,5.25606469,14.82479784,0.789372353,3.561802079,12.55294571,52.54139392
Bronx_2017 Q3,Bronx,4638,215,627,511,36,160,555,2529,5,Darcel D. Clark,1,D,1,1,0,0,0,,4.635618801,13.51875809,0.776196636,3.449762829,11.96636481,54.52781371
Bronx_2017 Q4,Bronx,4639,260,560,450,27,172,532,2630,8,Darcel D. Clark,1,D,1,1,0,0,0,,5.604656176,12.07156715,0.582021987,3.707695624,11.46798879,56.69325286
Bronx_2018 Q1,Bronx,4218,275,471,367,33,156,521,2393,2,Darcel D. Clark,1,D,1,1,0,0,0,,6.519677572,11.16642959,0.782361309,3.698435277,12.35182551,56.73304884
Bronx_2018 Q2,Bronx,4115,250,491,350,32,161,586,2241,4,Darcel D. Clark,1,D,1,1,0,0,0,,6.075334143,11.93195626,0.77764277,3.912515188,14.24058323,54.45929526
Bronx_2018 Q3,Bronx,4058,242,445,374,14,123,482,2374,4,Darcel D. Clark,1,D,1,1,0,0,0,,5.963528832,10.9659931,0.344997536,3.031049778,11.8777723,58.50172499
Bronx_2018 Q4,Bronx,3818,179,397,315,18,130,496,2281,2,Darcel D. Clark,1,D,1,1,0,0,0,,4.688318491,10.3981142,0.471451021,3.404924044,12.99109481,59.74332111
Bronx_2019 Q1,Bronx,3965,286,407,386,24,156,438,2264,4,Darcel D. Clark,1,D,1,1,0,0,0.5,I don't think there was a primary,7.213114754,10.26481715,0.605296343,3.93442623,11.04665826,57.09962169
Bronx_2019 Q2,Bronx,3441,246,294,352,30,171,409,1936,3,Darcel D. Clark,1,D,1,1,0,0,0.5,,7.149084568,8.544027899,0.871839582,4.969485615,11.88607963,56.26271433
Bronx_2019 Q3,Bronx,3008,173,232,348,21,118,361,1753,2,Darcel D. Clark,1,D,1,1,0,0,1,,5.751329787,7.712765957,0.698138298,3.92287234,12.00132979,58.27792553
Bronx_2019 Q4,Bronx,3356,184,274,373,20,123,475,1900,7,Darcel D. Clark,1,D,1,1,0,0,1,,5.482717521,8.164481526,0.595947557,3.665077473,14.15375447,56.61501788
Bronx_2020 Q1,Bronx,2358,144,185,224,18,137,269,1376,5,Darcel D. Clark,1,D,0,NA,NA,NA,0,,6.106870229,7.845631891,0.763358779,5.810008482,11.40797286,58.35453774
Bronx_2020 Q2,Bronx,223,2,24,43,0,1,9,144,0,Darcel D. Clark,1,D,0,NA,NA,NA,0,,0.896860987,10.76233184,0,0.448430493,4.035874439,64.57399103
Bronx_2020 Q3,Bronx,686,30,53,46,2,45,66,442,2,Darcel D. Clark,1,D,0,NA,NA,NA,0,,4.373177843,7.725947522,0.29154519,6.559766764,9.620991254,64.43148688
Bronx_2020 Q4,Bronx,1090,41,72,106,6,72,131,659,3,Darcel D. Clark,1,D,0,NA,NA,NA,0,,3.76146789,6.605504587,0.550458716,6.605504587,12.01834862,60.4587156
Bronx_2021 Q1,Bronx,992,50,61,85,5,62,107,619,3,Darcel D. Clark,1,D,0,NA,NA,NA,0,,5.040322581,6.149193548,0.504032258,6.25,10.78629032,62.39919355
Bronx_2021 Q2,Bronx,1119,79,66,86,6,84,136,660,2,Darcel D. Clark,1,D,0,NA,NA,NA,0,,7.059874888,5.898123324,0.536193029,7.506702413,12.15370867,58.98123324
Bronx_2021 Q3,Bronx,1333,103,76,122,8,61,153,807,3,Darcel D. Clark,1,D,0,NA,NA,NA,0,,7.726931733,5.701425356,0.600150038,4.576144036,11.47786947,60.54013503
Bronx_2021 Q4,Bronx,1522,123,90,123,12,71,130,968,5,Darcel D. Clark,1,D,0,NA,NA,NA,0,,8.081471748,5.913272011,0.788436268,4.664914586,8.541392904,63.60052562
Bronx_2022 Q1,Bronx,1768,179,131,130,6,108,161,1043,10,Darcel D. Clark,1,D,0,NA,NA,NA,0,,10.12443439,7.409502262,0.339366516,6.108597285,9.106334842,58.99321267
Bronx_2022 Q2,Bronx,1885,225,151,148,21,163,127,1034,16,Darcel D. Clark,1,D,0,NA,NA,NA,0,,11.93633952,8.01061008,1.114058355,8.647214854,6.737400531,54.85411141
Bronx_2022 Q3,Bronx,1820,189,141,139,20,147,156,1011,17,Darcel D. Clark,1,D,0,NA,NA,NA,0,,10.38461538,7.747252747,1.098901099,8.076923077,8.571428571,55.54945055
Bronx_2022 Q4,Bronx,2000,172,173,164,13,127,175,1127,49,Darcel D. Clark,1,D,0,NA,NA,NA,0,,8.6,8.65,0.65,6.35,8.75,56.35
Broome_2010 Q1,Broome,730,59,114,34,35,108,163,216,1,Gerald F. Mollen,0,D,1,1,0,1,0,,8.082191781,15.61643836,4.794520548,14.79452055,22.32876712,29.5890411
Broome_2010 Q2,Broome,777,65,102,48,49,98,189,222,4,Gerald F. Mollen,0,D,1,1,0,1,0,,8.365508366,13.12741313,6.306306306,12.61261261,24.32432432,28.57142857
Broome_2010 Q3,Broome,805,55,98,50,52,104,203,239,4,Gerald F. Mollen,0,D,1,1,0,1,0,,6.832298137,12.17391304,6.459627329,12.91925466,25.2173913,29.68944099
Broome_2010 Q4,Broome,614,36,97,51,30,76,156,162,6,Gerald F. Mollen,0,D,1,1,0,1,0,,5.863192182,15.7980456,4.885993485,12.37785016,25.40716612,26.38436482
Broome_2011 Q1,Broome,798,67,109,47,40,116,184,226,9,Gerald F. Mollen,0,D,1,1,0,1,0.5,,8.395989975,13.65914787,5.012531328,14.53634085,23.05764411,28.32080201
Broome_2011 Q2,Broome,759,42,97,50,39,94,217,213,7,Gerald F. Mollen,0,D,1,1,0,1,0.5,,5.533596838,12.77997365,5.138339921,12.38471673,28.59025033,28.06324111
Broome_2011 Q3,Broome,690,57,108,34,44,85,166,185,11,Gerald F. Mollen,0,D,1,1,0,1,1,,8.260869565,15.65217391,6.376811594,12.31884058,24.05797101,26.8115942
Broome_2011 Q4,Broome,721,50,90,35,32,117,201,185,11,Gerald F. Mollen,0,D,1,1,0,1,1,,6.93481276,12.48266297,4.438280166,16.22746186,27.8779473,25.65880721
Broome_2012 Q1,Broome,914,65,145,39,54,120,212,269,10,Gerald F. Mollen,0,D,1,1,0,1,0,,7.111597374,15.8643326,5.90809628,13.12910284,23.19474836,29.43107221
Broome_2012 Q2,Broome,757,46,128,49,40,113,161,215,5,Gerald F. Mollen,0,D,1,1,0,1,0,,6.07661823,16.90885073,5.284015852,14.92734478,21.2681638,28.4015852
Broome_2012 Q3,Broome,883,69,126,48,49,137,168,281,5,Gerald F. Mollen,0,D,1,1,0,1,0,,7.814269536,14.26953567,5.549263873,15.51528879,19.02604757,31.82332956
Broome_2012 Q4,Broome,775,60,97,46,42,105,205,217,3,Gerald F. Mollen,0,D,1,1,0,1,0,,7.741935484,12.51612903,5.419354839,13.5483871,26.4516129,28
Broome_2013 Q1,Broome,877,34,126,50,57,122,198,285,5,Gerald F. Mollen,0,D,1,1,0,1,0,,3.876852908,14.36716078,6.499429875,13.91106043,22.57696693,32.49714937
Broome_2013 Q2,Broome,798,48,94,54,61,114,184,234,9,Gerald F. Mollen,0,D,1,1,0,1,0,,6.015037594,11.77944862,7.644110276,14.28571429,23.05764411,29.32330827
Broome_2013 Q3,Broome,845,69,128,44,50,146,196,207,5,Gerald F. Mollen,0,D,1,1,0,1,0,,8.165680473,15.14792899,5.917159763,17.27810651,23.19526627,24.49704142
Broome_2013 Q4,Broome,841,62,101,64,48,127,213,219,7,Gerald F. Mollen,0,D,1,1,0,1,0,,7.372175981,12.00951249,5.707491082,15.10107015,25.32699168,26.04042806
Broome_2014 Q1,Broome,966,59,120,52,61,135,178,358,3,Gerald F. Mollen,0,D,1,1,0,1,0,,6.107660455,12.42236025,6.314699793,13.97515528,18.42650104,37.06004141
Broome_2014 Q2,Broome,898,70,122,50,37,129,257,229,4,Gerald F. Mollen,0,D,1,1,0,1,0,,7.795100223,13.5857461,4.120267261,14.36525612,28.61915367,25.50111359
Broome_2014 Q3,Broome,806,54,101,45,34,128,195,249,0,Gerald F. Mollen,0,D,1,1,0,1,0,,6.699751861,12.53101737,4.218362283,15.8808933,24.19354839,30.89330025
Broome_2014 Q4,Broome,719,49,93,29,40,129,185,193,1,Gerald F. Mollen,0,D,1,1,0,1,0,,6.815020862,12.93463143,5.563282337,17.94158554,25.73018081,26.84283727
Broome_2015 Q1,Broome,808,62,116,40,29,128,179,246,8,Gerald F. Mollen,0,D,1,1,0,1,0.5,,7.673267327,14.35643564,3.589108911,15.84158416,22.15346535,30.44554455
Broome_2015 Q2,Broome,735,72,79,39,42,136,189,172,6,Gerald F. Mollen,0,D,1,1,0,1,0.5,,9.795918367,10.74829932,5.714285714,18.50340136,25.71428571,23.40136054
Broome_2015 Q3,Broome,728,48,93,41,29,145,189,175,8,Gerald F. Mollen,0,D,1,1,0,1,1,,6.593406593,12.77472527,3.983516484,19.91758242,25.96153846,24.03846154
Broome_2015 Q4,Broome,673,78,75,38,32,129,182,136,3,Gerald F. Mollen,0,D,1,1,0,1,1,,11.58989599,11.14413076,4.754829123,19.1679049,27.04309064,20.20802377
Broome_2016 Q1,Broome,756,60,94,47,35,96,213,208,3,Gerald F. Mollen,0,D,0,NA,1,1,0,,7.936507937,12.43386243,4.62962963,12.6984127,28.17460317,27.51322751
Broome_2016 Q2,Broome,776,47,91,48,38,118,239,193,2,Gerald F. Mollen,0,D,0,NA,1,1,0,,6.056701031,11.72680412,4.896907216,15.20618557,30.79896907,24.87113402
Broome_2016 Q3,Broome,699,67,87,40,41,101,159,198,6,Gerald F. Mollen,0,D,0,NA,1,1,0,,9.585121602,12.44635193,5.865522175,14.44921316,22.74678112,28.32618026
Broome_2016 Q4,Broome,658,60,76,59,43,105,136,171,8,Gerald F. Mollen,0,D,0,NA,1,1,0,,9.118541033,11.55015198,6.534954407,15.95744681,20.66869301,25.98784195
Broome_2017 Q1,Broome,838,96,102,71,37,118,157,246,11,Gerald F. Mollen,0,D,0,NA,1,1,0,,11.45584726,12.17183771,4.415274463,14.08114558,18.73508353,29.35560859
Broome_2017 Q2,Broome,826,71,97,52,33,128,177,257,11,Gerald F. Mollen,0,D,0,NA,1,1,0,,8.595641646,11.7433414,3.995157385,15.49636804,21.42857143,31.11380145
Broome_2017 Q3,Broome,816,69,113,58,45,99,151,272,9,Gerald F. Mollen,0,D,0,NA,1,1,0,,8.455882353,13.84803922,5.514705882,12.13235294,18.50490196,33.33333333
Broome_2017 Q4,Broome,686,41,87,61,39,102,139,213,4,Gerald F. Mollen,0,D,0,NA,1,1,0,,5.976676385,12.68221574,5.685131195,14.86880466,20.26239067,31.04956268
Broome_2018 Q1,Broome,783,45,111,52,44,106,137,283,5,Gerald F. Mollen,0,D,0,NA,1,1,0,,5.747126437,14.17624521,5.619412516,13.53767561,17.49680715,36.14303959
Broome_2018 Q2,Broome,725,57,84,56,38,95,205,185,5,Gerald F. Mollen,0,D,0,NA,1,1,0,,7.862068966,11.5862069,5.24137931,13.10344828,28.27586207,25.51724138
Broome_2018 Q3,Broome,675,65,93,54,25,81,160,194,3,Gerald F. Mollen,0,D,0,NA,1,1,0,,9.62962963,13.77777778,3.703703704,12,23.7037037,28.74074074
Broome_2018 Q4,Broome,591,50,90,38,19,82,128,183,1,Gerald F. Mollen,0,D,0,NA,1,1,0,,8.460236887,15.2284264,3.214890017,13.87478849,21.65820643,30.96446701
Broome_2019 Q1,Broome,715,45,108,28,42,79,191,222,0,Gerald F. Mollen,0,D,0,NA,1,1,0.5,,6.293706294,15.1048951,5.874125874,11.04895105,26.71328671,31.04895105
Broome_2019 Q2,Broome,605,57,97,31,33,72,145,167,3,Gerald F. Mollen,0,D,0,NA,1,1,0.5,,9.421487603,16.03305785,5.454545455,11.90082645,23.96694215,27.60330579
Broome_2019 Q3,Broome,628,66,108,27,32,77,164,154,0,Gerald F. Mollen,0,D,0,NA,1,1,1,,10.50955414,17.19745223,5.095541401,12.2611465,26.11464968,24.52229299
Broome_2019 Q4,Broome,590,47,78,34,26,101,156,143,5,Gerald F. Mollen,0,D,0,NA,1,1,1,,7.966101695,13.22033898,4.406779661,17.11864407,26.44067797,24.23728814
Broome_2020 Q1,Broome,535,45,47,21,14,65,148,191,4,Michael A. Korchak,0,LBT,0,NA,0,NA,0,,8.411214953,8.785046729,2.61682243,12.14953271,27.6635514,35.70093458
Broome_2020 Q2,Broome,132,19,9,7,4,29,31,33,0,Michael A. Korchak,0,LBT,0,NA,0,NA,0,,14.39393939,6.818181818,3.03030303,21.96969697,23.48484848,25
Broome_2020 Q3,Broome,424,46,26,10,8,67,115,152,0,Michael A. Korchak,0,LBT,0,NA,0,NA,0,,10.8490566,6.132075472,1.886792453,15.80188679,27.12264151,35.8490566
Broome_2020 Q4,Broome,367,32,30,6,9,55,104,130,1,Michael A. Korchak,0,LBT,0,NA,0,NA,0,,8.719346049,8.174386921,2.452316076,14.98637602,28.33787466,35.42234332
Broome_2021 Q1,Broome,417,29,29,14,4,49,130,161,1,Michael A. Korchak,0,LBT,0,NA,0,NA,0,,6.954436451,6.954436451,0.959232614,11.75059952,31.17505995,38.60911271
Broome_2021 Q2,Broome,447,57,29,10,16,65,123,146,1,Michael A. Korchak,0,LBT,0,NA,0,NA,0,,12.75167785,6.487695749,3.579418345,14.54138702,27.51677852,32.66219239
Broome_2021 Q3,Broome,432,52,35,20,10,74,103,136,2,Michael A. Korchak,0,LBT,0,NA,0,NA,0,,12.03703704,8.101851852,2.314814815,17.12962963,23.84259259,31.48148148
Broome_2021 Q4,Broome,356,49,24,15,11,61,81,115,0,Michael A. Korchak,0,LBT,0,NA,0,NA,0,,13.76404494,6.741573034,3.08988764,17.13483146,22.75280899,32.30337079
Broome_2022 Q1,Broome,455,43,28,17,11,66,124,165,1,Michael A. Korchak,0,LBT,0,NA,0,NA,0,,9.450549451,6.153846154,2.417582418,14.50549451,27.25274725,36.26373626
Broome_2022 Q2,Broome,378,40,30,19,4,74,100,109,2,Michael A. Korchak,0,LBT,0,NA,0,NA,0,,10.58201058,7.936507937,1.058201058,19.57671958,26.45502646,28.83597884
Broome_2022 Q3,Broome,490,34,37,14,2,68,177,157,1,Michael A. Korchak,0,LBT,0,NA,0,NA,0,,6.93877551,7.551020408,0.408163265,13.87755102,36.12244898,32.04081633
Broome_2022 Q4,Broome,402,38,23,12,8,71,121,127,2,Michael A. Korchak,0,LBT,0,NA,0,NA,0,,9.452736318,5.721393035,1.990049751,17.66169154,30.09950249,31.5920398
Cattaraugus_2010 Q1,Cattaraugus,316,17,51,2,5,26,172,40,3,Lori P. Rieman,0,R,1,1,1,0,0,,5.379746835,16.13924051,1.582278481,8.227848101,54.43037975,12.65822785
Cattaraugus_2010 Q2,Cattaraugus,269,18,25,1,4,22,169,28,2,Lori P. Rieman,0,R,1,1,1,0,0,,6.691449814,9.293680297,1.486988848,8.178438662,62.82527881,10.40892193
Cattaraugus_2010 Q3,Cattaraugus,287,31,34,1,10,35,130,42,4,Lori P. Rieman,0,R,1,1,1,0,0,,10.80139373,11.8466899,3.484320557,12.19512195,45.29616725,14.63414634
Cattaraugus_2010 Q4,Cattaraugus,276,18,38,6,5,33,137,35,4,Lori P. Rieman,0,R,1,1,1,0,0,,6.52173913,13.76811594,1.811594203,11.95652174,49.63768116,12.68115942
Cattaraugus_2011 Q1,Cattaraugus,263,14,39,2,5,33,121,47,2,Lori P. Rieman,0,R,1,1,1,0,0,,5.323193916,14.82889734,1.901140684,12.54752852,46.00760456,17.87072243
Cattaraugus_2011 Q2,Cattaraugus,351,34,48,2,9,58,163,34,3,Lori P. Rieman,0,R,1,1,1,0,0,,9.686609687,13.67521368,2.564102564,16.52421652,46.43874644,9.686609687
Cattaraugus_2011 Q3,Cattaraugus,301,19,37,3,11,50,143,35,3,Lori P. Rieman,0,R,1,1,1,0,0,,6.312292359,12.2923588,3.65448505,16.61129568,47.50830565,11.62790698
Cattaraugus_2011 Q4,Cattaraugus,339,38,41,5,7,41,177,28,2,Lori P. Rieman,0,R,1,1,1,0,0,,11.20943953,12.09439528,2.064896755,12.09439528,52.21238938,8.259587021
Cattaraugus_2012 Q1,Cattaraugus,308,15,55,1,5,64,128,37,3,Lori P. Rieman,0,R,1,1,1,0,0,,4.87012987,17.85714286,1.623376623,20.77922078,41.55844156,12.01298701
Cattaraugus_2012 Q2,Cattaraugus,290,14,45,2,5,41,144,37,2,Lori P. Rieman,0,R,1,1,1,0,0,,4.827586207,15.51724138,1.724137931,14.13793103,49.65517241,12.75862069
Cattaraugus_2012 Q3,Cattaraugus,323,21,47,4,7,40,155,45,4,Lori P. Rieman,0,R,1,1,1,0,0,,6.501547988,14.55108359,2.167182663,12.38390093,47.9876161,13.93188854
Cattaraugus_2012 Q4,Cattaraugus,288,20,37,1,11,34,140,43,2,Lori P. Rieman,0,R,1,1,1,0,0,,6.944444444,12.84722222,3.819444444,11.80555556,48.61111111,14.93055556
Cattaraugus_2013 Q1,Cattaraugus,307,20,35,1,9,53,147,42,0,Lori P. Rieman,0,R,1,1,1,0,0.5,,6.51465798,11.40065147,2.931596091,17.26384365,47.88273616,13.68078176
Cattaraugus_2013 Q2,Cattaraugus,331,17,51,1,11,60,141,46,4,Lori P. Rieman,0,R,1,1,1,0,0.5,,5.135951662,15.40785498,3.32326284,18.12688822,42.59818731,13.89728097
Cattaraugus_2013 Q3,Cattaraugus,341,12,45,1,12,49,172,42,8,Lori P. Rieman,0,R,1,1,1,0,1,,3.519061584,13.19648094,3.519061584,14.36950147,50.4398827,12.31671554
Cattaraugus_2013 Q4,Cattaraugus,276,10,46,0,3,29,147,40,1,Lori P. Rieman,0,R,1,1,1,0,1,,3.623188406,16.66666667,1.086956522,10.50724638,53.26086957,14.49275362
Cattaraugus_2014 Q1,Cattaraugus,306,19,62,0,11,42,139,30,3,Lori P. Rieman,0,R,1,1,0,0,0,,6.209150327,20.26143791,3.594771242,13.7254902,45.4248366,9.803921569
Cattaraugus_2014 Q2,Cattaraugus,299,7,56,0,8,38,148,40,2,Lori P. Rieman,0,R,1,1,0,0,0,,2.341137124,18.72909699,2.675585284,12.7090301,49.49832776,13.37792642
Cattaraugus_2014 Q3,Cattaraugus,337,20,50,1,10,53,140,55,8,Lori P. Rieman,0,R,1,1,0,0,0,,5.934718101,14.83679525,2.96735905,15.72700297,41.54302671,16.32047478
Cattaraugus_2014 Q4,Cattaraugus,278,25,46,2,4,42,125,33,1,Lori P. Rieman,0,R,1,1,0,0,0,,8.992805755,16.54676259,1.438848921,15.10791367,44.96402878,11.8705036
Cattaraugus_2015 Q1,Cattaraugus,299,29,31,3,4,57,135,37,3,Lori P. Rieman,0,R,1,1,0,0,0,,9.698996656,10.36789298,1.337792642,19.06354515,45.15050167,12.37458194
Cattaraugus_2015 Q2,Cattaraugus,296,30,37,3,8,59,109,49,1,Lori P. Rieman,0,R,1,1,0,0,0,,10.13513514,12.5,2.702702703,19.93243243,36.82432432,16.55405405
Cattaraugus_2015 Q3,Cattaraugus,287,24,44,1,6,43,124,42,3,Lori P. Rieman,0,R,1,1,0,0,0,,8.362369338,15.33101045,2.090592334,14.9825784,43.20557491,14.63414634
Cattaraugus_2015 Q4,Cattaraugus,248,9,22,3,2,43,116,50,3,Lori P. Rieman,0,R,1,1,0,0,0,,3.629032258,8.870967742,0.806451613,17.33870968,46.77419355,20.16129032
Cattaraugus_2016 Q1,Cattaraugus,309,29,51,1,1,38,128,58,3,Lori P. Rieman,0,R,1,1,0,0,0,,9.385113269,16.50485437,0.323624595,12.29773463,41.42394822,18.77022654
Cattaraugus_2016 Q2,Cattaraugus,348,33,47,1,8,45,144,67,3,Lori P. Rieman,0,R,1,1,0,0,0,,9.482758621,13.50574713,2.298850575,12.93103448,41.37931034,19.25287356
Cattaraugus_2016 Q3,Cattaraugus,268,17,29,3,3,35,123,57,1,Lori P. Rieman,0,R,1,1,0,0,0,,6.343283582,10.82089552,1.119402985,13.05970149,45.89552239,21.26865672
Cattaraugus_2016 Q4,Cattaraugus,254,10,37,0,8,47,100,44,8,Lori P. Rieman,0,R,1,1,0,0,0,,3.937007874,14.56692913,3.149606299,18.50393701,39.37007874,17.32283465
Cattaraugus_2017 Q1,Cattaraugus,310,27,45,5,7,43,133,43,7,Lori P. Rieman,0,R,1,1,0,0,0.5,,8.709677419,14.51612903,2.258064516,13.87096774,42.90322581,13.87096774
Cattaraugus_2017 Q2,Cattaraugus,291,16,42,1,7,45,137,40,3,Lori P. Rieman,0,R,1,1,0,0,0.5,,5.498281787,14.43298969,2.405498282,15.46391753,47.0790378,13.74570447
Cattaraugus_2017 Q3,Cattaraugus,307,15,36,5,3,56,130,60,2,Lori P. Rieman,0,R,1,1,0,0,1,,4.885993485,11.72638436,0.977198697,18.24104235,42.34527687,19.54397394
Cattaraugus_2017 Q4,Cattaraugus,286,9,40,6,4,38,125,61,3,Lori P. Rieman,0,R,1,1,0,0,1,,3.146853147,13.98601399,1.398601399,13.28671329,43.70629371,21.32867133
Cattaraugus_2018 Q1,Cattaraugus,262,15,39,8,4,41,107,44,4,Lori P. Rieman,0,R,1,1,0,0,0,,5.72519084,14.88549618,1.526717557,15.64885496,40.83969466,16.79389313
Cattaraugus_2018 Q2,Cattaraugus,306,14,28,8,3,57,124,68,4,Lori P. Rieman,0,R,1,1,0,0,0,,4.575163399,9.150326797,0.980392157,18.62745098,40.52287582,22.22222222
Cattaraugus_2018 Q3,Cattaraugus,333,18,50,3,2,45,137,75,3,Lori P. Rieman,0,R,1,1,0,0,0,,5.405405405,15.01501502,0.600600601,13.51351351,41.14114114,22.52252252
Cattaraugus_2018 Q4,Cattaraugus,281,11,44,6,5,39,126,47,3,Lori P. Rieman,0,R,1,1,0,0,0,,3.914590747,15.65836299,1.779359431,13.87900356,44.83985765,16.72597865
Cattaraugus_2019 Q1,Cattaraugus,300,23,49,6,2,41,127,50,2,Lori P. Rieman,0,R,1,1,0,0,0,,7.666666667,16.33333333,0.666666667,13.66666667,42.33333333,16.66666667
Cattaraugus_2019 Q2,Cattaraugus,270,12,37,7,3,37,122,49,3,Lori P. Rieman,0,R,1,1,0,0,0,,4.444444444,13.7037037,1.111111111,13.7037037,45.18518519,18.14814815
Cattaraugus_2019 Q3,Cattaraugus,298,15,41,8,1,38,126,68,1,Lori P. Rieman,0,R,1,1,0,0,0,,5.033557047,13.75838926,0.33557047,12.75167785,42.28187919,22.81879195
Cattaraugus_2019 Q4,Cattaraugus,302,15,41,11,6,30,131,66,2,Lori P. Rieman,0,R,1,1,0,0,0,,4.966887417,13.57615894,1.986754967,9.933774834,43.37748344,21.85430464
Cattaraugus_2020 Q1,Cattaraugus,246,14,37,2,2,34,112,42,3,Lori P. Rieman,0,R,1,1,0,0,0,,5.691056911,15.04065041,0.81300813,13.82113821,45.52845528,17.07317073
Cattaraugus_2020 Q2,Cattaraugus,31,8,11,4,1,2,3,2,0,Lori P. Rieman,0,R,1,1,0,0,0,,25.80645161,35.48387097,3.225806452,6.451612903,9.677419355,6.451612903
Cattaraugus_2020 Q3,Cattaraugus,254,12,25,1,4,48,119,45,0,Lori P. Rieman,0,R,1,1,0,0,0,,4.724409449,9.842519685,1.57480315,18.8976378,46.8503937,17.71653543
Cattaraugus_2020 Q4,Cattaraugus,222,4,23,4,1,39,106,42,3,Lori P. Rieman,0,R,1,1,0,0,0,,1.801801802,10.36036036,0.45045045,17.56756757,47.74774775,18.91891892
Cattaraugus_2021 Q1,Cattaraugus,119,4,15,4,4,35,35,22,0,Lori P. Rieman,0,R,1,1,0,0,0.5,,3.361344538,12.60504202,3.361344538,29.41176471,29.41176471,18.48739496
Cattaraugus_2021 Q2,Cattaraugus,217,7,36,1,0,24,118,31,0,Lori P. Rieman,0,R,1,1,0,0,0.5,,3.225806452,16.58986175,0,11.05990783,54.37788018,14.28571429
Cattaraugus_2021 Q3,Cattaraugus,270,8,29,0,0,39,153,35,6,Lori P. Rieman,0,R,1,1,0,0,1,,2.962962963,10.74074074,0,14.44444444,56.66666667,12.96296296
Cattaraugus_2021 Q4,Cattaraugus,247,8,22,1,0,25,146,44,1,Lori P. Rieman,0,R,1,1,0,0,1,,3.238866397,8.906882591,0,10.12145749,59.10931174,17.81376518
Cattaraugus_2022 Q1,Cattaraugus,290,8,24,10,1,23,166,56,2,Lori P. Rieman,0,R,0,1,0,1,0,,2.75862069,8.275862069,0.344827586,7.931034483,57.24137931,19.31034483
Cattaraugus_2022 Q2,Cattaraugus,260,4,37,7,1,18,120,70,3,Lori P. Rieman,0,R,0,1,0,1,0,,1.538461538,14.23076923,0.384615385,6.923076923,46.15384615,26.92307692
Cattaraugus_2022 Q3,Cattaraugus,247,17,34,15,2,22,112,45,0,Lori P. Rieman,0,R,0,1,0,1,0,,6.882591093,13.76518219,0.809716599,8.906882591,45.34412955,18.21862348
Cattaraugus_2022 Q4,Cattaraugus,242,10,28,11,2,18,117,54,2,Lori P. Rieman,0,R,0,1,0,1,0,,4.132231405,11.57024793,0.826446281,7.438016529,48.34710744,22.31404959
Cayuga_2010 Q1,Cayuga,261,35,73,3,17,30,62,38,3,Jon E. Budelmann,0,R,0,1,0,1,0,,13.40996169,27.96934866,6.513409962,11.49425287,23.75478927,14.55938697
Cayuga_2010 Q2,Cayuga,223,17,43,1,15,29,78,35,5,Jon E. Budelmann,0,R,0,1,0,1,0,,7.623318386,19.28251121,6.726457399,13.0044843,34.97757848,15.69506726
Cayuga_2010 Q3,Cayuga,283,31,44,4,15,53,83,49,4,Jon E. Budelmann,0,R,0,1,0,1,0,,10.9540636,15.54770318,5.300353357,18.72791519,29.32862191,17.31448763
Cayuga_2010 Q4,Cayuga,270,40,44,0,14,54,67,50,1,Jon E. Budelmann,0,R,0,1,0,1,0,,14.81481481,16.2962963,5.185185185,20,24.81481481,18.51851852
Cayuga_2011 Q1,Cayuga,285,28,58,3,22,48,80,43,3,Jon E. Budelmann,0,R,1,1,0,1,0.5,,9.824561404,20.35087719,7.719298246,16.84210526,28.07017544,15.0877193
Cayuga_2011 Q2,Cayuga,217,36,46,5,15,33,43,38,1,Jon E. Budelmann,0,R,1,1,0,1,0.5,,16.58986175,21.19815668,6.912442396,15.20737327,19.8156682,17.51152074
Cayuga_2011 Q3,Cayuga,223,20,45,3,19,32,58,45,1,Jon E. Budelmann,0,R,1,1,0,1,1,,8.968609865,20.1793722,8.520179372,14.34977578,26.00896861,20.1793722
Cayuga_2011 Q4,Cayuga,231,26,34,4,19,37,66,45,0,Jon E. Budelmann,0,R,1,1,0,1,1,,11.25541126,14.71861472,8.225108225,16.01731602,28.57142857,19.48051948
Cayuga_2012 Q1,Cayuga,275,41,47,6,20,45,81,33,2,Jon E. Budelmann,0,R,0,1,0,0,0,,14.90909091,17.09090909,7.272727273,16.36363636,29.45454545,12
Cayuga_2012 Q2,Cayuga,282,41,47,3,28,31,68,62,2,Jon E. Budelmann,0,R,0,1,0,0,0,,14.53900709,16.66666667,9.929078014,10.9929078,24.11347518,21.9858156
Cayuga_2012 Q3,Cayuga,254,29,54,5,22,28,59,52,5,Jon E. Budelmann,0,R,0,1,0,0,0,,11.41732283,21.25984252,8.661417323,11.02362205,23.22834646,20.47244094
Cayuga_2012 Q4,Cayuga,318,36,61,4,27,45,76,65,4,Jon E. Budelmann,0,R,0,1,0,0,0,,11.32075472,19.18238994,8.490566038,14.1509434,23.89937107,20.44025157
Cayuga_2013 Q1,Cayuga,270,31,53,1,17,39,76,48,5,Jon E. Budelmann,0,R,0,1,0,0,0,,11.48148148,19.62962963,6.296296296,14.44444444,28.14814815,17.77777778
Cayuga_2013 Q2,Cayuga,295,39,46,2,31,43,66,64,4,Jon E. Budelmann,0,R,0,1,0,0,0,,13.22033898,15.59322034,10.50847458,14.57627119,22.37288136,21.69491525
Cayuga_2013 Q3,Cayuga,287,46,64,7,16,34,60,59,1,Jon E. Budelmann,0,R,0,1,0,0,0,,16.02787456,22.29965157,5.574912892,11.8466899,20.90592334,20.55749129
Cayuga_2013 Q4,Cayuga,293,26,54,0,25,48,71,67,2,Jon E. Budelmann,0,R,0,1,0,0,0,,8.873720137,18.43003413,8.532423208,16.38225256,24.23208191,22.8668942
Cayuga_2014 Q1,Cayuga,264,30,40,3,20,44,74,51,2,Jon E. Budelmann,0,R,0,1,0,0,0,,11.36363636,15.15151515,7.575757576,16.66666667,28.03030303,19.31818182
Cayuga_2014 Q2,Cayuga,279,49,34,3,22,51,76,40,4,Jon E. Budelmann,0,R,0,1,0,0,0,,17.56272401,12.18637993,7.885304659,18.27956989,27.24014337,14.33691756
Cayuga_2014 Q3,Cayuga,281,39,50,2,23,38,85,42,2,Jon E. Budelmann,0,R,0,1,0,0,0,,13.87900356,17.79359431,8.185053381,13.52313167,30.24911032,14.94661922
Cayuga_2014 Q4,Cayuga,268,31,61,4,29,36,74,33,0,Jon E. Budelmann,0,R,0,1,0,0,0,,11.56716418,22.76119403,10.82089552,13.43283582,27.6119403,12.31343284
Cayuga_2015 Q1,Cayuga,281,36,38,4,22,41,88,51,1,Jon E. Budelmann,0,R,1,1,0,0,0.5,,12.8113879,13.52313167,7.829181495,14.59074733,31.31672598,18.14946619
Cayuga_2015 Q2,Cayuga,258,29,28,4,14,38,86,55,4,Jon E. Budelmann,0,R,1,1,0,0,0.5,,11.24031008,10.85271318,5.426356589,14.72868217,33.33333333,21.31782946
Cayuga_2015 Q3,Cayuga,233,19,32,4,16,57,59,46,0,Jon E. Budelmann,0,R,1,1,0,0,1,,8.154506438,13.73390558,6.86695279,24.46351931,25.32188841,19.74248927
Cayuga_2015 Q4,Cayuga,251,27,42,4,17,45,69,44,3,Jon E. Budelmann,0,R,1,1,0,0,1,,10.75697211,16.73306773,6.772908367,17.92828685,27.49003984,17.52988048
Cayuga_2016 Q1,Cayuga,269,28,56,4,11,34,75,58,3,Jon E. Budelmann,0,R,0,1,0,1,0,,10.40892193,20.81784387,4.089219331,12.6394052,27.88104089,21.56133829
Cayuga_2016 Q2,Cayuga,256,24,40,5,10,48,77,52,0,Jon E. Budelmann,0,R,0,1,0,1,0,,9.375,15.625,3.90625,18.75,30.078125,20.3125
Cayuga_2016 Q3,Cayuga,263,20,38,4,18,35,95,51,2,Jon E. Budelmann,0,R,0,1,0,1,0,,7.604562738,14.4486692,6.844106464,13.30798479,36.121673,19.39163498
Cayuga_2016 Q4,Cayuga,294,25,67,5,17,46,86,44,4,Jon E. Budelmann,0,R,0,1,0,1,0,,8.503401361,22.78911565,5.782312925,15.6462585,29.25170068,14.96598639
Cayuga_2017 Q1,Cayuga,281,37,78,3,14,36,68,42,3,Jon E. Budelmann,0,R,0,1,0,1,0,,13.16725979,27.75800712,4.982206406,12.8113879,24.19928826,14.94661922
Cayuga_2017 Q2,Cayuga,237,37,39,1,11,43,65,37,4,Jon E. Budelmann,0,R,0,1,0,1,0,,15.61181435,16.4556962,4.641350211,18.14345992,27.42616034,15.61181435
Cayuga_2017 Q3,Cayuga,219,22,39,0,12,30,81,32,3,Jon E. Budelmann,0,R,0,1,0,1,0,,10.0456621,17.80821918,5.479452055,13.69863014,36.98630137,14.61187215
Cayuga_2017 Q4,Cayuga,228,14,53,4,17,27,64,46,3,Jon E. Budelmann,0,R,0,1,0,1,0,,6.140350877,23.24561404,7.456140351,11.84210526,28.07017544,20.1754386
Cayuga_2018 Q1,Cayuga,224,9,42,6,12,30,79,45,1,Jon E. Budelmann,0,R,0,1,0,1,0,,4.017857143,18.75,5.357142857,13.39285714,35.26785714,20.08928571
Cayuga_2018 Q2,Cayuga,230,23,41,4,7,41,77,35,2,Jon E. Budelmann,0,R,0,1,0,1,0,,10,17.82608696,3.043478261,17.82608696,33.47826087,15.2173913
Cayuga_2018 Q3,Cayuga,213,28,42,5,15,25,67,29,2,Jon E. Budelmann,0,R,0,1,0,1,0,,13.14553991,19.71830986,7.042253521,11.7370892,31.45539906,13.61502347
Cayuga_2018 Q4,Cayuga,208,11,32,2,12,35,71,44,1,Jon E. Budelmann,0,R,0,1,0,1,0,,5.288461538,15.38461538,5.769230769,16.82692308,34.13461538,21.15384615
Cayuga_2019 Q1,Cayuga,235,27,34,1,11,47,67,46,2,Jon E. Budelmann,0,R,1,1,0,1,0.5,,11.4893617,14.46808511,4.680851064,20,28.5106383,19.57446809
Cayuga_2019 Q2,Cayuga,266,28,22,8,20,38,74,75,1,Jon E. Budelmann,0,R,1,1,0,1,0.5,,10.52631579,8.270676692,7.518796992,14.28571429,27.81954887,28.19548872
Cayuga_2019 Q3,Cayuga,267,36,55,9,8,39,49,69,2,Jon E. Budelmann,0,R,1,1,0,1,1,,13.48314607,20.59925094,2.996254682,14.60674157,18.35205993,25.84269663
Cayuga_2019 Q4,Cayuga,208,20,32,5,7,39,47,58,0,Jon E. Budelmann,0,R,1,1,0,1,1,,9.615384615,15.38461538,3.365384615,18.75,22.59615385,27.88461538
Cayuga_2020 Q1,Cayuga,193,12,22,5,7,38,51,58,0,Jon E. Budelmann,0,R,0,NA,0,NA,0,,6.21761658,11.39896373,3.626943005,19.68911917,26.42487047,30.05181347
Cayuga_2020 Q2,Cayuga,31,2,4,0,4,6,1,14,0,Jon E. Budelmann,0,R,0,NA,0,NA,0,,6.451612903,12.90322581,12.90322581,19.35483871,3.225806452,45.16129032
Cayuga_2020 Q3,Cayuga,220,20,38,6,10,29,44,72,1,Jon E. Budelmann,0,R,0,NA,0,NA,0,,9.090909091,17.27272727,4.545454545,13.18181818,20,32.72727273
Cayuga_2020 Q4,Cayuga,163,17,33,5,4,20,33,50,1,Jon E. Budelmann,0,R,0,NA,0,NA,0,,10.42944785,20.24539877,2.45398773,12.26993865,20.24539877,30.67484663
Cayuga_2021 Q1,Cayuga,131,11,14,2,3,24,34,43,0,Jon E. Budelmann,0,R,0,NA,0,NA,0,,8.396946565,10.6870229,2.290076336,18.32061069,25.95419847,32.82442748
Cayuga_2021 Q2,Cayuga,243,31,37,5,9,35,50,74,2,Jon E. Budelmann,0,R,0,NA,0,NA,0,,12.75720165,15.22633745,3.703703704,14.40329218,20.57613169,30.4526749
Cayuga_2021 Q3,Cayuga,237,23,40,3,16,28,48,78,1,Jon E. Budelmann,0,R,0,NA,0,NA,0,,9.70464135,16.87763713,6.751054852,11.81434599,20.25316456,32.91139241
Cayuga_2021 Q4,Cayuga,190,27,36,0,8,40,33,46,0,Jon E. Budelmann,0,R,0,NA,0,NA,0,,14.21052632,18.94736842,4.210526316,21.05263158,17.36842105,24.21052632
Cayuga_2022 Q1,Cayuga,216,28,30,6,14,36,41,60,1,Jon E. Budelmann,0,R,0,NA,0,NA,0,,12.96296296,13.88888889,6.481481481,16.66666667,18.98148148,27.77777778
Cayuga_2022 Q2,Cayuga,225,33,22,4,13,34,43,75,1,Jon E. Budelmann,0,R,0,NA,0,NA,0,,14.66666667,9.777777778,5.777777778,15.11111111,19.11111111,33.33333333
Cayuga_2022 Q3,Cayuga,232,25,36,3,8,37,30,90,3,Jon E. Budelmann,0,R,0,NA,0,NA,0,,10.77586207,15.51724138,3.448275862,15.94827586,12.93103448,38.79310345
Cayuga_2022 Q4,Cayuga,213,22,47,2,5,25,40,71,1,Jon E. Budelmann,0,R,0,NA,0,NA,0,,10.3286385,22.0657277,2.34741784,11.7370892,18.77934272,33.33333333
Chautauqua_2010 Q1,Chautauqua,586,16,66,43,45,45,274,97,0,David W. Foley,0,R,0,1,0,0,0,,2.730375427,11.26279863,7.679180887,7.679180887,46.75767918,16.55290102
Chautauqua_2010 Q2,Chautauqua,629,34,63,48,27,54,300,98,5,David W. Foley,0,R,0,1,0,0,0,,5.405405405,10.01589825,4.292527822,8.585055644,47.69475358,15.58028617
Chautauqua_2010 Q3,Chautauqua,609,23,73,71,36,33,243,127,3,David W. Foley,0,R,0,1,0,0,0,,3.776683087,11.98686371,5.911330049,5.418719212,39.90147783,20.85385878
Chautauqua_2010 Q4,Chautauqua,626,21,79,73,36,50,238,123,6,David W. Foley,0,R,0,1,0,0,0,,3.354632588,12.61980831,5.750798722,7.987220447,38.01916933,19.6485623
Chautauqua_2011 Q1,Chautauqua,589,17,55,53,37,39,257,128,3,David W. Foley,0,R,0,1,0,0,0,,2.886247878,9.337860781,6.281833616,6.62139219,43.63327674,21.73174873
Chautauqua_2011 Q2,Chautauqua,622,34,74,47,36,51,239,137,4,David W. Foley,0,R,0,1,0,0,0,,5.466237942,11.89710611,5.78778135,8.199356913,38.4244373,22.02572347
Chautauqua_2011 Q3,Chautauqua,592,32,59,51,28,44,229,146,3,David W. Foley,0,R,0,1,0,0,0,,5.405405405,9.966216216,4.72972973,7.432432432,38.68243243,24.66216216
Chautauqua_2011 Q4,Chautauqua,562,21,52,40,33,46,217,144,9,David W. Foley,0,R,0,1,0,0,0,,3.736654804,9.252669039,5.871886121,8.185053381,38.61209964,25.6227758
Chautauqua_2012 Q1,Chautauqua,606,36,75,43,22,40,261,124,5,David W. Foley,0,R,0,1,0,0,0,,5.940594059,12.37623762,3.630363036,6.600660066,43.06930693,20.4620462
Chautauqua_2012 Q2,Chautauqua,601,23,72,44,44,42,222,152,2,David W. Foley,0,R,0,1,0,0,0,,3.826955075,11.98003328,7.321131448,6.988352745,36.93843594,25.29118136
Chautauqua_2012 Q3,Chautauqua,578,21,69,48,24,62,234,119,1,David W. Foley,0,R,0,1,0,0,0,,3.633217993,11.93771626,4.152249135,10.7266436,40.48442907,20.58823529
Chautauqua_2012 Q4,Chautauqua,571,16,84,42,34,40,204,147,4,David W. Foley,0,R,0,1,0,0,0,,2.802101576,14.71103327,5.954465849,7.00525394,35.7267951,25.74430823
Chautauqua_2013 Q1,Chautauqua,571,33,79,38,35,75,188,117,6,David W. Foley,0,R,1,1,0,0,0.5,,5.779334501,13.83537653,6.129597198,13.13485114,32.92469352,20.49036778
Chautauqua_2013 Q2,Chautauqua,618,27,83,55,53,62,205,131,2,David W. Foley,0,R,1,1,0,0,0.5,,4.368932039,13.43042071,8.57605178,10.03236246,33.17152104,21.197411
Chautauqua_2013 Q3,Chautauqua,729,32,114,68,66,72,226,143,8,David W. Foley,0,R,1,1,0,0,1,,4.38957476,15.63786008,9.053497942,9.87654321,31.00137174,19.61591221
Chautauqua_2013 Q4,Chautauqua,642,22,79,55,61,59,236,127,3,David W. Foley,0,R,1,1,0,0,1,,3.426791277,12.30529595,9.501557632,9.190031153,36.76012461,19.78193146
Chautauqua_2014 Q1,Chautauqua,628,39,78,46,46,72,192,153,2,David W. Foley,0,R,0,NA,0,NA,0,,6.210191083,12.42038217,7.324840764,11.46496815,30.57324841,24.36305732
Chautauqua_2014 Q2,Chautauqua,563,16,57,42,42,72,203,131,0,David W. Foley,0,R,0,NA,0,NA,0,,2.841918295,10.12433393,7.460035524,12.78863233,36.05683837,23.26820604
Chautauqua_2014 Q3,Chautauqua,484,26,70,25,30,35,174,121,3,David W. Foley,0,R,0,NA,0,NA,0,,5.371900826,14.46280992,6.198347107,7.231404959,35.95041322,25
Chautauqua_2014 Q4,Chautauqua,581,16,79,49,42,44,219,130,2,David W. Foley,0,R,0,NA,0,NA,0,,2.753872633,13.59724613,7.228915663,7.573149742,37.69363167,22.37521515
Chautauqua_2015 Q1,Chautauqua,620,34,72,67,51,67,176,153,0,David W. Foley,0,R,0,NA,0,NA,0,,5.483870968,11.61290323,8.225806452,10.80645161,28.38709677,24.67741935
Chautauqua_2015 Q2,Chautauqua,619,34,54,40,27,54,236,172,2,David W. Foley,0,R,0,NA,0,NA,0,,5.49273021,8.723747981,4.36187399,8.723747981,38.12600969,27.78675283
Chautauqua_2015 Q3,Chautauqua,552,24,46,60,32,40,216,133,1,David W. Foley,0,R,0,NA,0,NA,0,,4.347826087,8.333333333,5.797101449,7.246376812,39.13043478,24.0942029
Chautauqua_2015 Q4,Chautauqua,569,21,54,34,42,45,208,165,0,David W. Foley,0,R,0,NA,0,NA,0,Swanson became acting DA,3.690685413,9.490333919,7.381370826,7.908611599,36.55536028,28.99824253
Chautauqua_2016 Q1,Chautauqua,630,36,74,41,37,64,204,169,5,Patrick Swanson,1,D,1,0,0,1,0.5,,5.714285714,11.74603175,5.873015873,10.15873016,32.38095238,26.82539683
Chautauqua_2016 Q2,Chautauqua,682,31,67,55,37,58,227,205,2,Patrick Swanson,1,D,1,0,0,1,0.5,,4.545454545,9.824046921,5.425219941,8.504398827,33.28445748,30.05865103
Chautauqua_2016 Q3,Chautauqua,618,25,72,66,21,48,209,174,3,Patrick Swanson,1,D,1,0,0,1,1,,4.045307443,11.65048544,3.398058252,7.766990291,33.81877023,28.15533981
Chautauqua_2016 Q4,Chautauqua,739,33,86,70,35,61,235,215,4,Patrick Swanson,1,D,1,0,0,1,1,,4.465493911,11.63734777,4.736129905,8.254397835,31.79972936,29.09336942
Chautauqua_2017 Q1,Chautauqua,610,26,80,65,40,43,185,167,4,Patrick Swanson,1,D,1,0,0,1,0,,4.262295082,13.1147541,6.557377049,7.049180328,30.32786885,27.37704918
Chautauqua_2017 Q2,Chautauqua,599,18,81,58,41,38,181,178,4,Patrick Swanson,1,D,1,0,0,1,0,,3.005008347,13.52253756,6.844741235,6.343906511,30.21702838,29.71619366
Chautauqua_2017 Q3,Chautauqua,629,24,72,69,20,42,228,171,3,Patrick Swanson,1,D,1,0,0,1,0,,3.815580286,11.44674086,3.179650238,6.677265501,36.24801272,27.18600954
Chautauqua_2017 Q4,Chautauqua,611,32,73,50,40,40,180,194,2,Patrick Swanson,1,D,1,0,0,1,0,,5.237315876,11.94762684,6.546644845,6.546644845,29.4599018,31.7512275
Chautauqua_2018 Q1,Chautauqua,652,39,85,76,42,45,196,166,3,Patrick Swanson,1,D,1,0,0,1,0,,5.981595092,13.03680982,6.441717791,6.901840491,30.06134969,25.4601227
Chautauqua_2018 Q2,Chautauqua,597,21,63,80,52,45,214,117,5,Patrick Swanson,1,D,1,0,0,1,0,,3.51758794,10.55276382,8.710217755,7.537688442,35.84589615,19.59798995
Chautauqua_2018 Q3,Chautauqua,568,29,60,70,42,45,176,141,5,Patrick Swanson,1,D,1,0,0,1,0,,5.105633803,10.56338028,7.394366197,7.922535211,30.98591549,24.82394366
Chautauqua_2018 Q4,Chautauqua,601,20,85,66,40,40,180,164,6,Patrick Swanson,1,D,1,0,0,1,0,,3.327787022,14.14309484,6.655574043,6.655574043,29.95008319,27.28785358
Chautauqua_2019 Q1,Chautauqua,626,23,94,69,55,44,194,139,8,Patrick Swanson,1,D,1,0,0,1,0,,3.674121406,15.01597444,8.785942492,7.028753994,30.99041534,22.20447284
Chautauqua_2019 Q2,Chautauqua,654,30,84,59,36,52,183,204,6,Patrick Swanson,1,D,1,0,0,1,0,,4.587155963,12.8440367,5.504587156,7.951070336,27.98165138,31.19266055
Chautauqua_2019 Q3,Chautauqua,607,18,76,50,44,48,186,182,3,Patrick Swanson,1,D,1,0,0,1,0,,2.965403624,12.52059308,7.248764415,7.907742998,30.64250412,29.98352554
Chautauqua_2019 Q4,Chautauqua,518,12,53,51,52,33,167,145,5,Patrick Swanson,1,D,1,0,0,1,0,,2.316602317,10.23166023,10.03861004,6.370656371,32.23938224,27.99227799
Chautauqua_2020 Q1,Chautauqua,471,14,36,31,17,22,140,207,4,Patrick Swanson,1,D,1,0,0,1,0.5,,2.972399151,7.643312102,3.609341826,4.670912951,29.72399151,43.94904459
Chautauqua_2020 Q2,Chautauqua,39,1,2,13,0,1,9,13,0,Patrick Swanson,1,D,1,0,0,1,0.5,,2.564102564,5.128205128,0,2.564102564,23.07692308,33.33333333
Chautauqua_2020 Q3,Chautauqua,330,5,8,23,0,14,158,120,2,Patrick Swanson,1,D,1,0,0,1,1,,1.515151515,2.424242424,0,4.242424242,47.87878788,36.36363636
Chautauqua_2020 Q4,Chautauqua,403,9,9,32,6,23,172,149,3,Patrick Swanson,1,D,1,0,0,1,1,,2.23325062,2.23325062,1.488833747,5.70719603,42.67990074,36.97270471
Chautauqua_2021 Q1,Chautauqua,158,10,10,27,3,7,49,51,1,Jason L. Schmidt,0,R,0,NA,0,NA,0,,6.329113924,6.329113924,1.898734177,4.430379747,31.01265823,32.27848101
Chautauqua_2021 Q2,Chautauqua,359,14,25,44,17,17,127,111,4,Jason L. Schmidt,0,R,0,NA,0,NA,0,,3.899721448,6.963788301,4.735376045,4.735376045,35.37604457,30.91922006
Chautauqua_2021 Q3,Chautauqua,533,13,44,44,16,37,178,199,2,Jason L. Schmidt,0,R,0,NA,0,NA,0,,2.43902439,8.255159475,3.001876173,6.941838649,33.39587242,37.3358349
Chautauqua_2021 Q4,Chautauqua,502,12,51,28,20,44,161,179,7,Jason L. Schmidt,0,R,0,NA,0,NA,0,,2.390438247,10.15936255,3.984063745,8.764940239,32.07171315,35.65737052
Chautauqua_2022 Q1,Chautauqua,592,11,43,37,42,50,203,202,4,Jason L. Schmidt,0,R,0,NA,0,NA,0,,1.858108108,7.263513514,7.094594595,8.445945946,34.29054054,34.12162162
Chautauqua_2022 Q2,Chautauqua,467,15,42,26,24,27,141,191,1,Jason L. Schmidt,0,R,0,NA,0,NA,0,,3.211991435,8.993576017,5.139186296,5.781584582,30.19271949,40.8993576
Chautauqua_2022 Q3,Chautauqua,540,14,62,21,22,50,158,211,2,Jason L. Schmidt,0,R,0,NA,0,NA,0,,2.592592593,11.48148148,4.074074074,9.259259259,29.25925926,39.07407407
Chautauqua_2022 Q4,Chautauqua,459,12,32,32,19,44,139,179,2,Jason L. Schmidt,0,R,0,NA,0,NA,0,,2.614379085,6.97167756,4.139433551,9.586056645,30.2832244,38.99782135
Chemung_2010 Q1,Chemung,379,21,82,3,8,51,166,46,2,Weeden A. Wetmore,0,R,1,1,0,0,0,,5.540897098,21.63588391,2.110817942,13.45646438,43.7994723,12.13720317
Chemung_2010 Q2,Chemung,408,26,76,6,16,54,185,41,4,Weeden A. Wetmore,0,R,1,1,0,0,0,,6.37254902,18.62745098,3.921568627,13.23529412,45.34313725,10.04901961
Chemung_2010 Q3,Chemung,398,34,98,5,10,42,165,44,0,Weeden A. Wetmore,0,R,1,1,0,0,0,,8.542713568,24.62311558,2.512562814,10.55276382,41.45728643,11.05527638
Chemung_2010 Q4,Chemung,337,33,87,9,10,48,108,41,1,Weeden A. Wetmore,0,R,1,1,0,0,0,,9.792284866,25.81602374,2.96735905,14.24332344,32.04747774,12.16617211
Chemung_2011 Q1,Chemung,394,23,92,2,18,49,166,43,1,Weeden A. Wetmore,0,R,1,1,0,0,0.5,,5.837563452,23.35025381,4.568527919,12.43654822,42.1319797,10.91370558
Chemung_2011 Q2,Chemung,363,27,78,4,9,43,146,53,3,Weeden A. Wetmore,0,R,1,1,0,0,0.5,,7.438016529,21.48760331,2.479338843,11.84573003,40.22038567,14.60055096
Chemung_2011 Q3,Chemung,363,23,78,4,15,45,150,47,1,Weeden A. Wetmore,0,R,1,1,0,0,1,,6.336088154,21.48760331,4.132231405,12.39669421,41.32231405,12.9476584
Chemung_2011 Q4,Chemung,395,15,84,5,11,51,156,72,1,Weeden A. Wetmore,0,R,1,1,0,0,1,,3.797468354,21.26582278,2.784810127,12.91139241,39.49367089,18.2278481
Chemung_2012 Q1,Chemung,465,34,107,5,7,55,194,61,2,Weeden A. Wetmore,0,R,1,1,0,0,0,,7.311827957,23.01075269,1.505376344,11.82795699,41.72043011,13.11827957
Chemung_2012 Q2,Chemung,478,20,100,8,8,52,226,62,2,Weeden A. Wetmore,0,R,1,1,0,0,0,,4.184100418,20.92050209,1.673640167,10.87866109,47.28033473,12.9707113
Chemung_2012 Q3,Chemung,441,19,101,14,11,61,187,47,1,Weeden A. Wetmore,0,R,1,1,0,0,0,,4.308390023,22.90249433,2.494331066,13.83219955,42.40362812,10.65759637
Chemung_2012 Q4,Chemung,508,31,121,16,6,69,215,49,1,Weeden A. Wetmore,0,R,1,1,0,0,0,,6.102362205,23.81889764,1.181102362,13.58267717,42.32283465,9.645669291
Chemung_2013 Q1,Chemung,450,33,114,17,7,39,205,33,2,Weeden A. Wetmore,0,R,1,1,0,0,0,,7.333333333,25.33333333,1.555555556,8.666666667,45.55555556,7.333333333
Chemung_2013 Q2,Chemung,454,26,82,22,11,53,212,48,0,Weeden A. Wetmore,0,R,1,1,0,0,0,,5.726872247,18.06167401,2.422907489,11.67400881,46.69603524,10.57268722
Chemung_2013 Q3,Chemung,387,18,91,26,12,34,186,19,1,Weeden A. Wetmore,0,R,1,1,0,0,0,,4.651162791,23.51421189,3.100775194,8.785529716,48.0620155,4.909560724
Chemung_2013 Q4,Chemung,415,25,86,15,8,45,210,26,0,Weeden A. Wetmore,0,R,1,1,0,0,0,,6.024096386,20.72289157,1.927710843,10.84337349,50.60240964,6.265060241
Chemung_2014 Q1,Chemung,501,34,98,8,12,47,279,23,0,Weeden A. Wetmore,0,R,1,1,0,0,0,,6.786427146,19.56087824,2.395209581,9.381237525,55.68862275,4.590818363
Chemung_2014 Q2,Chemung,399,17,94,8,9,34,218,16,3,Weeden A. Wetmore,0,R,1,1,0,0,0,,4.260651629,23.55889724,2.255639098,8.521303258,54.63659148,4.010025063
Chemung_2014 Q3,Chemung,389,20,82,13,13,27,219,15,0,Weeden A. Wetmore,0,R,1,1,0,0,0,,5.141388175,21.07969152,3.341902314,6.940874036,56.29820051,3.856041131
Chemung_2014 Q4,Chemung,448,25,86,10,15,59,232,19,2,Weeden A. Wetmore,0,R,1,1,0,0,0,,5.580357143,19.19642857,3.348214286,13.16964286,51.78571429,4.241071429
Chemung_2015 Q1,Chemung,432,25,113,11,18,44,212,9,0,Weeden A. Wetmore,0,R,1,1,0,0,0.5,,5.787037037,26.15740741,4.166666667,10.18518519,49.07407407,2.083333333
Chemung_2015 Q2,Chemung,370,31,92,7,10,41,169,19,1,Weeden A. Wetmore,0,R,1,1,0,0,0.5,,8.378378378,24.86486486,2.702702703,11.08108108,45.67567568,5.135135135
Chemung_2015 Q3,Chemung,381,36,111,9,10,45,147,22,1,Weeden A. Wetmore,0,R,1,1,0,0,1,,9.448818898,29.13385827,2.624671916,11.81102362,38.58267717,5.774278215
Chemung_2015 Q4,Chemung,312,17,99,8,7,36,131,14,0,Weeden A. Wetmore,0,R,1,1,0,0,1,,5.448717949,31.73076923,2.243589744,11.53846154,41.98717949,4.487179487
Chemung_2016 Q1,Chemung,375,21,80,7,13,45,189,18,2,Weeden A. Wetmore,0,R,1,1,0,0,0,,5.6,21.33333333,3.466666667,12,50.4,4.8
Chemung_2016 Q2,Chemung,378,14,99,7,9,40,197,11,1,Weeden A. Wetmore,0,R,1,1,0,0,0,,3.703703704,26.19047619,2.380952381,10.58201058,52.11640212,2.91005291
Chemung_2016 Q3,Chemung,431,18,87,12,9,51,238,14,2,Weeden A. Wetmore,0,R,1,1,0,0,0,,4.176334107,20.18561485,2.088167053,11.83294664,55.22041763,3.248259861
Chemung_2016 Q4,Chemung,366,19,83,7,13,65,166,9,4,Weeden A. Wetmore,0,R,1,1,0,0,0,,5.191256831,22.67759563,3.551912568,17.75956284,45.35519126,2.459016393
Chemung_2017 Q1,Chemung,393,23,91,17,18,34,182,18,10,Weeden A. Wetmore,0,R,1,1,0,0,0,,5.852417303,23.15521628,4.580152672,8.651399491,46.31043257,4.580152672
Chemung_2017 Q2,Chemung,389,25,81,13,9,49,194,14,4,Weeden A. Wetmore,0,R,1,1,0,0,0,,6.426735219,20.82262211,2.313624679,12.59640103,49.8714653,3.598971722
Chemung_2017 Q3,Chemung,347,23,74,10,11,37,180,8,4,Weeden A. Wetmore,0,R,1,1,0,0,0,,6.628242075,21.32564841,3.170028818,10.66282421,51.87319885,2.305475504
Chemung_2017 Q4,Chemung,350,31,88,14,10,46,152,8,1,Weeden A. Wetmore,0,R,1,1,0,0,0,,8.857142857,25.14285714,2.857142857,13.14285714,43.42857143,2.285714286
Chemung_2018 Q1,Chemung,386,23,95,5,13,51,181,17,1,Weeden A. Wetmore,0,R,1,1,0,0,0,,5.958549223,24.61139896,3.367875648,13.21243523,46.89119171,4.404145078
Chemung_2018 Q2,Chemung,330,15,57,21,5,32,183,15,2,Weeden A. Wetmore,0,R,1,1,0,0,0,,4.545454545,17.27272727,1.515151515,9.696969697,55.45454545,4.545454545
Chemung_2018 Q3,Chemung,343,31,75,14,4,32,181,4,2,Weeden A. Wetmore,0,R,1,1,0,0,0,,9.037900875,21.86588921,1.166180758,9.329446064,52.7696793,1.166180758
Chemung_2018 Q4,Chemung,332,31,60,13,6,37,165,17,3,Weeden A. Wetmore,0,R,1,1,0,0,0,,9.337349398,18.07228916,1.807228916,11.14457831,49.69879518,5.120481928
Chemung_2019 Q1,Chemung,338,42,64,16,4,34,168,8,2,Weeden A. Wetmore,0,R,1,1,0,0,0.5,,12.4260355,18.93491124,1.183431953,10.0591716,49.70414201,2.366863905
Chemung_2019 Q2,Chemung,389,19,77,20,3,32,216,22,0,Weeden A. Wetmore,0,R,1,1,0,0,0.5,,4.884318766,19.79434447,0.771208226,8.22622108,55.52699229,5.655526992
Chemung_2019 Q3,Chemung,357,24,88,17,3,34,182,9,0,Weeden A. Wetmore,0,R,1,1,0,0,1,,6.722689076,24.64985994,0.840336134,9.523809524,50.98039216,2.521008403
Chemung_2019 Q4,Chemung,316,23,71,30,5,32,142,13,0,Weeden A. Wetmore,0,R,1,1,0,0,1,,7.278481013,22.46835443,1.582278481,10.12658228,44.93670886,4.113924051
Chemung_2020 Q1,Chemung,232,12,19,10,2,20,163,6,0,Weeden A. Wetmore,0,R,NA,NA,NA,NA,0,,5.172413793,8.189655172,0.862068966,8.620689655,70.25862069,2.586206897
Chemung_2020 Q2,Chemung,34,2,3,6,1,7,12,3,0,Weeden A. Wetmore,0,R,NA,NA,NA,NA,0,,5.882352941,8.823529412,2.941176471,20.58823529,35.29411765,8.823529412
Chemung_2020 Q3,Chemung,160,7,14,7,2,20,97,11,2,Weeden A. Wetmore,0,R,NA,NA,NA,NA,0,,4.375,8.75,1.25,12.5,60.625,6.875
Chemung_2020 Q4,Chemung,157,4,17,6,1,14,105,5,5,Weeden A. Wetmore,0,R,NA,NA,NA,NA,0,,2.547770701,10.82802548,0.636942675,8.917197452,66.87898089,3.184713376
Chemung_2021 Q1,Chemung,169,12,21,4,0,17,104,11,0,Weeden A. Wetmore,0,R,NA,NA,NA,NA,0,,7.100591716,12.4260355,0,10.0591716,61.53846154,6.50887574
Chemung_2021 Q2,Chemung,269,35,32,7,2,21,154,18,0,Weeden A. Wetmore,0,R,NA,NA,NA,NA,0,,13.01115242,11.89591078,0.743494424,7.80669145,57.24907063,6.691449814
Chemung_2021 Q3,Chemung,355,29,54,14,2,25,208,23,0,Weeden A. Wetmore,0,R,NA,NA,NA,NA,0,,8.169014085,15.21126761,0.563380282,7.042253521,58.5915493,6.478873239
Chemung_2021 Q4,Chemung,341,26,53,16,1,42,190,12,1,Weeden A. Wetmore,0,R,NA,NA,NA,NA,0,,7.624633431,15.54252199,0.293255132,12.31671554,55.71847507,3.519061584
Chemung_2022 Q1,Chemung,358,50,52,25,8,38,172,12,1,Weeden A. Wetmore,0,R,NA,NA,NA,NA,0,,13.96648045,14.52513966,2.234636872,10.61452514,48.04469274,3.351955307
Chemung_2022 Q2,Chemung,378,37,49,24,1,49,205,13,0,Weeden A. Wetmore,0,R,NA,NA,NA,NA,0,,9.788359788,12.96296296,0.264550265,12.96296296,54.23280423,3.439153439
Chemung_2022 Q3,Chemung,365,37,56,29,3,33,195,10,2,Weeden A. Wetmore,0,R,NA,NA,NA,NA,0,,10.1369863,15.34246575,0.821917808,9.04109589,53.42465753,2.739726027
Chemung_2022 Q4,Chemung,296,22,53,23,1,39,133,22,3,Weeden A. Wetmore,0,R,NA,NA,NA,NA,0,,7.432432432,17.90540541,0.337837838,13.17567568,44.93243243,7.432432432
Chenango_2010 Q1,Chenango,184,6,36,8,8,16,79,28,3,Joseph McBridge,0,R,1,1,0,NA,0,,3.260869565,19.56521739,4.347826087,8.695652174,42.93478261,15.2173913
Chenango_2010 Q2,Chenango,197,13,30,7,9,18,85,30,5,Joseph McBridge,0,R,1,1,0,NA,0,,6.598984772,15.2284264,4.568527919,9.137055838,43.14720812,15.2284264
Chenango_2010 Q3,Chenango,200,7,36,7,12,28,77,33,0,Joseph McBridge,0,R,1,1,0,NA,0,,3.5,18,6,14,38.5,16.5
Chenango_2010 Q4,Chenango,176,15,30,4,8,27,69,20,3,Joseph McBridge,0,R,1,1,0,NA,0,,8.522727273,17.04545455,4.545454545,15.34090909,39.20454545,11.36363636
Chenango_2011 Q1,Chenango,171,17,32,1,9,28,54,29,1,Joseph McBridge,0,R,1,1,0,0,0.5,,9.941520468,18.71345029,5.263157895,16.37426901,31.57894737,16.95906433
Chenango_2011 Q2,Chenango,170,8,29,4,5,21,64,37,2,Joseph McBridge,0,R,1,1,0,0,0.5,,4.705882353,17.05882353,2.941176471,12.35294118,37.64705882,21.76470588
Chenango_2011 Q3,Chenango,166,7,30,6,7,20,62,32,2,Joseph McBridge,0,R,1,1,0,0,1,,4.21686747,18.07228916,4.21686747,12.04819277,37.34939759,19.27710843
Chenango_2011 Q4,Chenango,209,22,49,9,6,24,69,26,4,Joseph McBridge,0,R,1,1,0,0,1,,10.52631579,23.44497608,2.870813397,11.48325359,33.01435407,12.44019139
Chenango_2012 Q1,Chenango,211,11,36,5,11,25,89,33,1,Joseph McBridge,0,R,1,1,1,NA,0,,5.213270142,17.06161137,5.213270142,11.84834123,42.18009479,15.63981043
Chenango_2012 Q2,Chenango,194,16,45,3,7,24,65,33,1,Joseph McBridge,0,R,1,1,1,NA,0,,8.24742268,23.19587629,3.608247423,12.37113402,33.50515464,17.01030928
Chenango_2012 Q3,Chenango,176,6,51,4,6,19,62,27,1,Joseph McBridge,0,R,1,1,1,NA,0,,3.409090909,28.97727273,3.409090909,10.79545455,35.22727273,15.34090909
Chenango_2012 Q4,Chenango,190,12,48,3,14,28,53,23,9,Joseph McBridge,0,R,1,1,1,NA,0,,6.315789474,25.26315789,7.368421053,14.73684211,27.89473684,12.10526316
Chenango_2013 Q1,Chenango,172,13,41,6,5,18,50,35,4,Joseph McBridge,0,R,1,1,1,NA,0,,7.558139535,23.8372093,2.906976744,10.46511628,29.06976744,20.34883721
Chenango_2013 Q2,Chenango,171,11,40,4,8,20,61,22,5,Joseph McBridge,0,R,1,1,1,NA,0,,6.432748538,23.39181287,4.678362573,11.69590643,35.67251462,12.86549708
Chenango_2013 Q3,Chenango,169,4,31,6,9,29,53,31,6,Joseph McBridge,0,R,1,1,1,NA,0,,2.366863905,18.34319527,5.325443787,17.15976331,31.36094675,18.34319527
Chenango_2013 Q4,Chenango,174,13,43,1,18,21,44,28,6,Joseph McBridge,0,R,1,1,1,NA,0,,7.471264368,24.71264368,10.34482759,12.06896552,25.28735632,16.09195402
Chenango_2014 Q1,Chenango,187,23,36,4,13,21,60,29,1,Joseph McBridge,0,R,1,1,1,NA,0,,12.29946524,19.2513369,6.951871658,11.22994652,32.0855615,15.50802139
Chenango_2014 Q2,Chenango,162,11,38,4,10,6,63,28,2,Joseph McBridge,0,R,1,1,1,NA,0,,6.790123457,23.45679012,6.172839506,3.703703704,38.88888889,17.28395062
Chenango_2014 Q3,Chenango,142,4,30,2,9,7,63,25,2,Joseph McBridge,0,R,1,1,1,NA,0,,2.816901408,21.12676056,6.338028169,4.929577465,44.36619718,17.6056338
Chenango_2014 Q4,Chenango,162,13,30,6,16,14,44,36,3,Joseph McBridge,0,R,1,1,1,NA,0,,8.024691358,18.51851852,9.87654321,8.641975309,27.16049383,22.22222222
Chenango_2015 Q1,Chenango,137,10,36,1,11,16,40,19,4,Joseph McBridge,0,R,1,1,1,NA,0,,7.299270073,26.27737226,8.02919708,11.67883212,29.19708029,13.86861314
Chenango_2015 Q2,Chenango,152,16,46,4,19,12,36,18,1,Joseph McBridge,0,R,1,1,1,NA,0,,10.52631579,30.26315789,12.5,7.894736842,23.68421053,11.84210526
Chenango_2015 Q3,Chenango,136,11,34,5,16,9,36,25,0,Joseph McBridge,0,R,1,1,1,NA,0,,8.088235294,25,11.76470588,6.617647059,26.47058824,18.38235294
Chenango_2015 Q4,Chenango,145,19,23,2,21,16,37,25,2,Joseph McBridge,0,R,1,1,1,NA,0,,13.10344828,15.86206897,14.48275862,11.03448276,25.51724138,17.24137931
Chenango_2016 Q1,Chenango,182,13,42,6,11,16,54,34,6,Joseph McBridge,0,R,1,1,1,1,0.5,,7.142857143,23.07692308,6.043956044,8.791208791,29.67032967,18.68131868
Chenango_2016 Q2,Chenango,136,15,33,0,12,8,39,26,3,Joseph McBridge,0,R,1,1,1,1,0.5,,11.02941176,24.26470588,8.823529412,5.882352941,28.67647059,19.11764706
Chenango_2016 Q3,Chenango,162,15,43,4,7,18,51,22,2,Joseph McBridge,0,R,1,1,1,1,1,,9.259259259,26.54320988,4.320987654,11.11111111,31.48148148,13.58024691
Chenango_2016 Q4,Chenango,146,12,43,6,6,16,33,27,3,Joseph McBridge,0,R,1,1,1,1,1,,8.219178082,29.45205479,4.109589041,10.95890411,22.60273973,18.49315068
Chenango_2017 Q1,Chenango,143,14,37,5,13,6,37,29,2,Joseph McBridge,0,R,NA,NA,NA,NA,0,,9.79020979,25.87412587,9.090909091,4.195804196,25.87412587,20.27972028
Chenango_2017 Q2,Chenango,121,18,32,6,2,10,29,20,4,Joseph McBridge,0,R,NA,NA,NA,NA,0,,14.87603306,26.44628099,1.652892562,8.26446281,23.96694215,16.52892562
Chenango_2017 Q3,Chenango,150,16,38,5,15,7,44,25,0,Joseph McBridge,0,R,NA,NA,NA,NA,0,,10.66666667,25.33333333,10,4.666666667,29.33333333,16.66666667
Chenango_2017 Q4,Chenango,113,13,37,2,19,6,29,7,0,Joseph McBridge,0,R,NA,NA,NA,NA,0,,11.50442478,32.74336283,16.81415929,5.309734513,25.66371681,6.194690265
Chenango_2018 Q1,Chenango,118,13,36,2,13,5,38,10,1,Joseph McBridge,0,R,NA,NA,NA,NA,0,,11.01694915,30.50847458,11.01694915,4.237288136,32.20338983,8.474576271
Chenango_2018 Q2,Chenango,132,9,40,2,6,10,49,14,2,Joseph McBridge,0,R,NA,NA,NA,NA,0,,6.818181818,30.3030303,4.545454545,7.575757576,37.12121212,10.60606061
Chenango_2018 Q3,Chenango,178,8,66,3,13,11,58,15,4,Joseph McBridge,0,R,NA,NA,NA,NA,0,,4.494382022,37.07865169,7.303370787,6.179775281,32.58426966,8.426966292
Chenango_2018 Q4,Chenango,148,4,46,5,17,12,55,8,1,Joseph McBridge,0,R,NA,NA,NA,NA,0,,2.702702703,31.08108108,11.48648649,8.108108108,37.16216216,5.405405405
Chenango_2019 Q1,Chenango,136,14,30,6,12,7,50,15,2,Joseph McBridge,0,R,NA,NA,NA,NA,0.5,,10.29411765,22.05882353,8.823529412,5.147058824,36.76470588,11.02941176
Chenango_2019 Q2,Chenango,127,18,28,8,11,13,40,8,1,Joseph McBridge,0,R,NA,NA,NA,NA,0.5,,14.17322835,22.04724409,8.661417323,10.23622047,31.49606299,6.299212598
Chenango_2019 Q3,Chenango,146,21,32,4,15,17,46,11,0,Joseph McBridge,0,R,NA,NA,NA,NA,1,,14.38356164,21.91780822,10.2739726,11.64383562,31.50684932,7.534246575
Chenango_2019 Q4,Chenango,123,13,20,2,19,19,30,16,4,Joseph McBridge,0,R,NA,NA,NA,NA,1,,10.56910569,16.2601626,15.44715447,15.44715447,24.3902439,13.00813008
Chenango_2020 Q1,Chenango,106,5,16,0,6,18,50,11,0,Michael Ferrarese,0,R,1,1,0,0,0,,4.716981132,15.09433962,5.660377358,16.98113208,47.16981132,10.37735849
Chenango_2020 Q2,Chenango,26,0,9,0,1,1,13,2,0,Michael Ferrarese,0,R,1,1,0,0,0,,0,34.61538462,3.846153846,3.846153846,50,7.692307692
Chenango_2020 Q3,Chenango,110,9,15,4,7,13,48,13,1,Michael Ferrarese,0,R,1,1,0,0,0,,8.181818182,13.63636364,6.363636364,11.81818182,43.63636364,11.81818182
Chenango_2020 Q4,Chenango,66,6,10,0,6,4,31,9,0,Michael Ferrarese,0,R,1,1,0,0,0,,9.090909091,15.15151515,9.090909091,6.060606061,46.96969697,13.63636364
Chenango_2021 Q1,Chenango,100,8,20,2,5,14,44,6,1,Michael Ferrarese,0,R,1,1,0,0,0,,8,20,5,14,44,6
Chenango_2021 Q2,Chenango,148,16,17,2,12,20,63,18,0,Michael Ferrarese,0,R,1,1,0,0,0,,10.81081081,11.48648649,8.108108108,13.51351351,42.56756757,12.16216216
Chenango_2021 Q3,Chenango,128,15,21,1,11,15,56,9,0,Michael Ferrarese,0,R,1,1,0,0,0,,11.71875,16.40625,8.59375,11.71875,43.75,7.03125
Chenango_2021 Q4,Chenango,111,16,22,2,9,8,45,8,1,Michael Ferrarese,0,R,1,1,0,0,0,,14.41441441,19.81981982,8.108108108,7.207207207,40.54054054,7.207207207
Chenango_2022 Q1,Chenango,121,17,25,6,9,16,42,6,0,Michael Ferrarese,0,R,1,1,0,0,0,,14.04958678,20.66115702,7.438016529,13.2231405,34.7107438,4.958677686
Chenango_2022 Q2,Chenango,79,10,19,2,4,9,33,1,1,Michael Ferrarese,0,R,1,1,0,0,0,,12.65822785,24.05063291,5.063291139,11.39240506,41.7721519,1.265822785
Chenango_2022 Q3,Chenango,122,11,20,0,7,22,50,10,2,Michael Ferrarese,0,R,1,1,0,0,0,,9.016393443,16.39344262,5.737704918,18.03278689,40.98360656,8.196721311
Chenango_2022 Q4,Chenango,111,12,24,1,8,15,43,7,1,Michael Ferrarese,0,R,1,1,0,0,0,,10.81081081,21.62162162,7.207207207,13.51351351,38.73873874,6.306306306
Clinton_2010 Q1,Clinton,368,26,68,6,12,53,145,52,6,Andrew Wylie,0,D,1,1,0,0,0,,7.065217391,18.47826087,3.260869565,14.40217391,39.40217391,14.13043478
Clinton_2010 Q2,Clinton,410,27,91,4,23,47,186,26,6,Andrew Wylie,0,D,1,1,0,0,0,,6.585365854,22.19512195,5.609756098,11.46341463,45.36585366,6.341463415
Clinton_2010 Q3,Clinton,355,32,61,5,15,47,151,37,7,Andrew Wylie,0,D,1,1,0,0,0,,9.014084507,17.18309859,4.225352113,13.23943662,42.53521127,10.42253521
Clinton_2010 Q4,Clinton,335,17,46,5,16,41,165,43,2,Andrew Wylie,0,D,1,1,0,0,0,,5.074626866,13.73134328,4.776119403,12.23880597,49.25373134,12.8358209
Clinton_2011 Q1,Clinton,357,17,55,5,14,42,183,40,1,Andrew Wylie,0,D,1,1,0,0,0,,4.761904762,15.40616246,3.921568627,11.76470588,51.2605042,11.20448179
Clinton_2011 Q2,Clinton,377,33,60,7,13,63,160,36,5,Andrew Wylie,0,D,1,1,0,0,0,,8.75331565,15.91511936,3.448275862,16.71087533,42.4403183,9.549071618
Clinton_2011 Q3,Clinton,371,25,70,9,16,37,187,26,1,Andrew Wylie,0,D,1,1,0,0,0,,6.738544474,18.86792453,4.312668464,9.973045822,50.40431267,7.008086253
Clinton_2011 Q4,Clinton,430,34,59,8,17,58,216,35,3,Andrew Wylie,0,D,1,1,0,0,0,,7.906976744,13.72093023,3.953488372,13.48837209,50.23255814,8.139534884
Clinton_2012 Q1,Clinton,398,44,75,7,21,57,180,13,1,Andrew Wylie,0,D,1,1,0,0,0,,11.05527638,18.84422111,5.27638191,14.32160804,45.22613065,3.266331658
Clinton_2012 Q2,Clinton,396,35,67,9,10,52,208,14,1,Andrew Wylie,0,D,1,1,0,0,0,,8.838383838,16.91919192,2.525252525,13.13131313,52.52525253,3.535353535
Clinton_2012 Q3,Clinton,390,36,56,6,13,43,219,16,1,Andrew Wylie,0,D,1,1,0,0,0,,9.230769231,14.35897436,3.333333333,11.02564103,56.15384615,4.102564103
Clinton_2012 Q4,Clinton,361,29,62,4,18,58,170,19,1,Andrew Wylie,0,D,1,1,0,0,0,,8.033240997,17.17451524,4.986149584,16.06648199,47.09141274,5.263157895
Clinton_2013 Q1,Clinton,398,37,60,5,15,66,198,14,3,Andrew Wylie,0,D,1,1,0,0,0.5,,9.296482412,15.07537688,3.768844221,16.58291457,49.74874372,3.51758794
Clinton_2013 Q2,Clinton,405,32,70,10,15,43,211,23,1,Andrew Wylie,0,D,1,1,0,0,0.5,,7.901234568,17.28395062,3.703703704,10.61728395,52.09876543,5.679012346
Clinton_2013 Q3,Clinton,373,56,63,7,12,43,175,17,0,Andrew Wylie,0,D,1,1,0,0,1,,15.01340483,16.89008043,3.217158177,11.52815013,46.91689008,4.557640751
Clinton_2013 Q4,Clinton,372,36,60,5,15,46,200,10,0,Andrew Wylie,0,D,1,1,0,0,1,,9.677419355,16.12903226,4.032258065,12.3655914,53.76344086,2.688172043
Clinton_2014 Q1,Clinton,417,48,76,8,23,39,203,20,0,Andrew Wylie,0,D,1,1,0,NA,0,,11.51079137,18.22541966,5.51558753,9.352517986,48.68105516,4.79616307
Clinton_2014 Q2,Clinton,415,63,47,10,18,40,215,21,1,Andrew Wylie,0,D,1,1,0,NA,0,,15.18072289,11.3253012,4.337349398,9.638554217,51.80722892,5.060240964
Clinton_2014 Q3,Clinton,371,53,48,9,7,42,189,22,1,Andrew Wylie,0,D,1,1,0,NA,0,,14.28571429,12.93800539,1.886792453,11.32075472,50.94339623,5.929919137
Clinton_2014 Q4,Clinton,360,36,42,8,8,42,204,17,3,Andrew Wylie,0,D,1,1,0,NA,0,,10,11.66666667,2.222222222,11.66666667,56.66666667,4.722222222
Clinton_2015 Q1,Clinton,399,49,49,6,16,34,225,18,2,Andrew Wylie,0,D,1,1,0,NA,0,,12.28070175,12.28070175,4.010025063,8.521303258,56.39097744,4.511278195
Clinton_2015 Q2,Clinton,419,58,48,9,14,47,223,19,1,Andrew Wylie,0,D,1,1,0,NA,0,,13.8424821,11.45584726,3.341288783,11.21718377,53.22195704,4.534606205
Clinton_2015 Q3,Clinton,359,23,37,5,10,40,217,25,2,Andrew Wylie,0,D,1,1,0,NA,0,,6.406685237,10.30640669,2.78551532,11.14206128,60.44568245,6.963788301
Clinton_2015 Q4,Clinton,363,38,36,6,11,46,202,17,7,Andrew Wylie,0,D,1,1,0,NA,0,,10.46831956,9.917355372,3.03030303,12.67217631,55.64738292,4.683195592
Clinton_2016 Q1,Clinton,437,22,60,10,10,39,266,27,3,Andrew Wylie,0,D,1,1,0,NA,0,,5.034324943,13.72997712,2.288329519,8.924485126,60.86956522,6.178489703
Clinton_2016 Q2,Clinton,422,40,54,5,19,59,219,25,1,Andrew Wylie,0,D,1,1,0,NA,0,,9.478672986,12.79620853,4.502369668,13.98104265,51.8957346,5.924170616
Clinton_2016 Q3,Clinton,382,35,51,2,13,42,221,17,1,Andrew Wylie,0,D,1,1,0,NA,0,,9.162303665,13.35078534,3.403141361,10.9947644,57.85340314,4.45026178
Clinton_2016 Q4,Clinton,360,32,32,2,6,48,218,21,1,Andrew Wylie,0,D,1,1,0,NA,0,,8.888888889,8.888888889,1.666666667,13.33333333,60.55555556,5.833333333
Clinton_2017 Q1,Clinton,350,33,36,11,7,44,192,24,3,Andrew Wylie,0,D,1,1,0,NA,0.5,,9.428571429,10.28571429,2,12.57142857,54.85714286,6.857142857
Clinton_2017 Q2,Clinton,363,32,53,0,11,40,197,26,4,Andrew Wylie,0,D,1,1,0,NA,0.5,,8.815426997,14.60055096,3.03030303,11.01928375,54.26997245,7.162534435
Clinton_2017 Q3,Clinton,340,40,41,8,17,38,171,24,1,Andrew Wylie,0,D,1,1,0,NA,1,,11.76470588,12.05882353,5,11.17647059,50.29411765,7.058823529
Clinton_2017 Q4,Clinton,351,36,36,6,15,31,200,25,2,Andrew Wylie,0,D,1,1,0,NA,1,,10.25641026,10.25641026,4.273504274,8.831908832,56.98005698,7.122507123
Clinton_2018 Q1,Clinton,379,47,48,4,18,46,198,17,1,Andrew Wylie,0,D,1,1,0,0,0,,12.40105541,12.66490765,4.749340369,12.13720317,52.24274406,4.485488127
Clinton_2018 Q2,Clinton,353,30,37,5,18,36,214,12,1,Andrew Wylie,0,D,1,1,0,0,0,,8.498583569,10.4815864,5.099150142,10.19830028,60.62322946,3.399433428
Clinton_2018 Q3,Clinton,379,29,37,7,25,52,220,8,1,Andrew Wylie,0,D,1,1,0,0,0,,7.65171504,9.762532982,6.596306069,13.72031662,58.0474934,2.110817942
Clinton_2018 Q4,Clinton,348,29,50,5,17,38,190,19,0,Andrew Wylie,0,D,1,1,0,0,0,,8.333333333,14.36781609,4.885057471,10.91954023,54.59770115,5.459770115
Clinton_2019 Q1,Clinton,424,56,60,8,19,41,222,16,2,Andrew Wylie,0,D,1,1,0,0,0,,13.20754717,14.1509434,4.481132075,9.669811321,52.35849057,3.773584906
Clinton_2019 Q2,Clinton,355,41,39,8,20,44,187,12,4,Andrew Wylie,0,D,1,1,0,0,0,,11.54929577,10.98591549,5.633802817,12.3943662,52.67605634,3.38028169
Clinton_2019 Q3,Clinton,379,49,34,6,14,33,224,16,3,Andrew Wylie,0,D,1,1,0,0,0,,12.92875989,8.970976253,3.693931398,8.707124011,59.10290237,4.221635884
Clinton_2019 Q4,Clinton,347,18,22,4,22,38,211,29,3,Andrew Wylie,0,D,1,1,0,0,0,,5.187319885,6.340057637,6.340057637,10.95100865,60.80691643,8.357348703
Clinton_2020 Q1,Clinton,252,23,18,2,7,38,140,22,2,Andrew Wylie,0,D,1,1,0,0,0,,9.126984127,7.142857143,2.777777778,15.07936508,55.55555556,8.73015873
Clinton_2020 Q2,Clinton,34,2,5,0,1,2,23,0,1,Andrew Wylie,0,D,1,1,0,0,0,,5.882352941,14.70588235,2.941176471,5.882352941,67.64705882,0
Clinton_2020 Q3,Clinton,262,13,14,2,3,24,190,13,3,Andrew Wylie,0,D,1,1,0,0,0,,4.961832061,5.34351145,1.145038168,9.160305344,72.51908397,4.961832061
Clinton_2020 Q4,Clinton,217,17,15,0,9,31,135,8,2,Andrew Wylie,0,D,1,1,0,0,0,,7.834101382,6.912442396,4.147465438,14.28571429,62.21198157,3.686635945
Clinton_2021 Q1,Clinton,210,25,20,2,8,30,115,10,0,Andrew Wylie,0,D,1,1,0,0,0.5,,11.9047619,9.523809524,3.80952381,14.28571429,54.76190476,4.761904762
Clinton_2021 Q2,Clinton,273,31,25,1,13,34,154,14,1,Andrew Wylie,0,D,1,1,0,0,0.5,,11.35531136,9.157509158,4.761904762,12.45421245,56.41025641,5.128205128
Clinton_2021 Q3,Clinton,234,32,23,1,12,38,103,25,0,Andrew Wylie,0,D,1,1,0,0,1,,13.67521368,9.829059829,5.128205128,16.23931624,44.01709402,10.68376068
Clinton_2021 Q4,Clinton,220,29,20,4,12,36,97,19,3,Andrew Wylie,0,D,1,1,0,0,1,,13.18181818,9.090909091,5.454545455,16.36363636,44.09090909,8.636363636
Clinton_2022 Q1,Clinton,232,15,23,4,8,31,122,29,0,Andrew Wylie,0,D,NA,NA,NA,NA,0,,6.465517241,9.913793103,3.448275862,13.36206897,52.5862069,12.5
Clinton_2022 Q2,Clinton,210,19,21,1,6,25,111,25,2,Andrew Wylie,0,D,NA,NA,NA,NA,0,,9.047619048,10,2.857142857,11.9047619,52.85714286,11.9047619
Clinton_2022 Q3,Clinton,217,16,18,7,5,25,108,36,2,Andrew Wylie,0,D,NA,NA,NA,NA,0,,7.373271889,8.294930876,2.304147465,11.52073733,49.76958525,16.58986175
Clinton_2022 Q4,Clinton,254,31,22,8,6,26,118,43,0,Andrew Wylie,0,D,NA,NA,NA,NA,0,,12.20472441,8.661417323,2.362204724,10.23622047,46.45669291,16.92913386
Columbia_2010 Q1,Columbia,223,7,32,10,6,22,96,45,5,Cozzolino,0,R,0,NA,0,NA,0,https://sites.google.com/a/columbiacountyny.com/elections/election-information/election-results,3.139013453,14.34977578,2.69058296,9.865470852,43.04932735,20.1793722
Columbia_2010 Q2,Columbia,272,14,44,5,3,38,126,37,5,Cozzolino,0,R,0,NA,0,NA,0,,5.147058824,16.17647059,1.102941176,13.97058824,46.32352941,13.60294118
Columbia_2010 Q3,Columbia,297,12,46,5,6,41,131,50,6,Cozzolino,0,R,0,NA,0,NA,0,,4.04040404,15.48821549,2.02020202,13.8047138,44.10774411,16.83501684
Columbia_2010 Q4,Columbia,196,5,24,3,7,12,93,50,2,Cozzolino,0,R,0,NA,0,NA,0,,2.551020408,12.24489796,3.571428571,6.12244898,47.44897959,25.51020408
Columbia_2011 Q1,Columbia,222,11,21,13,7,20,95,47,8,Cozzolino,0,R,0,NA,0,1,0.5,,4.954954955,9.459459459,3.153153153,9.009009009,42.79279279,21.17117117
Columbia_2011 Q2,Columbia,216,11,20,17,1,24,91,46,6,Cozzolino,0,R,0,NA,0,1,0.5,,5.092592593,9.259259259,0.462962963,11.11111111,42.12962963,21.2962963
Columbia_2011 Q3,Columbia,162,2,19,15,1,18,56,51,0,Cozzolino,0,R,0,NA,0,1,1,,1.234567901,11.72839506,0.617283951,11.11111111,34.56790123,31.48148148
Columbia_2011 Q4,Columbia,255,10,22,14,1,14,130,58,6,Cozzolino,0,R,0,NA,0,1,1,,3.921568627,8.62745098,0.392156863,5.490196078,50.98039216,22.74509804
Columbia_2012 Q1,Columbia,229,7,23,18,0,26,108,41,6,Paul Czajka,0,R,1,1,0,1,0,,3.056768559,10.04366812,0,11.35371179,47.16157205,17.90393013
Columbia_2012 Q2,Columbia,218,7,11,9,6,17,134,32,2,Paul Czajka,0,R,1,1,0,1,0,,3.211009174,5.04587156,2.752293578,7.798165138,61.46788991,14.67889908
Columbia_2012 Q3,Columbia,194,9,17,14,4,19,100,27,4,Paul Czajka,0,R,1,1,0,1,0,,4.639175258,8.762886598,2.06185567,9.793814433,51.54639175,13.91752577
Columbia_2012 Q4,Columbia,176,18,12,6,3,27,78,30,2,Paul Czajka,0,R,1,1,0,1,0,,10.22727273,6.818181818,1.704545455,15.34090909,44.31818182,17.04545455
Columbia_2013 Q1,Columbia,169,10,18,5,2,10,93,28,3,Paul Czajka,0,R,1,1,0,1,0,,5.917159763,10.65088757,1.183431953,5.917159763,55.0295858,16.56804734
Columbia_2013 Q2,Columbia,180,7,14,5,2,7,112,31,2,Paul Czajka,0,R,1,1,0,1,0,,3.888888889,7.777777778,1.111111111,3.888888889,62.22222222,17.22222222
Columbia_2013 Q3,Columbia,176,9,20,3,0,5,112,24,3,Paul Czajka,0,R,1,1,0,1,0,,5.113636364,11.36363636,0,2.840909091,63.63636364,13.63636364
Columbia_2013 Q4,Columbia,140,6,13,3,3,18,72,24,1,Paul Czajka,0,R,1,1,0,1,0,,4.285714286,9.285714286,2.142857143,12.85714286,51.42857143,17.14285714
Columbia_2014 Q1,Columbia,197,18,18,7,5,16,95,30,8,Paul Czajka,0,R,1,1,0,1,0,,9.137055838,9.137055838,2.538071066,8.121827411,48.22335025,15.2284264
Columbia_2014 Q2,Columbia,194,27,8,8,5,21,93,27,5,Paul Czajka,0,R,1,1,0,1,0,,13.91752577,4.12371134,2.577319588,10.82474227,47.93814433,13.91752577
Columbia_2014 Q3,Columbia,183,11,14,12,6,17,103,18,2,Paul Czajka,0,R,1,1,0,1,0,,6.010928962,7.650273224,3.278688525,9.289617486,56.28415301,9.836065574
Columbia_2014 Q4,Columbia,165,3,13,11,5,9,89,34,1,Paul Czajka,0,R,1,1,0,1,0,,1.818181818,7.878787879,3.03030303,5.454545455,53.93939394,20.60606061
Columbia_2015 Q1,Columbia,159,7,17,7,6,19,78,25,0,Paul Czajka,0,R,1,1,0,1,0.5,,4.402515723,10.6918239,3.773584906,11.94968553,49.05660377,15.72327044
Columbia_2015 Q2,Columbia,173,8,15,9,0,24,89,27,1,Paul Czajka,0,R,1,1,0,1,0.5,,4.624277457,8.670520231,0,13.87283237,51.44508671,15.60693642
Columbia_2015 Q3,Columbia,135,9,12,7,5,15,55,31,1,Paul Czajka,0,R,1,1,0,1,1,,6.666666667,8.888888889,3.703703704,11.11111111,40.74074074,22.96296296
Columbia_2015 Q4,Columbia,128,7,11,6,4,7,60,32,1,Paul Czajka,0,R,1,1,0,1,1,,5.46875,8.59375,3.125,5.46875,46.875,25
Columbia_2016 Q1,Columbia,174,14,15,8,6,15,79,35,2,Paul Czajka,0,R,1,1,0,1,0,,8.045977011,8.620689655,3.448275862,8.620689655,45.40229885,20.11494253
Columbia_2016 Q2,Columbia,156,10,14,2,2,19,82,21,6,Paul Czajka,0,R,1,1,0,1,0,,6.41025641,8.974358974,1.282051282,12.17948718,52.56410256,13.46153846
Columbia_2016 Q3,Columbia,148,4,7,11,3,13,84,25,1,Paul Czajka,0,R,1,1,0,1,0,,2.702702703,4.72972973,2.027027027,8.783783784,56.75675676,16.89189189
Columbia_2016 Q4,Columbia,147,12,8,2,9,13,77,23,3,Paul Czajka,0,R,1,1,0,1,0,,8.163265306,5.442176871,6.12244898,8.843537415,52.38095238,15.6462585
Columbia_2017 Q1,Columbia,170,19,12,6,2,23,86,22,0,Paul Czajka,0,R,1,1,0,1,0,,11.17647059,7.058823529,1.176470588,13.52941176,50.58823529,12.94117647
Columbia_2017 Q2,Columbia,186,15,11,4,9,10,100,30,7,Paul Czajka,0,R,1,1,0,1,0,,8.064516129,5.913978495,4.838709677,5.376344086,53.76344086,16.12903226
Columbia_2017 Q3,Columbia,160,6,12,4,8,20,98,10,2,Paul Czajka,0,R,1,1,0,1,0,,3.75,7.5,5,12.5,61.25,6.25
Columbia_2017 Q4,Columbia,162,11,17,4,3,23,80,20,4,Paul Czajka,0,R,1,1,0,1,0,,6.790123457,10.49382716,1.851851852,14.19753086,49.38271605,12.34567901
Columbia_2018 Q1,Columbia,207,14,17,7,3,11,125,26,4,Paul Czajka,0,R,1,1,0,1,0,,6.763285024,8.212560386,1.449275362,5.314009662,60.38647343,12.56038647
Columbia_2018 Q2,Columbia,188,5,22,3,2,17,120,14,5,Paul Czajka,0,R,1,1,0,1,0,,2.659574468,11.70212766,1.063829787,9.042553191,63.82978723,7.446808511
Columbia_2018 Q3,Columbia,234,29,14,5,10,18,124,30,4,Paul Czajka,0,R,1,1,0,1,0,,12.39316239,5.982905983,4.273504274,7.692307692,52.99145299,12.82051282
Columbia_2018 Q4,Columbia,196,8,10,4,2,11,125,36,0,Paul Czajka,0,R,1,1,0,1,0,,4.081632653,5.102040816,1.020408163,5.612244898,63.7755102,18.36734694
Columbia_2019 Q1,Columbia,215,15,15,7,5,21,129,21,2,Paul Czajka,0,R,1,1,0,1,0.5,,6.976744186,6.976744186,2.325581395,9.76744186,60,9.76744186
Columbia_2019 Q2,Columbia,218,13,13,6,5,17,137,20,7,Paul Czajka,0,R,1,1,0,1,0.5,,5.963302752,5.963302752,2.293577982,7.798165138,62.8440367,9.174311927
Columbia_2019 Q3,Columbia,214,12,19,5,8,13,130,23,4,Paul Czajka,0,R,1,1,0,1,1,,5.607476636,8.878504673,3.738317757,6.074766355,60.74766355,10.74766355
Columbia_2019 Q4,Columbia,161,12,6,3,5,17,102,11,5,Paul Czajka,0,R,1,1,0,1,1,,7.453416149,3.726708075,3.105590062,10.55900621,63.35403727,6.832298137
Columbia_2020 Q1,Columbia,107,21,7,2,3,11,55,8,0,Paul Czajka,0,R,0,NA,0,NA,0,,19.62616822,6.542056075,2.803738318,10.28037383,51.40186916,7.476635514
Columbia_2020 Q2,Columbia,2,0,0,0,0,0,2,0,0,Paul Czajka,0,R,0,NA,0,NA,0,,0,0,0,0,100,0
Columbia_2020 Q3,Columbia,92,1,1,1,0,2,65,21,1,Paul Czajka,0,R,0,NA,0,NA,0,,1.086956522,1.086956522,0,2.173913043,70.65217391,22.82608696
Columbia_2020 Q4,Columbia,88,4,0,0,0,7,75,2,0,Paul Czajka,0,R,0,NA,0,NA,0,,4.545454545,0,0,7.954545455,85.22727273,2.272727273
Columbia_2021 Q1,Columbia,58,7,3,2,4,4,32,6,0,Paul Czajka,0,R,0,NA,0,NA,0,,12.06896552,5.172413793,6.896551724,6.896551724,55.17241379,10.34482759
Columbia_2021 Q2,Columbia,130,4,5,1,5,10,96,7,2,Paul Czajka,0,R,0,NA,0,NA,0,,3.076923077,3.846153846,3.846153846,7.692307692,73.84615385,5.384615385
Columbia_2021 Q3,Columbia,109,6,2,2,3,10,80,6,0,Paul Czajka,0,R,0,NA,0,NA,0,,5.504587156,1.834862385,2.752293578,9.174311927,73.39449541,5.504587156
Columbia_2021 Q4,Columbia,102,4,1,1,7,7,77,5,0,Paul Czajka,0,R,0,NA,0,NA,0,,3.921568627,0.980392157,6.862745098,6.862745098,75.49019608,4.901960784
Columbia_2022 Q1,Columbia,105,4,3,2,2,13,72,8,1,Paul Czajka,0,R,0,NA,0,NA,0,,3.80952381,2.857142857,1.904761905,12.38095238,68.57142857,7.619047619
Columbia_2022 Q2,Columbia,146,12,5,1,2,22,95,9,0,Paul Czajka,0,R,0,NA,0,NA,0,,8.219178082,3.424657534,1.369863014,15.06849315,65.06849315,6.164383562
Columbia_2022 Q3,Columbia,136,16,9,4,3,12,81,9,2,Paul Czajka,0,R,0,NA,0,NA,0,,11.76470588,6.617647059,2.205882353,8.823529412,59.55882353,6.617647059
Columbia_2022 Q4,Columbia,130,9,7,1,2,14,88,5,4,Paul Czajka,0,R,0,NA,0,NA,0,,6.923076923,5.384615385,1.538461538,10.76923077,67.69230769,3.846153846
Cortland_2010 Q1,Cortland,218,7,17,4,4,35,74,77,0,Mark Suben,0,D,1,1,0,1,0,,3.211009174,7.798165138,1.834862385,16.05504587,33.94495413,35.32110092
Cortland_2010 Q2,Cortland,199,3,18,4,12,35,76,49,2,Mark Suben,0,D,1,1,0,1,0,,1.507537688,9.045226131,6.030150754,17.5879397,38.19095477,24.62311558
Cortland_2010 Q3,Cortland,200,22,21,2,7,30,69,48,1,Mark Suben,0,D,1,1,0,1,0,,11,10.5,3.5,15,34.5,24
Cortland_2010 Q4,Cortland,214,7,30,2,8,27,72,67,1,Mark Suben,0,D,1,1,0,1,0,,3.271028037,14.01869159,3.738317757,12.61682243,33.64485981,31.30841121
Cortland_2011 Q1,Cortland,285,15,34,8,12,34,118,63,1,Mark Suben,0,D,1,1,0,1,0,,5.263157895,11.92982456,4.210526316,11.92982456,41.40350877,22.10526316
Cortland_2011 Q2,Cortland,294,22,19,6,8,44,110,84,1,Mark Suben,0,D,1,1,0,1,0,,7.482993197,6.462585034,2.721088435,14.96598639,37.41496599,28.57142857
Cortland_2011 Q3,Cortland,256,4,29,3,7,39,109,64,1,Mark Suben,0,D,1,1,0,1,0,,1.5625,11.328125,2.734375,15.234375,42.578125,25
Cortland_2011 Q4,Cortland,188,11,15,1,1,32,83,45,0,Mark Suben,0,D,1,1,0,1,0,,5.85106383,7.978723404,0.531914894,17.0212766,44.14893617,23.93617021
Cortland_2012 Q1,Cortland,284,13,34,5,6,43,120,63,0,Mark Suben,0,D,1,1,0,1,0.5,,4.577464789,11.97183099,2.112676056,15.14084507,42.25352113,22.18309859
Cortland_2012 Q2,Cortland,265,14,24,3,11,53,96,61,3,Mark Suben,0,D,1,1,0,1,0.5,,5.283018868,9.056603774,4.150943396,20,36.22641509,23.01886792
Cortland_2012 Q3,Cortland,209,13,20,4,3,32,95,39,3,Mark Suben,0,D,1,1,0,1,1,,6.220095694,9.56937799,1.435406699,15.31100478,45.45454545,18.66028708
Cortland_2012 Q4,Cortland,274,12,30,9,4,41,103,75,0,Mark Suben,0,D,1,1,0,1,1,,4.379562044,10.94890511,1.459854015,14.96350365,37.59124088,27.37226277
Cortland_2013 Q1,Cortland,271,15,27,8,6,43,106,62,4,Mark Suben,0,D,1,0,0,1,0,,5.535055351,9.963099631,2.21402214,15.86715867,39.11439114,22.87822878
Cortland_2013 Q2,Cortland,284,32,26,4,11,52,101,58,0,Mark Suben,0,D,1,0,0,1,0,,11.26760563,9.154929577,3.873239437,18.30985915,35.56338028,20.42253521
Cortland_2013 Q3,Cortland,266,24,37,8,10,52,83,50,2,Mark Suben,0,D,1,0,0,1,0,,9.022556391,13.90977444,3.759398496,19.54887218,31.20300752,18.79699248
Cortland_2013 Q4,Cortland,245,10,20,5,6,48,105,49,2,Mark Suben,0,D,1,0,0,1,0,,4.081632653,8.163265306,2.448979592,19.59183673,42.85714286,20
Cortland_2014 Q1,Cortland,195,13,20,9,6,30,79,34,4,Mark Suben,0,D,1,0,0,1,0,,6.666666667,10.25641026,3.076923077,15.38461538,40.51282051,17.43589744
Cortland_2014 Q2,Cortland,177,6,22,4,5,37,62,39,2,Mark Suben,0,D,1,0,0,1,0,,3.389830508,12.42937853,2.824858757,20.9039548,35.02824859,22.03389831
Cortland_2014 Q3,Cortland,222,17,26,13,6,33,69,55,3,Mark Suben,0,D,1,0,0,1,0,,7.657657658,11.71171171,2.702702703,14.86486486,31.08108108,24.77477477
Cortland_2014 Q4,Cortland,215,11,30,9,7,44,69,45,0,Mark Suben,0,D,1,0,0,1,0,,5.11627907,13.95348837,3.255813953,20.46511628,32.09302326,20.93023256
Cortland_2015 Q1,Cortland,244,15,19,9,17,50,80,52,2,Mark Suben,0,D,1,0,0,1,0,,6.147540984,7.786885246,6.967213115,20.49180328,32.78688525,21.31147541
Cortland_2015 Q2,Cortland,217,15,28,6,9,31,68,57,3,Mark Suben,0,D,1,0,0,1,0,,6.912442396,12.90322581,4.147465438,14.28571429,31.33640553,26.26728111
Cortland_2015 Q3,Cortland,228,21,21,23,13,46,64,39,1,Mark Suben,0,D,1,0,0,1,0,,9.210526316,9.210526316,5.701754386,20.1754386,28.07017544,17.10526316
Cortland_2015 Q4,Cortland,188,18,13,11,3,28,80,34,1,Mark Suben,0,D,1,0,0,1,0,,9.574468085,6.914893617,1.595744681,14.89361702,42.55319149,18.08510638
Cortland_2016 Q1,Cortland,203,9,20,6,11,30,70,55,2,Mark Suben,0,D,1,0,0,1,0.5,,4.433497537,9.852216749,5.418719212,14.77832512,34.48275862,27.09359606
Cortland_2016 Q2,Cortland,236,18,32,4,7,43,72,59,1,Mark Suben,0,D,1,0,0,1,0.5,,7.627118644,13.55932203,2.966101695,18.22033898,30.50847458,25
Cortland_2016 Q3,Cortland,184,14,22,10,9,47,57,25,0,Mark Suben,0,D,1,0,0,1,1,,7.608695652,11.95652174,4.891304348,25.54347826,30.97826087,13.58695652
Cortland_2016 Q4,Cortland,233,17,22,9,11,41,79,53,1,Mark Suben,0,D,1,0,0,1,1,,7.296137339,9.442060086,4.721030043,17.59656652,33.9055794,22.74678112
Cortland_2017 Q1,Cortland,199,12,25,9,6,48,53,44,2,Patrick Perfetti,0,R,1,1,0,0,0,,6.030150754,12.56281407,3.015075377,24.12060302,26.63316583,22.11055276
Cortland_2017 Q2,Cortland,214,13,37,9,9,46,63,36,1,Patrick Perfetti,0,R,1,1,0,0,0,,6.074766355,17.28971963,4.205607477,21.4953271,29.43925234,16.82242991
Cortland_2017 Q3,Cortland,237,19,44,10,11,37,81,34,1,Patrick Perfetti,0,R,1,1,0,0,0,,8.016877637,18.56540084,4.641350211,15.61181435,34.17721519,14.34599156
Cortland_2017 Q4,Cortland,231,11,30,16,10,47,68,49,0,Patrick Perfetti,0,R,1,1,0,0,0,,4.761904762,12.98701299,4.329004329,20.34632035,29.43722944,21.21212121
Cortland_2018 Q1,Cortland,209,16,40,7,7,33,59,44,3,Patrick Perfetti,0,R,1,1,0,0,0,,7.655502392,19.13875598,3.349282297,15.78947368,28.22966507,21.05263158
Cortland_2018 Q2,Cortland,227,18,25,9,7,46,89,31,2,Patrick Perfetti,0,R,1,1,0,0,0,,7.929515419,11.01321586,3.083700441,20.26431718,39.20704846,13.65638767
Cortland_2018 Q3,Cortland,197,21,39,16,5,35,48,30,3,Patrick Perfetti,0,R,1,1,0,0,0,,10.65989848,19.79695431,2.538071066,17.76649746,24.36548223,15.2284264
Cortland_2018 Q4,Cortland,183,16,32,14,4,44,58,15,0,Patrick Perfetti,0,R,1,1,0,0,0,,8.743169399,17.4863388,2.18579235,24.04371585,31.69398907,8.196721311
Cortland_2019 Q1,Cortland,188,14,24,14,7,34,72,23,0,Patrick Perfetti,0,R,1,1,0,0,0,,7.446808511,12.76595745,3.723404255,18.08510638,38.29787234,12.23404255
Cortland_2019 Q2,Cortland,207,19,26,9,12,50,68,23,0,Patrick Perfetti,0,R,1,1,0,0,0,,9.178743961,12.56038647,5.797101449,24.15458937,32.85024155,11.11111111
Cortland_2019 Q3,Cortland,179,14,30,6,9,46,49,25,0,Patrick Perfetti,0,R,1,1,0,0,0,,7.82122905,16.75977654,5.027932961,25.69832402,27.37430168,13.96648045
Cortland_2019 Q4,Cortland,198,11,36,12,4,41,69,25,0,Patrick Perfetti,0,R,1,1,0,0,0,,5.555555556,18.18181818,2.02020202,20.70707071,34.84848485,12.62626263
Cortland_2020 Q1,Cortland,165,7,28,10,3,35,58,21,3,Patrick Perfetti,0,R,1,1,0,0,0.5,,4.242424242,16.96969697,1.818181818,21.21212121,35.15151515,12.72727273
Cortland_2020 Q2,Cortland,14,1,2,4,0,4,1,2,0,Patrick Perfetti,0,R,1,1,0,0,0.5,,7.142857143,14.28571429,0,28.57142857,7.142857143,14.28571429
Cortland_2020 Q3,Cortland,106,9,9,4,2,21,40,20,1,Patrick Perfetti,0,R,1,1,0,0,1,,8.490566038,8.490566038,1.886792453,19.81132075,37.73584906,18.86792453
Cortland_2020 Q4,Cortland,99,8,8,6,2,16,35,23,1,Patrick Perfetti,0,R,1,1,0,0,1,,8.080808081,8.080808081,2.02020202,16.16161616,35.35353535,23.23232323
Cortland_2021 Q1,Cortland,89,13,9,1,1,25,19,21,0,Patrick Perfetti,0,R,0,NA,0,NA,0,,14.60674157,10.11235955,1.123595506,28.08988764,21.34831461,23.59550562
Cortland_2021 Q2,Cortland,159,15,17,2,7,32,61,25,0,Patrick Perfetti,0,R,0,NA,0,NA,0,,9.433962264,10.6918239,4.402515723,20.12578616,38.36477987,15.72327044
Cortland_2021 Q3,Cortland,135,10,31,6,2,24,40,22,0,Patrick Perfetti,0,R,0,NA,0,NA,0,,7.407407407,22.96296296,1.481481481,17.77777778,29.62962963,16.2962963
Cortland_2021 Q4,Cortland,110,12,15,8,4,17,28,25,1,Patrick Perfetti,0,R,0,NA,0,NA,0,,10.90909091,13.63636364,3.636363636,15.45454545,25.45454545,22.72727273
Cortland_2022 Q1,Cortland,132,8,18,8,5,20,39,32,2,Patrick Perfetti,0,R,0,NA,0,NA,0,,6.060606061,13.63636364,3.787878788,15.15151515,29.54545455,24.24242424
Cortland_2022 Q2,Cortland,130,7,25,10,4,30,35,18,1,Patrick Perfetti,0,R,0,NA,0,NA,0,,5.384615385,19.23076923,3.076923077,23.07692308,26.92307692,13.84615385
Cortland_2022 Q3,Cortland,162,13,24,6,5,31,49,33,1,Patrick Perfetti,0,R,0,NA,0,NA,0,,8.024691358,14.81481481,3.086419753,19.13580247,30.24691358,20.37037037
Cortland_2022 Q4,Cortland,122,3,11,4,3,23,39,36,3,Patrick Perfetti,0,R,0,NA,0,NA,0,,2.459016393,9.016393443,2.459016393,18.85245902,31.96721311,29.50819672
Delaware_2010 Q1,Delaware,159,4,38,3,0,9,77,23,5,Richard Northup,0,R,1,1,0,0,0,,2.51572327,23.89937107,0,5.660377358,48.42767296,14.46540881
Delaware_2010 Q2,Delaware,174,9,23,0,5,13,98,24,2,Richard Northup,0,R,1,1,0,0,0,,5.172413793,13.2183908,2.873563218,7.471264368,56.32183908,13.79310345
Delaware_2010 Q3,Delaware,167,6,26,2,4,15,93,19,2,Richard Northup,0,R,1,1,0,0,0,,3.592814371,15.56886228,2.395209581,8.982035928,55.68862275,11.37724551
Delaware_2010 Q4,Delaware,143,3,12,0,0,12,87,26,3,Richard Northup,0,R,1,1,0,0,0,,2.097902098,8.391608392,0,8.391608392,60.83916084,18.18181818
Delaware_2011 Q1,Delaware,144,9,16,0,3,16,81,18,1,Richard Northup,0,R,1,1,0,0,0,,6.25,11.11111111,2.083333333,11.11111111,56.25,12.5
Delaware_2011 Q2,Delaware,161,16,25,0,8,6,83,20,3,Richard Northup,0,R,1,1,0,0,0,,9.937888199,15.52795031,4.968944099,3.726708075,51.55279503,12.42236025
Delaware_2011 Q3,Delaware,147,7,16,0,1,15,84,23,1,Richard Northup,0,R,1,1,0,0,0,,4.761904762,10.88435374,0.680272109,10.20408163,57.14285714,15.6462585
Delaware_2011 Q4,Delaware,172,5,15,3,7,13,109,16,4,Richard Northup,0,R,1,1,0,0,0,,2.906976744,8.720930233,4.069767442,7.558139535,63.37209302,9.302325581
Delaware_2012 Q1,Delaware,138,4,19,2,2,14,84,13,0,Richard Northup,0,R,1,1,0,0,0.5,,2.898550725,13.76811594,1.449275362,10.14492754,60.86956522,9.420289855
Delaware_2012 Q2,Delaware,139,8,10,2,1,11,91,14,2,Richard Northup,0,R,1,1,0,0,0.5,,5.755395683,7.194244604,0.71942446,7.913669065,65.4676259,10.07194245
Delaware_2012 Q3,Delaware,177,5,15,3,4,13,110,25,2,Richard Northup,0,R,1,1,0,0,1,,2.824858757,8.474576271,2.259887006,7.344632768,62.14689266,14.12429379
Delaware_2012 Q4,Delaware,167,17,15,1,6,15,87,25,1,Richard Northup,0,R,1,1,0,0,1,,10.17964072,8.982035928,3.592814371,8.982035928,52.09580838,14.97005988
Delaware_2013 Q1,Delaware,169,11,15,2,5,22,97,15,2,Richard Northup,0,R,0,NA,0,NA,0,,6.50887574,8.875739645,2.958579882,13.01775148,57.3964497,8.875739645
Delaware_2013 Q2,Delaware,171,16,13,1,3,19,96,21,2,Richard Northup,0,R,0,NA,0,NA,0,,9.356725146,7.602339181,1.754385965,11.11111111,56.14035088,12.28070175
Delaware_2013 Q3,Delaware,146,3,12,0,5,13,81,31,1,Richard Northup,0,R,0,NA,0,NA,0,,2.054794521,8.219178082,3.424657534,8.904109589,55.47945205,21.23287671
Delaware_2013 Q4,Delaware,161,5,14,0,1,19,104,17,1,Richard Northup,0,R,0,NA,0,NA,0,,3.105590062,8.695652174,0.621118012,11.80124224,64.59627329,10.55900621
Delaware_2014 Q1,Delaware,168,7,15,2,4,21,99,19,1,Richard Northup,0,R,0,NA,0,NA,0,,4.166666667,8.928571429,2.380952381,12.5,58.92857143,11.30952381
Delaware_2014 Q2,Delaware,155,14,18,0,1,18,89,14,1,Richard Northup,0,R,0,NA,0,NA,0,,9.032258065,11.61290323,0.64516129,11.61290323,57.41935484,9.032258065
Delaware_2014 Q3,Delaware,148,10,18,0,2,15,88,14,1,Richard Northup,0,R,0,NA,0,NA,0,,6.756756757,12.16216216,1.351351351,10.13513514,59.45945946,9.459459459
Delaware_2014 Q4,Delaware,148,7,24,0,3,13,92,5,4,Richard Northup,0,R,0,NA,0,NA,0,,4.72972973,16.21621622,2.027027027,8.783783784,62.16216216,3.378378378
Delaware_2015 Q1,Delaware,137,2,23,0,3,25,73,11,0,Richard Northup,0,R,0,NA,0,NA,0,,1.459854015,16.78832117,2.189781022,18.24817518,53.28467153,8.02919708
Delaware_2015 Q2,Delaware,152,14,18,0,4,23,80,13,0,Richard Northup,0,R,0,NA,0,NA,0,,9.210526316,11.84210526,2.631578947,15.13157895,52.63157895,8.552631579
Delaware_2015 Q3,Delaware,119,8,10,0,2,10,80,8,1,Richard Northup,0,R,0,NA,0,NA,0,,6.722689076,8.403361345,1.680672269,8.403361345,67.22689076,6.722689076
Delaware_2015 Q4,Delaware,171,20,16,2,1,19,97,16,0,Richard Northup,0,R,0,NA,0,NA,0,,11.69590643,9.356725146,0.584795322,11.11111111,56.7251462,9.356725146
Delaware_2016 Q1,Delaware,114,1,9,2,2,15,79,5,1,Richard Northup,0,R,0,NA,0,0,0.5,,0.877192982,7.894736842,1.754385965,13.15789474,69.29824561,4.385964912
Delaware_2016 Q2,Delaware,160,17,8,1,3,11,105,14,1,Richard Northup,0,R,0,NA,0,0,0.5,,10.625,5,1.875,6.875,65.625,8.75
Delaware_2016 Q3,Delaware,146,17,5,0,8,15,89,12,0,Richard Northup,0,R,0,NA,0,0,1,,11.64383562,3.424657534,5.479452055,10.2739726,60.95890411,8.219178082
Delaware_2016 Q4,Delaware,121,7,10,0,3,12,86,3,0,Richard Northup,0,R,0,NA,0,0,1,,5.785123967,8.26446281,2.479338843,9.917355372,71.07438017,2.479338843
Delaware_2017 Q1,Delaware,130,8,7,1,5,9,89,10,1,John L. Hubbard,0,R,1,1,0,0,0,,6.153846154,5.384615385,3.846153846,6.923076923,68.46153846,7.692307692
Delaware_2017 Q2,Delaware,137,10,13,0,4,12,86,11,1,John L. Hubbard,0,R,1,1,0,0,0,,7.299270073,9.489051095,2.919708029,8.759124088,62.77372263,8.02919708
Delaware_2017 Q3,Delaware,124,6,7,0,4,17,74,16,0,John L. Hubbard,0,R,1,1,0,0,0,,4.838709677,5.64516129,3.225806452,13.70967742,59.67741935,12.90322581
Delaware_2017 Q4,Delaware,150,7,19,2,7,16,89,10,0,John L. Hubbard,0,R,1,1,0,0,0,,4.666666667,12.66666667,4.666666667,10.66666667,59.33333333,6.666666667
Delaware_2018 Q1,Delaware,157,16,21,1,2,11,100,6,0,John L. Hubbard,0,R,1,1,0,0,0,,10.1910828,13.37579618,1.27388535,7.006369427,63.69426752,3.821656051
Delaware_2018 Q2,Delaware,135,11,14,3,2,15,81,9,0,John L. Hubbard,0,R,1,1,0,0,0,,8.148148148,10.37037037,1.481481481,11.11111111,60,6.666666667
Delaware_2018 Q3,Delaware,111,7,17,0,2,11,65,8,1,John L. Hubbard,0,R,1,1,0,0,0,,6.306306306,15.31531532,1.801801802,9.90990991,58.55855856,7.207207207
Delaware_2018 Q4,Delaware,117,9,16,0,6,10,70,6,0,John L. Hubbard,0,R,1,1,0,0,0,,7.692307692,13.67521368,5.128205128,8.547008547,59.82905983,5.128205128
Delaware_2019 Q1,Delaware,121,7,11,2,4,10,76,10,1,John L. Hubbard,0,R,1,1,0,0,0,,5.785123967,9.090909091,3.305785124,8.26446281,62.80991736,8.26446281
Delaware_2019 Q2,Delaware,166,12,19,0,4,19,100,12,0,John L. Hubbard,0,R,1,1,0,0,0,,7.228915663,11.44578313,2.409638554,11.44578313,60.24096386,7.228915663
Delaware_2019 Q3,Delaware,125,9,9,1,1,12,85,8,0,John L. Hubbard,0,R,1,1,0,0,0,,7.2,7.2,0.8,9.6,68,6.4
Delaware_2019 Q4,Delaware,137,12,17,1,4,14,76,13,0,John L. Hubbard,0,R,1,1,0,0,0,,8.759124088,12.40875912,2.919708029,10.2189781,55.47445255,9.489051095
Delaware_2020 Q1,Delaware,81,7,5,2,1,11,50,5,0,John L. Hubbard,0,R,1,1,0,0,0.5,,8.641975309,6.172839506,1.234567901,13.58024691,61.72839506,6.172839506
Delaware_2020 Q2,Delaware,6,1,2,0,0,1,2,0,0,John L. Hubbard,0,R,1,1,0,0,0.5,,16.66666667,33.33333333,0,16.66666667,33.33333333,0
Delaware_2020 Q3,Delaware,54,5,2,1,0,6,36,3,1,John L. Hubbard,0,R,1,1,0,0,1,,9.259259259,3.703703704,0,11.11111111,66.66666667,5.555555556
Delaware_2020 Q4,Delaware,47,0,4,0,1,3,35,4,0,John L. Hubbard,0,R,1,1,0,0,1,,0,8.510638298,2.127659574,6.382978723,74.46808511,8.510638298
Delaware_2021 Q1,Delaware,65,4,2,0,1,5,50,3,0,John L. Hubbard,0,R,NA,NA,0,NA,0,,6.153846154,3.076923077,1.538461538,7.692307692,76.92307692,4.615384615
Delaware_2021 Q2,Delaware,114,1,5,1,0,5,95,7,0,John L. Hubbard,0,R,NA,NA,0,NA,0,,0.877192982,4.385964912,0,4.385964912,83.33333333,6.140350877
Delaware_2021 Q3,Delaware,107,5,6,0,0,13,77,4,2,John L. Hubbard,0,R,NA,NA,0,NA,0,,4.672897196,5.607476636,0,12.14953271,71.96261682,3.738317757
Delaware_2021 Q4,Delaware,64,1,2,0,0,2,52,6,1,John L. Hubbard,0,R,NA,NA,0,NA,0,,1.5625,3.125,0,3.125,81.25,9.375
Delaware_2022 Q1,Delaware,74,4,5,0,3,2,48,9,3,John L. Hubbard,0,R,NA,NA,0,NA,0,,5.405405405,6.756756757,4.054054054,2.702702703,64.86486486,12.16216216
Delaware_2022 Q2,Delaware,76,6,10,1,3,6,44,6,0,John L. Hubbard,0,R,NA,NA,0,NA,0,,7.894736842,13.15789474,3.947368421,7.894736842,57.89473684,7.894736842
Delaware_2022 Q3,Delaware,69,7,6,0,1,3,44,6,2,John L. Hubbard,0,R,NA,NA,0,NA,0,,10.14492754,8.695652174,1.449275362,4.347826087,63.76811594,8.695652174
Delaware_2022 Q4,Delaware,63,0,11,0,2,7,35,7,1,John L. Hubbard,0,R,NA,NA,0,NA,0,,0,17.46031746,3.174603175,11.11111111,55.55555556,11.11111111
Dutchess_2010 Q1,Dutchess,833,42,105,25,39,139,316,153,14,William Grady,0,R,1,1,0,0,0,,5.042016807,12.60504202,4.681872749,16.68667467,37.93517407,18.36734694
Dutchess_2010 Q2,Dutchess,971,41,138,46,43,133,354,200,16,William Grady,0,R,1,1,0,0,0,,4.222451081,14.21215242,4.428424305,13.69721936,36.45726056,20.59732235
Dutchess_2010 Q3,Dutchess,1013,39,169,44,45,133,414,152,17,William Grady,0,R,1,1,0,0,0,,3.849950642,16.68311945,4.44225074,13.12931885,40.86870681,15.00493583
Dutchess_2010 Q4,Dutchess,794,48,131,25,38,138,278,123,13,William Grady,0,R,1,1,0,0,0,,6.04534005,16.49874055,4.785894207,17.38035264,35.01259446,15.49118388
Dutchess_2011 Q1,Dutchess,907,35,140,45,68,111,332,160,16,William Grady,0,R,1,1,0,0,0.5,,3.858875413,15.43550165,7.49724366,12.23814774,36.60418964,17.64057332
Dutchess_2011 Q2,Dutchess,942,42,140,45,58,130,356,160,11,William Grady,0,R,1,1,0,0,0.5,,4.458598726,14.86199575,6.157112527,13.80042463,37.79193206,16.985138
Dutchess_2011 Q3,Dutchess,866,34,137,46,38,130,322,152,7,William Grady,0,R,1,1,0,0,1,,3.926096998,15.81986143,4.387990762,15.01154734,37.18244804,17.55196305
Dutchess_2011 Q4,Dutchess,825,38,159,38,38,98,301,147,6,William Grady,0,R,1,1,0,0,1,,4.606060606,19.27272727,4.606060606,11.87878788,36.48484848,17.81818182
Dutchess_2012 Q1,Dutchess,951,61,168,42,50,144,306,169,11,William Grady,0,R,1,1,0,0,0,,6.414300736,17.66561514,5.257623554,15.14195584,32.17665615,17.77076761
Dutchess_2012 Q2,Dutchess,958,59,146,35,41,136,348,183,10,William Grady,0,R,1,1,0,0,0,,6.158663883,15.24008351,4.279749478,14.19624217,36.3256785,19.10229645
Dutchess_2012 Q3,Dutchess,867,40,171,63,37,124,247,177,8,William Grady,0,R,1,1,0,0,0,,4.61361015,19.72318339,4.267589389,14.30219146,28.48904268,20.41522491
Dutchess_2012 Q4,Dutchess,919,30,164,52,29,125,319,189,11,William Grady,0,R,1,1,0,0,0,,3.264417845,17.84548422,3.155603917,13.60174102,34.71164309,20.56583243
Dutchess_2013 Q1,Dutchess,877,56,149,42,53,108,306,158,5,William Grady,0,R,1,1,0,0,0,,6.385404789,16.98973774,6.043329532,12.31470924,34.89167617,18.01596351
Dutchess_2013 Q2,Dutchess,840,50,141,38,33,99,286,188,5,William Grady,0,R,1,1,0,0,0,,5.952380952,16.78571429,3.928571429,11.78571429,34.04761905,22.38095238
Dutchess_2013 Q3,Dutchess,807,46,127,39,45,134,252,151,13,William Grady,0,R,1,1,0,0,0,,5.700123916,15.73729864,5.576208178,16.6047088,31.2267658,18.71127633
Dutchess_2013 Q4,Dutchess,769,37,109,42,35,86,263,187,10,William Grady,0,R,1,1,0,0,0,,4.811443433,14.17425228,4.55136541,11.18335501,34.20026008,24.31729519
Dutchess_2014 Q1,Dutchess,799,47,107,28,55,126,253,172,11,William Grady,0,R,1,1,0,0,0,,5.882352941,13.39173967,6.883604506,15.76971214,31.66458073,21.52690864
Dutchess_2014 Q2,Dutchess,874,63,87,43,48,125,318,182,8,William Grady,0,R,1,1,0,0,0,,7.208237986,9.95423341,5.491990847,14.3020595,36.38443936,20.82379863
Dutchess_2014 Q3,Dutchess,810,71,142,25,38,111,250,170,3,William Grady,0,R,1,1,0,0,0,,8.765432099,17.5308642,4.691358025,13.7037037,30.86419753,20.98765432
Dutchess_2014 Q4,Dutchess,748,56,127,31,39,98,233,163,1,William Grady,0,R,1,1,0,0,0,,7.486631016,16.97860963,5.213903743,13.10160428,31.14973262,21.79144385
Dutchess_2015 Q1,Dutchess,912,57,150,50,38,118,313,182,4,William Grady,0,R,1,1,0,0,0.5,,6.25,16.44736842,4.166666667,12.93859649,34.32017544,19.95614035
Dutchess_2015 Q2,Dutchess,831,51,120,42,37,127,301,145,8,William Grady,0,R,1,1,0,0,0.5,,6.137184116,14.44043321,4.452466907,15.28279182,36.22141998,17.4488568
Dutchess_2015 Q3,Dutchess,734,42,118,40,36,88,249,158,3,William Grady,0,R,1,1,0,0,1,,5.722070845,16.07629428,4.904632153,11.98910082,33.92370572,21.52588556
Dutchess_2015 Q4,Dutchess,804,49,107,47,29,113,265,188,6,William Grady,0,R,1,1,0,0,1,,6.094527363,13.30845771,3.606965174,14.05472637,32.960199,23.38308458
Dutchess_2016 Q1,Dutchess,823,40,104,46,32,91,294,212,4,William Grady,0,R,1,1,0,1,0,,4.860267315,12.63669502,3.888213852,11.05710814,35.72296476,25.75941677
Dutchess_2016 Q2,Dutchess,788,54,128,36,40,109,255,161,5,William Grady,0,R,1,1,0,1,0,,6.852791878,16.24365482,5.076142132,13.83248731,32.36040609,20.43147208
Dutchess_2016 Q3,Dutchess,728,40,130,33,22,97,244,157,5,William Grady,0,R,1,1,0,1,0,,5.494505495,17.85714286,3.021978022,13.32417582,33.51648352,21.56593407
Dutchess_2016 Q4,Dutchess,854,43,138,27,25,101,337,178,5,William Grady,0,R,1,1,0,1,0,,5.035128806,16.15925059,2.927400468,11.82669789,39.46135831,20.84309133
Dutchess_2017 Q1,Dutchess,842,60,131,39,34,87,302,182,7,William Grady,0,R,1,1,0,1,0,,7.125890736,15.55819477,4.038004751,10.33254157,35.86698337,21.6152019
Dutchess_2017 Q2,Dutchess,914,60,131,31,54,140,294,200,4,William Grady,0,R,1,1,0,1,0,,6.564551422,14.33260394,5.90809628,15.31728665,32.16630197,21.88183807
Dutchess_2017 Q3,Dutchess,805,57,155,21,23,122,243,177,7,William Grady,0,R,1,1,0,1,0,,7.080745342,19.25465839,2.857142857,15.1552795,30.1863354,21.98757764
Dutchess_2017 Q4,Dutchess,785,64,99,36,35,103,284,160,4,William Grady,0,R,1,1,0,1,0,,8.152866242,12.61146497,4.458598726,13.12101911,36.17834395,20.38216561
Dutchess_2018 Q1,Dutchess,827,68,116,29,37,111,285,175,6,William Grady,0,R,1,1,0,1,0,,8.222490931,14.02660218,4.474002418,13.42200726,34.46191052,21.16082225
Dutchess_2018 Q2,Dutchess,868,48,111,31,30,108,296,237,7,William Grady,0,R,1,1,0,1,0,,5.529953917,12.78801843,3.456221198,12.44239631,34.10138249,27.30414747
Dutchess_2018 Q3,Dutchess,763,43,140,31,30,110,208,201,0,William Grady,0,R,1,1,0,1,0,,5.635648755,18.34862385,3.931847969,14.41677588,27.26081258,26.34338139
Dutchess_2018 Q4,Dutchess,704,54,92,28,30,85,214,193,8,William Grady,0,R,1,1,0,1,0,,7.670454545,13.06818182,4.261363636,12.07386364,30.39772727,27.41477273
Dutchess_2019 Q1,Dutchess,797,66,99,38,35,127,236,188,8,William Grady,0,R,1,1,0,1,0.5,,8.281053952,12.42158093,4.391468005,15.93475533,29.61104141,23.58845671
Dutchess_2019 Q2,Dutchess,748,58,82,39,36,107,241,181,4,William Grady,0,R,1,1,0,1,0.5,,7.754010695,10.96256684,4.812834225,14.30481283,32.21925134,24.19786096
Dutchess_2019 Q3,Dutchess,726,32,100,43,20,90,248,181,12,William Grady,0,R,1,1,0,1,1,,4.407713499,13.77410468,2.754820937,12.39669421,34.15977961,24.93112948
Dutchess_2019 Q4,Dutchess,1017,45,107,37,30,94,401,284,19,William Grady,0,R,1,1,0,1,1,,4.424778761,10.52114061,2.949852507,9.24287119,39.42969518,27.9252704
Dutchess_2020 Q1,Dutchess,573,37,38,12,23,68,247,143,5,William Grady,0,R,NA,NA,0,NA,0,,6.457242583,6.631762653,4.013961606,11.86736475,43.10645724,24.95636998
Dutchess_2020 Q2,Dutchess,20,0,3,4,0,2,3,7,1,William Grady,0,R,NA,NA,0,NA,0,,0,15,0,10,15,35
Dutchess_2020 Q3,Dutchess,499,16,25,15,16,63,238,124,2,William Grady,0,R,NA,NA,0,NA,0,,3.206412826,5.01002004,3.206412826,12.6252505,47.69539078,24.8496994
Dutchess_2020 Q4,Dutchess,478,19,33,6,13,51,219,130,7,William Grady,0,R,NA,NA,0,NA,0,,3.974895397,6.90376569,2.719665272,10.66945607,45.81589958,27.19665272
Dutchess_2021 Q1,Dutchess,427,12,29,7,14,36,215,109,5,William Grady,0,R,NA,NA,0,NA,0,,2.81030445,6.791569087,3.278688525,8.430913349,50.35128806,25.52693208
Dutchess_2021 Q2,Dutchess,539,11,43,5,6,40,313,121,0,William Grady,0,R,NA,NA,0,NA,0,,2.040816327,7.977736549,1.113172542,7.421150278,58.07050093,22.44897959
Dutchess_2021 Q3,Dutchess,510,28,31,10,10,72,234,120,5,William Grady,0,R,NA,NA,0,NA,0,,5.490196078,6.078431373,1.960784314,14.11764706,45.88235294,23.52941176
Dutchess_2021 Q4,Dutchess,474,38,38,11,16,68,206,93,4,William Grady,0,R,NA,NA,0,NA,0,,8.016877637,8.016877637,3.375527426,14.34599156,43.45991561,19.62025316
Dutchess_2022 Q1,Dutchess,494,47,35,10,16,64,204,118,0,William Grady,0,R,NA,NA,0,NA,0,,9.51417004,7.085020243,3.238866397,12.95546559,41.29554656,23.88663968
Dutchess_2022 Q2,Dutchess,552,41,32,19,22,53,257,127,1,William Grady,0,R,NA,NA,0,NA,0,,7.427536232,5.797101449,3.985507246,9.601449275,46.55797101,23.00724638
Dutchess_2022 Q3,Dutchess,453,23,30,6,17,59,210,108,0,William Grady,0,R,NA,NA,0,NA,0,,5.077262693,6.622516556,3.752759382,13.02428256,46.35761589,23.8410596
Dutchess_2022 Q4,Dutchess,480,33,37,8,20,58,213,107,4,William Grady,0,R,NA,NA,NA,NA,0,,6.875,7.708333333,4.166666667,12.08333333,44.375,22.29166667
Erie_2010 Q1,Erie,3830,158,627,363,74,341,1131,1103,33,Frank Sedita,0,D,1,1,1,1,0,,4.125326371,16.37075718,1.932114883,8.903394256,29.53002611,28.79895561
Erie_2010 Q2,Erie,3744,169,600,325,65,327,1173,1055,30,Frank Sedita,0,D,1,1,1,1,0,,4.513888889,16.02564103,1.736111111,8.733974359,31.33012821,28.1784188
Erie_2010 Q3,Erie,3578,157,614,331,57,337,1028,1006,48,Frank Sedita,0,D,1,1,1,1,0,,4.387926216,17.16042482,1.593068753,9.418669648,28.73113471,28.11626607
Erie_2010 Q4,Erie,3463,153,654,323,61,308,938,996,30,Frank Sedita,0,D,1,1,1,1,0,,4.418134565,18.88535951,1.761478487,8.894022524,27.08634132,28.76118972
Erie_2011 Q1,Erie,3740,160,606,259,60,314,1208,1096,37,Frank Sedita,0,D,1,1,1,1,0,,4.278074866,16.20320856,1.604278075,8.395721925,32.29946524,29.30481283
Erie_2011 Q2,Erie,3658,164,570,248,59,282,1161,1141,33,Frank Sedita,0,D,1,1,1,1,0,,4.483324221,15.5822854,1.612903226,7.709130672,31.738655,31.19190815
Erie_2011 Q3,Erie,3705,144,625,307,62,294,1219,1032,22,Frank Sedita,0,D,1,1,1,1,0,,3.886639676,16.86909582,1.673414305,7.935222672,32.90148448,27.85425101
Erie_2011 Q4,Erie,3272,109,574,271,54,261,1056,929,18,Frank Sedita,0,D,1,1,1,1,0,,3.331295844,17.54278729,1.650366748,7.976772616,32.27383863,28.39242054
Erie_2012 Q1,Erie,3562,156,610,238,72,303,1229,925,29,Frank Sedita,0,D,1,1,1,1,0.5,,4.379562044,17.12521056,2.021336328,8.506457047,34.50308815,25.96855699
Erie_2012 Q2,Erie,3381,144,637,230,52,200,1165,917,36,Frank Sedita,0,D,1,1,1,1,0.5,,4.259094942,18.84057971,1.538006507,5.915409642,34.45726117,27.12215321
Erie_2012 Q3,Erie,3623,141,716,264,43,259,1106,1061,33,Frank Sedita,0,D,1,1,1,1,1,,3.891802374,19.76262766,1.186861717,7.148771736,30.52718741,29.28512283
Erie_2012 Q4,Erie,3591,128,642,279,53,248,1084,1117,40,Frank Sedita,0,D,1,1,1,1,1,,3.564466722,17.8780284,1.475912002,6.906154275,30.18657755,31.10554163
Erie_2013 Q1,Erie,3697,136,666,266,41,266,1155,1140,27,Frank Sedita,0,D,0,NA,0,NA,0,,3.678658372,18.01460644,1.109007303,7.195022992,31.2415472,30.83581282
Erie_2013 Q2,Erie,3994,138,801,300,60,249,1248,1171,27,Frank Sedita,0,D,0,NA,0,NA,0,,3.455182774,20.05508262,1.50225338,6.234351527,31.24687031,29.31897847
Erie_2013 Q3,Erie,3700,108,699,378,44,218,1121,1104,28,Frank Sedita,0,D,0,NA,0,NA,0,,2.918918919,18.89189189,1.189189189,5.891891892,30.2972973,29.83783784
Erie_2013 Q4,Erie,3462,108,635,315,41,208,1046,1088,21,Frank Sedita,0,D,0,NA,0,NA,0,,3.119584055,18.34199884,1.18428654,6.008087811,30.21374928,31.42692085
Erie_2014 Q1,Erie,3451,117,655,264,42,183,1037,1124,29,Frank Sedita,0,D,0,NA,0,NA,0,,3.390321646,18.9800058,1.21703854,5.302810779,30.04926108,32.57026949
Erie_2014 Q2,Erie,3905,112,731,355,52,230,1173,1198,54,Frank Sedita,0,D,0,NA,0,NA,0,,2.868117798,18.71959027,1.33162612,5.889884763,30.03841229,30.67861716
Erie_2014 Q3,Erie,3706,129,728,331,41,237,1058,1094,88,Frank Sedita,0,D,0,NA,0,NA,0,,3.480841878,19.64382083,1.106314085,6.395035078,28.54830005,29.51969779
Erie_2014 Q4,Erie,3119,121,588,278,48,184,894,929,77,Frank Sedita,0,D,0,NA,0,NA,0,,3.879448541,18.85219622,1.538954793,5.899326707,28.66303302,29.78518756
Erie_2015 Q1,Erie,3500,132,684,289,58,201,1017,1080,39,Frank Sedita,0,D,0,NA,0,NA,0,,3.771428571,19.54285714,1.657142857,5.742857143,29.05714286,30.85714286
Erie_2015 Q2,Erie,3472,110,721,290,45,214,985,1082,25,Frank Sedita,0,D,0,NA,0,NA,0,,3.168202765,20.76612903,1.296082949,6.16359447,28.36981567,31.16359447
Erie_2015 Q3,Erie,3501,106,718,392,34,211,954,1062,24,Frank Sedita,0,D,0,NA,0,NA,0,,3.02770637,20.50842616,0.9711511,6.026849472,27.24935733,30.33419023
Erie_2015 Q4,Erie,3248,108,673,304,44,180,885,1039,15,Frank Sedita,0,D,0,NA,0,NA,0,,3.325123153,20.72044335,1.354679803,5.541871921,27.24753695,31.98891626
Erie_2016 Q1,Erie,3292,128,608,302,38,204,968,1026,18,Frank Sedita,0,D,0,NA,1,1,0.5,,3.888213852,18.4690158,1.154313487,6.196840826,29.40461725,31.16646416
Erie_2016 Q2,Erie,3476,141,689,246,46,199,1047,1093,15,Frank Sedita,0,D,0,NA,1,1,0.5,,4.056386651,19.82163406,1.323360184,5.724971231,30.12082854,31.44418872
Erie_2016 Q3,Erie,3228,141,637,304,59,214,929,921,23,Frank Sedita,0,D,0,NA,1,1,1,,4.36802974,19.73358116,1.827757125,6.629491945,28.77942999,28.53159851
Erie_2016 Q4,Erie,2958,137,622,212,45,176,908,846,12,Frank Sedita,0,D,0,NA,1,1,1,,4.631507776,21.02772143,1.521298174,5.949966193,30.6964165,28.60040568
Erie_2017 Q1,Erie,3187,132,573,238,43,186,997,991,27,John Flynn,0,D,1,1,0,0,0,,4.141826169,17.97929087,1.349231252,5.836209602,31.28333856,31.09507374
Erie_2017 Q2,Erie,2839,132,449,214,62,212,907,841,22,John Flynn,0,D,1,1,0,0,0,,4.64952448,15.81542797,2.183867559,7.467418105,31.94786897,29.62310673
Erie_2017 Q3,Erie,2691,111,518,206,35,134,861,802,24,John Flynn,0,D,1,1,0,0,0,,4.124860647,19.24934968,1.300631735,4.979561501,31.99554069,29.80304719
Erie_2017 Q4,Erie,2671,122,411,234,51,162,785,884,22,John Flynn,0,D,1,1,0,0,0,,4.567577686,15.38749532,1.90939723,6.065144141,29.38974167,33.09621864
Erie_2018 Q1,Erie,2809,112,452,219,41,177,889,893,26,John Flynn,0,D,1,1,0,0,0,,3.987184051,16.09113564,1.459594162,6.301174795,31.64827341,31.79067284
Erie_2018 Q2,Erie,2780,127,417,222,48,208,836,903,19,John Flynn,0,D,1,1,0,0,0,,4.568345324,15,1.726618705,7.482014388,30.07194245,32.48201439
Erie_2018 Q3,Erie,2599,99,363,231,43,169,752,908,34,John Flynn,0,D,1,1,0,0,0,,3.809157368,13.96691035,1.654482493,6.502500962,28.93420546,34.93651404
Erie_2018 Q4,Erie,2702,111,392,211,35,168,814,954,17,John Flynn,0,D,1,1,0,0,0,,4.108068098,14.50777202,1.295336788,6.21761658,30.12583272,35.30717987
Erie_2019 Q1,Erie,2743,120,382,201,51,190,804,980,15,John Flynn,0,D,1,1,0,0,0,,4.374772147,13.926358,1.859278163,6.926722567,29.31097339,35.72730587
Erie_2019 Q2,Erie,2657,128,339,187,34,186,814,946,23,John Flynn,0,D,1,1,0,0,0,,4.817463304,12.75875047,1.27963869,7.000376364,30.6360557,35.60406473
Erie_2019 Q3,Erie,2721,108,381,198,47,182,862,931,12,John Flynn,0,D,1,1,0,0,0,,3.969128997,14.00220507,1.727306137,6.688717383,31.67952958,34.215362
Erie_2019 Q4,Erie,2779,102,277,221,34,152,928,1037,28,John Flynn,0,D,1,1,0,0,0,,3.670385031,9.96761425,1.223461677,5.469593379,33.39330694,37.31558114
Erie_2020 Q1,Erie,2460,99,200,142,23,165,957,858,16,John Flynn,0,D,1,1,0,0,0.5,,4.024390244,8.130081301,0.93495935,6.707317073,38.90243902,34.87804878
Erie_2020 Q2,Erie,51,0,2,10,0,4,26,9,0,John Flynn,0,D,1,1,0,0,0.5,,0,3.921568627,0,7.843137255,50.98039216,17.64705882
Erie_2020 Q3,Erie,1186,55,44,30,14,143,596,299,5,John Flynn,0,D,1,1,0,0,1,,4.637436762,3.70994941,1.180438449,12.05733558,50.2529511,25.21079258
Erie_2020 Q4,Erie,1152,79,54,33,13,97,570,296,10,John Flynn,0,D,1,1,0,0,1,,6.857638889,4.6875,1.128472222,8.420138889,49.47916667,25.69444444
Erie_2021 Q1,Erie,769,69,58,49,19,101,268,204,1,John Flynn,0,D,NA,NA,0,NA,0,,8.972691808,7.542262679,2.470741222,13.13394018,34.85045514,26.52795839
Erie_2021 Q2,Erie,1737,96,131,67,12,111,817,497,6,John Flynn,0,D,NA,NA,0,NA,0,,5.526770294,7.54173863,0.690846287,6.390328152,47.03511802,28.61255037
Erie_2021 Q3,Erie,2418,88,210,111,38,143,1187,630,11,John Flynn,0,D,NA,NA,0,NA,0,,3.639371381,8.684863524,1.571546733,5.913978495,49.09015715,26.05459057
Erie_2021 Q4,Erie,2197,84,222,97,19,156,1062,547,10,John Flynn,0,D,NA,NA,0,NA,0,,3.823395539,10.10468821,0.864815658,7.100591716,48.3386436,24.89758762
Erie_2022 Q1,Erie,2106,119,230,117,25,126,1053,431,5,John Flynn,0,D,NA,NA,0,NA,0,,5.650522317,10.92117759,1.18708452,5.982905983,50,20.46533713
Erie_2022 Q2,Erie,1842,120,253,90,27,157,807,380,8,John Flynn,0,D,NA,NA,0,NA,0,,6.51465798,13.73507058,1.465798046,8.523344191,43.81107492,20.62975027
Erie_2022 Q3,Erie,1799,116,270,107,28,141,797,338,2,John Flynn,0,D,NA,NA,0,NA,0,,6.448026681,15.00833797,1.556420233,7.837687604,44.30239022,18.78821568
Erie_2022 Q4,Erie,1573,106,188,97,39,139,677,322,5,John Flynn,0,D,NA,NA,0,NA,0,,6.73871583,11.95168468,2.479338843,8.836617928,43.0387794,20.47043865
Essex_2010 Q1,Essex,152,3,13,2,7,19,99,5,4,Kristy Sprague,0,R,1,1,0,0,0,,1.973684211,8.552631579,4.605263158,12.5,65.13157895,3.289473684
Essex_2010 Q2,Essex,157,3,11,2,4,25,94,17,1,Kristy Sprague,0,R,1,1,0,0,0,,1.910828025,7.006369427,2.547770701,15.92356688,59.87261146,10.82802548
Essex_2010 Q3,Essex,168,9,17,1,6,16,104,10,5,Kristy Sprague,0,R,1,1,0,0,0,,5.357142857,10.11904762,3.571428571,9.523809524,61.9047619,5.952380952
Essex_2010 Q4,Essex,128,5,14,0,8,12,81,5,3,Kristy Sprague,0,R,1,1,0,0,0,,3.90625,10.9375,6.25,9.375,63.28125,3.90625
Essex_2011 Q1,Essex,131,6,5,1,9,18,79,11,2,Kristy Sprague,0,R,1,1,0,0,0,,4.580152672,3.816793893,6.870229008,13.74045802,60.30534351,8.396946565
Essex_2011 Q2,Essex,147,15,17,0,4,20,81,9,1,Kristy Sprague,0,R,1,1,0,0,0,,10.20408163,11.56462585,2.721088435,13.60544218,55.10204082,6.12244898
Essex_2011 Q3,Essex,146,8,13,3,10,16,80,14,2,Kristy Sprague,0,R,1,1,0,0,0,,5.479452055,8.904109589,6.849315068,10.95890411,54.79452055,9.589041096
Essex_2011 Q4,Essex,125,4,20,1,5,23,56,13,3,Kristy Sprague,0,R,1,1,0,0,0,,3.2,16,4,18.4,44.8,10.4
Essex_2012 Q1,Essex,118,15,16,1,5,14,56,9,2,Kristy Sprague,0,R,1,1,0,0,0,,12.71186441,13.55932203,4.237288136,11.86440678,47.45762712,7.627118644
Essex_2012 Q2,Essex,127,10,8,5,4,24,64,10,2,Kristy Sprague,0,R,1,1,0,0,0,,7.874015748,6.299212598,3.149606299,18.8976378,50.39370079,7.874015748
Essex_2012 Q3,Essex,127,5,15,2,7,16,65,10,7,Kristy Sprague,0,R,1,1,0,0,0,,3.937007874,11.81102362,5.511811024,12.5984252,51.18110236,7.874015748
Essex_2012 Q4,Essex,101,3,16,2,7,19,47,5,2,Kristy Sprague,0,R,1,1,0,0,0,,2.97029703,15.84158416,6.930693069,18.81188119,46.53465347,4.95049505
Essex_2013 Q1,Essex,119,5,21,0,5,18,53,14,3,Kristy Sprague,0,R,1,1,0,0,0.5,,4.201680672,17.64705882,4.201680672,15.12605042,44.53781513,11.76470588
Essex_2013 Q2,Essex,136,12,17,0,8,15,65,16,3,Kristy Sprague,0,R,1,1,0,0,0.5,,8.823529412,12.5,5.882352941,11.02941176,47.79411765,11.76470588
Essex_2013 Q3,Essex,109,3,19,2,4,15,53,9,4,Kristy Sprague,0,R,1,1,0,0,1,,2.752293578,17.43119266,3.669724771,13.76146789,48.62385321,8.256880734
Essex_2013 Q4,Essex,92,6,7,2,5,15,50,3,4,Kristy Sprague,0,R,1,1,0,0,1,,6.52173913,7.608695652,5.434782609,16.30434783,54.34782609,3.260869565
Essex_2014 Q1,Essex,121,14,20,3,9,26,39,9,1,Kristy Sprague,0,R,1,1,0,0,0,,11.57024793,16.52892562,7.438016529,21.48760331,32.23140496,7.438016529
Essex_2014 Q2,Essex,153,18,17,5,14,17,67,14,1,Kristy Sprague,0,R,1,1,0,0,0,,11.76470588,11.11111111,9.150326797,11.11111111,43.79084967,9.150326797
Essex_2014 Q3,Essex,143,17,23,3,11,11,65,10,3,Kristy Sprague,0,R,1,1,0,0,0,,11.88811189,16.08391608,7.692307692,7.692307692,45.45454545,6.993006993
Essex_2014 Q4,Essex,100,6,15,3,3,14,47,11,1,Kristy Sprague,0,R,1,1,0,0,0,,6,15,3,14,47,11
Essex_2015 Q1,Essex,128,13,12,3,4,22,54,19,1,Kristy Sprague,0,R,1,1,0,0,0,,10.15625,9.375,3.125,17.1875,42.1875,14.84375
Essex_2015 Q2,Essex,123,10,18,1,10,18,57,8,1,Kristy Sprague,0,R,1,1,0,0,0,,8.130081301,14.63414634,8.130081301,14.63414634,46.34146341,6.504065041
Essex_2015 Q3,Essex,114,8,12,4,5,9,63,11,2,Kristy Sprague,0,R,1,1,0,0,0,,7.01754386,10.52631579,4.385964912,7.894736842,55.26315789,9.649122807
Essex_2015 Q4,Essex,109,4,15,0,5,11,64,6,4,Kristy Sprague,0,R,1,1,0,0,0,,3.669724771,13.76146789,4.587155963,10.09174312,58.71559633,5.504587156
Essex_2016 Q1,Essex,111,4,10,0,5,9,76,6,1,Kristy Sprague,0,R,1,1,0,0,0,,3.603603604,9.009009009,4.504504505,8.108108108,68.46846847,5.405405405
Essex_2016 Q2,Essex,142,16,14,1,12,18,69,9,3,Kristy Sprague,0,R,1,1,0,0,0,,11.26760563,9.85915493,8.450704225,12.67605634,48.5915493,6.338028169
Essex_2016 Q3,Essex,139,6,22,1,3,24,73,9,1,Kristy Sprague,0,R,1,1,0,0,0,,4.316546763,15.82733813,2.158273381,17.26618705,52.51798561,6.474820144
Essex_2016 Q4,Essex,138,8,16,1,3,15,80,11,4,Kristy Sprague,0,R,1,1,0,0,0,,5.797101449,11.5942029,2.173913043,10.86956522,57.97101449,7.971014493
Essex_2017 Q1,Essex,141,13,20,4,3,16,71,11,3,Kristy Sprague,0,R,1,1,0,0,0.5,,9.219858156,14.18439716,2.127659574,11.34751773,50.35460993,7.80141844
Essex_2017 Q2,Essex,116,9,19,2,7,14,56,8,1,Kristy Sprague,0,R,1,1,0,0,0.5,,7.75862069,16.37931034,6.034482759,12.06896552,48.27586207,6.896551724
Essex_2017 Q3,Essex,104,9,5,2,0,12,72,1,3,Kristy Sprague,0,R,1,1,0,0,1,,8.653846154,4.807692308,0,11.53846154,69.23076923,0.961538462
Essex_2017 Q4,Essex,122,11,6,1,1,9,70,21,3,Kristy Sprague,0,R,1,1,0,0,1,,9.016393443,4.918032787,0.819672131,7.37704918,57.37704918,17.21311475
Essex_2018 Q1,Essex,121,8,16,1,5,9,73,5,4,Kristy Sprague,0,R,1,1,0,0,0,,6.611570248,13.2231405,4.132231405,7.438016529,60.33057851,4.132231405
Essex_2018 Q2,Essex,142,15,21,4,2,8,80,8,4,Kristy Sprague,0,R,1,1,0,0,0,,10.56338028,14.78873239,1.408450704,5.633802817,56.33802817,5.633802817
Essex_2018 Q3,Essex,132,7,18,1,2,7,83,12,2,Kristy Sprague,0,R,1,1,0,0,0,,5.303030303,13.63636364,1.515151515,5.303030303,62.87878788,9.090909091
Essex_2018 Q4,Essex,139,4,11,6,5,9,85,17,2,Kristy Sprague,0,R,1,1,0,0,0,,2.877697842,7.913669065,3.597122302,6.474820144,61.15107914,12.23021583
Essex_2019 Q1,Essex,127,6,14,0,0,11,79,15,2,Kristy Sprague,0,R,1,1,0,0,0,,4.724409449,11.02362205,0,8.661417323,62.20472441,11.81102362
Essex_2019 Q2,Essex,113,11,5,1,3,18,70,4,1,Kristy Sprague,0,R,1,1,0,0,0,,9.734513274,4.424778761,2.654867257,15.92920354,61.94690265,3.539823009
Essex_2019 Q3,Essex,115,11,12,2,4,9,62,12,3,Kristy Sprague,0,R,1,1,0,0,0,,9.565217391,10.43478261,3.47826087,7.826086957,53.91304348,10.43478261
Essex_2019 Q4,Essex,147,7,16,1,2,26,82,11,2,Kristy Sprague,0,R,1,1,0,0,0,,4.761904762,10.88435374,1.360544218,17.68707483,55.78231293,7.482993197
Essex_2020 Q1,Essex,103,6,12,1,11,9,54,7,3,Kristy Sprague,0,R,1,1,0,0,0,,5.825242718,11.65048544,10.67961165,8.737864078,52.42718447,6.796116505
Essex_2020 Q2,Essex,13,4,0,0,0,6,2,1,0,Kristy Sprague,0,R,1,1,0,0,0,,30.76923077,0,0,46.15384615,15.38461538,7.692307692
Essex_2020 Q3,Essex,110,4,5,1,4,14,65,12,5,Kristy Sprague,0,R,1,1,0,0,0,,3.636363636,4.545454545,3.636363636,12.72727273,59.09090909,10.90909091
Essex_2020 Q4,Essex,99,10,5,3,2,8,61,8,2,Kristy Sprague,0,R,1,1,0,0,0,,10.1010101,5.050505051,2.02020202,8.080808081,61.61616162,8.080808081
Essex_2021 Q1,Essex,37,1,3,1,1,8,22,0,1,Kristy Sprague,0,R,1,1,0,0,0.5,,2.702702703,8.108108108,2.702702703,21.62162162,59.45945946,0
Essex_2021 Q2,Essex,105,14,6,2,3,8,58,11,3,Kristy Sprague,0,R,1,1,0,0,0.5,,13.33333333,5.714285714,2.857142857,7.619047619,55.23809524,10.47619048
Essex_2021 Q3,Essex,80,8,8,3,1,12,37,11,0,Kristy Sprague,0,R,1,1,0,0,1,,10,10,1.25,15,46.25,13.75
Essex_2021 Q4,Essex,84,6,5,1,1,12,47,12,0,Kristy Sprague,0,R,1,1,0,0,1,,7.142857143,5.952380952,1.19047619,14.28571429,55.95238095,14.28571429
Essex_2022 Q1,Essex,67,6,14,0,2,5,34,6,0,Kristy Sprague,0,R,NA,NA,0,NA,0,,8.955223881,20.89552239,2.985074627,7.462686567,50.74626866,8.955223881
Essex_2022 Q2,Essex,101,16,14,1,5,14,41,10,0,Kristy Sprague,0,R,NA,NA,0,NA,0,,15.84158416,13.86138614,4.95049505,13.86138614,40.59405941,9.900990099
Essex_2022 Q3,Essex,70,4,10,1,2,7,37,9,0,Kristy Sprague,0,R,NA,NA,0,NA,0,,5.714285714,14.28571429,2.857142857,10,52.85714286,12.85714286
Essex_2022 Q4,Essex,95,2,14,1,2,14,55,7,0,Kristy Sprague,0,R,NA,NA,0,NA,0,,2.105263158,14.73684211,2.105263158,14.73684211,57.89473684,7.368421053
Franklin_2010 Q1,Franklin,199,12,24,2,3,34,103,15,6,,NA,,0,NA,0,NA,0,,6.030150754,12.06030151,1.507537688,17.08542714,51.75879397,7.537688442
Franklin_2010 Q2,Franklin,194,13,9,3,7,24,134,3,1,,NA,,0,NA,0,NA,0,,6.701030928,4.639175258,3.608247423,12.37113402,69.07216495,1.546391753
Franklin_2010 Q3,Franklin,196,10,20,1,10,25,117,11,2,,NA,,0,NA,0,NA,0,,5.102040816,10.20408163,5.102040816,12.75510204,59.69387755,5.612244898
Franklin_2010 Q4,Franklin,184,9,15,3,6,21,120,7,3,,NA,,0,NA,0,NA,0,,4.891304348,8.152173913,3.260869565,11.41304348,65.2173913,3.804347826
Franklin_2011 Q1,Franklin,188,9,18,2,11,31,103,13,1,,NA,,0,NA,0,NA,0,,4.787234043,9.574468085,5.85106383,16.4893617,54.78723404,6.914893617
Franklin_2011 Q2,Franklin,196,12,13,0,9,30,116,15,1,,NA,,0,NA,0,NA,0,,6.12244898,6.632653061,4.591836735,15.30612245,59.18367347,7.653061224
Franklin_2011 Q3,Franklin,170,6,10,2,7,25,98,21,1,,NA,,0,NA,0,NA,0,,3.529411765,5.882352941,4.117647059,14.70588235,57.64705882,12.35294118
Franklin_2011 Q4,Franklin,201,23,12,2,12,28,106,15,3,,NA,,0,NA,0,NA,0,,11.44278607,5.970149254,5.970149254,13.93034826,52.73631841,7.462686567
Franklin_2012 Q1,Franklin,213,19,8,2,16,36,125,5,2,,NA,,0,NA,0,NA,0,,8.920187793,3.755868545,7.511737089,16.90140845,58.68544601,2.34741784
Franklin_2012 Q2,Franklin,196,14,11,0,14,26,121,6,4,,NA,,0,NA,0,NA,0,,7.142857143,5.612244898,7.142857143,13.26530612,61.73469388,3.06122449
Franklin_2012 Q3,Franklin,222,16,17,0,12,26,135,15,1,,NA,,0,NA,0,NA,0,,7.207207207,7.657657658,5.405405405,11.71171171,60.81081081,6.756756757
Franklin_2012 Q4,Franklin,203,22,15,0,14,33,102,13,4,,NA,,0,NA,0,NA,0,,10.83743842,7.389162562,6.896551724,16.25615764,50.24630542,6.403940887
Franklin_2013 Q1,Franklin,184,17,14,2,16,36,83,11,5,,NA,,0,NA,0,NA,0,,9.239130435,7.608695652,8.695652174,19.56521739,45.10869565,5.97826087
Franklin_2013 Q2,Franklin,172,17,16,2,11,34,84,7,1,,NA,,0,NA,0,NA,0,,9.88372093,9.302325581,6.395348837,19.76744186,48.8372093,4.069767442
Franklin_2013 Q3,Franklin,183,10,21,7,13,18,102,8,4,,NA,,0,NA,0,NA,0,,5.464480874,11.47540984,7.103825137,9.836065574,55.73770492,4.371584699
Franklin_2013 Q4,Franklin,216,16,11,3,17,32,119,14,4,,NA,,0,NA,0,NA,0,,7.407407407,5.092592593,7.87037037,14.81481481,55.09259259,6.481481481
Franklin_2014 Q1,Franklin,224,11,19,3,18,33,134,4,2,,NA,,0,NA,0,NA,0,,4.910714286,8.482142857,8.035714286,14.73214286,59.82142857,1.785714286
Franklin_2014 Q2,Franklin,250,25,23,4,9,37,136,12,4,,NA,,0,NA,0,NA,0,,10,9.2,3.6,14.8,54.4,4.8
Franklin_2014 Q3,Franklin,168,12,14,2,8,18,108,3,3,,NA,,0,NA,0,NA,0,,7.142857143,8.333333333,4.761904762,10.71428571,64.28571429,1.785714286
Franklin_2014 Q4,Franklin,194,16,14,5,6,24,124,5,0,,NA,,0,NA,0,NA,0,,8.24742268,7.216494845,3.092783505,12.37113402,63.91752577,2.577319588
Franklin_2015 Q1,Franklin,193,12,16,0,10,27,116,10,2,,NA,,0,NA,0,1,0.5,,6.21761658,8.29015544,5.18134715,13.98963731,60.10362694,5.18134715
Franklin_2015 Q2,Franklin,199,21,22,1,12,20,109,9,5,,NA,,0,NA,0,1,0.5,,10.55276382,11.05527638,6.030150754,10.05025126,54.77386935,4.522613065
Franklin_2015 Q3,Franklin,213,11,20,2,9,22,138,9,2,,NA,,0,NA,0,1,1,,5.164319249,9.389671362,4.225352113,10.3286385,64.78873239,4.225352113
Franklin_2015 Q4,Franklin,174,4,23,3,12,15,104,9,4,,NA,,0,NA,0,1,1,,2.298850575,13.2183908,6.896551724,8.620689655,59.77011494,5.172413793
Franklin_2016 Q1,Franklin,215,16,17,4,12,12,143,11,0,Craig Carriero,NA,D,1,1,0,0,0,,7.441860465,7.906976744,5.581395349,5.581395349,66.51162791,5.11627907
Franklin_2016 Q2,Franklin,220,20,23,3,14,25,118,12,5,Craig Carriero,NA,D,1,1,0,0,0,,9.090909091,10.45454545,6.363636364,11.36363636,53.63636364,5.454545455
Franklin_2016 Q3,Franklin,222,9,30,3,11,35,125,7,2,Craig Carriero,NA,D,1,1,0,0,0,,4.054054054,13.51351351,4.954954955,15.76576577,56.30630631,3.153153153
Franklin_2016 Q4,Franklin,187,13,18,2,6,16,119,8,5,Craig Carriero,NA,D,1,1,0,0,0,,6.951871658,9.625668449,3.20855615,8.556149733,63.63636364,4.278074866
Franklin_2017 Q1,Franklin,167,16,18,1,7,30,88,5,2,Craig Carriero,NA,D,1,1,0,0,0,,9.580838323,10.77844311,4.191616766,17.96407186,52.69461078,2.994011976
Franklin_2017 Q2,Franklin,179,8,17,2,5,41,95,5,6,Craig Carriero,NA,D,1,1,0,0,0,,4.469273743,9.497206704,2.793296089,22.90502793,53.0726257,2.793296089
Franklin_2017 Q3,Franklin,201,10,24,1,10,33,113,6,4,Craig Carriero,NA,D,1,1,0,0,0,,4.975124378,11.94029851,4.975124378,16.41791045,56.21890547,2.985074627
Franklin_2017 Q4,Franklin,204,11,20,4,5,40,119,3,2,Craig Carriero,NA,D,1,1,0,0,0,,5.392156863,9.803921569,2.450980392,19.60784314,58.33333333,1.470588235
Franklin_2018 Q1,Franklin,221,18,18,3,7,35,134,5,1,Craig Carriero,NA,D,1,1,0,0,0,,8.14479638,8.14479638,3.167420814,15.83710407,60.63348416,2.262443439
Franklin_2018 Q2,Franklin,170,9,19,1,6,33,95,5,2,Craig Carriero,NA,D,1,1,0,0,0,,5.294117647,11.17647059,3.529411765,19.41176471,55.88235294,2.941176471
Franklin_2018 Q3,Franklin,187,12,14,1,7,28,117,5,3,Craig Carriero,NA,D,1,1,0,0,0,,6.417112299,7.486631016,3.743315508,14.97326203,62.56684492,2.673796791
Franklin_2018 Q4,Franklin,142,7,19,3,8,29,73,1,2,Craig Carriero,NA,D,1,1,0,0,0,,4.929577465,13.38028169,5.633802817,20.42253521,51.4084507,0.704225352
Franklin_2019 Q1,Franklin,169,15,25,4,8,24,91,2,0,Craig Carriero,NA,D,1,1,0,0,0.5,,8.875739645,14.79289941,4.733727811,14.20118343,53.84615385,1.183431953
Franklin_2019 Q2,Franklin,163,13,22,2,6,33,77,7,3,Craig Carriero,NA,D,1,1,0,0,0.5,,7.975460123,13.49693252,3.680981595,20.24539877,47.2392638,4.294478528
Franklin_2019 Q3,Franklin,147,10,17,2,4,29,78,2,5,Craig Carriero,NA,D,1,1,0,0,1,,6.802721088,11.56462585,2.721088435,19.72789116,53.06122449,1.360544218
Franklin_2019 Q4,Franklin,163,13,19,0,6,27,92,5,1,Craig Carriero,NA,D,1,1,0,0,1,,7.975460123,11.65644172,3.680981595,16.56441718,56.44171779,3.067484663
Franklin_2020 Q1,Franklin,135,4,9,0,4,30,80,3,5,Craig Carriero,NA,D,0,NA,NA,NA,0,,2.962962963,6.666666667,2.962962963,22.22222222,59.25925926,2.222222222
Franklin_2020 Q2,Franklin,13,2,2,0,2,5,2,0,0,Craig Carriero,NA,D,0,NA,NA,NA,0,,15.38461538,15.38461538,15.38461538,38.46153846,15.38461538,0
Franklin_2020 Q3,Franklin,101,9,9,2,2,17,61,1,0,Craig Carriero,NA,D,0,NA,NA,NA,0,,8.910891089,8.910891089,1.98019802,16.83168317,60.3960396,0.99009901
Franklin_2020 Q4,Franklin,128,8,8,0,5,22,81,4,0,Craig Carriero,NA,D,0,NA,NA,NA,0,,6.25,6.25,3.90625,17.1875,63.28125,3.125
Franklin_2021 Q1,Franklin,126,6,10,0,6,20,80,4,0,Jonathan Miller,NA,D,1,0,0,1,0,Craig got elected to judgeship and Miller was appointed DA,4.761904762,7.936507937,4.761904762,15.87301587,63.49206349,3.174603175
Franklin_2021 Q2,Franklin,143,18,7,1,5,13,90,7,2,Jonathan Miller,NA,D,1,0,0,1,0,,12.58741259,4.895104895,3.496503497,9.090909091,62.93706294,4.895104895
Franklin_2021 Q3,Franklin,140,5,14,0,2,33,82,4,0,Jonathan Miller,NA,D,1,0,0,1,0,,3.571428571,10,1.428571429,23.57142857,58.57142857,2.857142857
Franklin_2021 Q4,Franklin,127,8,9,0,0,24,76,8,2,Jonathan Miller,NA,D,1,0,0,1,0,,6.299212598,7.086614173,0,18.8976378,59.84251969,6.299212598
Franklin_2022 Q1,Franklin,149,8,14,0,3,17,96,11,0,Jonathan Miller,NA,D,1,0,0,1,0.5,,5.369127517,9.395973154,2.013422819,11.40939597,64.4295302,7.382550336
Franklin_2022 Q2,Franklin,116,9,19,2,3,19,58,6,0,Jonathan Miller,NA,D,1,0,0,1,0.5,,7.75862069,16.37931034,2.586206897,16.37931034,50,5.172413793
Franklin_2022 Q3,Franklin,85,7,5,1,3,11,53,5,0,Jonathan Miller,NA,D,1,0,0,1,1,,8.235294118,5.882352941,3.529411765,12.94117647,62.35294118,5.882352941
Franklin_2022 Q4,Franklin,106,5,7,2,3,24,62,3,0,Jonathan Miller,NA,D,1,0,0,1,1,,4.716981132,6.603773585,2.830188679,22.64150943,58.49056604,2.830188679
Fulton_2010 Q1,Fulton,220,17,29,9,8,6,119,31,1,,NA,,0,NA,0,NA,0,NEED TO CONTACT,7.727272727,13.18181818,3.636363636,2.727272727,54.09090909,14.09090909
Fulton_2010 Q2,Fulton,205,18,21,24,11,8,94,28,1,,NA,,0,NA,0,NA,0,,8.780487805,10.24390244,5.365853659,3.902439024,45.85365854,13.65853659
Fulton_2010 Q3,Fulton,248,18,28,16,17,11,119,39,0,,NA,,0,NA,0,NA,0,,7.258064516,11.29032258,6.85483871,4.435483871,47.98387097,15.72580645
Fulton_2010 Q4,Fulton,213,5,26,18,6,24,100,32,2,,NA,,0,NA,0,NA,0,,2.34741784,12.20657277,2.816901408,11.26760563,46.94835681,15.02347418
Fulton_2011 Q1,Fulton,242,8,34,21,13,12,125,28,1,,NA,,0,NA,0,NA,0,,3.305785124,14.04958678,5.371900826,4.958677686,51.65289256,11.57024793
Fulton_2011 Q2,Fulton,222,10,23,28,8,13,99,39,2,,NA,,0,NA,0,NA,0,,4.504504505,10.36036036,3.603603604,5.855855856,44.59459459,17.56756757
Fulton_2011 Q3,Fulton,241,7,32,26,10,13,126,27,0,,NA,,0,NA,0,NA,0,,2.904564315,13.2780083,4.149377593,5.394190871,52.28215768,11.2033195
Fulton_2011 Q4,Fulton,201,15,32,6,3,10,100,32,3,,NA,,0,NA,0,NA,0,,7.462686567,15.92039801,1.492537313,4.975124378,49.75124378,15.92039801
Fulton_2012 Q1,Fulton,215,12,39,15,10,15,96,27,1,,NA,,0,NA,0,NA,0,,5.581395349,18.13953488,4.651162791,6.976744186,44.65116279,12.55813953
Fulton_2012 Q2,Fulton,221,15,28,26,6,16,109,21,0,,NA,,0,NA,0,NA,0,,6.787330317,12.66968326,2.714932127,7.239819005,49.32126697,9.502262443
Fulton_2012 Q3,Fulton,209,15,23,24,12,9,107,18,1,,NA,,0,NA,0,NA,0,,7.177033493,11.00478469,5.741626794,4.306220096,51.19617225,8.612440191
Fulton_2012 Q4,Fulton,242,23,22,23,8,20,123,21,2,,NA,,0,NA,0,NA,0,,9.504132231,9.090909091,3.305785124,8.26446281,50.82644628,8.67768595
Fulton_2013 Q1,Fulton,208,17,27,16,10,13,101,24,0,,NA,,0,NA,0,NA,0,,8.173076923,12.98076923,4.807692308,6.25,48.55769231,11.53846154
Fulton_2013 Q2,Fulton,229,20,24,33,11,16,106,19,0,,NA,,0,NA,0,NA,0,,8.733624454,10.48034934,4.80349345,6.986899563,46.28820961,8.296943231
Fulton_2013 Q3,Fulton,207,15,19,35,12,10,97,19,0,,NA,,0,NA,0,NA,0,,7.246376812,9.178743961,5.797101449,4.830917874,46.85990338,9.178743961
Fulton_2013 Q4,Fulton,202,21,17,25,6,9,101,22,1,,NA,,0,NA,0,NA,0,,10.3960396,8.415841584,2.97029703,4.455445545,50,10.89108911
Fulton_2014 Q1,Fulton,212,16,33,29,9,12,77,35,1,,NA,,0,NA,0,NA,0,,7.547169811,15.56603774,4.245283019,5.660377358,36.32075472,16.50943396
Fulton_2014 Q2,Fulton,220,18,25,29,12,15,93,27,1,,NA,,0,NA,0,NA,0,,8.181818182,11.36363636,5.454545455,6.818181818,42.27272727,12.27272727
Fulton_2014 Q3,Fulton,266,24,24,44,9,14,126,25,0,,NA,,0,NA,0,NA,0,,9.022556391,9.022556391,3.383458647,5.263157895,47.36842105,9.398496241
Fulton_2014 Q4,Fulton,247,18,23,40,7,26,114,19,0,,NA,,0,NA,0,NA,0,,7.287449393,9.311740891,2.834008097,10.52631579,46.15384615,7.692307692
Fulton_2015 Q1,Fulton,237,9,26,35,8,19,111,28,1,,NA,,0,NA,0,NA,0,,3.797468354,10.97046414,3.375527426,8.016877637,46.83544304,11.81434599
Fulton_2015 Q2,Fulton,231,17,22,36,6,24,99,26,1,,NA,,0,NA,0,NA,0,,7.359307359,9.523809524,2.597402597,10.38961039,42.85714286,11.25541126
Fulton_2015 Q3,Fulton,200,12,14,32,13,14,88,26,1,,NA,,0,NA,0,NA,0,,6,7,6.5,7,44,13
Fulton_2015 Q4,Fulton,231,12,35,25,10,13,114,19,3,,NA,,0,NA,0,NA,0,,5.194805195,15.15151515,4.329004329,5.627705628,49.35064935,8.225108225
Fulton_2016 Q1,Fulton,192,16,29,13,11,21,89,13,0,,NA,,0,NA,0,0,0.5,,8.333333333,15.10416667,5.729166667,10.9375,46.35416667,6.770833333
Fulton_2016 Q2,Fulton,213,16,31,33,8,11,84,29,1,,NA,,0,NA,0,NA,0,,7.511737089,14.55399061,3.755868545,5.164319249,39.43661972,13.61502347
Fulton_2016 Q3,Fulton,227,18,21,27,7,16,104,30,4,,NA,,0,NA,0,NA,0,,7.929515419,9.251101322,3.083700441,7.04845815,45.81497797,13.21585903
Fulton_2016 Q4,Fulton,203,14,25,20,10,18,95,21,0,,NA,,0,NA,0,NA,0,,6.896551724,12.31527094,4.926108374,8.866995074,46.79802956,10.34482759
Fulton_2017 Q1,Fulton,210,13,28,17,9,22,96,25,0,,NA,,0,NA,0,NA,0,,6.19047619,13.33333333,4.285714286,10.47619048,45.71428571,11.9047619
Fulton_2017 Q2,Fulton,204,20,21,23,5,25,97,13,0,,NA,,0,NA,0,NA,0,,9.803921569,10.29411765,2.450980392,12.25490196,47.54901961,6.37254902
Fulton_2017 Q3,Fulton,228,21,34,27,4,21,93,27,1,,NA,,0,NA,0,NA,0,,9.210526316,14.9122807,1.754385965,9.210526316,40.78947368,11.84210526
Fulton_2017 Q4,Fulton,172,13,20,16,11,18,71,22,1,,NA,,0,NA,0,NA,0,,7.558139535,11.62790698,6.395348837,10.46511628,41.27906977,12.79069767
Fulton_2018 Q1,Fulton,223,17,42,12,12,26,70,42,2,,NA,,0,NA,0,NA,0,,7.623318386,18.83408072,5.381165919,11.65919283,31.39013453,18.83408072
Fulton_2018 Q2,Fulton,200,16,30,12,7,26,82,26,1,,NA,,0,NA,0,NA,0,,8,15,3.5,13,41,13
Fulton_2018 Q3,Fulton,241,22,31,18,16,33,86,33,2,,NA,,0,NA,0,NA,0,,9.128630705,12.86307054,6.639004149,13.69294606,35.6846473,13.69294606
Fulton_2018 Q4,Fulton,239,23,32,29,5,21,97,32,0,,NA,,0,NA,0,NA,0,,9.623430962,13.38912134,2.092050209,8.786610879,40.58577406,13.38912134
Fulton_2019 Q1,Fulton,226,19,30,30,9,19,84,35,0,,NA,,0,NA,0,NA,0,,8.407079646,13.27433628,3.982300885,8.407079646,37.16814159,15.48672566
Fulton_2019 Q2,Fulton,239,11,24,38,10,23,100,31,2,,NA,,0,NA,0,NA,0,,4.60251046,10.041841,4.184100418,9.623430962,41.84100418,12.9707113
Fulton_2019 Q3,Fulton,216,13,22,22,10,12,114,21,2,,NA,,0,NA,0,NA,0,,6.018518519,10.18518519,4.62962963,5.555555556,52.77777778,9.722222222
Fulton_2019 Q4,Fulton,172,16,15,18,3,18,84,17,1,,NA,,0,NA,0,NA,0,,9.302325581,8.720930233,1.744186047,10.46511628,48.8372093,9.88372093
Fulton_2020 Q1,Fulton,137,14,11,8,5,14,68,17,0,,NA,,NA,NA,NA,NA,0.5,,10.2189781,8.02919708,3.649635036,10.2189781,49.6350365,12.40875912
Fulton_2020 Q2,Fulton,25,1,6,2,2,6,8,0,0,,NA,,NA,NA,NA,NA,0.5,,4,24,8,24,32,0
Fulton_2020 Q3,Fulton,153,11,14,13,7,11,86,11,0,,NA,,NA,NA,NA,NA,1,,7.189542484,9.150326797,4.575163399,7.189542484,56.20915033,7.189542484
Fulton_2020 Q4,Fulton,129,6,15,4,4,18,75,4,3,,NA,,NA,NA,NA,NA,1,,4.651162791,11.62790698,3.100775194,13.95348837,58.13953488,3.100775194
Fulton_2021 Q1,Fulton,121,10,14,10,4,20,55,8,0,,NA,,NA,NA,NA,NA,0,,8.26446281,11.57024793,3.305785124,16.52892562,45.45454545,6.611570248
Fulton_2021 Q2,Fulton,153,9,14,15,5,11,86,13,0,,NA,,NA,NA,NA,NA,0,,5.882352941,9.150326797,3.267973856,7.189542484,56.20915033,8.496732026
Fulton_2021 Q3,Fulton,132,11,13,13,0,15,63,16,1,,NA,,NA,NA,NA,NA,0,,8.333333333,9.848484848,0,11.36363636,47.72727273,12.12121212
Fulton_2021 Q4,Fulton,179,8,26,20,0,21,90,14,0,,NA,,NA,NA,NA,NA,0,,4.469273743,14.52513966,0,11.73184358,50.27932961,7.82122905
Fulton_2022 Q1,Fulton,159,6,20,13,4,20,77,17,2,,NA,,NA,NA,NA,NA,0.5,,3.773584906,12.57861635,2.51572327,12.57861635,48.42767296,10.6918239
Fulton_2022 Q2,Fulton,128,10,9,9,5,18,64,12,1,,NA,,NA,NA,NA,NA,0.5,,7.8125,7.03125,3.90625,14.0625,50,9.375
Fulton_2022 Q3,Fulton,148,26,11,17,5,15,69,5,0,,NA,,NA,NA,NA,NA,1,,17.56756757,7.432432432,3.378378378,10.13513514,46.62162162,3.378378378
Fulton_2022 Q4,Fulton,134,19,18,14,2,26,50,5,0,,NA,,NA,NA,NA,NA,1,,14.17910448,13.43283582,1.492537313,19.40298507,37.31343284,3.731343284
Genesse_2010 Q1,Genesse,276,20,39,2,21,42,120,25,7,,NA,,NA,NA,NA,NA,0,,7.246376812,14.13043478,7.608695652,15.2173913,43.47826087,9.057971014
Genesse_2010 Q2,Genesse,246,18,31,3,20,25,113,26,10,,NA,,NA,NA,NA,NA,0,,7.317073171,12.60162602,8.130081301,10.16260163,45.93495935,10.56910569
Genesse_2010 Q3,Genesse,283,25,47,3,23,26,136,18,5,,NA,,NA,NA,NA,NA,0,,8.833922261,16.60777385,8.127208481,9.187279152,48.0565371,6.360424028
Genesse_2010 Q4,Genesse,246,21,34,6,16,42,101,22,4,,NA,,NA,NA,NA,NA,0,,8.536585366,13.82113821,6.504065041,17.07317073,41.05691057,8.943089431
Genesse_2011 Q1,Genesse,269,17,40,2,19,45,119,23,4,,NA,,NA,NA,NA,NA,0,,6.319702602,14.86988848,7.063197026,16.72862454,44.23791822,8.550185874
Genesse_2011 Q2,Genesse,239,9,36,4,17,45,97,23,8,,NA,,NA,NA,NA,NA,0,,3.765690377,15.06276151,7.112970711,18.82845188,40.58577406,9.623430962
Genesse_2011 Q3,Genesse,259,22,35,1,20,53,102,16,10,,NA,,NA,NA,NA,NA,0,,8.494208494,13.51351351,7.722007722,20.46332046,39.38223938,6.177606178
Genesse_2011 Q4,Genesse,242,22,48,9,11,31,95,22,4,,NA,,NA,NA,NA,NA,0,,9.090909091,19.83471074,4.545454545,12.80991736,39.25619835,9.090909091
Genesse_2012 Q1,Genesse,325,32,50,4,15,53,118,38,15,,NA,,NA,NA,NA,NA,0,,9.846153846,15.38461538,4.615384615,16.30769231,36.30769231,11.69230769
Genesse_2012 Q2,Genesse,278,29,51,9,17,34,98,31,9,,NA,,NA,NA,NA,NA,0,,10.43165468,18.34532374,6.115107914,12.23021583,35.25179856,11.15107914
Genesse_2012 Q3,Genesse,253,25,42,1,17,33,93,30,12,,NA,,NA,NA,NA,NA,0,,9.881422925,16.60079051,6.719367589,13.04347826,36.75889328,11.85770751
Genesse_2012 Q4,Genesse,277,20,49,9,16,26,109,37,11,,NA,,NA,NA,NA,NA,0,,7.220216606,17.68953069,5.776173285,9.386281588,39.35018051,13.35740072
Genesse_2013 Q1,Genesse,308,25,60,6,19,48,102,38,10,,NA,,NA,NA,NA,NA,0,,8.116883117,19.48051948,6.168831169,15.58441558,33.11688312,12.33766234
Genesse_2013 Q2,Genesse,282,22,46,3,16,54,100,31,10,,NA,,NA,NA,NA,NA,0,,7.80141844,16.31205674,5.673758865,19.14893617,35.46099291,10.9929078
Genesse_2013 Q3,Genesse,249,31,42,0,8,30,96,28,14,,NA,,NA,NA,NA,NA,0,,12.4497992,16.86746988,3.212851406,12.04819277,38.55421687,11.24497992
Genesse_2013 Q4,Genesse,279,18,56,6,17,33,104,34,11,,NA,,NA,NA,NA,NA,0,,6.451612903,20.07168459,6.093189964,11.82795699,37.27598566,12.18637993
Genesse_2014 Q1,Genesse,274,18,51,2,20,38,97,35,13,,NA,,NA,NA,NA,NA,0,,6.569343066,18.61313869,7.299270073,13.86861314,35.40145985,12.77372263
Genesse_2014 Q2,Genesse,244,18,49,2,16,45,75,32,7,,NA,,NA,NA,NA,NA,0,,7.37704918,20.08196721,6.557377049,18.44262295,30.73770492,13.1147541
Genesse_2014 Q3,Genesse,263,26,43,2,21,50,97,20,4,,NA,,NA,NA,NA,NA,0,,9.885931559,16.34980989,7.984790875,19.01140684,36.88212928,7.604562738
Genesse_2014 Q4,Genesse,214,14,34,4,14,33,87,24,4,,NA,,NA,NA,NA,NA,0,,6.542056075,15.88785047,6.542056075,15.42056075,40.65420561,11.21495327
Genesse_2015 Q1,Genesse,260,29,37,1,12,52,79,39,11,,NA,,NA,NA,NA,NA,0,,11.15384615,14.23076923,4.615384615,20,30.38461538,15
Genesse_2015 Q2,Genesse,243,17,50,0,11,37,104,22,2,,NA,,NA,NA,NA,NA,0,,6.995884774,20.57613169,4.526748971,15.22633745,42.79835391,9.053497942
Genesse_2015 Q3,Genesse,262,35,39,0,13,33,111,20,11,,NA,,NA,NA,NA,NA,0,,13.35877863,14.88549618,4.961832061,12.59541985,42.36641221,7.633587786
Genesse_2015 Q4,Genesse,278,21,41,6,13,48,121,22,6,,NA,,NA,NA,NA,NA,0,,7.553956835,14.74820144,4.676258993,17.26618705,43.52517986,7.913669065
Genesse_2016 Q1,Genesse,278,21,67,8,12,46,80,36,8,,NA,,NA,NA,NA,NA,0,,7.553956835,24.10071942,4.316546763,16.54676259,28.77697842,12.94964029
Genesse_2016 Q2,Genesse,254,18,46,6,14,38,91,26,15,,NA,,NA,NA,NA,NA,0,,7.086614173,18.11023622,5.511811024,14.96062992,35.82677165,10.23622047
Genesse_2016 Q3,Genesse,262,32,36,7,10,53,86,28,10,,NA,,NA,NA,NA,NA,0,,12.21374046,13.74045802,3.816793893,20.22900763,32.82442748,10.6870229
Genesse_2016 Q4,Genesse,229,13,41,3,9,46,85,23,9,,NA,,NA,NA,NA,NA,0,,5.676855895,17.90393013,3.930131004,20.08733624,37.11790393,10.04366812
Genesse_2017 Q1,Genesse,235,18,48,2,12,45,79,26,5,,NA,,NA,NA,NA,NA,0,,7.659574468,20.42553191,5.106382979,19.14893617,33.61702128,11.06382979
Genesse_2017 Q2,Genesse,235,19,40,5,13,57,63,34,4,,NA,,NA,NA,NA,NA,0,,8.085106383,17.0212766,5.531914894,24.25531915,26.80851064,14.46808511
Genesse_2017 Q3,Genesse,231,26,48,2,14,45,59,35,2,,NA,,NA,NA,NA,NA,0,,11.25541126,20.77922078,6.060606061,19.48051948,25.54112554,15.15151515
Genesse_2017 Q4,Genesse,230,24,38,3,11,42,62,45,5,,NA,,NA,NA,NA,NA,0,,10.43478261,16.52173913,4.782608696,18.26086957,26.95652174,19.56521739
Genesse_2018 Q1,Genesse,221,23,41,4,13,45,63,28,4,,NA,,NA,NA,NA,NA,0,,10.40723982,18.5520362,5.882352941,20.36199095,28.50678733,12.66968326
Genesse_2018 Q2,Genesse,271,27,43,4,15,52,92,30,8,,NA,,NA,NA,NA,NA,0,,9.963099631,15.86715867,5.535055351,19.18819188,33.94833948,11.0701107
Genesse_2018 Q3,Genesse,268,25,46,5,12,57,91,24,8,,NA,,NA,NA,NA,NA,0,,9.328358209,17.1641791,4.47761194,21.26865672,33.95522388,8.955223881
Genesse_2018 Q4,Genesse,233,16,53,0,15,51,77,17,4,,NA,,NA,NA,NA,NA,0,,6.86695279,22.74678112,6.43776824,21.88841202,33.0472103,7.296137339
Genesse_2019 Q1,Genesse,243,22,48,3,14,58,71,22,5,,NA,,NA,NA,NA,NA,0,,9.053497942,19.75308642,5.761316872,23.86831276,29.218107,9.053497942
Genesse_2019 Q2,Genesse,240,21,42,7,19,55,53,35,8,,NA,,NA,NA,NA,NA,0,,8.75,17.5,7.916666667,22.91666667,22.08333333,14.58333333
Genesse_2019 Q3,Genesse,223,25,52,4,15,44,48,29,6,,NA,,NA,NA,NA,NA,0,,11.21076233,23.31838565,6.726457399,19.7309417,21.52466368,13.0044843
Genesse_2019 Q4,Genesse,256,14,33,3,9,51,73,66,7,,NA,,NA,NA,NA,NA,0,,5.46875,12.890625,3.515625,19.921875,28.515625,25.78125
Genesse_2020 Q1,Genesse,173,18,24,2,10,41,56,18,4,,NA,,NA,NA,NA,NA,0,,10.40462428,13.87283237,5.780346821,23.69942197,32.3699422,10.40462428
Genesse_2020 Q2,Genesse,6,2,0,1,0,1,0,2,0,,NA,,NA,NA,NA,NA,0,,33.33333333,0,0,16.66666667,0,33.33333333
Genesse_2020 Q3,Genesse,134,13,11,3,3,35,37,30,2,,NA,,NA,NA,NA,NA,0,,9.701492537,8.208955224,2.23880597,26.11940299,27.6119403,22.3880597
Genesse_2020 Q4,Genesse,136,8,8,0,2,42,40,34,2,,NA,,NA,NA,NA,NA,0,,5.882352941,5.882352941,1.470588235,30.88235294,29.41176471,25
Genesse_2021 Q1,Genesse,98,14,18,1,1,30,17,14,3,,NA,,NA,NA,NA,NA,0,,14.28571429,18.36734694,1.020408163,30.6122449,17.34693878,14.28571429
Genesse_2021 Q2,Genesse,154,25,21,2,5,34,39,24,4,,NA,,NA,NA,NA,NA,0,,16.23376623,13.63636364,3.246753247,22.07792208,25.32467532,15.58441558
Genesse_2021 Q3,Genesse,211,23,25,1,4,40,68,47,3,,NA,,NA,NA,NA,NA,0,,10.90047393,11.84834123,1.895734597,18.95734597,32.22748815,22.27488152
Genesse_2021 Q4,Genesse,213,24,30,4,5,46,59,41,4,,NA,,NA,NA,NA,NA,0,,11.26760563,14.08450704,2.34741784,21.59624413,27.69953052,19.24882629
Genesse_2022 Q1,Genesse,217,27,35,3,2,61,46,41,2,,NA,,NA,NA,NA,NA,0,,12.44239631,16.12903226,0.921658986,28.11059908,21.19815668,18.89400922
Genesse_2022 Q2,Genesse,226,35,25,2,2,50,57,54,1,,NA,,NA,NA,NA,NA,0,,15.48672566,11.0619469,0.884955752,22.12389381,25.22123894,23.89380531
Genesse_2022 Q3,Genesse,227,35,32,1,3,53,38,60,5,,NA,,NA,NA,NA,NA,0,,15.4185022,14.0969163,1.321585903,23.34801762,16.74008811,26.43171806
Genesse_2022 Q4,Genesse,210,26,30,4,9,36,63,37,5,,NA,,NA,NA,NA,NA,0,,12.38095238,14.28571429,4.285714286,17.14285714,30,17.61904762
Greene_2010 Q1,Greene,298,15,42,1,8,26,184,20,2,Terry Wilhelm,0,R,1,1,0,0,0,,5.033557047,14.09395973,2.684563758,8.724832215,61.74496644,6.711409396
Greene_2010 Q2,Greene,268,9,19,5,7,34,183,10,1,Terry Wilhelm,0,R,1,1,0,0,0,,3.358208955,7.089552239,2.611940299,12.68656716,68.28358209,3.731343284
Greene_2010 Q3,Greene,300,9,43,4,11,33,188,11,1,Terry Wilhelm,0,R,1,1,0,0,0,,3,14.33333333,3.666666667,11,62.66666667,3.666666667
Greene_2010 Q4,Greene,221,9,27,3,11,28,130,11,2,Terry Wilhelm,0,R,1,1,0,0,0,,4.07239819,12.21719457,4.977375566,12.66968326,58.82352941,4.977375566
Greene_2011 Q1,Greene,276,9,31,5,9,40,173,5,4,Terry Wilhelm,0,R,1,1,0,0,0.5,,3.260869565,11.23188406,3.260869565,14.49275362,62.68115942,1.811594203
Greene_2011 Q2,Greene,274,22,23,10,10,38,161,7,3,Terry Wilhelm,0,R,1,1,0,0,0.5,,8.02919708,8.394160584,3.649635036,13.86861314,58.75912409,2.554744526
Greene_2011 Q3,Greene,228,10,23,3,5,26,150,9,2,Terry Wilhelm,0,R,1,1,0,0,1,,4.385964912,10.0877193,2.192982456,11.40350877,65.78947368,3.947368421
Greene_2011 Q4,Greene,272,15,27,7,18,33,156,13,3,Terry Wilhelm,0,R,1,1,0,0,1,,5.514705882,9.926470588,6.617647059,12.13235294,57.35294118,4.779411765
Greene_2012 Q1,Greene,250,13,18,3,8,41,152,14,1,Terry Wilhelm,0,R,0,NA,0,NA,0,,5.2,7.2,3.2,16.4,60.8,5.6
Greene_2012 Q2,Greene,233,7,27,7,11,30,133,15,3,Terry Wilhelm,0,R,0,NA,0,NA,0,,3.004291845,11.58798283,4.721030043,12.87553648,57.08154506,6.43776824
Greene_2012 Q3,Greene,206,8,29,5,10,26,120,7,1,Terry Wilhelm,0,R,0,NA,0,NA,0,,3.883495146,14.0776699,4.854368932,12.62135922,58.25242718,3.398058252
Greene_2012 Q4,Greene,192,15,19,6,9,28,111,4,0,Terry Wilhelm,0,R,0,NA,0,NA,0,,7.8125,9.895833333,4.6875,14.58333333,57.8125,2.083333333
Greene_2013 Q1,Greene,218,9,28,8,7,31,122,11,2,Terry Wilhelm,0,R,0,NA,0,NA,0,,4.128440367,12.8440367,3.211009174,14.22018349,55.96330275,5.04587156
Greene_2013 Q2,Greene,277,9,30,5,11,23,191,8,0,Terry Wilhelm,0,R,0,NA,0,NA,0,,3.249097473,10.83032491,3.971119134,8.303249097,68.95306859,2.888086643
Greene_2013 Q3,Greene,224,17,35,2,9,22,126,12,1,Terry Wilhelm,0,R,0,NA,0,NA,0,,7.589285714,15.625,4.017857143,9.821428571,56.25,5.357142857
Greene_2013 Q4,Greene,187,7,27,1,21,23,103,5,0,Terry Wilhelm,0,R,0,NA,0,NA,0,,3.743315508,14.43850267,11.22994652,12.29946524,55.0802139,2.673796791
Greene_2014 Q1,Greene,201,12,27,4,15,21,113,7,2,Terry Wilhelm,0,R,0,NA,0,1,0.5,,5.970149254,13.43283582,7.462686567,10.44776119,56.21890547,3.482587065
Greene_2014 Q2,Greene,253,11,19,8,8,32,165,8,2,Terry Wilhelm,0,R,0,NA,0,1,0.5,,4.347826087,7.509881423,3.162055336,12.64822134,65.2173913,3.162055336
Greene_2014 Q3,Greene,243,8,26,11,6,20,158,8,6,Terry Wilhelm,0,R,0,NA,0,1,1,,3.29218107,10.69958848,2.469135802,8.230452675,65.02057613,3.29218107
Greene_2014 Q4,Greene,241,7,30,1,6,23,164,8,2,Terry Wilhelm,0,R,0,NA,0,1,1,,2.904564315,12.44813278,2.489626556,9.543568465,68.04979253,3.319502075
Greene_2015 Q1,Greene,210,16,15,3,8,16,141,10,1,Josteph Stanzione,0,R,1,1,0,0,0,,7.619047619,7.142857143,3.80952381,7.619047619,67.14285714,4.761904762
Greene_2015 Q2,Greene,223,11,32,4,8,10,143,7,8,Josteph Stanzione,0,R,1,1,0,0,0,,4.932735426,14.34977578,3.587443946,4.484304933,64.12556054,3.139013453
Greene_2015 Q3,Greene,212,19,19,3,7,19,136,8,1,Josteph Stanzione,0,R,1,1,0,0,0,,8.962264151,8.962264151,3.301886792,8.962264151,64.1509434,3.773584906
Greene_2015 Q4,Greene,195,9,27,7,7,14,124,6,1,Josteph Stanzione,0,R,1,1,0,0,0,,4.615384615,13.84615385,3.58974359,7.179487179,63.58974359,3.076923077
Greene_2016 Q1,Greene,225,24,23,6,8,15,144,5,0,Josteph Stanzione,0,R,1,1,0,0,0,,10.66666667,10.22222222,3.555555556,6.666666667,64,2.222222222
Greene_2016 Q2,Greene,206,15,13,5,6,16,138,10,3,Josteph Stanzione,0,R,1,1,0,0,0,,7.281553398,6.310679612,2.912621359,7.766990291,66.99029126,4.854368932
Greene_2016 Q3,Greene,256,14,20,9,7,16,182,7,1,Josteph Stanzione,0,R,1,1,0,0,0,,5.46875,7.8125,2.734375,6.25,71.09375,2.734375
Greene_2016 Q4,Greene,218,8,11,14,11,9,152,10,3,Josteph Stanzione,0,R,1,1,0,0,0,,3.669724771,5.04587156,5.04587156,4.128440367,69.72477064,4.587155963
Greene_2017 Q1,Greene,179,23,10,14,6,8,109,6,3,Josteph Stanzione,0,R,1,1,0,0,0,,12.84916201,5.586592179,3.351955307,4.469273743,60.89385475,3.351955307
Greene_2017 Q2,Greene,217,8,8,9,2,17,161,10,2,Josteph Stanzione,0,R,1,1,0,0,0,,3.686635945,3.686635945,0.921658986,7.834101382,74.19354839,4.608294931
Greene_2017 Q3,Greene,219,12,12,9,4,19,148,12,3,Josteph Stanzione,0,R,1,1,0,0,0,,5.479452055,5.479452055,1.826484018,8.675799087,67.57990868,5.479452055
Greene_2017 Q4,Greene,231,18,8,8,3,16,170,7,1,Josteph Stanzione,0,R,1,1,0,0,0,,7.792207792,3.463203463,1.298701299,6.926406926,73.59307359,3.03030303
Greene_2018 Q1,Greene,248,15,18,6,10,17,168,11,3,Josteph Stanzione,0,R,1,1,0,0,0.5,,6.048387097,7.258064516,4.032258065,6.85483871,67.74193548,4.435483871
Greene_2018 Q2,Greene,224,24,13,9,5,13,155,4,1,Josteph Stanzione,0,R,1,1,0,0,0.5,,10.71428571,5.803571429,2.232142857,5.803571429,69.19642857,1.785714286
Greene_2018 Q3,Greene,244,10,15,16,8,13,176,4,2,Josteph Stanzione,0,R,1,1,0,0,1,,4.098360656,6.147540984,3.278688525,5.327868852,72.13114754,1.639344262
Greene_2018 Q4,Greene,267,19,11,9,3,21,197,3,4,Josteph Stanzione,0,R,1,1,0,0,1,,7.116104869,4.119850187,1.123595506,7.865168539,73.78277154,1.123595506
Greene_2019 Q1,Greene,211,11,3,8,4,20,163,2,0,Josteph Stanzione,0,R,1,1,0,0,0,,5.213270142,1.421800948,1.895734597,9.478672986,77.25118483,0.947867299
Greene_2019 Q2,Greene,192,12,6,5,2,23,134,5,5,Josteph Stanzione,0,R,1,1,0,0,0,,6.25,3.125,1.041666667,11.97916667,69.79166667,2.604166667
Greene_2019 Q3,Greene,202,22,9,2,3,18,143,4,1,Josteph Stanzione,0,R,1,1,0,0,0,,10.89108911,4.455445545,1.485148515,8.910891089,70.79207921,1.98019802
Greene_2019 Q4,Greene,207,10,9,3,2,14,154,12,3,Josteph Stanzione,0,R,1,1,0,0,0,,4.830917874,4.347826087,0.966183575,6.763285024,74.39613527,5.797101449
Greene_2020 Q1,Greene,161,13,3,1,4,14,117,5,4,Josteph Stanzione,0,R,1,1,0,0,0,,8.074534161,1.863354037,2.48447205,8.695652174,72.67080745,3.105590062
Greene_2020 Q2,Greene,4,0,0,0,0,0,3,1,0,Josteph Stanzione,0,R,1,1,0,0,0,,0,0,0,0,75,25
Greene_2020 Q3,Greene,193,9,9,2,1,12,154,5,1,Josteph Stanzione,0,R,1,1,0,0,0,,4.663212435,4.663212435,0.518134715,6.21761658,79.79274611,2.590673575
Greene_2020 Q4,Greene,126,5,11,1,2,11,90,6,0,Josteph Stanzione,0,R,1,1,0,0,0,,3.968253968,8.73015873,1.587301587,8.73015873,71.42857143,4.761904762
Greene_2021 Q1,Greene,100,8,4,2,2,10,70,2,2,Josteph Stanzione,0,R,1,1,0,0,0,,8,4,2,10,70,2
Greene_2021 Q2,Greene,243,10,12,1,5,19,186,5,5,Josteph Stanzione,0,R,1,1,0,0,0,,4.115226337,4.938271605,2.057613169,7.818930041,76.54320988,2.057613169
Greene_2021 Q3,Greene,202,10,8,4,4,11,157,5,3,Josteph Stanzione,0,R,1,1,0,0,0,,4.95049505,3.96039604,1.98019802,5.445544554,77.72277228,2.475247525
Greene_2021 Q4,Greene,157,11,4,2,5,13,118,3,1,Josteph Stanzione,0,R,1,1,0,0,0,,7.006369427,2.547770701,3.184713376,8.280254777,75.15923567,1.910828025
Greene_2022 Q1,Greene,153,16,4,1,4,15,111,1,1,Josteph Stanzione,0,R,1,1,0,0,0.5,,10.45751634,2.614379085,2.614379085,9.803921569,72.54901961,0.653594771
Greene_2022 Q2,Greene,185,20,9,0,2,12,139,3,0,Josteph Stanzione,0,R,1,1,0,0,0.5,,10.81081081,4.864864865,1.081081081,6.486486486,75.13513514,1.621621622
Greene_2022 Q3,Greene,174,13,4,0,0,13,137,5,2,Josteph Stanzione,0,R,1,1,0,0,1,,7.471264368,2.298850575,0,7.471264368,78.73563218,2.873563218
Greene_2022 Q4,Greene,174,8,15,0,3,12,131,4,1,Josteph Stanzione,0,R,1,1,0,0,1,,4.597701149,8.620689655,1.724137931,6.896551724,75.28735632,2.298850575
Hamilton_2010 Q1,Hamilton,11,0,0,0,1,0,10,0,0,,NA,,NA,NA,NA,NA,0,EMAILED,0,0,9.090909091,0,90.90909091,0
Hamilton_2010 Q2,Hamilton,16,0,1,0,0,3,10,1,1,,NA,,NA,NA,NA,NA,0,,0,6.25,0,18.75,62.5,6.25
Hamilton_2010 Q3,Hamilton,15,1,1,0,0,0,12,0,1,,NA,,NA,NA,NA,NA,0,,6.666666667,6.666666667,0,0,80,0
Hamilton_2010 Q4,Hamilton,15,0,0,0,0,1,12,1,1,,NA,,NA,NA,NA,NA,0,,0,0,0,6.666666667,80,6.666666667
Hamilton_2011 Q1,Hamilton,13,1,1,0,1,2,6,2,0,,NA,,NA,NA,NA,NA,0,,7.692307692,7.692307692,7.692307692,15.38461538,46.15384615,15.38461538
Hamilton_2011 Q2,Hamilton,17,1,1,0,1,2,11,0,1,,NA,,NA,NA,NA,NA,0,,5.882352941,5.882352941,5.882352941,11.76470588,64.70588235,0
Hamilton_2011 Q3,Hamilton,17,0,2,0,1,0,13,0,1,,NA,,NA,NA,NA,NA,0,,0,11.76470588,5.882352941,0,76.47058824,0
Hamilton_2011 Q4,Hamilton,20,0,1,0,1,3,14,1,0,,NA,,NA,NA,NA,NA,0,,0,5,5,15,70,5
Hamilton_2012 Q1,Hamilton,6,0,1,0,0,1,2,1,1,,NA,,NA,NA,NA,NA,0,,0,16.66666667,0,16.66666667,33.33333333,16.66666667
Hamilton_2012 Q2,Hamilton,18,4,5,0,0,3,4,1,1,,NA,,NA,NA,NA,NA,0,,22.22222222,27.77777778,0,16.66666667,22.22222222,5.555555556
Hamilton_2012 Q3,Hamilton,11,0,0,0,1,2,8,0,0,,NA,,NA,NA,NA,NA,0,,0,0,9.090909091,18.18181818,72.72727273,0
Hamilton_2012 Q4,Hamilton,17,0,0,0,3,2,12,0,0,,NA,,NA,NA,NA,NA,0,,0,0,17.64705882,11.76470588,70.58823529,0
Hamilton_2013 Q1,Hamilton,13,1,0,2,3,1,4,0,2,,NA,,NA,NA,NA,NA,0,,7.692307692,0,23.07692308,7.692307692,30.76923077,0
Hamilton_2013 Q2,Hamilton,26,2,1,3,4,2,11,2,1,,NA,,NA,NA,NA,NA,0,,7.692307692,3.846153846,15.38461538,7.692307692,42.30769231,7.692307692
Hamilton_2013 Q3,Hamilton,5,1,1,0,0,2,1,0,0,,NA,,NA,NA,NA,NA,0,,20,20,0,40,20,0
Hamilton_2013 Q4,Hamilton,16,2,4,0,2,1,6,0,1,,NA,,NA,NA,NA,NA,0,,12.5,25,12.5,6.25,37.5,0
Hamilton_2014 Q1,Hamilton,10,0,2,0,1,2,4,0,1,,NA,,NA,NA,NA,NA,0,,0,20,10,20,40,0
Hamilton_2014 Q2,Hamilton,9,0,1,0,0,1,7,0,0,,NA,,NA,NA,NA,NA,0,,0,11.11111111,0,11.11111111,77.77777778,0
Hamilton_2014 Q3,Hamilton,15,3,2,0,3,3,4,0,0,,NA,,NA,NA,NA,NA,0,,20,13.33333333,20,20,26.66666667,0
Hamilton_2014 Q4,Hamilton,10,1,1,0,1,2,5,0,0,,NA,,NA,NA,NA,NA,0,,10,10,10,20,50,0
Hamilton_2015 Q1,Hamilton,10,0,2,0,0,2,4,1,1,,NA,,NA,NA,NA,NA,0,,0,20,0,20,40,10
Hamilton_2015 Q2,Hamilton,17,0,0,0,1,3,12,1,0,,NA,,NA,NA,NA,NA,0,,0,0,5.882352941,17.64705882,70.58823529,5.882352941
Hamilton_2015 Q3,Hamilton,11,0,2,1,1,1,6,0,0,,NA,,NA,NA,NA,NA,0,,0,18.18181818,9.090909091,9.090909091,54.54545455,0
Hamilton_2015 Q4,Hamilton,6,0,0,0,0,1,4,0,1,,NA,,NA,NA,NA,NA,0,,0,0,0,16.66666667,66.66666667,0
Hamilton_2016 Q1,Hamilton,6,0,0,0,3,0,3,0,0,,NA,,NA,NA,NA,NA,0,,0,0,50,0,50,0
Hamilton_2016 Q2,Hamilton,5,1,1,1,0,0,2,0,0,,NA,,NA,NA,NA,NA,0,,20,20,0,0,40,0
Hamilton_2016 Q3,Hamilton,1,0,0,0,0,0,0,0,1,,NA,,NA,NA,NA,NA,0,,0,0,0,0,0,0
Hamilton_2016 Q4,Hamilton,4,0,0,0,0,1,3,0,0,,NA,,NA,NA,NA,NA,0,,0,0,0,25,75,0
Hamilton_2017 Q1,Hamilton,12,0,0,0,4,0,7,1,0,,NA,,NA,NA,NA,NA,0,,0,0,33.33333333,0,58.33333333,8.333333333
Hamilton_2017 Q2,Hamilton,10,1,0,0,0,2,5,2,0,,NA,,NA,NA,NA,NA,0,,10,0,0,20,50,20
Hamilton_2017 Q3,Hamilton,7,0,0,0,0,2,4,1,0,,NA,,NA,NA,NA,NA,0,,0,0,0,28.57142857,57.14285714,14.28571429
Hamilton_2017 Q4,Hamilton,7,0,0,0,1,3,3,0,0,,NA,,NA,NA,NA,NA,0,,0,0,14.28571429,42.85714286,42.85714286,0
Hamilton_2018 Q1,Hamilton,11,2,0,0,0,4,4,1,0,,NA,,NA,NA,NA,NA,0,,18.18181818,0,0,36.36363636,36.36363636,9.090909091
Hamilton_2018 Q2,Hamilton,11,0,2,0,2,3,3,1,0,,NA,,NA,NA,NA,NA,0,,0,18.18181818,18.18181818,27.27272727,27.27272727,9.090909091
Hamilton_2018 Q3,Hamilton,7,0,0,0,0,2,5,0,0,,NA,,NA,NA,NA,NA,0,,0,0,0,28.57142857,71.42857143,0
Hamilton_2018 Q4,Hamilton,1,0,0,0,0,0,1,0,0,,NA,,NA,NA,NA,NA,0,,0,0,0,0,100,0
Hamilton_2019 Q1,Hamilton,6,0,0,0,3,2,1,0,0,,NA,,NA,NA,NA,NA,0,,0,0,50,33.33333333,16.66666667,0
Hamilton_2019 Q2,Hamilton,8,3,0,0,1,1,3,0,0,,NA,,NA,NA,NA,NA,0,,37.5,0,12.5,12.5,37.5,0
Hamilton_2019 Q3,Hamilton,11,0,0,0,2,0,8,0,1,,NA,,NA,NA,NA,NA,0,,0,0,18.18181818,0,72.72727273,0
Hamilton_2019 Q4,Hamilton,6,0,0,0,0,0,6,0,0,,NA,,NA,NA,NA,NA,0,,0,0,0,0,100,0
Hamilton_2020 Q1,Hamilton,10,0,1,1,0,1,6,1,0,,NA,,NA,NA,NA,NA,0,,0,10,0,10,60,10
Hamilton_2020 Q2,Hamilton,2,1,0,0,0,0,1,0,0,,NA,,NA,NA,NA,NA,0,,50,0,0,0,50,0
Hamilton_2020 Q3,Hamilton,9,0,1,0,0,0,7,1,0,,NA,,NA,NA,NA,NA,0,,0,11.11111111,0,0,77.77777778,11.11111111
Hamilton_2020 Q4,Hamilton,4,0,0,0,0,1,3,0,0,,NA,,NA,NA,NA,NA,0,,0,0,0,25,75,0
Hamilton_2021 Q1,Hamilton,4,0,0,0,1,2,1,0,0,,NA,,NA,NA,NA,NA,0,,0,0,25,50,25,0
Hamilton_2021 Q2,Hamilton,11,0,0,0,0,1,10,0,0,,NA,,NA,NA,NA,NA,0,,0,0,0,9.090909091,90.90909091,0
Hamilton_2021 Q3,Hamilton,10,0,1,0,0,0,9,0,0,,NA,,NA,NA,NA,NA,0,,0,10,0,0,90,0
Hamilton_2021 Q4,Hamilton,9,1,1,0,0,2,5,0,0,,NA,,NA,NA,NA,NA,0,,11.11111111,11.11111111,0,22.22222222,55.55555556,0
Hamilton_2022 Q1,Hamilton,5,1,0,0,0,2,2,0,0,,NA,,NA,NA,NA,NA,0,,20,0,0,40,40,0
Hamilton_2022 Q2,Hamilton,5,0,0,0,0,1,3,0,1,,NA,,NA,NA,NA,NA,0,,0,0,0,20,60,0
Hamilton_2022 Q3,Hamilton,4,1,0,0,0,2,1,0,0,,NA,,NA,NA,NA,NA,0,,25,0,0,50,25,0
Hamilton_2022 Q4,Hamilton,3,1,0,0,0,0,2,0,0,,NA,,NA,NA,NA,NA,0,,33.33333333,0,0,0,66.66666667,0
Herkimer_2010 Q1,Herkimer,234,12,14,6,2,22,152,24,2,,NA,,NA,NA,NA,NA,0,NEED TO MESSAGE,5.128205128,5.982905983,0.854700855,9.401709402,64.95726496,10.25641026
Herkimer_2010 Q2,Herkimer,226,10,14,3,5,26,152,11,5,,NA,,NA,NA,NA,NA,0,,4.424778761,6.194690265,2.212389381,11.50442478,67.25663717,4.867256637
Herkimer_2010 Q3,Herkimer,201,9,18,4,3,14,130,17,6,,NA,,NA,NA,NA,NA,0,,4.47761194,8.955223881,1.492537313,6.965174129,64.67661692,8.457711443
Herkimer_2010 Q4,Herkimer,192,11,10,5,2,11,138,12,3,,NA,,NA,NA,NA,NA,0,,5.729166667,5.208333333,1.041666667,5.729166667,71.875,6.25
Herkimer_2011 Q1,Herkimer,263,28,11,3,0,19,169,27,6,,NA,,NA,NA,NA,NA,0,,10.64638783,4.182509506,0,7.224334601,64.25855513,10.2661597
Herkimer_2011 Q2,Herkimer,262,17,9,5,3,30,178,13,7,,NA,,NA,NA,NA,NA,0,,6.488549618,3.435114504,1.145038168,11.45038168,67.9389313,4.961832061
Herkimer_2011 Q3,Herkimer,238,8,26,3,4,30,140,22,5,,NA,,NA,NA,NA,NA,0,,3.361344538,10.92436975,1.680672269,12.60504202,58.82352941,9.243697479
Herkimer_2011 Q4,Herkimer,262,9,21,4,3,46,151,23,5,,NA,,NA,NA,NA,NA,0,,3.435114504,8.015267176,1.145038168,17.55725191,57.63358779,8.778625954
Herkimer_2012 Q1,Herkimer,180,10,12,4,3,20,110,20,1,,NA,,NA,NA,NA,NA,0,,5.555555556,6.666666667,1.666666667,11.11111111,61.11111111,11.11111111
Herkimer_2012 Q2,Herkimer,213,15,19,5,2,26,116,24,6,,NA,,NA,NA,NA,NA,0,,7.042253521,8.920187793,0.938967136,12.20657277,54.4600939,11.26760563
Herkimer_2012 Q3,Herkimer,228,14,21,3,5,25,135,19,6,,NA,,NA,NA,NA,NA,0,,6.140350877,9.210526316,2.192982456,10.96491228,59.21052632,8.333333333
Herkimer_2012 Q4,Herkimer,211,10,18,8,4,12,132,24,3,,NA,,NA,NA,NA,NA,0,,4.739336493,8.530805687,1.895734597,5.687203791,62.55924171,11.37440758
Herkimer_2013 Q1,Herkimer,258,17,14,11,2,40,128,37,9,,NA,,NA,NA,NA,NA,0,,6.589147287,5.426356589,0.775193798,15.50387597,49.6124031,14.34108527
Herkimer_2013 Q2,Herkimer,239,23,15,3,5,19,138,29,7,,NA,,NA,NA,NA,NA,0,,9.623430962,6.276150628,2.092050209,7.949790795,57.74058577,12.13389121
Herkimer_2013 Q3,Herkimer,233,26,26,3,3,32,109,33,1,,NA,,NA,NA,NA,NA,0,,11.15879828,11.15879828,1.287553648,13.73390558,46.78111588,14.16309013
Herkimer_2013 Q4,Herkimer,221,21,14,9,4,22,122,24,5,,NA,,NA,NA,NA,NA,0,,9.502262443,6.334841629,1.809954751,9.954751131,55.20361991,10.85972851
Herkimer_2014 Q1,Herkimer,243,16,14,1,7,27,147,23,8,,NA,,NA,NA,NA,NA,0,,6.58436214,5.761316872,2.880658436,11.11111111,60.49382716,9.465020576
Herkimer_2014 Q2,Herkimer,206,16,12,4,0,30,115,25,4,,NA,,NA,NA,NA,NA,0,,7.766990291,5.825242718,0,14.5631068,55.82524272,12.13592233
Herkimer_2014 Q3,Herkimer,214,27,25,7,5,24,104,15,7,,NA,,NA,NA,NA,NA,0,,12.61682243,11.68224299,2.336448598,11.21495327,48.59813084,7.009345794
Herkimer_2014 Q4,Herkimer,189,14,26,3,5,19,101,16,5,,NA,,NA,NA,NA,NA,0,,7.407407407,13.75661376,2.645502646,10.05291005,53.43915344,8.465608466
Herkimer_2015 Q1,Herkimer,217,11,24,2,0,15,144,19,2,,NA,,NA,NA,NA,NA,0,,5.069124424,11.05990783,0,6.912442396,66.359447,8.755760369
Herkimer_2015 Q2,Herkimer,213,22,20,2,4,32,101,28,4,,NA,,NA,NA,NA,NA,0,,10.3286385,9.389671362,1.877934272,15.02347418,47.41784038,13.14553991
Herkimer_2015 Q3,Herkimer,188,12,20,6,4,19,108,16,3,,NA,,NA,NA,NA,NA,0,,6.382978723,10.63829787,2.127659574,10.10638298,57.44680851,8.510638298
Herkimer_2015 Q4,Herkimer,179,11,33,0,8,15,94,15,3,,NA,,NA,NA,NA,NA,0,,6.145251397,18.43575419,4.469273743,8.379888268,52.51396648,8.379888268
Herkimer_2016 Q1,Herkimer,205,15,22,3,5,21,118,18,3,,NA,,NA,NA,NA,NA,0,,7.317073171,10.73170732,2.43902439,10.24390244,57.56097561,8.780487805
Herkimer_2016 Q2,Herkimer,196,11,25,8,6,23,91,30,2,,NA,,NA,NA,NA,NA,0,,5.612244898,12.75510204,3.06122449,11.73469388,46.42857143,15.30612245
Herkimer_2016 Q3,Herkimer,154,6,16,4,5,13,78,24,8,,NA,,NA,NA,NA,NA,0,,3.896103896,10.38961039,3.246753247,8.441558442,50.64935065,15.58441558
Herkimer_2016 Q4,Herkimer,159,8,13,4,8,18,84,19,5,,NA,,NA,NA,NA,NA,0,,5.031446541,8.176100629,5.031446541,11.32075472,52.83018868,11.94968553
Herkimer_2017 Q1,Herkimer,202,14,21,12,6,23,102,21,3,,NA,,NA,NA,NA,NA,0,,6.930693069,10.3960396,2.97029703,11.38613861,50.4950495,10.3960396
Herkimer_2017 Q2,Herkimer,191,16,17,6,6,19,109,7,11,,NA,,NA,NA,NA,NA,0,,8.376963351,8.90052356,3.141361257,9.947643979,57.06806283,3.664921466
Herkimer_2017 Q3,Herkimer,186,11,15,2,3,17,111,15,12,,NA,,NA,NA,NA,NA,0,,5.913978495,8.064516129,1.612903226,9.139784946,59.67741935,8.064516129
Herkimer_2017 Q4,Herkimer,202,15,19,6,6,21,104,16,15,,NA,,NA,NA,NA,NA,0,,7.425742574,9.405940594,2.97029703,10.3960396,51.48514851,7.920792079
Herkimer_2018 Q1,Herkimer,194,12,20,4,1,25,96,27,9,,NA,,NA,NA,NA,NA,0,,6.18556701,10.30927835,0.515463918,12.88659794,49.48453608,13.91752577
Herkimer_2018 Q2,Herkimer,200,3,17,7,2,19,118,25,9,,NA,,NA,NA,NA,NA,0,,1.5,8.5,1,9.5,59,12.5
Herkimer_2018 Q3,Herkimer,173,10,17,1,2,25,87,23,8,,NA,,NA,NA,NA,NA,0,,5.780346821,9.826589595,1.156069364,14.45086705,50.28901734,13.29479769
Herkimer_2018 Q4,Herkimer,101,7,8,4,0,11,67,2,2,,NA,,NA,NA,NA,NA,0,,6.930693069,7.920792079,0,10.89108911,66.33663366,1.98019802
Herkimer_2019 Q1,Herkimer,134,10,10,1,1,16,86,8,2,,NA,,NA,NA,NA,NA,0,,7.462686567,7.462686567,0.746268657,11.94029851,64.17910448,5.970149254
Herkimer_2019 Q2,Herkimer,150,5,7,1,1,20,99,11,6,,NA,,NA,NA,NA,NA,0,,3.333333333,4.666666667,0.666666667,13.33333333,66,7.333333333
Herkimer_2019 Q3,Herkimer,133,9,10,2,2,22,75,12,1,,NA,,NA,NA,NA,NA,0,,6.766917293,7.518796992,1.503759398,16.54135338,56.39097744,9.022556391
Herkimer_2019 Q4,Herkimer,151,15,10,0,1,29,74,18,4,,NA,,NA,NA,NA,NA,0,,9.933774834,6.622516556,0.662251656,19.20529801,49.00662252,11.9205298
Herkimer_2020 Q1,Herkimer,136,6,4,1,3,17,87,12,6,,NA,,NA,NA,NA,NA,0,,4.411764706,2.941176471,2.205882353,12.5,63.97058824,8.823529412
Herkimer_2020 Q2,Herkimer,6,1,1,0,0,2,1,1,0,,NA,,NA,NA,NA,NA,0,,16.66666667,16.66666667,0,33.33333333,16.66666667,16.66666667
Herkimer_2020 Q3,Herkimer,89,9,2,2,1,12,53,8,2,,NA,,NA,NA,NA,NA,0,,10.11235955,2.247191011,1.123595506,13.48314607,59.5505618,8.988764045
Herkimer_2020 Q4,Herkimer,87,7,3,5,2,12,53,3,2,,NA,,NA,NA,NA,NA,0,,8.045977011,3.448275862,2.298850575,13.79310345,60.91954023,3.448275862
Herkimer_2021 Q1,Herkimer,55,4,4,0,0,10,34,2,1,,NA,,NA,NA,NA,NA,0,,7.272727273,7.272727273,0,18.18181818,61.81818182,3.636363636
Herkimer_2021 Q2,Herkimer,146,11,12,3,3,11,95,9,2,,NA,,NA,NA,NA,NA,0,,7.534246575,8.219178082,2.054794521,7.534246575,65.06849315,6.164383562
Herkimer_2021 Q3,Herkimer,151,14,6,1,0,13,106,10,1,,NA,,NA,NA,NA,NA,0,,9.271523179,3.973509934,0,8.609271523,70.1986755,6.622516556
Herkimer_2021 Q4,Herkimer,109,7,5,2,1,16,73,4,1,,NA,,NA,NA,NA,NA,0,,6.422018349,4.587155963,0.917431193,14.67889908,66.97247706,3.669724771
Herkimer_2022 Q1,Herkimer,141,9,13,5,2,15,80,16,1,,NA,,NA,NA,NA,NA,0,,6.382978723,9.219858156,1.418439716,10.63829787,56.73758865,11.34751773
Herkimer_2022 Q2,Herkimer,139,13,12,2,6,17,76,7,6,,NA,,NA,NA,NA,NA,0,,9.352517986,8.633093525,4.316546763,12.23021583,54.67625899,5.035971223
Herkimer_2022 Q3,Herkimer,132,5,14,1,1,21,74,12,4,,NA,,NA,NA,NA,NA,0,,3.787878788,10.60606061,0.757575758,15.90909091,56.06060606,9.090909091
Herkimer_2022 Q4,Herkimer,132,3,14,5,0,11,94,4,1,,NA,,NA,NA,NA,NA,0,,2.272727273,10.60606061,0,8.333333333,71.21212121,3.03030303
Jefferson_2010 Q1,Jefferson,579,31,48,22,33,97,211,128,9,Cindy Intschert ,0,R,1,1,0,0,0,,5.354058722,8.29015544,5.699481865,16.75302245,36.44214162,22.10708117
Jefferson_2010 Q2,Jefferson,482,26,35,23,35,91,186,81,5,Cindy Intschert ,0,R,1,1,0,0,0,,5.394190871,7.261410788,7.261410788,18.87966805,38.58921162,16.80497925
Jefferson_2010 Q3,Jefferson,478,27,36,32,20,73,187,97,6,Cindy Intschert ,0,R,1,1,0,0,0,,5.648535565,7.531380753,4.184100418,15.27196653,39.12133891,20.29288703
Jefferson_2010 Q4,Jefferson,503,35,33,31,28,96,161,113,6,Cindy Intschert ,0,R,1,1,0,0,0,,6.958250497,6.560636183,5.566600398,19.08548708,32.00795229,22.46520875
Jefferson_2011 Q1,Jefferson,483,20,31,30,28,58,203,105,8,Cindy Intschert ,0,R,1,1,0,0,0.5,,4.140786749,6.418219462,5.797101449,12.00828157,42.02898551,21.73913043
Jefferson_2011 Q2,Jefferson,601,41,47,27,45,68,229,131,13,Cindy Intschert ,0,R,1,1,0,0,0.5,,6.821963394,7.820299501,7.487520799,11.31447587,38.1031614,21.79700499
Jefferson_2011 Q3,Jefferson,488,20,50,24,27,72,171,119,5,Cindy Intschert ,0,R,1,1,0,0,1,,4.098360656,10.24590164,5.532786885,14.75409836,35.04098361,24.3852459
Jefferson_2011 Q4,Jefferson,520,15,24,16,27,71,208,140,19,Cindy Intschert ,0,R,1,1,0,0,1,,2.884615385,4.615384615,5.192307692,13.65384615,40,26.92307692
Jefferson_2012 Q1,Jefferson,658,21,38,49,35,71,366,74,4,Cindy Intschert ,0,R,0,NA,0,NA,0,,3.191489362,5.775075988,5.319148936,10.79027356,55.6231003,11.24620061
Jefferson_2012 Q2,Jefferson,582,41,42,37,37,72,247,101,5,Cindy Intschert ,0,R,0,NA,0,NA,0,,7.04467354,7.216494845,6.357388316,12.37113402,42.43986254,17.35395189
Jefferson_2012 Q3,Jefferson,549,43,40,53,23,55,249,83,3,Cindy Intschert ,0,R,0,NA,0,NA,0,,7.832422587,7.285974499,4.189435337,10.01821494,45.35519126,15.11839709
Jefferson_2012 Q4,Jefferson,508,27,23,45,33,59,231,90,0,Cindy Intschert ,0,R,0,NA,0,NA,0,,5.31496063,4.527559055,6.496062992,11.61417323,45.47244094,17.71653543
Jefferson_2013 Q1,Jefferson,545,34,30,45,28,81,224,101,2,Cindy Intschert ,0,R,0,NA,0,NA,0,,6.23853211,5.504587156,5.137614679,14.86238532,41.10091743,18.53211009
Jefferson_2013 Q2,Jefferson,551,47,55,53,39,62,205,89,1,Cindy Intschert ,0,R,0,NA,0,NA,0,,8.529945554,9.98185118,7.078039927,11.2522686,37.20508167,16.15245009
Jefferson_2013 Q3,Jefferson,480,20,33,46,27,58,198,96,2,Cindy Intschert ,0,R,0,NA,0,NA,0,,4.166666667,6.875,5.625,12.08333333,41.25,20
Jefferson_2013 Q4,Jefferson,455,31,21,37,29,60,187,88,2,Cindy Intschert ,0,R,0,NA,0,NA,0,,6.813186813,4.615384615,6.373626374,13.18681319,41.0989011,19.34065934
Jefferson_2014 Q1,Jefferson,484,27,45,32,28,63,172,114,3,Cindy Intschert ,0,R,0,NA,0,NA,0,,5.578512397,9.297520661,5.785123967,13.01652893,35.53719008,23.55371901
Jefferson_2014 Q2,Jefferson,471,30,25,33,36,71,180,94,2,Cindy Intschert ,0,R,0,NA,0,NA,0,,6.369426752,5.307855626,7.643312102,15.07430998,38.21656051,19.95753715
Jefferson_2014 Q3,Jefferson,438,26,40,25,34,62,153,97,1,Cindy Intschert ,0,R,0,NA,0,NA,0,,5.936073059,9.132420091,7.762557078,14.15525114,34.93150685,22.14611872
Jefferson_2014 Q4,Jefferson,478,39,40,32,23,85,151,106,2,Cindy Intschert ,0,R,0,NA,0,NA,0,,8.158995816,8.368200837,4.811715481,17.78242678,31.58995816,22.17573222
Jefferson_2015 Q1,Jefferson,480,25,40,41,28,51,166,127,2,Cindy Intschert ,0,R,0,NA,0,1,0.5,,5.208333333,8.333333333,5.833333333,10.625,34.58333333,26.45833333
Jefferson_2015 Q2,Jefferson,493,46,27,37,26,68,172,112,5,Cindy Intschert ,0,R,0,NA,0,1,0.5,,9.330628803,5.476673428,5.273833671,13.79310345,34.88843813,22.71805274
Jefferson_2015 Q3,Jefferson,522,27,32,53,22,67,199,119,3,Cindy Intschert ,0,R,0,NA,0,1,1,,5.172413793,6.130268199,4.214559387,12.83524904,38.12260536,22.79693487
Jefferson_2015 Q4,Jefferson,473,34,40,37,33,59,172,95,3,Cindy Intschert ,0,R,0,NA,0,1,1,,7.188160677,8.456659619,6.976744186,12.47357294,36.36363636,20.0845666
Jefferson_2016 Q1,Jefferson,461,36,31,35,32,71,145,107,4,Kristyna Mills,0,R,1,1,0,0,0,,7.809110629,6.724511931,6.94143167,15.40130152,31.45336226,23.21041215
Jefferson_2016 Q2,Jefferson,454,18,32,42,37,52,186,84,3,Kristyna Mills,0,R,1,1,0,0,0,,3.964757709,7.04845815,8.149779736,11.45374449,40.969163,18.50220264
Jefferson_2016 Q3,Jefferson,424,40,35,47,20,56,159,66,1,Kristyna Mills,0,R,1,1,0,0,0,,9.433962264,8.254716981,4.716981132,13.20754717,37.5,15.56603774
Jefferson_2016 Q4,Jefferson,452,42,26,27,34,51,174,96,2,Kristyna Mills,0,R,1,1,0,0,0,,9.292035398,5.752212389,7.522123894,11.28318584,38.49557522,21.23893805
Jefferson_2017 Q1,Jefferson,455,30,28,40,26,40,191,99,1,Kristyna Mills,0,R,1,1,0,0,0,,6.593406593,6.153846154,5.714285714,8.791208791,41.97802198,21.75824176
Jefferson_2017 Q2,Jefferson,484,31,34,30,33,59,202,92,3,Kristyna Mills,0,R,1,1,0,0,0,,6.404958678,7.024793388,6.818181818,12.19008264,41.73553719,19.00826446
Jefferson_2017 Q3,Jefferson,440,30,29,41,24,52,180,82,2,Kristyna Mills,0,R,1,1,0,0,0,,6.818181818,6.590909091,5.454545455,11.81818182,40.90909091,18.63636364
Jefferson_2017 Q4,Jefferson,379,22,25,28,25,48,168,61,2,Kristyna Mills,0,R,1,1,0,0,0,,5.80474934,6.596306069,6.596306069,12.66490765,44.32717678,16.09498681
Jefferson_2018 Q1,Jefferson,465,27,26,42,35,61,198,73,3,Kristyna Mills,0,R,1,1,0,0,0,,5.806451613,5.591397849,7.52688172,13.11827957,42.58064516,15.69892473
Jefferson_2018 Q2,Jefferson,405,17,29,28,39,40,180,70,2,Kristyna Mills,0,R,1,1,0,0,0,,4.197530864,7.160493827,9.62962963,9.87654321,44.44444444,17.28395062
Jefferson_2018 Q3,Jefferson,369,29,17,26,18,47,168,64,0,Kristyna Mills,0,R,1,1,0,0,0,,7.859078591,4.60704607,4.87804878,12.73712737,45.52845528,17.34417344
Jefferson_2018 Q4,Jefferson,404,45,18,18,27,64,164,66,2,Kristyna Mills,0,R,1,1,0,0,0,,11.13861386,4.455445545,6.683168317,15.84158416,40.59405941,16.33663366
Jefferson_2019 Q1,Jefferson,400,29,17,33,21,49,162,88,1,Kristyna Mills,0,R,1,1,0,0,0.5,,7.25,4.25,5.25,12.25,40.5,22
Jefferson_2019 Q2,Jefferson,333,25,20,22,29,47,133,54,3,Kristyna Mills,0,R,1,1,0,0,0.5,,7.507507508,6.006006006,8.708708709,14.11411411,39.93993994,16.21621622
Jefferson_2019 Q3,Jefferson,304,13,20,29,21,29,128,63,1,Kristyna Mills,0,R,1,1,0,0,1,,4.276315789,6.578947368,6.907894737,9.539473684,42.10526316,20.72368421
Jefferson_2019 Q4,Jefferson,355,25,24,29,18,38,146,73,2,Kristyna Mills,0,R,1,1,0,0,1,,7.042253521,6.76056338,5.070422535,10.70422535,41.12676056,20.56338028
Jefferson_2020 Q1,Jefferson,288,14,18,13,8,29,155,49,2,Kristyna Mills,0,R,0,NA,0,NA,0,,4.861111111,6.25,2.777777778,10.06944444,53.81944444,17.01388889
Jefferson_2020 Q2,Jefferson,39,0,6,7,6,11,6,3,0,Kristyna Mills,0,R,0,NA,0,NA,0,,0,15.38461538,15.38461538,28.20512821,15.38461538,7.692307692
Jefferson_2020 Q3,Jefferson,299,16,9,14,15,22,152,68,3,Kristyna Mills,0,R,0,NA,0,NA,0,,5.351170569,3.010033445,5.016722408,7.357859532,50.8361204,22.74247492
Jefferson_2020 Q4,Jefferson,260,11,10,25,2,23,119,66,4,Kristyna Mills,0,R,0,NA,0,NA,0,,4.230769231,3.846153846,0.769230769,8.846153846,45.76923077,25.38461538
Jefferson_2021 Q1,Jefferson,253,12,8,24,5,21,100,80,3,Kristyna Mills,0,R,0,NA,0,NA,0,,4.743083004,3.162055336,1.976284585,8.300395257,39.5256917,31.62055336
Jefferson_2021 Q2,Jefferson,352,23,22,22,22,40,155,67,1,Kristyna Mills,0,R,0,NA,0,NA,0,,6.534090909,6.25,6.25,11.36363636,44.03409091,19.03409091
Jefferson_2021 Q3,Jefferson,373,31,16,24,26,51,161,62,2,Kristyna Mills,0,R,0,NA,0,NA,0,,8.310991957,4.289544236,6.970509383,13.67292225,43.16353887,16.62198391
Jefferson_2021 Q4,Jefferson,383,41,16,16,27,60,149,74,0,Kristyna Mills,0,R,0,NA,0,NA,0,,10.70496084,4.177545692,7.049608355,15.66579634,38.90339426,19.32114883
Jefferson_2022 Q1,Jefferson,346,48,18,21,19,44,129,67,0,Kristyna Mills,0,R,0,NA,0,NA,0,,13.87283237,5.202312139,5.49132948,12.71676301,37.28323699,19.36416185
Jefferson_2022 Q2,Jefferson,351,45,35,24,19,45,120,63,0,Kristyna Mills,0,R,0,NA,0,NA,0,,12.82051282,9.971509972,5.413105413,12.82051282,34.18803419,17.94871795
Jefferson_2022 Q3,Jefferson,288,26,17,27,15,28,116,58,1,Kristyna Mills,0,R,0,NA,0,NA,0,,9.027777778,5.902777778,5.208333333,9.722222222,40.27777778,20.13888889
Jefferson_2022 Q4,Jefferson,332,41,33,18,15,45,97,83,0,Kristyna Mills,0,R,0,NA,0,NA,0,,12.34939759,9.939759036,4.518072289,13.55421687,29.21686747,25
Kings_2010 Q1,Kings,11175,386,2485,3220,83,202,909,3882,8,Charles Hynes,1,D,1,0,1,1,0,,3.454138702,22.23713647,0.742729306,1.807606264,8.134228188,34.73825503
Kings_2010 Q2,Kings,10519,377,2202,3153,77,199,869,3623,19,Charles Hynes,1,D,1,0,1,1,0,,3.583990874,20.93354882,0.732008746,1.891814811,8.261241563,34.44243749
Kings_2010 Q3,Kings,9689,338,2254,2937,65,208,701,3176,10,Charles Hynes,1,D,1,0,1,1,0,,3.488492104,23.26349468,0.670863866,2.146764372,7.235008773,32.7794406
Kings_2010 Q4,Kings,9600,360,2180,2789,54,185,686,3331,15,Charles Hynes,1,D,1,0,1,1,0,,3.75,22.70833333,0.5625,1.927083333,7.145833333,34.69791667
Kings_2011 Q1,Kings,10218,358,2045,3401,67,156,816,3352,23,Charles Hynes,1,D,1,0,1,1,0,,3.503621061,20.01370131,0.655705618,1.526717557,7.985907223,32.80485418
Kings_2011 Q2,Kings,10483,375,2179,3799,63,192,778,3088,9,Charles Hynes,1,D,1,0,1,1,0,,3.577220261,20.78603453,0.600973004,1.831536774,7.421539636,29.45721645
Kings_2011 Q3,Kings,8921,321,1924,3467,46,147,591,2411,14,Charles Hynes,1,D,1,0,1,1,0,,3.598251317,21.56708889,0.51563726,1.647797332,6.624817846,27.02611815
Kings_2011 Q4,Kings,8983,353,1882,3363,37,150,627,2558,13,Charles Hynes,1,D,1,0,1,1,0,,3.929644885,20.95068463,0.411889124,1.669820773,6.979850829,28.47601024
Kings_2012 Q1,Kings,10277,378,2258,3777,49,164,753,2869,29,Charles Hynes,1,D,1,0,1,1,0,,3.678116182,21.97139243,0.476792838,1.595796439,7.327040965,27.91670721
Kings_2012 Q2,Kings,10781,387,2113,4183,33,176,778,3078,33,Charles Hynes,1,D,1,0,1,1,0,,3.589648456,19.59929506,0.306094054,1.632501623,7.216399221,28.55022725
Kings_2012 Q3,Kings,9445,298,2106,3652,39,132,634,2550,34,Charles Hynes,1,D,1,0,1,1,0,,3.155108523,22.29751191,0.412916887,1.397564849,6.712546321,26.99841186
Kings_2012 Q4,Kings,8666,286,1763,3249,35,134,724,2440,35,Charles Hynes,1,D,1,0,1,1,0,,3.300253866,20.34387261,0.403877221,1.54627279,8.354488807,28.156012
Kings_2013 Q1,Kings,9879,368,1845,3686,46,133,881,2903,17,Charles Hynes,1,D,1,0,1,1,0.5,,3.725073388,18.67597935,0.465634173,1.34629011,8.917906671,29.38556534
Kings_2013 Q2,Kings,11013,377,1909,3961,76,181,977,3490,42,Charles Hynes,1,D,1,0,1,1,0.5,,3.423227095,17.33405975,0.690093526,1.643512213,8.871333878,31.68982112
Kings_2013 Q3,Kings,9347,277,1884,3421,47,154,804,2713,47,Charles Hynes,1,D,1,0,1,1,1,,2.963517706,20.15619985,0.502835134,1.647587461,8.601690382,29.02535573
Kings_2013 Q4,Kings,9226,265,1710,3196,61,146,883,2931,34,Charles Hynes,1,D,1,0,1,1,1,,2.872317364,18.5345762,0.66117494,1.582484284,9.570778235,31.76891394
Kings_2014 Q1,Kings,9290,298,1738,3110,59,162,925,2941,57,Kenneth Thompson,1,D,1,1,1,1,0,,3.207750269,18.70828848,0.635091496,1.743810549,9.956942949,31.65769645
Kings_2014 Q2,Kings,9556,343,1572,3257,67,201,967,3122,27,Kenneth Thompson,1,D,1,1,1,1,0,,3.589367936,16.45039766,0.70113018,2.10339054,10.11929678,32.67057346
Kings_2014 Q3,Kings,8568,239,1669,3031,39,137,848,2571,34,Kenneth Thompson,1,D,1,1,1,1,0,,2.789449113,19.47945845,0.455182073,1.598972923,9.89729225,30.0070028
Kings_2014 Q4,Kings,7836,203,1241,2836,39,120,862,2511,24,Kenneth Thompson,1,D,1,1,1,1,0,,2.590607453,15.83716182,0.49770291,1.531393568,11.00051046,32.04441041
Kings_2015 Q1,Kings,7900,230,1301,2996,38,123,892,2295,25,Kenneth Thompson,1,D,1,1,1,1,0,,2.911392405,16.46835443,0.481012658,1.556962025,11.29113924,29.05063291
Kings_2015 Q2,Kings,7729,262,1239,3001,44,142,878,2126,37,Kenneth Thompson,1,D,1,1,1,1,0,,3.389830508,16.03053435,0.569284513,1.837236382,11.35981369,27.5067926
Kings_2015 Q3,Kings,6806,260,1066,2330,47,108,698,2265,32,Kenneth Thompson,1,D,1,1,1,1,0,,3.820158684,15.6626506,0.690567147,1.586835145,10.25565677,33.2794593
Kings_2015 Q4,Kings,6838,241,1040,2187,35,147,721,2425,42,Kenneth Thompson,1,D,1,1,1,1,0,,3.524422346,15.20912548,0.511845569,2.149751389,10.54401872,35.46358584
Kings_2016 Q1,Kings,7380,347,1213,2071,54,151,789,2724,31,Kenneth Thompson,1,D,1,1,1,1,0,,4.701897019,16.43631436,0.731707317,2.046070461,10.69105691,36.91056911
Kings_2016 Q2,Kings,7444,329,1105,2205,43,157,730,2840,35,Kenneth Thompson,1,D,1,1,1,1,0,,4.419666846,14.8441698,0.577646427,2.109081139,9.806555615,38.15153143
Kings_2016 Q3,Kings,6916,282,1197,1930,51,141,681,2618,16,Kenneth Thompson,1,D,1,1,1,1,0,,4.077501446,17.30769231,0.737420474,2.038750723,9.846732215,37.85425101
Kings_2016 Q4,Kings,6797,285,1088,1831,48,175,712,2634,24,Kenneth Thompson,1,D,1,1,1,1,0,Thompson died,4.193026335,16.00706194,0.706193909,2.574665294,10.47520965,38.75239076
Kings_2017 Q1,Kings,7846,349,1171,2077,77,186,914,3035,37,Eric Gonzalez,1,D,1,1,1,1,0.5,,4.448126434,14.92480245,0.981391792,2.370634718,11.64924802,38.68213102
Kings_2017 Q2,Kings,7360,336,1078,2129,66,202,793,2746,10,Eric Gonzalez,1,D,1,1,1,1,0.5,,4.565217391,14.64673913,0.89673913,2.744565217,10.77445652,37.30978261
Kings_2017 Q3,Kings,6261,264,951,2186,40,185,640,1981,14,Eric Gonzalez,1,D,1,1,1,1,1,,4.216578821,15.18926689,0.638875579,2.954799553,10.22200926,31.64031305
Kings_2017 Q4,Kings,6398,271,942,2012,31,156,725,2248,13,Eric Gonzalez,1,D,1,1,1,1,1,,4.235698656,14.72335105,0.484526415,2.438261957,11.33166615,35.13597999
Kings_2018 Q1,Kings,6393,267,752,2038,36,152,892,2251,5,Eric Gonzalez,1,D,1,1,0,0,0,,4.176442985,11.76286563,0.563115908,2.377600501,13.95276083,35.21038636
Kings_2018 Q2,Kings,6013,272,692,1774,28,173,848,2212,14,Eric Gonzalez,1,D,1,1,0,0,0,,4.523532347,11.50839847,0.465657742,2.877099617,14.10277732,36.78696158
Kings_2018 Q3,Kings,4835,203,585,1461,34,129,668,1749,6,Eric Gonzalez,1,D,1,1,0,0,0,,4.198552223,12.09927611,0.703205791,2.668045502,13.81592554,36.1737332
Kings_2018 Q4,Kings,4841,220,587,1436,20,119,734,1717,8,Eric Gonzalez,1,D,1,1,0,0,0,,4.544515596,12.12559389,0.413137781,2.4581698,15.16215658,35.46787854
Kings_2019 Q1,Kings,4608,196,450,1402,33,141,811,1565,10,Eric Gonzalez,1,D,1,1,0,0,0,,4.253472222,9.765625,0.716145833,3.059895833,17.59982639,33.96267361
Kings_2019 Q2,Kings,4407,231,473,1262,42,115,769,1503,12,Eric Gonzalez,1,D,1,1,0,0,0,,5.241660994,10.73292489,0.953029272,2.60948491,17.44951214,34.10483322
Kings_2019 Q3,Kings,3700,197,384,1096,21,115,615,1264,8,Eric Gonzalez,1,D,1,1,0,0,0,,5.324324324,10.37837838,0.567567568,3.108108108,16.62162162,34.16216216
Kings_2019 Q4,Kings,3534,197,286,1108,33,101,577,1225,7,Eric Gonzalez,1,D,1,1,0,0,0,,5.574419921,8.092812677,0.933786078,2.85795133,16.32710809,34.66327108
Kings_2020 Q1,Kings,2448,134,203,779,14,96,438,784,0,Eric Gonzalez,1,D,1,1,0,0,0,,5.473856209,8.29248366,0.571895425,3.921568627,17.89215686,32.02614379
Kings_2020 Q2,Kings,231,9,31,51,1,5,27,107,0,Eric Gonzalez,1,D,1,1,0,0,0,,3.896103896,13.41991342,0.432900433,2.164502165,11.68831169,46.32034632
Kings_2020 Q3,Kings,602,41,73,94,7,31,93,260,3,Eric Gonzalez,1,D,1,1,0,0,0,,6.810631229,12.12624585,1.162790698,5.149501661,15.44850498,43.18936877
Kings_2020 Q4,Kings,1068,55,83,257,4,57,210,399,3,Eric Gonzalez,1,D,1,1,0,0,0,,5.149812734,7.771535581,0.374531835,5.337078652,19.66292135,37.35955056
Kings_2021 Q1,Kings,1607,50,67,514,10,39,302,613,12,Eric Gonzalez,1,D,1,1,0,0,0.5,,3.111387679,4.16925949,0.622277536,2.42688239,18.79278158,38.14561294
Kings_2021 Q2,Kings,1402,94,75,334,14,59,201,618,7,Eric Gonzalez,1,D,1,1,0,0,0.5,,6.704707561,5.349500713,0.998573466,4.208273894,14.33666191,44.07988588
Kings_2021 Q3,Kings,1358,115,78,342,14,66,202,536,5,Eric Gonzalez,1,D,1,1,0,0,1,,8.468335788,5.743740795,1.030927835,4.860088365,14.87481591,39.46980854
Kings_2021 Q4,Kings,1739,147,76,406,7,96,311,691,5,Eric Gonzalez,1,D,1,1,0,0,1,,8.453133985,4.370327775,0.40253019,5.520414031,17.88384129,39.73548016
Kings_2022 Q1,Kings,1783,185,108,417,25,100,294,649,5,Eric Gonzalez,1,D,NA,NA,NA,NA,0,,10.37577117,6.057206955,1.402131239,5.608524958,16.48906338,36.39932698
Kings_2022 Q2,Kings,2147,239,155,546,22,153,380,642,10,Eric Gonzalez,1,D,NA,NA,NA,NA,0,,11.13181183,7.219375873,1.024685608,7.126222636,17.69911504,29.9021891
Kings_2022 Q3,Kings,1871,251,180,514,31,127,261,502,5,Eric Gonzalez,1,D,NA,NA,NA,NA,0,,13.41528594,9.620523784,1.656867985,6.787814003,13.94975949,26.83057189
Kings_2022 Q4,Kings,1882,216,151,595,15,97,241,560,7,Eric Gonzalez,1,D,NA,NA,NA,NA,0,,11.47715197,8.023379384,0.797024442,5.154091392,12.80552604,29.75557917
Lewis_2010 Q1,,76,3,3,0,3,15,41,8,3,,NA,,NA,NA,NA,NA,0,Emailed,3.947368421,3.947368421,3.947368421,19.73684211,53.94736842,10.52631579
Lewis_2010 Q2,Lewis,70,5,7,0,2,4,44,7,1,,NA,,NA,NA,NA,NA,0,,7.142857143,10,2.857142857,5.714285714,62.85714286,10
Lewis_2010 Q3,Lewis,61,3,4,2,3,10,36,2,1,,NA,,NA,NA,NA,NA,0,,4.918032787,6.557377049,4.918032787,16.39344262,59.01639344,3.278688525
Lewis_2010 Q4,Lewis,59,3,10,1,1,18,15,9,2,,NA,,NA,NA,NA,NA,0,,5.084745763,16.94915254,1.694915254,30.50847458,25.42372881,15.25423729
Lewis_2011 Q1,Lewis,48,1,1,0,2,8,30,6,0,,NA,,NA,NA,NA,NA,0,,2.083333333,2.083333333,4.166666667,16.66666667,62.5,12.5
Lewis_2011 Q2,Lewis,78,4,3,1,5,14,40,9,2,,NA,,NA,NA,NA,NA,0,,5.128205128,3.846153846,6.41025641,17.94871795,51.28205128,11.53846154
Lewis_2011 Q3,Lewis,79,10,4,1,5,12,36,9,2,,NA,,NA,NA,NA,NA,0,,12.65822785,5.063291139,6.329113924,15.18987342,45.56962025,11.39240506
Lewis_2011 Q4,Lewis,54,3,5,0,5,8,27,5,1,,NA,,NA,NA,NA,NA,0,,5.555555556,9.259259259,9.259259259,14.81481481,50,9.259259259
Lewis_2012 Q1,Lewis,76,12,7,1,8,12,25,7,4,,NA,,NA,NA,NA,NA,0,,15.78947368,9.210526316,10.52631579,15.78947368,32.89473684,9.210526316
Lewis_2012 Q2,Lewis,48,5,5,0,3,8,23,3,1,,NA,,NA,NA,NA,NA,0,,10.41666667,10.41666667,6.25,16.66666667,47.91666667,6.25
Lewis_2012 Q3,Lewis,76,6,4,0,9,11,32,12,2,,NA,,NA,NA,NA,NA,0,,7.894736842,5.263157895,11.84210526,14.47368421,42.10526316,15.78947368
Lewis_2012 Q4,Lewis,83,10,8,0,4,7,40,12,2,,NA,,NA,NA,NA,NA,0,,12.04819277,9.638554217,4.819277108,8.43373494,48.19277108,14.45783133
Lewis_2013 Q1,Lewis,75,2,9,1,1,13,38,7,4,,NA,,NA,NA,NA,NA,0,,2.666666667,12,1.333333333,17.33333333,50.66666667,9.333333333
Lewis_2013 Q2,Lewis,51,3,5,0,2,7,27,7,0,,NA,,NA,NA,NA,NA,0,,5.882352941,9.803921569,3.921568627,13.7254902,52.94117647,13.7254902
Lewis_2013 Q3,Lewis,83,14,18,2,2,5,33,8,1,,NA,,NA,NA,NA,NA,0,,16.86746988,21.68674699,2.409638554,6.024096386,39.75903614,9.638554217
Lewis_2013 Q4,Lewis,53,7,7,0,0,10,21,7,1,,NA,,NA,NA,NA,NA,0,,13.20754717,13.20754717,0,18.86792453,39.62264151,13.20754717
Lewis_2014 Q1,Lewis,65,10,10,0,3,12,20,9,1,,NA,,NA,NA,NA,NA,0,,15.38461538,15.38461538,4.615384615,18.46153846,30.76923077,13.84615385
Lewis_2014 Q2,Lewis,55,7,2,0,3,10,22,8,3,,NA,,NA,NA,NA,NA,0,,12.72727273,3.636363636,5.454545455,18.18181818,40,14.54545455
Lewis_2014 Q3,Lewis,53,2,5,4,5,5,14,12,6,,NA,,NA,NA,NA,NA,0,,3.773584906,9.433962264,9.433962264,9.433962264,26.41509434,22.64150943
Lewis_2014 Q4,Lewis,48,3,8,3,2,3,20,7,2,,NA,,NA,NA,NA,NA,0,,6.25,16.66666667,4.166666667,6.25,41.66666667,14.58333333
Lewis_2015 Q1,Lewis,66,4,2,0,4,12,25,15,4,,NA,,NA,NA,NA,NA,0,,6.060606061,3.03030303,6.060606061,18.18181818,37.87878788,22.72727273
Lewis_2015 Q2,Lewis,64,11,6,0,3,10,21,11,2,,NA,,NA,NA,NA,NA,0,,17.1875,9.375,4.6875,15.625,32.8125,17.1875
Lewis_2015 Q3,Lewis,34,3,4,2,2,4,10,8,1,,NA,,NA,NA,NA,NA,0,,8.823529412,11.76470588,5.882352941,11.76470588,29.41176471,23.52941176
Lewis_2015 Q4,Lewis,46,3,6,1,1,8,17,7,3,,NA,,NA,NA,NA,NA,0,,6.52173913,13.04347826,2.173913043,17.39130435,36.95652174,15.2173913
Lewis_2016 Q1,Lewis,50,4,9,0,3,8,21,3,2,,NA,,NA,NA,NA,NA,0,,8,18,6,16,42,6
Lewis_2016 Q2,Lewis,70,11,4,1,5,11,24,14,0,,NA,,NA,NA,NA,NA,0,,15.71428571,5.714285714,7.142857143,15.71428571,34.28571429,20
Lewis_2016 Q3,Lewis,48,1,5,0,3,10,18,11,0,,NA,,NA,NA,NA,NA,0,,2.083333333,10.41666667,6.25,20.83333333,37.5,22.91666667
Lewis_2016 Q4,Lewis,56,8,3,0,6,8,22,5,4,,NA,,NA,NA,NA,NA,0,,14.28571429,5.357142857,10.71428571,14.28571429,39.28571429,8.928571429
Lewis_2017 Q1,Lewis,43,4,2,1,9,10,14,1,2,,NA,,NA,NA,NA,NA,0,,9.302325581,4.651162791,20.93023256,23.25581395,32.55813953,2.325581395
Lewis_2017 Q2,Lewis,61,4,5,0,3,9,31,7,2,,NA,,NA,NA,NA,NA,0,,6.557377049,8.196721311,4.918032787,14.75409836,50.81967213,11.47540984
Lewis_2017 Q3,Lewis,68,17,5,2,3,11,19,8,3,,NA,,NA,NA,NA,NA,0,,25,7.352941176,4.411764706,16.17647059,27.94117647,11.76470588
Lewis_2017 Q4,Lewis,45,11,3,0,0,10,10,10,1,,NA,,NA,NA,NA,NA,0,,24.44444444,6.666666667,0,22.22222222,22.22222222,22.22222222
Lewis_2018 Q1,Lewis,60,5,6,0,3,9,29,5,3,,NA,,NA,NA,NA,NA,0,,8.333333333,10,5,15,48.33333333,8.333333333
Lewis_2018 Q2,Lewis,58,8,4,0,3,17,15,8,3,,NA,,NA,NA,NA,NA,0,,13.79310345,6.896551724,5.172413793,29.31034483,25.86206897,13.79310345
Lewis_2018 Q3,Lewis,46,5,2,1,2,13,15,7,1,,NA,,NA,NA,NA,NA,0,,10.86956522,4.347826087,4.347826087,28.26086957,32.60869565,15.2173913
Lewis_2018 Q4,Lewis,52,10,3,0,5,15,16,2,1,,NA,,NA,NA,NA,NA,0,,19.23076923,5.769230769,9.615384615,28.84615385,30.76923077,3.846153846
Lewis_2019 Q1,Lewis,45,5,1,1,4,4,25,5,0,,NA,,NA,NA,NA,NA,0,,11.11111111,2.222222222,8.888888889,8.888888889,55.55555556,11.11111111
Lewis_2019 Q2,Lewis,41,6,6,1,1,3,20,4,0,,NA,,NA,NA,NA,NA,0,,14.63414634,14.63414634,2.43902439,7.317073171,48.7804878,9.756097561
Lewis_2019 Q3,Lewis,66,3,5,2,3,12,24,14,3,,NA,,NA,NA,NA,NA,0,,4.545454545,7.575757576,4.545454545,18.18181818,36.36363636,21.21212121
Lewis_2019 Q4,Lewis,83,10,6,2,2,15,35,12,1,,NA,,NA,NA,NA,NA,0,,12.04819277,7.228915663,2.409638554,18.07228916,42.1686747,14.45783133
Lewis_2020 Q1,Lewis,44,8,1,0,3,9,18,5,0,,NA,,NA,NA,NA,NA,0,,18.18181818,2.272727273,6.818181818,20.45454545,40.90909091,11.36363636
Lewis_2020 Q2,Lewis,8,0,0,0,1,2,2,3,0,,NA,,NA,NA,NA,NA,0,,0,0,12.5,25,25,37.5
Lewis_2020 Q3,Lewis,44,10,1,0,1,10,15,6,1,,NA,,NA,NA,NA,NA,0,,22.72727273,2.272727273,2.272727273,22.72727273,34.09090909,13.63636364
Lewis_2020 Q4,Lewis,25,2,2,1,0,6,10,4,0,,NA,,NA,NA,NA,NA,0,,8,8,0,24,40,16
Lewis_2021 Q1,Lewis,39,3,4,0,1,12,12,7,0,,NA,,NA,NA,NA,NA,0,,7.692307692,10.25641026,2.564102564,30.76923077,30.76923077,17.94871795
Lewis_2021 Q2,Lewis,52,8,1,0,0,15,27,1,0,,NA,,NA,NA,NA,NA,0,,15.38461538,1.923076923,0,28.84615385,51.92307692,1.923076923
Lewis_2021 Q3,Lewis,41,4,4,0,0,20,12,1,0,,NA,,NA,NA,NA,NA,0,,9.756097561,9.756097561,0,48.7804878,29.26829268,2.43902439
Lewis_2021 Q4,Lewis,38,5,3,0,0,9,18,2,1,,NA,,NA,NA,NA,NA,0,,13.15789474,7.894736842,0,23.68421053,47.36842105,5.263157895
Lewis_2022 Q1,Lewis,35,4,8,0,0,4,17,2,0,,NA,,NA,NA,NA,NA,0,,11.42857143,22.85714286,0,11.42857143,48.57142857,5.714285714
Lewis_2022 Q2,Lewis,37,1,5,0,0,8,20,3,0,,NA,,NA,NA,NA,NA,0,,2.702702703,13.51351351,0,21.62162162,54.05405405,8.108108108
Lewis_2022 Q3,Lewis,35,5,3,1,0,9,16,1,0,,NA,,NA,NA,NA,NA,0,,14.28571429,8.571428571,0,25.71428571,45.71428571,2.857142857
Lewis_2022 Q4,Lewis,45,11,5,0,3,7,17,1,1,,NA,,NA,NA,NA,NA,0,,24.44444444,11.11111111,6.666666667,15.55555556,37.77777778,2.222222222
Livingston_2010 Q1,Livingston,219,14,25,6,31,18,101,21,3,Thomas Moran,0,R,1,1,0,1,0,,6.392694064,11.41552511,14.15525114,8.219178082,46.11872146,9.589041096
Livingston_2010 Q2,Livingston,234,27,31,5,32,16,108,14,1,Thomas Moran,0,R,1,1,0,1,0,,11.53846154,13.24786325,13.67521368,6.837606838,46.15384615,5.982905983
Livingston_2010 Q3,Livingston,218,18,23,1,30,16,113,17,0,Thomas Moran,0,R,1,1,0,1,0,,8.256880734,10.55045872,13.76146789,7.339449541,51.83486239,7.798165138
Livingston_2010 Q4,Livingston,185,20,31,4,18,7,85,18,2,Thomas Moran,0,R,1,1,0,1,0,,10.81081081,16.75675676,9.72972973,3.783783784,45.94594595,9.72972973
Livingston_2011 Q1,Livingston,200,21,22,2,36,14,94,10,1,Thomas Moran,0,R,1,1,0,1,0,,10.5,11,18,7,47,5
Livingston_2011 Q2,Livingston,193,11,27,2,17,20,95,16,5,Thomas Moran,0,R,1,1,0,1,0,,5.699481865,13.98963731,8.808290155,10.3626943,49.22279793,8.29015544
Livingston_2011 Q3,Livingston,201,12,31,3,23,12,90,26,4,Thomas Moran,0,R,1,1,0,1,0,,5.970149254,15.42288557,11.44278607,5.970149254,44.7761194,12.93532338
Livingston_2011 Q4,Livingston,219,12,33,1,24,14,113,20,2,Thomas Moran,0,R,1,1,0,1,0,,5.479452055,15.06849315,10.95890411,6.392694064,51.59817352,9.132420091
Livingston_2012 Q1,Livingston,224,19,42,2,29,14,96,19,3,Gregory McCaffrey,0,D,1,1,0,1,0.5,Moran stepped down to run for judge,8.482142857,18.75,12.94642857,6.25,42.85714286,8.482142857
Livingston_2012 Q2,Livingston,206,19,32,0,25,16,102,12,0,Gregory McCaffrey,0,D,1,1,0,1,0.5,,9.223300971,15.53398058,12.13592233,7.766990291,49.51456311,5.825242718
Livingston_2012 Q3,Livingston,198,8,37,0,24,18,95,14,2,Gregory McCaffrey,0,D,1,1,0,1,1,,4.04040404,18.68686869,12.12121212,9.090909091,47.97979798,7.070707071
Livingston_2012 Q4,Livingston,222,15,20,2,29,18,119,17,2,Gregory McCaffrey,0,D,1,1,0,1,1,,6.756756757,9.009009009,13.06306306,8.108108108,53.6036036,7.657657658
Livingston_2013 Q1,Livingston,235,22,35,3,29,21,107,16,2,Gregory McCaffrey,0,D,1,1,0,1,0,,9.361702128,14.89361702,12.34042553,8.936170213,45.53191489,6.808510638
Livingston_2013 Q2,Livingston,192,16,27,1,20,12,100,14,2,Gregory McCaffrey,0,D,1,1,0,1,0,,8.333333333,14.0625,10.41666667,6.25,52.08333333,7.291666667
Livingston_2013 Q3,Livingston,194,18,24,1,27,16,98,7,3,Gregory McCaffrey,0,D,1,1,0,1,0,,9.278350515,12.37113402,13.91752577,8.24742268,50.51546392,3.608247423
Livingston_2013 Q4,Livingston,166,20,19,3,13,21,81,5,4,Gregory McCaffrey,0,D,1,1,0,1,0,,12.04819277,11.44578313,7.831325301,12.65060241,48.79518072,3.012048193
Livingston_2014 Q1,Livingston,217,21,46,0,22,23,86,16,3,Gregory McCaffrey,0,D,1,1,0,1,0,,9.677419355,21.19815668,10.13824885,10.59907834,39.63133641,7.373271889
Livingston_2014 Q2,Livingston,213,20,19,3,24,24,99,21,3,Gregory McCaffrey,0,D,1,1,0,1,0,,9.389671362,8.920187793,11.26760563,11.26760563,46.47887324,9.85915493
Livingston_2014 Q3,Livingston,216,19,29,3,28,29,89,13,6,Gregory McCaffrey,0,D,1,1,0,1,0,,8.796296296,13.42592593,12.96296296,13.42592593,41.2037037,6.018518519
Livingston_2014 Q4,Livingston,212,12,41,4,24,20,97,13,1,Gregory McCaffrey,0,D,1,1,0,1,0,,5.660377358,19.33962264,11.32075472,9.433962264,45.75471698,6.132075472
Livingston_2015 Q1,Livingston,257,21,35,10,42,26,100,20,3,Gregory McCaffrey,0,D,1,1,0,1,0,,8.171206226,13.61867704,16.34241245,10.11673152,38.91050584,7.782101167
Livingston_2015 Q2,Livingston,216,18,22,5,30,25,95,18,3,Gregory McCaffrey,0,D,1,1,0,1,0,,8.333333333,10.18518519,13.88888889,11.57407407,43.98148148,8.333333333
Livingston_2015 Q3,Livingston,196,37,35,2,19,21,68,11,3,Gregory McCaffrey,0,D,1,1,0,1,0,,18.87755102,17.85714286,9.693877551,10.71428571,34.69387755,5.612244898
Livingston_2015 Q4,Livingston,182,19,21,2,16,17,86,18,3,Gregory McCaffrey,0,D,1,1,0,1,0,,10.43956044,11.53846154,8.791208791,9.340659341,47.25274725,9.89010989
Livingston_2016 Q1,Livingston,236,26,30,0,27,28,104,18,3,Gregory McCaffrey,0,D,1,1,0,1,0.5,,11.01694915,12.71186441,11.44067797,11.86440678,44.06779661,7.627118644
Livingston_2016 Q2,Livingston,217,33,31,3,20,20,95,13,2,Gregory McCaffrey,0,D,1,1,0,1,0.5,,15.20737327,14.28571429,9.216589862,9.216589862,43.77880184,5.99078341
Livingston_2016 Q3,Livingston,207,14,36,5,24,21,93,12,2,Gregory McCaffrey,0,D,1,1,0,1,1,,6.763285024,17.39130435,11.5942029,10.14492754,44.92753623,5.797101449
Livingston_2016 Q4,Livingston,212,19,35,4,25,17,99,12,1,Gregory McCaffrey,0,D,1,1,0,1,1,,8.962264151,16.50943396,11.79245283,8.018867925,46.69811321,5.660377358
Livingston_2017 Q1,Livingston,260,23,43,5,32,26,107,22,2,Gregory McCaffrey,0,D,1,1,0,0,0,,8.846153846,16.53846154,12.30769231,10,41.15384615,8.461538462
Livingston_2017 Q2,Livingston,283,19,47,5,29,20,144,16,3,Gregory McCaffrey,0,D,1,1,0,0,0,,6.713780919,16.60777385,10.24734982,7.067137809,50.88339223,5.653710247
Livingston_2017 Q3,Livingston,237,13,36,2,21,29,116,19,1,Gregory McCaffrey,0,D,1,1,0,0,0,,5.485232068,15.18987342,8.860759494,12.23628692,48.94514768,8.016877637
Livingston_2017 Q4,Livingston,231,8,34,5,21,27,115,19,2,Gregory McCaffrey,0,D,1,1,0,0,0,,3.463203463,14.71861472,9.090909091,11.68831169,49.78354978,8.225108225
Livingston_2018 Q1,Livingston,236,18,39,5,19,24,106,22,3,Gregory McCaffrey,0,D,1,1,0,0,0,,7.627118644,16.52542373,8.050847458,10.16949153,44.91525424,9.322033898
Livingston_2018 Q2,Livingston,220,14,37,1,19,17,109,18,5,Gregory McCaffrey,0,D,1,1,0,0,0,,6.363636364,16.81818182,8.636363636,7.727272727,49.54545455,8.181818182
Livingston_2018 Q3,Livingston,219,9,37,5,27,21,102,18,0,Gregory McCaffrey,0,D,1,1,0,0,0,,4.109589041,16.89497717,12.32876712,9.589041096,46.57534247,8.219178082
Livingston_2018 Q4,Livingston,196,26,36,0,32,11,74,16,1,Gregory McCaffrey,0,D,1,1,0,0,0,,13.26530612,18.36734694,16.32653061,5.612244898,37.75510204,8.163265306
Livingston_2019 Q1,Livingston,189,22,40,1,20,19,75,9,3,Gregory McCaffrey,0,D,1,1,0,0,0,,11.64021164,21.16402116,10.58201058,10.05291005,39.68253968,4.761904762
Livingston_2019 Q2,Livingston,192,17,25,3,15,26,96,9,1,Gregory McCaffrey,0,D,1,1,0,0,0,,8.854166667,13.02083333,7.8125,13.54166667,50,4.6875
Livingston_2019 Q3,Livingston,153,12,29,6,14,16,63,12,1,Gregory McCaffrey,0,D,1,1,0,0,0,,7.843137255,18.95424837,9.150326797,10.45751634,41.17647059,7.843137255
Livingston_2019 Q4,Livingston,234,16,29,5,31,28,114,11,0,Gregory McCaffrey,0,D,1,1,0,0,0,,6.837606838,12.39316239,13.24786325,11.96581197,48.71794872,4.700854701
Livingston_2020 Q1,Livingston,192,7,28,2,11,23,109,11,1,Gregory McCaffrey,0,D,1,1,0,0,0.5,,3.645833333,14.58333333,5.729166667,11.97916667,56.77083333,5.729166667
Livingston_2020 Q2,Livingston,5,3,0,0,1,0,0,1,0,Gregory McCaffrey,0,D,1,1,0,0,0.5,,60,0,20,0,0,20
Livingston_2020 Q3,Livingston,123,7,11,1,6,18,74,6,0,Gregory McCaffrey,0,D,1,1,0,0,1,,5.691056911,8.943089431,4.87804878,14.63414634,60.16260163,4.87804878
Livingston_2020 Q4,Livingston,99,5,5,1,7,12,63,6,0,Gregory McCaffrey,0,D,1,1,0,0,1,,5.050505051,5.050505051,7.070707071,12.12121212,63.63636364,6.060606061
Livingston_2021 Q1,Livingston,76,13,8,0,5,8,41,1,0,Gregory McCaffrey,0,D,NA,NA,NA,NA,0,,17.10526316,10.52631579,6.578947368,10.52631579,53.94736842,1.315789474
Livingston_2021 Q2,Livingston,159,28,6,0,6,14,87,15,3,Gregory McCaffrey,0,D,NA,NA,NA,NA,0,,17.61006289,3.773584906,3.773584906,8.805031447,54.71698113,9.433962264
Livingston_2021 Q3,Livingston,160,15,7,0,6,18,105,7,2,Gregory McCaffrey,0,D,NA,NA,NA,NA,0,,9.375,4.375,3.75,11.25,65.625,4.375
Livingston_2021 Q4,Livingston,124,11,13,3,4,21,69,2,1,Gregory McCaffrey,0,D,NA,NA,NA,NA,0,,8.870967742,10.48387097,3.225806452,16.93548387,55.64516129,1.612903226
Livingston_2022 Q1,Livingston,129,17,8,2,3,19,71,8,1,Gregory McCaffrey,0,D,NA,NA,NA,NA,0,,13.17829457,6.201550388,2.325581395,14.72868217,55.03875969,6.201550388
Livingston_2022 Q2,Livingston,112,10,7,0,2,14,67,12,0,Gregory McCaffrey,0,D,NA,NA,NA,NA,0,,8.928571429,6.25,1.785714286,12.5,59.82142857,10.71428571
Livingston_2022 Q3,Livingston,138,16,15,1,4,18,75,7,2,Gregory McCaffrey,0,D,NA,NA,NA,NA,0,,11.5942029,10.86956522,2.898550725,13.04347826,54.34782609,5.072463768
Livingston_2022 Q4,Livingston,124,13,14,0,5,18,60,14,0,Gregory McCaffrey,0,D,NA,NA,NA,NA,0,,10.48387097,11.29032258,4.032258065,14.51612903,48.38709677,11.29032258
Madison_2010 Q1,Madison,225,9,42,6,5,23,113,24,3,William Gabor,0,R,1,1,0,0,0,,4,18.66666667,2.222222222,10.22222222,50.22222222,10.66666667
Madison_2010 Q2,Madison,250,12,41,2,19,20,115,33,8,William Gabor,0,R,1,1,0,0,0,,4.8,16.4,7.6,8,46,13.2
Madison_2010 Q3,Madison,202,6,40,2,16,14,96,25,3,William Gabor,0,R,1,1,0,0,0,,2.97029703,19.8019802,7.920792079,6.930693069,47.52475248,12.37623762
Madison_2010 Q4,Madison,186,15,49,1,9,15,68,25,4,William Gabor,0,R,1,1,0,0,0,,8.064516129,26.34408602,4.838709677,8.064516129,36.55913978,13.44086022
Madison_2011 Q1,Madison,222,9,36,5,9,18,120,24,1,William Gabor,0,R,1,1,0,0,0,,4.054054054,16.21621622,4.054054054,8.108108108,54.05405405,10.81081081
Madison_2011 Q2,Madison,192,9,40,0,10,20,88,22,3,William Gabor,0,R,1,1,0,0,0,,4.6875,20.83333333,5.208333333,10.41666667,45.83333333,11.45833333
Madison_2011 Q3,Madison,191,8,45,1,9,18,88,20,2,William Gabor,0,R,1,1,0,0,0,,4.188481675,23.56020942,4.712041885,9.42408377,46.07329843,10.47120419
Madison_2011 Q4,Madison,197,7,52,1,5,17,86,27,2,William Gabor,0,R,1,1,0,0,0,,3.553299492,26.39593909,2.538071066,8.629441624,43.65482234,13.70558376
Madison_2012 Q1,Madison,187,5,47,4,10,13,81,22,5,William Gabor,0,R,1,1,0,0,0.5,,2.673796791,25.13368984,5.347593583,6.951871658,43.31550802,11.76470588
Madison_2012 Q2,Madison,221,9,34,2,13,15,113,31,4,William Gabor,0,R,1,1,0,0,0.5,,4.07239819,15.38461538,5.882352941,6.787330317,51.13122172,14.02714932
Madison_2012 Q3,Madison,197,10,50,3,5,15,83,30,1,William Gabor,0,R,1,1,0,0,1,,5.076142132,25.38071066,2.538071066,7.614213198,42.1319797,15.2284264
Madison_2012 Q4,Madison,230,9,45,4,17,21,96,35,3,William Gabor,0,R,1,1,0,0,1,,3.913043478,19.56521739,7.391304348,9.130434783,41.73913043,15.2173913
Madison_2013 Q1,Madison,239,16,50,10,14,18,94,36,1,William Gabor,0,R,1,1,0,0,0,,6.694560669,20.92050209,5.857740586,7.531380753,39.33054393,15.06276151
Madison_2013 Q2,Madison,187,6,42,2,10,22,68,36,1,William Gabor,0,R,1,1,0,0,0,,3.20855615,22.45989305,5.347593583,11.76470588,36.36363636,19.2513369
Madison_2013 Q3,Madison,201,8,44,3,10,14,91,31,0,William Gabor,0,R,1,1,0,0,0,,3.980099502,21.89054726,4.975124378,6.965174129,45.27363184,15.42288557
Madison_2013 Q4,Madison,187,10,42,7,4,20,72,32,0,William Gabor,0,R,1,1,0,0,0,,5.347593583,22.45989305,2.139037433,10.69518717,38.5026738,17.11229947
Madison_2014 Q1,Madison,189,16,36,2,16,16,65,35,3,William Gabor,0,R,1,1,0,0,0,,8.465608466,19.04761905,8.465608466,8.465608466,34.39153439,18.51851852
Madison_2014 Q2,Madison,182,14,33,8,12,20,66,27,2,William Gabor,0,R,1,1,0,0,0,,7.692307692,18.13186813,6.593406593,10.98901099,36.26373626,14.83516484
Madison_2014 Q3,Madison,167,16,33,5,16,8,55,34,0,William Gabor,0,R,1,1,0,0,0,,9.580838323,19.76047904,9.580838323,4.790419162,32.93413174,20.35928144
Madison_2014 Q4,Madison,172,23,26,3,11,23,53,32,1,William Gabor,0,R,1,1,0,0,0,,13.37209302,15.11627907,6.395348837,13.37209302,30.81395349,18.60465116
Madison_2015 Q1,Madison,168,13,38,5,8,18,51,34,1,William Gabor,0,R,1,1,0,0,0,,7.738095238,22.61904762,4.761904762,10.71428571,30.35714286,20.23809524
Madison_2015 Q2,Madison,192,8,32,5,5,15,79,48,0,William Gabor,0,R,1,1,0,0,0,,4.166666667,16.66666667,2.604166667,7.8125,41.14583333,25
Madison_2015 Q3,Madison,219,26,50,7,14,15,75,32,0,William Gabor,0,R,1,1,0,0,0,,11.87214612,22.83105023,6.392694064,6.849315068,34.24657534,14.61187215
Madison_2015 Q4,Madison,181,17,21,7,12,17,71,33,3,William Gabor,0,R,1,1,0,0,0,,9.392265193,11.60220994,6.629834254,9.392265193,39.22651934,18.2320442
Madison_2016 Q1,Madison,179,24,35,5,14,14,56,31,0,William Gabor,0,R,1,1,0,0,0.5,,13.40782123,19.55307263,7.82122905,7.82122905,31.2849162,17.31843575
Madison_2016 Q2,Madison,192,9,33,8,11,21,75,33,2,William Gabor,0,R,1,1,0,0,0.5,,4.6875,17.1875,5.729166667,10.9375,39.0625,17.1875
Madison_2016 Q3,Madison,182,12,36,7,12,14,67,32,2,William Gabor,0,R,1,1,0,0,1,,6.593406593,19.78021978,6.593406593,7.692307692,36.81318681,17.58241758
Madison_2016 Q4,Madison,204,15,28,8,6,17,95,34,1,William Gabor,0,R,1,1,0,0,1,,7.352941176,13.7254902,2.941176471,8.333333333,46.56862745,16.66666667
Madison_2017 Q1,Madison,190,14,22,7,11,24,70,41,1,William Gabor,0,R,1,1,0,0,0,,7.368421053,11.57894737,5.789473684,12.63157895,36.84210526,21.57894737
Madison_2017 Q2,Madison,180,6,36,5,11,13,76,33,0,William Gabor,0,R,1,1,0,0,0,,3.333333333,20,6.111111111,7.222222222,42.22222222,18.33333333
Madison_2017 Q3,Madison,175,19,38,7,8,20,49,33,1,William Gabor,0,R,1,1,0,0,0,,10.85714286,21.71428571,4.571428571,11.42857143,28,18.85714286
Madison_2017 Q4,Madison,181,8,35,3,4,24,75,32,0,William Gabor,0,R,1,1,0,0,0,,4.419889503,19.33701657,2.209944751,13.25966851,41.43646409,17.67955801
Madison_2018 Q1,Madison,194,15,45,4,7,24,67,32,0,William Gabor,0,R,1,1,0,0,0,,7.731958763,23.19587629,3.608247423,12.37113402,34.53608247,16.49484536
Madison_2018 Q2,Madison,222,16,47,9,7,28,72,42,1,William Gabor,0,R,1,1,0,0,0,,7.207207207,21.17117117,3.153153153,12.61261261,32.43243243,18.91891892
Madison_2018 Q3,Madison,198,14,36,6,6,32,58,44,2,William Gabor,0,R,1,1,0,0,0,,7.070707071,18.18181818,3.03030303,16.16161616,29.29292929,22.22222222
Madison_2018 Q4,Madison,181,15,9,2,7,27,73,46,2,William Gabor,0,R,1,1,0,0,0,,8.287292818,4.972375691,3.867403315,14.91712707,40.33149171,25.41436464
Madison_2019 Q1,Madison,220,13,39,6,6,20,83,51,2,William Gabor,0,R,1,1,0,0,0,,5.909090909,17.72727273,2.727272727,9.090909091,37.72727273,23.18181818
Madison_2019 Q2,Madison,213,23,36,1,8,24,70,49,2,William Gabor,0,R,1,1,0,0,0,,10.79812207,16.90140845,3.755868545,11.26760563,32.86384977,23.00469484
Madison_2019 Q3,Madison,201,8,33,6,8,20,89,36,1,William Gabor,0,R,1,1,0,0,0,,3.980099502,16.41791045,3.980099502,9.950248756,44.27860697,17.91044776
Madison_2019 Q4,Madison,197,10,28,4,1,28,84,39,3,William Gabor,0,R,1,1,0,0,0,,5.076142132,14.21319797,0.507614213,14.21319797,42.63959391,19.79695431
Madison_2020 Q1,Madison,171,12,18,4,7,17,67,46,0,William Gabor,0,R,1,1,0,0,0.5,,7.01754386,10.52631579,4.093567251,9.941520468,39.18128655,26.9005848
Madison_2020 Q2,Madison,17,0,1,3,1,4,2,6,0,William Gabor,0,R,1,1,0,0,0.5,,0,5.882352941,5.882352941,23.52941176,11.76470588,35.29411765
Madison_2020 Q3,Madison,162,5,10,8,4,23,70,42,0,William Gabor,0,R,1,1,0,0,1,,3.086419753,6.172839506,2.469135802,14.19753086,43.20987654,25.92592593
Madison_2020 Q4,Madison,132,3,17,2,1,20,68,19,2,William Gabor,0,R,1,1,0,0,1,,2.272727273,12.87878788,0.757575758,15.15151515,51.51515152,14.39393939
Madison_2021 Q1,Madison,144,7,14,2,4,21,84,12,0,William Gabor,0,R,NA,NA,NA,NA,0,,4.861111111,9.722222222,2.777777778,14.58333333,58.33333333,8.333333333
Madison_2021 Q2,Madison,176,13,25,5,2,16,92,23,0,William Gabor,0,R,NA,NA,NA,NA,0,,7.386363636,14.20454545,1.136363636,9.090909091,52.27272727,13.06818182
Madison_2021 Q3,Madison,176,23,19,7,8,20,73,24,2,William Gabor,0,R,NA,NA,NA,NA,0,,13.06818182,10.79545455,4.545454545,11.36363636,41.47727273,13.63636364
Madison_2021 Q4,Madison,175,12,8,6,1,13,107,27,1,William Gabor,0,R,NA,NA,NA,NA,0,,6.857142857,4.571428571,0.571428571,7.428571429,61.14285714,15.42857143
Madison_2022 Q1,Madison,174,14,30,5,4,20,81,19,1,William Gabor,0,R,NA,NA,NA,NA,0,,8.045977011,17.24137931,2.298850575,11.49425287,46.55172414,10.91954023
Madison_2022 Q2,Madison,171,14,20,3,11,19,78,25,1,William Gabor,0,R,NA,NA,NA,NA,0,,8.187134503,11.69590643,6.432748538,11.11111111,45.61403509,14.61988304
Madison_2022 Q3,Madison,153,9,19,4,6,15,78,22,0,William Gabor,0,R,NA,NA,NA,NA,0,,5.882352941,12.41830065,3.921568627,9.803921569,50.98039216,14.37908497
Madison_2022 Q4,Madison,204,16,30,9,6,22,83,36,2,William Gabor,0,R,NA,NA,NA,NA,0,,7.843137255,14.70588235,2.941176471,10.78431373,40.68627451,17.64705882
Monroe_2010 Q1,Monroe,2322,145,747,17,170,289,451,492,11,Mike Green,0,D,0,NA,NA,NA,0,,6.24461671,32.17054264,7.321274763,12.4461671,19.42291128,21.18863049
Monroe_2010 Q2,Monroe,2364,150,647,41,195,302,510,503,16,Mike Green,0,D,0,NA,NA,NA,0,,6.345177665,27.36886633,8.248730964,12.7749577,21.57360406,21.27749577
Monroe_2010 Q3,Monroe,2487,139,769,44,171,293,559,506,6,Mike Green,0,D,0,NA,NA,NA,0,,5.589063128,30.9207881,6.87575392,11.78126257,22.47687977,20.34579815
Monroe_2010 Q4,Monroe,2249,155,725,31,139,319,389,476,15,Mike Green,0,D,0,NA,NA,NA,0,,6.891951979,32.23654958,6.180524678,14.18408181,17.29657626,21.16496221
Monroe_2011 Q1,Monroe,2500,173,787,32,152,336,516,498,6,Mike Green,0,D,0,NA,NA,NA,0.5,,6.92,31.48,6.08,13.44,20.64,19.92
Monroe_2011 Q2,Monroe,2567,168,800,70,150,323,523,523,10,Mike Green,0,D,0,NA,NA,NA,0.5,,6.544604597,31.16478379,5.843396961,12.58278146,20.37397741,20.37397741
Monroe_2011 Q3,Monroe,2543,145,816,185,156,264,459,506,12,Mike Green,0,D,0,NA,NA,NA,1,,5.701926858,32.08808494,6.134486827,10.38143924,18.04954778,19.89775855
Monroe_2011 Q4,Monroe,2279,131,577,160,148,288,453,512,10,Mike Green,0,D,0,NA,NA,NA,1,,5.748135147,25.31812198,6.494076349,12.63712154,19.8771391,22.46599386
Monroe_2012 Q1,Monroe,2711,172,700,202,153,313,530,631,10,Sandra Doorley,0,D,1,1,0,1,0,,6.344522316,25.82073036,5.643673921,11.54555515,19.54998156,23.27554408
Monroe_2012 Q2,Monroe,2564,176,628,155,162,306,501,611,25,Sandra Doorley,0,D,1,1,0,1,0,,6.864274571,24.49297972,6.31825273,11.93447738,19.53978159,23.8299532
Monroe_2012 Q3,Monroe,2562,178,686,171,162,233,440,676,16,Sandra Doorley,0,D,1,1,0,1,0,,6.947697112,26.77595628,6.323185012,9.094457455,17.17408275,26.38563622
Monroe_2012 Q4,Monroe,2433,153,659,166,166,272,410,592,15,Sandra Doorley,0,D,1,1,0,1,0,,6.288532676,27.08590218,6.822852446,11.17961365,16.85162351,24.33210029
Monroe_2013 Q1,Monroe,2654,176,665,153,188,312,503,640,17,Sandra Doorley,0,D,1,1,0,1,0,,6.631499623,25.05651846,7.083647325,11.75584024,18.95252449,24.11454408
Monroe_2013 Q2,Monroe,2662,157,656,186,153,272,563,662,13,Sandra Doorley,0,D,1,1,0,1,0,,5.897821187,24.64312547,5.747558227,10.21788129,21.14951165,24.86851991
Monroe_2013 Q3,Monroe,2434,132,666,163,157,279,439,580,18,Sandra Doorley,0,D,1,1,0,1,0,,5.423171734,27.36236647,6.450287592,11.46261298,18.03615448,23.82908792
Monroe_2013 Q4,Monroe,2303,160,584,148,137,258,417,584,15,Sandra Doorley,0,D,1,1,0,1,0,,6.947459835,25.3582284,5.948762484,11.20277898,18.10681719,25.3582284
Monroe_2014 Q1,Monroe,2301,168,641,134,141,285,407,517,8,Sandra Doorley,0,D,1,1,0,1,0,,7.301173403,27.85745328,6.127770535,12.38591917,17.68796176,22.46849196
Monroe_2014 Q2,Monroe,2414,144,598,162,154,258,487,602,9,Sandra Doorley,0,D,1,1,0,1,0,,5.965202983,24.77216239,6.37945319,10.68765534,20.17398509,24.93786247
Monroe_2014 Q3,Monroe,2199,178,581,114,138,258,438,486,6,Sandra Doorley,0,D,1,1,0,1,0,,8.094588449,26.4211005,6.275579809,11.73260573,19.91814461,22.10095498
Monroe_2014 Q4,Monroe,2253,169,540,127,146,245,453,567,6,Sandra Doorley,0,D,1,1,0,1,0,,7.501109632,23.96804261,6.480248557,10.8743897,20.10652463,25.16644474
Monroe_2015 Q1,Monroe,2151,189,536,126,96,233,448,520,3,Sandra Doorley,0,D,1,1,0,1,0.5,,8.786610879,24.91864249,4.463040446,10.83217108,20.82752208,24.17480242
Monroe_2015 Q2,Monroe,2102,187,551,110,142,248,387,470,7,Sandra Doorley,0,D,1,1,0,1,0.5,,8.896289248,26.21313035,6.75547098,11.79828735,18.41103711,22.35965747
Monroe_2015 Q3,Monroe,2176,148,560,143,118,246,404,553,4,Sandra Doorley,0,D,1,1,0,1,1,,6.801470588,25.73529412,5.422794118,11.30514706,18.56617647,25.41360294
Monroe_2015 Q4,Monroe,2150,143,527,122,137,239,456,518,8,Sandra Doorley,0,D,1,1,0,1,1,,6.651162791,24.51162791,6.372093023,11.11627907,21.20930233,24.09302326
Monroe_2016 Q1,Monroe,2277,148,586,130,144,280,475,505,9,Sandra Doorley,0,R,1,1,0,1,0,,6.499780413,25.73561704,6.324110672,12.29688186,20.86078173,22.17830479
Monroe_2016 Q2,Monroe,2327,147,634,116,143,271,469,541,6,Sandra Doorley,0,R,1,1,0,1,0,,6.317146541,27.24538032,6.145251397,11.645896,20.15470563,23.24881822
Monroe_2016 Q3,Monroe,2310,179,600,113,161,259,473,514,11,Sandra Doorley,0,R,1,1,0,1,0,,7.748917749,25.97402597,6.96969697,11.21212121,20.47619048,22.25108225
Monroe_2016 Q4,Monroe,2198,197,575,114,118,306,385,501,2,Sandra Doorley,0,R,1,1,0,1,0,,8.962693358,26.16014559,5.368516833,13.92174704,17.51592357,22.79344859
Monroe_2017 Q1,Monroe,2308,215,630,121,138,275,429,492,8,Sandra Doorley,0,R,1,1,0,1,0,,9.31542461,27.29636049,5.979202773,11.91507799,18.58752166,21.31715771
Monroe_2017 Q2,Monroe,2144,143,562,143,125,311,392,454,14,Sandra Doorley,0,R,1,1,0,1,0,,6.669776119,26.21268657,5.830223881,14.50559701,18.28358209,21.17537313
Monroe_2017 Q3,Monroe,2159,123,551,138,118,319,401,498,11,Sandra Doorley,0,R,1,1,0,1,0,,5.697081982,25.52107457,5.465493284,14.77535896,18.57341362,23.06623437
Monroe_2017 Q4,Monroe,2196,164,537,121,111,306,426,519,12,Sandra Doorley,0,R,1,1,0,1,0,,7.468123862,24.45355191,5.054644809,13.93442623,19.3989071,23.63387978
Monroe_2018 Q1,Monroe,2232,177,612,113,122,299,390,511,8,Sandra Doorley,0,R,1,1,0,1,0,,7.930107527,27.41935484,5.465949821,13.39605735,17.47311828,22.89426523
Monroe_2018 Q2,Monroe,2128,158,457,133,114,321,437,497,11,Sandra Doorley,0,R,1,1,0,1,0,,7.42481203,21.47556391,5.357142857,15.08458647,20.53571429,23.35526316
Monroe_2018 Q3,Monroe,2043,149,509,145,125,304,330,473,8,Sandra Doorley,0,R,1,1,0,1,0,,7.29319628,24.91434165,6.118453255,14.88007832,16.15271659,23.15222712
Monroe_2018 Q4,Monroe,1843,151,412,134,88,265,316,470,7,Sandra Doorley,0,R,1,1,0,1,0,,8.193163321,22.35485621,4.774823657,14.37873033,17.14595768,25.50189908
Monroe_2019 Q1,Monroe,1953,156,394,135,119,255,377,489,28,Sandra Doorley,0,R,1,1,0,1,0.5,,7.987711214,20.17409114,6.093189964,13.05683564,19.30363543,25.03840246
Monroe_2019 Q2,Monroe,1974,136,420,108,94,293,418,497,8,Sandra Doorley,0,R,1,1,0,1,0.5,,6.889564336,21.27659574,4.761904762,14.84295846,21.17527862,25.17730496
Monroe_2019 Q3,Monroe,1694,103,399,110,77,217,375,410,3,Sandra Doorley,0,R,1,1,0,1,1,,6.080283353,23.55371901,4.545454545,12.80991736,22.13695396,24.20306966
Monroe_2019 Q4,Monroe,1819,109,326,117,99,261,459,439,9,Sandra Doorley,0,R,1,1,0,1,1,,5.992303463,17.92193513,5.442550852,14.34854316,25.23364486,24.13413964
Monroe_2020 Q1,Monroe,1516,101,186,56,65,211,364,524,9,Sandra Doorley,0,R,NA,NA,NA,NA,0,,6.662269129,12.26912929,4.287598945,13.9182058,24.01055409,34.5646438
Monroe_2020 Q2,Monroe,146,25,45,18,5,28,9,16,0,Sandra Doorley,0,R,NA,NA,NA,NA,0,,17.12328767,30.82191781,3.424657534,19.17808219,6.164383562,10.95890411
Monroe_2020 Q3,Monroe,1240,85,106,81,38,187,285,453,5,Sandra Doorley,0,R,NA,NA,NA,NA,0,,6.85483871,8.548387097,3.064516129,15.08064516,22.98387097,36.53225806
Monroe_2020 Q4,Monroe,978,50,124,45,28,150,218,362,1,Sandra Doorley,0,R,NA,NA,NA,NA,0,,5.112474438,12.67893661,2.862985685,15.33742331,22.29038855,37.01431493
Monroe_2021 Q1,Monroe,840,56,115,32,29,154,162,289,3,Sandra Doorley,0,R,NA,NA,NA,NA,0,,6.666666667,13.69047619,3.452380952,18.33333333,19.28571429,34.4047619
Monroe_2021 Q2,Monroe,1277,90,111,45,27,190,381,428,5,Sandra Doorley,0,R,NA,NA,NA,NA,0,,7.047768207,8.692247455,2.114330462,14.87862177,29.83555208,33.51605325
Monroe_2021 Q3,Monroe,1199,86,122,53,28,166,306,432,6,Sandra Doorley,0,R,NA,NA,NA,NA,0,,7.17264387,10.17514595,2.335279399,13.84487073,25.52126772,36.03002502
Monroe_2021 Q4,Monroe,926,78,53,36,33,163,234,325,4,Sandra Doorley,0,R,NA,NA,NA,NA,0,,8.423326134,5.723542117,3.563714903,17.60259179,25.2699784,35.09719222
Monroe_2022 Q1,Monroe,1059,120,109,33,31,155,255,352,4,Sandra Doorley,0,R,NA,NA,NA,NA,0,,11.33144476,10.29272899,2.927289896,14.63644948,24.07932011,33.23890463
Monroe_2022 Q2,Monroe,1060,150,87,38,35,163,250,334,3,Sandra Doorley,0,R,NA,NA,NA,NA,0,,14.1509434,8.20754717,3.301886792,15.37735849,23.58490566,31.50943396
Monroe_2022 Q3,Monroe,1049,133,105,37,32,149,232,355,6,Sandra Doorley,0,R,NA,NA,NA,NA,0,,12.67874166,10.00953289,3.050524309,14.20400381,22.11630124,33.84175405
Monroe_2022 Q4,Monroe,916,109,87,35,37,119,210,315,4,Sandra Doorley,0,R,NA,NA,NA,NA,0,,11.89956332,9.497816594,4.03930131,12.99126638,22.92576419,34.38864629
Montgomery_2010 Q1,Montgomery,213,10,32,7,12,8,129,14,1,,NA,,NA,NA,NA,NA,0,Need to email for more information,4.694835681,15.02347418,5.633802817,3.755868545,60.56338028,6.572769953
Montgomery_2010 Q2,Montgomery,240,8,48,8,6,17,135,18,0,,NA,,NA,NA,NA,NA,0,,3.333333333,20,2.5,7.083333333,56.25,7.5
Montgomery_2010 Q3,Montgomery,208,17,30,11,7,10,123,9,1,,NA,,NA,NA,NA,NA,0,,8.173076923,14.42307692,3.365384615,4.807692308,59.13461538,4.326923077
Montgomery_2010 Q4,Montgomery,190,15,21,11,8,8,119,8,0,,NA,,NA,NA,NA,NA,0,,7.894736842,11.05263158,4.210526316,4.210526316,62.63157895,4.210526316
Montgomery_2011 Q1,Montgomery,228,15,33,10,17,13,122,13,5,,NA,,NA,NA,NA,NA,0,,6.578947368,14.47368421,7.456140351,5.701754386,53.50877193,5.701754386
Montgomery_2011 Q2,Montgomery,242,19,37,9,9,20,127,17,4,,NA,,NA,NA,NA,NA,0,,7.851239669,15.2892562,3.719008264,8.26446281,52.47933884,7.024793388
Montgomery_2011 Q3,Montgomery,187,14,22,7,6,15,112,9,2,,NA,,NA,NA,NA,NA,0,,7.486631016,11.76470588,3.20855615,8.021390374,59.89304813,4.812834225
Montgomery_2011 Q4,Montgomery,212,14,32,7,14,12,121,6,6,,NA,,NA,NA,NA,NA,0,,6.603773585,15.09433962,6.603773585,5.660377358,57.0754717,2.830188679
Montgomery_2012 Q1,Montgomery,240,9,33,10,9,11,156,8,4,,NA,,NA,NA,NA,NA,0,,3.75,13.75,3.75,4.583333333,65,3.333333333
Montgomery_2012 Q2,Montgomery,240,13,47,8,15,16,124,14,3,,NA,,NA,NA,NA,NA,0,,5.416666667,19.58333333,6.25,6.666666667,51.66666667,5.833333333
Montgomery_2012 Q3,Montgomery,216,8,31,6,12,20,122,15,2,,NA,,NA,NA,NA,NA,0,,3.703703704,14.35185185,5.555555556,9.259259259,56.48148148,6.944444444
Montgomery_2012 Q4,Montgomery,213,9,30,5,10,19,132,5,3,,NA,,NA,NA,NA,NA,0,,4.225352113,14.08450704,4.694835681,8.920187793,61.97183099,2.34741784
Montgomery_2013 Q1,Montgomery,207,9,35,14,12,15,112,9,1,,NA,,NA,NA,NA,NA,0,,4.347826087,16.90821256,5.797101449,7.246376812,54.10628019,4.347826087
Montgomery_2013 Q2,Montgomery,223,13,24,15,12,16,131,11,1,,NA,,NA,NA,NA,NA,0,,5.829596413,10.76233184,5.381165919,7.174887892,58.74439462,4.932735426
Montgomery_2013 Q3,Montgomery,209,8,21,14,13,17,124,9,3,,NA,,NA,NA,NA,NA,0,,3.827751196,10.04784689,6.220095694,8.133971292,59.33014354,4.306220096
Montgomery_2013 Q4,Montgomery,221,11,39,18,7,17,110,18,1,,NA,,NA,NA,NA,NA,0,,4.977375566,17.64705882,3.167420814,7.692307692,49.77375566,8.14479638
Montgomery_2014 Q1,Montgomery,241,15,30,13,14,14,132,19,4,,NA,,NA,NA,NA,NA,0,,6.22406639,12.44813278,5.809128631,5.809128631,54.77178423,7.883817427
Montgomery_2014 Q2,Montgomery,243,15,28,9,8,14,157,8,4,,NA,,NA,NA,NA,NA,0,,6.172839506,11.52263374,3.29218107,5.761316872,64.6090535,3.29218107
Montgomery_2014 Q3,Montgomery,243,20,33,9,10,21,136,9,5,,NA,,NA,NA,NA,NA,0,,8.230452675,13.58024691,4.115226337,8.641975309,55.96707819,3.703703704
Montgomery_2014 Q4,Montgomery,191,10,31,6,4,9,120,10,1,,NA,,NA,NA,NA,NA,0,,5.235602094,16.23036649,2.094240838,4.712041885,62.82722513,5.235602094
Montgomery_2015 Q1,Montgomery,282,16,49,7,6,12,184,8,0,,NA,,NA,NA,NA,NA,0,,5.673758865,17.37588652,2.127659574,4.255319149,65.24822695,2.836879433
Montgomery_2015 Q2,Montgomery,234,12,38,7,11,19,138,6,3,,NA,,NA,NA,NA,NA,0,,5.128205128,16.23931624,4.700854701,8.11965812,58.97435897,2.564102564
Montgomery_2015 Q3,Montgomery,233,12,44,9,13,17,126,12,0,,NA,,NA,NA,NA,NA,0,,5.150214592,18.88412017,5.579399142,7.296137339,54.07725322,5.150214592
Montgomery_2015 Q4,Montgomery,207,16,45,18,11,14,98,5,0,,NA,,NA,NA,NA,NA,0,,7.729468599,21.73913043,5.314009662,6.763285024,47.34299517,2.415458937
Montgomery_2016 Q1,Montgomery,233,10,33,13,6,13,148,9,1,,NA,,NA,NA,NA,NA,0,,4.291845494,14.16309013,2.575107296,5.579399142,63.5193133,3.862660944
Montgomery_2016 Q2,Montgomery,231,15,31,8,8,15,136,16,2,,NA,,NA,NA,NA,NA,0,,6.493506494,13.41991342,3.463203463,6.493506494,58.87445887,6.926406926
Montgomery_2016 Q3,Montgomery,226,9,29,7,3,22,147,6,3,,NA,,NA,NA,NA,NA,0,,3.982300885,12.83185841,1.327433628,9.734513274,65.04424779,2.654867257
Montgomery_2016 Q4,Montgomery,215,8,27,11,4,26,129,10,0,,NA,,NA,NA,NA,NA,0,,3.720930233,12.55813953,1.860465116,12.09302326,60,4.651162791
Montgomery_2017 Q1,Montgomery,274,5,33,8,6,22,187,8,5,,NA,,NA,NA,NA,NA,0,,1.824817518,12.04379562,2.189781022,8.02919708,68.24817518,2.919708029
Montgomery_2017 Q2,Montgomery,216,9,25,6,3,19,137,12,5,,NA,,NA,NA,NA,NA,0,,4.166666667,11.57407407,1.388888889,8.796296296,63.42592593,5.555555556
Montgomery_2017 Q3,Montgomery,203,9,26,8,3,17,124,11,5,,NA,,NA,NA,NA,NA,0,,4.433497537,12.80788177,1.477832512,8.374384236,61.08374384,5.418719212
Montgomery_2017 Q4,Montgomery,195,18,35,11,8,29,89,5,0,,NA,,NA,NA,NA,NA,0,,9.230769231,17.94871795,4.102564103,14.87179487,45.64102564,2.564102564
Montgomery_2018 Q1,Montgomery,250,20,48,7,9,36,121,9,0,,NA,,NA,NA,NA,NA,0,,8,19.2,3.6,14.4,48.4,3.6
Montgomery_2018 Q2,Montgomery,208,16,37,3,7,33,99,9,4,,NA,,NA,NA,NA,NA,0,,7.692307692,17.78846154,3.365384615,15.86538462,47.59615385,4.326923077
Montgomery_2018 Q3,Montgomery,203,13,30,5,7,22,111,14,1,,NA,,NA,NA,NA,NA,0,,6.403940887,14.77832512,3.448275862,10.83743842,54.67980296,6.896551724
Montgomery_2018 Q4,Montgomery,200,22,27,8,4,25,90,20,4,,NA,,NA,NA,NA,NA,0,,11,13.5,2,12.5,45,10
Montgomery_2019 Q1,Montgomery,250,14,43,8,10,23,131,19,2,,NA,,NA,NA,NA,NA,0,,5.6,17.2,4,9.2,52.4,7.6
Montgomery_2019 Q2,Montgomery,229,16,40,6,7,31,116,12,1,,NA,,NA,NA,NA,NA,0,,6.986899563,17.46724891,3.056768559,13.5371179,50.65502183,5.240174672
Montgomery_2019 Q3,Montgomery,202,19,34,2,5,28,96,15,3,,NA,,NA,NA,NA,NA,0,,9.405940594,16.83168317,2.475247525,13.86138614,47.52475248,7.425742574
Montgomery_2019 Q4,Montgomery,201,14,31,5,5,28,93,23,2,,NA,,NA,NA,NA,NA,0,,6.965174129,15.42288557,2.487562189,13.93034826,46.26865672,11.44278607
Montgomery_2020 Q1,Montgomery,164,13,29,11,4,22,69,15,1,,NA,,NA,NA,1,1,0.5,,7.926829268,17.68292683,2.43902439,13.41463415,42.07317073,9.146341463
Montgomery_2020 Q2,Montgomery,34,5,7,3,2,8,9,0,0,,NA,,NA,NA,1,1,0.5,,14.70588235,20.58823529,5.882352941,23.52941176,26.47058824,0
Montgomery_2020 Q3,Montgomery,197,5,22,9,7,19,121,12,2,,NA,,NA,NA,1,1,1,,2.538071066,11.16751269,3.553299492,9.644670051,61.4213198,6.091370558
Montgomery_2020 Q4,Montgomery,137,12,14,3,2,15,80,8,3,,NA,,NA,NA,1,1,1,,8.759124088,10.2189781,1.459854015,10.94890511,58.39416058,5.839416058
Montgomery_2021 Q1,Montgomery,135,7,13,7,2,16,80,10,0,Lorraine Diamond,NA,R,NA,NA,NA,NA,0,,5.185185185,9.62962963,1.481481481,11.85185185,59.25925926,7.407407407
Montgomery_2021 Q2,Montgomery,228,6,27,17,2,18,139,18,1,Lorraine Diamond,NA,R,NA,NA,NA,NA,0,,2.631578947,11.84210526,0.877192982,7.894736842,60.96491228,7.894736842
Montgomery_2021 Q3,Montgomery,202,15,16,10,3,33,109,15,1,Lorraine Diamond,NA,R,NA,NA,NA,NA,0,,7.425742574,7.920792079,1.485148515,16.33663366,53.96039604,7.425742574
Montgomery_2021 Q4,Montgomery,168,13,14,2,4,37,80,16,2,Lorraine Diamond,NA,R,NA,NA,NA,NA,0,,7.738095238,8.333333333,2.380952381,22.02380952,47.61904762,9.523809524
Montgomery_2022 Q1,Montgomery,190,15,20,11,4,33,98,8,1,Lorraine Diamond,NA,R,NA,NA,NA,NA,0,,7.894736842,10.52631579,2.105263158,17.36842105,51.57894737,4.210526316
Montgomery_2022 Q2,Montgomery,203,17,17,5,4,37,111,12,0,Lorraine Diamond,NA,R,NA,NA,NA,NA,0,,8.374384236,8.374384236,1.97044335,18.22660099,54.67980296,5.911330049
Montgomery_2022 Q3,Montgomery,198,14,28,6,2,31,111,6,0,Lorraine Diamond,NA,R,NA,NA,NA,NA,0,,7.070707071,14.14141414,1.01010101,15.65656566,56.06060606,3.03030303
Montgomery_2022 Q4,Montgomery,164,8,16,5,2,28,100,5,0,Lorraine Diamond,NA,R,NA,NA,NA,NA,0,,4.87804878,9.756097561,1.219512195,17.07317073,60.97560976,3.048780488
Nassau_2010 Q1,Nassau,3322,163,710,119,371,361,1064,526,8,,NA,,NA,NA,NA,NA,0,Messaged,4.906682721,21.37266707,11.1679711,10.86694762,32.02889825,15.83383504
Nassau_2010 Q2,Nassau,3597,161,720,120,448,417,1151,565,15,,NA,,NA,NA,NA,NA,0,,4.475952182,20.01668057,12.45482346,11.59299416,31.99888796,15.70753406
Nassau_2010 Q3,Nassau,3164,138,758,139,347,373,928,476,5,,NA,,NA,NA,NA,NA,0,,4.361567636,23.95701643,10.96713021,11.78887484,29.32996207,15.04424779
Nassau_2010 Q4,Nassau,3148,142,639,152,338,358,940,572,7,,NA,,NA,NA,NA,NA,0,,4.510800508,20.29860229,10.73697586,11.37229987,29.86022872,18.17026684
Nassau_2011 Q1,Nassau,3411,127,724,143,372,341,1101,592,11,,NA,,NA,NA,NA,NA,0,,3.723248314,21.22544708,10.9058927,9.997068308,32.27792436,17.35561419
Nassau_2011 Q2,Nassau,3344,115,712,134,337,363,1052,623,8,,NA,,NA,NA,NA,NA,0,,3.438995215,21.29186603,10.0777512,10.85526316,31.45933014,18.63038278
Nassau_2011 Q3,Nassau,2887,105,708,111,259,337,846,513,8,,NA,,NA,NA,NA,NA,0,,3.636993419,24.52372705,8.971250433,11.67301697,29.30377555,17.7693107
Nassau_2011 Q4,Nassau,2676,105,611,110,206,295,859,481,9,,NA,,NA,NA,NA,NA,0,,3.923766816,22.83258595,7.698056801,11.02391629,32.10014948,17.97458894
Nassau_2012 Q1,Nassau,3242,127,659,191,283,369,956,650,7,,NA,,NA,NA,NA,NA,0,,3.917334978,20.32695867,8.729179519,11.38186305,29.48797039,20.04935225
Nassau_2012 Q2,Nassau,3103,119,680,187,280,351,836,638,12,,NA,,NA,NA,NA,NA,0,,3.834998389,21.91427651,9.02352562,11.3116339,26.94166935,20.56074766
Nassau_2012 Q3,Nassau,2850,133,688,182,246,298,764,532,7,,NA,,NA,NA,NA,NA,0,,4.666666667,24.14035088,8.631578947,10.45614035,26.80701754,18.66666667
Nassau_2012 Q4,Nassau,2277,100,519,146,172,252,620,455,13,,NA,,NA,NA,NA,NA,0,,4.391743522,22.79314888,7.553798858,11.06719368,27.22880984,19.98243303
Nassau_2013 Q1,Nassau,2821,113,557,145,274,295,901,530,6,,NA,,NA,NA,NA,NA,0,,4.005671748,19.74477136,9.712867777,10.45728465,31.93902871,18.78766395
Nassau_2013 Q2,Nassau,2980,162,573,165,255,300,910,604,11,,NA,,NA,NA,NA,NA,0,,5.436241611,19.22818792,8.55704698,10.06711409,30.53691275,20.26845638
Nassau_2013 Q3,Nassau,2623,125,552,133,228,272,784,518,11,,NA,,NA,NA,NA,NA,0,,4.765535646,21.04460541,8.692337019,10.36980557,29.88943957,19.74837972
Nassau_2013 Q4,Nassau,2803,107,588,201,200,285,840,575,7,,NA,,NA,NA,NA,NA,0,,3.817338566,20.97752408,7.135212273,10.16767749,29.96789154,20.51373528
Nassau_2014 Q1,Nassau,2850,120,596,160,227,269,838,635,5,,NA,,NA,NA,NA,NA,0,,4.210526316,20.9122807,7.964912281,9.438596491,29.40350877,22.28070175
Nassau_2014 Q2,Nassau,2904,143,543,158,230,325,809,690,6,,NA,,NA,NA,NA,NA,0,,4.924242424,18.69834711,7.920110193,11.19146006,27.85812672,23.76033058
Nassau_2014 Q3,Nassau,2379,127,457,136,205,271,631,542,10,,NA,,NA,NA,NA,NA,0,,5.33837747,19.209752,8.617065994,11.3913409,26.52374947,22.7826818
Nassau_2014 Q4,Nassau,2233,86,404,132,176,256,630,548,1,,NA,,NA,NA,NA,NA,0,,3.851321093,18.09225258,7.881773399,11.46439767,28.21316614,24.54097627
Nassau_2015 Q1,Nassau,2401,105,453,131,227,239,701,533,12,,NA,,NA,NA,NA,NA,0,,4.373177843,18.86713869,9.454394002,9.954185756,29.19616826,22.19908372
Nassau_2015 Q2,Nassau,2533,150,458,100,257,268,735,556,9,,NA,,NA,NA,NA,NA,0,,5.92183182,18.08132649,10.14607185,10.58033952,29.01697592,21.95025661
Nassau_2015 Q3,Nassau,2100,116,402,97,180,252,581,461,11,,NA,,NA,NA,NA,NA,0,,5.523809524,19.14285714,8.571428571,12,27.66666667,21.95238095
Nassau_2015 Q4,Nassau,2078,107,363,99,137,232,651,483,6,,NA,,NA,NA,NA,NA,0,,5.149181906,17.46871992,6.592877767,11.16458133,31.32820019,23.24350337
Nassau_2016 Q1,Nassau,2809,116,452,135,211,286,995,606,8,,NA,,NA,NA,NA,NA,0,,4.129583482,16.09113564,7.511569954,10.18155927,35.42185831,21.57351371
Nassau_2016 Q2,Nassau,2732,169,449,124,207,317,911,543,12,,NA,,NA,NA,NA,NA,0,,6.185944363,16.43484627,7.576866764,11.60322108,33.34553441,19.87554905
Nassau_2016 Q3,Nassau,2545,158,420,124,172,341,792,528,10,,NA,,NA,NA,NA,NA,0,,6.208251473,16.50294695,6.758349705,13.39882122,31.11984283,20.74656189
Nassau_2016 Q4,Nassau,2537,168,440,87,162,281,811,581,7,,NA,,NA,NA,NA,NA,0,,6.621994482,17.34331888,6.385494679,11.0760741,31.96689003,22.90106425
Nassau_2017 Q1,Nassau,2886,147,498,85,268,366,940,574,8,,NA,,NA,NA,NA,NA,0,,5.093555094,17.25571726,9.286209286,12.68191268,32.57103257,19.88911989
Nassau_2017 Q2,Nassau,2879,151,471,88,230,334,1007,594,4,,NA,,NA,NA,NA,NA,0,,5.244876693,16.35984717,7.98888503,11.60125043,34.97742272,20.63216395
Nassau_2017 Q3,Nassau,2429,139,476,88,185,303,725,510,3,,NA,,NA,NA,NA,NA,0,,5.722519555,19.59654179,7.616303005,12.47426925,29.84767394,20.99629477
Nassau_2017 Q4,Nassau,2840,132,514,102,162,303,1071,548,8,,NA,,NA,NA,NA,NA,0,,4.647887324,18.09859155,5.704225352,10.66901408,37.71126761,19.29577465
Nassau_2018 Q1,Nassau,3057,142,516,101,229,300,1107,659,3,,NA,,NA,NA,NA,NA,0,,4.645076873,16.87929342,7.491004253,9.813542689,36.21197252,21.55708211
Nassau_2018 Q2,Nassau,3219,131,596,109,210,312,1192,664,5,,NA,,NA,NA,NA,NA,0,,4.069586828,18.51506679,6.523765144,9.692451072,37.03013358,20.62752408
Nassau_2018 Q3,Nassau,2371,85,488,122,200,295,748,431,2,,NA,,NA,NA,NA,NA,0,,3.584985238,20.5820329,8.435259384,12.44200759,31.5478701,18.17798397
Nassau_2018 Q4,Nassau,2646,107,480,107,190,273,906,574,9,,NA,,NA,NA,NA,NA,0,,4.043839758,18.14058957,7.180650038,10.31746032,34.24036281,21.69312169
Nassau_2019 Q1,Nassau,3001,133,564,115,205,361,1040,571,12,,NA,,NA,NA,NA,NA,0,,4.431856048,18.79373542,6.831056315,12.02932356,34.65511496,19.026991
Nassau_2019 Q2,Nassau,2691,128,425,78,209,416,909,517,9,,NA,,NA,NA,NA,NA,0,,4.756596061,15.79338536,7.766629506,15.4589372,33.77926421,19.21218878
Nassau_2019 Q3,Nassau,2335,116,395,82,149,354,763,466,10,,NA,,NA,NA,NA,NA,0,,4.967880086,16.91648822,6.381156317,15.16059957,32.67665953,19.95717345
Nassau_2019 Q4,Nassau,2743,109,413,88,169,370,991,592,11,,NA,,NA,NA,NA,NA,0,,3.973751367,15.05650747,6.161137441,13.48888079,36.12832665,21.58220926
Nassau_2020 Q1,Nassau,2746,101,299,51,172,324,1189,600,10,,NA,,NA,NA,NA,NA,0,,3.678077203,10.88856519,6.263656227,11.79898034,43.2993445,21.84996358
Nassau_2020 Q2,Nassau,163,8,53,17,2,8,31,43,1,,NA,,NA,NA,NA,NA,0,,4.90797546,32.51533742,1.226993865,4.90797546,19.01840491,26.3803681
Nassau_2020 Q3,Nassau,1030,65,127,39,54,188,357,195,5,,NA,,NA,NA,NA,NA,0,,6.310679612,12.33009709,5.242718447,18.25242718,34.66019417,18.93203883
Nassau_2020 Q4,Nassau,1153,54,96,41,54,234,392,278,4,,NA,,NA,NA,NA,NA,0,,4.683434519,8.326105811,4.683434519,20.29488291,33.99826539,24.11101474
Nassau_2021 Q1,Nassau,1383,51,131,47,74,218,530,331,1,,NA,,NA,NA,NA,NA,0,,3.687635575,9.472161967,5.350686913,15.76283442,38.32248735,23.93347795
Nassau_2021 Q2,Nassau,1720,80,181,34,74,246,710,389,6,,NA,,NA,NA,NA,NA,0,,4.651162791,10.52325581,4.302325581,14.30232558,41.27906977,22.61627907
Nassau_2021 Q3,Nassau,1961,86,191,55,93,229,834,459,14,,NA,,NA,NA,NA,NA,0,,4.385517593,9.739928608,4.742478327,11.67771545,42.52932177,23.40642529
Nassau_2021 Q4,Nassau,1936,92,170,39,106,232,822,468,7,,NA,,NA,NA,NA,NA,0,,4.752066116,8.780991736,5.475206612,11.98347107,42.45867769,24.17355372
Nassau_2022 Q1,Nassau,2154,127,216,42,107,230,985,439,8,,NA,,NA,NA,NA,NA,0,,5.896007428,10.02785515,4.967502321,10.67780873,45.72887651,20.38068709
Nassau_2022 Q2,Nassau,2250,108,190,52,106,209,1033,541,11,,NA,,NA,NA,NA,NA,0,,4.8,8.444444444,4.711111111,9.288888889,45.91111111,24.04444444
Nassau_2022 Q3,Nassau,2312,94,252,51,99,218,1042,545,11,,NA,,NA,NA,NA,NA,0,,4.065743945,10.89965398,4.28200692,9.429065744,45.06920415,23.57266436
Nassau_2022 Q4,Nassau,1868,99,209,54,89,214,639,556,8,,NA,,NA,NA,NA,NA,0,,5.299785867,11.18843683,4.764453961,11.45610278,34.20770878,29.76445396
New York_2010 Q1,New York,11672,802,3129,2578,73,307,1151,3621,11,Cyrus Vance,0,D,1,1,0,1,0,,6.87114462,26.80774503,0.625428376,2.630226182,9.861206306,31.02296093
New York_2010 Q2,New York,11945,902,3346,2412,100,322,1425,3428,10,Cyrus Vance,0,D,1,1,0,1,0,,7.551276685,28.01172039,0.837170364,2.695688573,11.92967769,28.69820008
New York_2010 Q3,New York,10624,667,3087,2162,95,293,1113,3195,12,Cyrus Vance,0,D,1,1,0,1,0,,6.278237952,29.05685241,0.894201807,2.757906627,10.47628012,30.07341867
New York_2010 Q4,New York,11196,778,3217,2228,70,286,1133,3468,16,Cyrus Vance,0,D,1,1,0,1,0,,6.948910325,28.73347624,0.625223294,2.554483744,10.1196856,30.97534834
New York_2011 Q1,New York,12220,758,3384,2453,125,339,1272,3875,14,Cyrus Vance,0,D,1,1,0,1,0,,6.20294599,27.69230769,1.022913257,2.774140753,10.4091653,31.71031097
New York_2011 Q2,New York,11832,716,3330,2361,99,335,1257,3724,10,Cyrus Vance,0,D,1,1,0,1,0,,6.051386072,28.14401623,0.836713996,2.831304936,10.62373225,31.4739689
New York_2011 Q3,New York,10581,589,3226,2129,93,282,1137,3110,15,Cyrus Vance,0,D,1,1,0,1,0,,5.566581609,30.48861166,0.878933938,2.665154522,10.74567621,29.39230697
New York_2011 Q4,New York,10557,682,3242,2061,89,286,1033,3148,16,Cyrus Vance,0,D,1,1,0,1,0,,6.460168609,30.70948186,0.843042531,2.709102965,9.784976793,29.81907739
New York_2012 Q1,New York,12109,714,3587,2604,93,349,1154,3592,16,Cyrus Vance,0,D,1,1,0,1,0,,5.896440664,29.62259476,0.768023784,2.88215377,9.530101577,29.66388637
New York_2012 Q2,New York,11919,747,3310,2662,122,319,1198,3542,19,Cyrus Vance,0,D,1,1,0,1,0,,6.267304304,27.77078614,1.023575803,2.676399027,10.05117879,29.71725816
New York_2012 Q3,New York,11690,650,3496,2792,97,290,1031,3315,19,Cyrus Vance,0,D,1,1,0,1,0,,5.560307956,29.90590248,0.829769033,2.48075278,8.819503849,28.35757057
New York_2012 Q4,New York,10050,566,2830,2540,91,233,917,2845,28,Cyrus Vance,0,D,1,1,0,1,0,,5.631840796,28.15920398,0.905472637,2.31840796,9.124378109,28.30845771
New York_2013 Q1,New York,12088,681,3216,3247,96,338,1089,3407,14,Cyrus Vance,0,D,1,1,0,1,0.5,,5.6336863,26.60489742,0.794176042,2.796161482,9.00893448,28.18497684
New York_2013 Q2,New York,11992,716,3037,3136,82,290,1151,3570,10,Cyrus Vance,0,D,1,1,0,1,0.5,,5.970647098,25.32521681,0.683789193,2.418278853,9.598065377,29.76984656
New York_2013 Q3,New York,11004,538,2986,2964,85,232,949,3245,5,Cyrus Vance,0,D,1,1,0,1,1,,4.889131225,27.13558706,0.772446383,2.108324246,8.624136678,29.48927663
New York_2013 Q4,New York,10975,639,2808,2989,65,268,1017,3173,16,Cyrus Vance,0,D,1,1,0,1,1,,5.822323462,25.58542141,0.592255125,2.44191344,9.266514806,28.91116173
New York_2014 Q1,New York,11739,723,2896,3471,101,258,966,3309,15,Cyrus Vance,0,D,1,1,0,0,0,,6.158957322,24.66990374,0.86037993,2.197802198,8.228980322,28.18809098
New York_2014 Q2,New York,12078,631,2845,3757,86,378,1049,3320,12,Cyrus Vance,0,D,1,1,0,0,0,,5.224374897,23.55522437,0.712038417,3.129657228,8.685212784,27.4879947
New York_2014 Q3,New York,11005,523,2486,3560,88,276,994,3070,8,Cyrus Vance,0,D,1,1,0,0,0,,4.752385279,22.58973194,0.799636529,2.507950931,9.032258065,27.89641072
New York_2014 Q4,New York,10222,607,2238,3029,98,315,904,3019,12,Cyrus Vance,0,D,1,1,0,0,0,,5.938172569,21.89395422,0.958716494,3.08158873,8.843670515,29.5343377
New York_2015 Q1,New York,9777,628,2299,2800,88,292,811,2850,9,Cyrus Vance,0,D,1,1,0,0,0,,6.423238212,23.51437046,0.900071597,2.986601207,8.29497801,29.15004603
New York_2015 Q2,New York,9931,590,2166,3043,62,256,794,3006,14,Cyrus Vance,0,D,1,1,0,0,0,,5.940992851,21.8104924,0.624307723,2.577786728,7.99516665,30.2688551
New York_2015 Q3,New York,9198,620,1968,2964,65,275,743,2542,21,Cyrus Vance,0,D,1,1,0,0,0,,6.740595782,21.39595564,0.706675364,2.989780387,8.077843009,27.6364427
New York_2015 Q4,New York,9482,610,1865,3083,73,284,827,2731,9,Cyrus Vance,0,D,1,1,0,0,0,,6.433241932,19.66884623,0.769879772,2.995148703,8.721788652,28.80194052
New York_2016 Q1,New York,10153,654,2117,3279,92,299,873,2832,7,Cyrus Vance,0,D,1,1,0,0,0,,6.441445878,20.85098001,0.906136117,2.944942382,8.59844381,27.89323353
New York_2016 Q2,New York,9875,645,1818,3159,76,361,883,2915,18,Cyrus Vance,0,D,1,1,0,0,0,,6.53164557,18.41012658,0.769620253,3.655696203,8.941772152,29.51898734
New York_2016 Q3,New York,9003,576,1620,2981,88,289,746,2687,16,Cyrus Vance,0,D,1,1,0,0,0,,6.397867378,17.994002,0.97745196,3.210041097,8.286126847,29.84560702
New York_2016 Q4,New York,9390,643,1569,3070,56,301,840,2899,12,Cyrus Vance,0,D,1,1,0,0,0,,6.84771033,16.70926518,0.596379127,3.205537806,8.945686901,30.87326944
New York_2017 Q1,New York,9609,698,1744,3185,62,278,786,2842,14,Cyrus Vance,0,D,1,1,0,0,0.5,,7.264023311,18.14965137,0.645228432,2.893121032,8.179831408,29.57643876
New York_2017 Q2,New York,9489,743,1817,2843,94,322,775,2881,14,Cyrus Vance,0,D,1,1,0,0,0.5,,7.830119085,19.14848772,0.990620719,3.393402888,8.16735167,30.36147118
New York_2017 Q3,New York,7764,591,1597,2291,77,241,717,2241,9,Cyrus Vance,0,D,1,1,0,0,1,,7.612055641,20.56929418,0.991756826,3.104070067,9.234930448,28.86398764
New York_2017 Q4,New York,7285,571,1421,2089,58,256,649,2230,11,Cyrus Vance,0,D,1,1,0,0,1,,7.838023336,19.50583391,0.796156486,3.514070007,8.908716541,30.6108442
New York_2018 Q1,New York,7360,598,1246,2198,52,240,654,2357,15,Cyrus Vance,0,D,0,NA,0,NA,0,,8.125,16.92934783,0.706521739,3.260869565,8.885869565,32.02445652
New York_2018 Q2,New York,6759,589,1150,1914,48,235,541,2271,11,Cyrus Vance,0,D,0,NA,0,NA,0,,8.71430685,17.01435124,0.710164225,3.476845687,8.004142625,33.59964492
New York_2018 Q3,New York,5554,459,888,1667,52,201,413,1869,5,Cyrus Vance,0,D,0,NA,0,NA,0,,8.264314008,15.98847677,0.936262153,3.619013324,7.436082103,33.6514224
New York_2018 Q4,New York,5701,428,869,1846,48,198,428,1875,9,Cyrus Vance,0,D,0,NA,0,NA,0,,7.507454832,15.24293984,0.841957551,3.473074899,7.507454832,32.88896685
New York_2019 Q1,New York,6344,574,948,2006,52,217,459,2082,6,Cyrus Vance,0,D,0,NA,0,NA,0,,9.047919294,14.94325347,0.819672131,3.420554855,7.23518285,32.8184111
New York_2019 Q2,New York,5993,613,829,1916,50,235,354,1987,9,Cyrus Vance,0,D,0,NA,0,NA,0,,10.22860003,13.83280494,0.834306691,3.921241448,5.906891373,33.15534791
New York_2019 Q3,New York,5104,467,725,1652,58,172,322,1698,10,Cyrus Vance,0,D,0,NA,0,NA,0,,9.14968652,14.20454545,1.136363636,3.369905956,6.308777429,33.26802508
New York_2019 Q4,New York,5241,452,674,1805,53,202,322,1721,12,Cyrus Vance,0,D,0,NA,0,NA,0,,8.624308338,12.86014119,1.011257394,3.854226293,6.143865674,32.8372448
New York_2020 Q1,New York,3642,395,289,1421,33,161,215,1118,10,Cyrus Vance,0,D,0,NA,0,NA,0,,10.84568918,7.935200439,0.906095552,4.420647996,5.903349808,30.697419
New York_2020 Q2,New York,348,4,55,242,2,3,5,37,0,Cyrus Vance,0,D,0,NA,0,NA,0,,1.149425287,15.8045977,0.574712644,0.862068966,1.436781609,10.63218391
New York_2020 Q3,New York,870,103,110,318,11,41,57,229,1,Cyrus Vance,0,D,0,NA,0,NA,0,,11.83908046,12.64367816,1.264367816,4.712643678,6.551724138,26.32183908
New York_2020 Q4,New York,1747,116,141,742,21,71,67,585,4,Cyrus Vance,0,D,0,NA,0,NA,0,,6.639954207,8.070978821,1.202060675,4.064109903,3.835145965,33.48597596
New York_2021 Q1,New York,2544,145,255,1118,31,84,87,820,4,Cyrus Vance,0,D,0,NA,1,1,0.5,,5.699685535,10.02358491,1.218553459,3.301886792,3.419811321,32.2327044
New York_2021 Q2,New York,2522,197,231,1104,16,93,102,778,1,Cyrus Vance,0,D,0,NA,1,1,0.5,,7.811260904,9.159397304,0.634417129,3.687549564,4.044409199,30.84853291
New York_2021 Q3,New York,3056,267,228,1528,23,148,80,778,4,Cyrus Vance,0,D,0,NA,1,1,1,,8.736910995,7.460732984,0.752617801,4.842931937,2.617801047,25.45811518
New York_2021 Q4,New York,2889,314,215,1245,23,145,100,845,2,Cyrus Vance,0,D,0,NA,1,1,1,,10.86881274,7.442021461,0.796123226,5.019037729,3.461405331,29.24887504
New York_2022 Q1,New York,2982,359,230,1244,23,159,79,883,5,Alvin Bragg,1,D,0,NA,0,NA,0,,12.03890007,7.712944333,0.771294433,5.331991952,2.649228706,29.61099933
New York_2022 Q2,New York,3192,401,245,1475,27,128,94,814,8,Alvin Bragg,1,D,0,NA,0,NA,0,,12.56265664,7.675438596,0.845864662,4.010025063,2.944862155,25.50125313
New York_2022 Q3,New York,3085,369,209,1525,23,132,75,749,3,Alvin Bragg,1,D,0,NA,0,NA,0,,11.96110211,6.77471637,0.74554295,4.278768233,2.431118314,24.27876823
New York_2022 Q4,New York,2854,346,241,1416,13,101,60,673,4,Alvin Bragg,1,D,0,NA,0,NA,0,,12.12333567,8.444288718,0.455501051,3.538892782,2.102312544,23.58093903
Niagara_2010 Q1,Niagara,1003,44,209,98,13,89,380,167,3,Michael J. Violante,0,R,1,1,0,0,0,,4.386839482,20.83748754,1.296111665,8.87337986,37.88634098,16.65004985
Niagara_2010 Q2,Niagara,939,42,186,105,9,85,352,159,1,Michael J. Violante,0,R,1,1,0,0,0,,4.47284345,19.80830671,0.958466454,9.052183174,37.48668797,16.93290735
Niagara_2010 Q3,Niagara,942,38,181,113,14,92,334,167,3,Michael J. Violante,0,R,1,1,0,0,0,,4.033970276,19.21443737,1.486199575,9.766454352,35.45647558,17.72823779
Niagara_2010 Q4,Niagara,901,28,191,91,10,83,322,172,4,Michael J. Violante,0,R,1,1,0,0,0,,3.107658158,21.19866815,1.109877913,9.211986681,35.73806881,19.08990011
Niagara_2011 Q1,Niagara,896,39,170,67,12,95,364,143,6,Michael J. Violante,0,R,1,1,0,0,0.5,,4.352678571,18.97321429,1.339285714,10.60267857,40.625,15.95982143
Niagara_2011 Q2,Niagara,867,52,155,88,8,83,341,136,4,Michael J. Violante,0,R,1,1,0,0,0.5,,5.997693195,17.87773933,0.92272203,9.573241061,39.33102653,15.68627451
Niagara_2011 Q3,Niagara,856,51,137,100,11,100,299,155,3,Michael J. Violante,0,R,1,1,0,0,1,,5.957943925,16.0046729,1.285046729,11.68224299,34.92990654,18.10747664
Niagara_2011 Q4,Niagara,790,28,132,81,6,64,311,164,4,Michael J. Violante,0,R,1,1,0,0,1,,3.544303797,16.70886076,0.759493671,8.101265823,39.36708861,20.75949367
Niagara_2012 Q1,Niagara,836,29,178,77,14,77,306,152,3,Michael J. Violante,0,R,0,NA,0,NA,0,,3.468899522,21.29186603,1.674641148,9.210526316,36.60287081,18.18181818
Niagara_2012 Q2,Niagara,916,45,169,76,18,89,341,178,0,Michael J. Violante,0,R,0,NA,0,NA,0,,4.912663755,18.44978166,1.965065502,9.716157205,37.22707424,19.43231441
Niagara_2012 Q3,Niagara,748,23,133,72,7,87,273,153,0,Michael J. Violante,0,R,0,NA,0,NA,0,,3.07486631,17.78074866,0.935828877,11.63101604,36.4973262,20.45454545
Niagara_2012 Q4,Niagara,691,29,137,45,9,53,257,161,0,Michael J. Violante,0,R,0,NA,0,NA,0,,4.196816208,19.82633864,1.302460203,7.670043415,37.19247467,23.29956585
Niagara_2013 Q1,Niagara,766,31,148,66,7,84,264,165,1,Michael J. Violante,0,R,0,NA,0,NA,0,,4.046997389,19.32114883,0.91383812,10.96605744,34.46475196,21.54046997
Niagara_2013 Q2,Niagara,769,45,152,64,7,82,276,143,0,Michael J. Violante,0,R,0,NA,0,NA,0,,5.851755527,19.76592978,0.910273082,10.66319896,35.89076723,18.59557867
Niagara_2013 Q3,Niagara,816,47,144,61,8,74,286,195,1,Michael J. Violante,0,R,0,NA,0,NA,0,,5.759803922,17.64705882,0.980392157,9.068627451,35.04901961,23.89705882
Niagara_2013 Q4,Niagara,721,36,128,57,13,52,262,170,3,Michael J. Violante,0,R,0,NA,0,NA,0,,4.993065187,17.75312067,1.803051318,7.21220527,36.33841886,23.57836338
Niagara_2014 Q1,Niagara,765,49,147,73,6,65,258,165,2,Michael J. Violante,0,R,0,NA,0,NA,0,,6.405228758,19.21568627,0.784313725,8.496732026,33.7254902,21.56862745
Niagara_2014 Q2,Niagara,832,47,140,66,7,69,291,212,0,Michael J. Violante,0,R,0,NA,0,NA,0,,5.649038462,16.82692308,0.841346154,8.293269231,34.97596154,25.48076923
Niagara_2014 Q3,Niagara,810,31,132,67,9,79,299,193,0,Michael J. Violante,0,R,0,NA,0,NA,0,,3.827160494,16.2962963,1.111111111,9.75308642,36.91358025,23.82716049
Niagara_2014 Q4,Niagara,733,47,132,74,4,58,259,158,1,Michael J. Violante,0,R,0,NA,0,NA,0,,6.412005457,18.00818554,0.545702592,7.912687585,35.33424284,21.55525239
Niagara_2015 Q1,Niagara,700,48,129,52,6,53,258,153,1,Michael J. Violante,0,R,0,NA,0,NA,0,,6.857142857,18.42857143,0.857142857,7.571428571,36.85714286,21.85714286
Niagara_2015 Q2,Niagara,819,30,141,52,7,83,319,185,2,Michael J. Violante,0,R,0,NA,0,NA,0,,3.663003663,17.21611722,0.854700855,10.13431013,38.94993895,22.58852259
Niagara_2015 Q3,Niagara,746,31,124,51,4,85,270,179,2,Michael J. Violante,0,R,0,NA,0,NA,0,,4.155495979,16.62198391,0.536193029,11.39410188,36.19302949,23.99463807
Niagara_2015 Q4,Niagara,737,43,119,37,6,75,278,177,2,Michael J. Violante,0,R,0,NA,0,NA,0,,5.834464043,16.14654003,0.814111262,10.17639077,37.72048847,24.01628223
Niagara_2016 Q1,Niagara,836,42,136,61,9,75,309,202,2,Michael J. Violante,0,R,0,NA,0,0,0.5,,5.023923445,16.26794258,1.076555024,8.971291866,36.96172249,24.16267943
Niagara_2016 Q2,Niagara,953,49,151,53,9,105,361,224,1,Michael J. Violante,0,R,0,NA,0,0,0.5,,5.141657922,15.84470094,0.944386149,11.01783841,37.88037775,23.50472193
Niagara_2016 Q3,Niagara,815,42,144,44,5,75,303,201,1,Michael J. Violante,0,R,0,NA,0,0,1,,5.153374233,17.66871166,0.613496933,9.202453988,37.17791411,24.66257669
Niagara_2016 Q4,Niagara,787,43,171,47,7,69,283,164,3,Michael J. Violante,0,R,0,NA,0,0,1,,5.463786531,21.72808132,0.889453621,8.76747141,35.95933926,20.8386277
Niagara_2017 Q1,Niagara,821,43,172,54,6,66,280,195,5,Caroline Wojtaszek,0,Inp,0,NA,0,NA,0,,5.237515225,20.9500609,0.730816078,8.038976857,34.1047503,23.75152253
Niagara_2017 Q2,Niagara,793,37,157,39,5,85,282,186,2,Caroline Wojtaszek,0,Inp,0,NA,0,NA,0,,4.665825977,19.79823455,0.630517024,10.71878941,35.56116015,23.45523329
Niagara_2017 Q3,Niagara,773,50,121,29,4,96,274,198,1,Caroline Wojtaszek,0,Inp,0,NA,0,NA,0,,6.468305304,15.65329884,0.517464424,12.41914618,35.44631307,25.614489
Niagara_2017 Q4,Niagara,820,37,149,44,3,82,282,221,2,Caroline Wojtaszek,0,Inp,0,NA,0,NA,0,,4.512195122,18.17073171,0.365853659,10,34.3902439,26.95121951
Niagara_2018 Q1,Niagara,764,40,132,34,8,82,277,189,2,Caroline Wojtaszek,0,Inp,0,NA,0,NA,0,,5.235602094,17.27748691,1.047120419,10.73298429,36.2565445,24.7382199
Niagara_2018 Q2,Niagara,795,46,133,44,8,80,284,197,3,Caroline Wojtaszek,0,Inp,0,NA,0,NA,0,,5.786163522,16.72955975,1.006289308,10.06289308,35.72327044,24.77987421
Niagara_2018 Q3,Niagara,702,22,112,41,7,93,237,188,2,Caroline Wojtaszek,0,Inp,0,NA,0,NA,0,,3.133903134,15.95441595,0.997150997,13.24786325,33.76068376,26.78062678
Niagara_2018 Q4,Niagara,711,24,146,30,4,65,249,193,0,Caroline Wojtaszek,0,Inp,0,NA,0,NA,0,,3.375527426,20.53445851,0.562587904,9.142053446,35.02109705,27.14486639
Niagara_2019 Q1,Niagara,754,40,135,27,2,62,245,243,0,Caroline Wojtaszek,0,Inp,0,NA,0,NA,0,,5.305039788,17.90450928,0.265251989,8.222811671,32.4933687,32.22811671
Niagara_2019 Q2,Niagara,754,36,133,27,3,89,239,225,2,Caroline Wojtaszek,0,Inp,0,NA,0,NA,0,,4.774535809,17.63925729,0.397877984,11.80371353,31.69761273,29.84084881
Niagara_2019 Q3,Niagara,747,40,126,38,2,69,225,244,3,Caroline Wojtaszek,0,Inp,0,NA,0,NA,0,,5.354752343,16.86746988,0.267737617,9.236947791,30.12048193,32.66398929
Niagara_2019 Q4,Niagara,723,42,101,26,11,55,272,215,1,Caroline Wojtaszek,0,Inp,0,NA,0,NA,0,,5.809128631,13.96957123,1.521438451,7.607192254,37.62102351,29.73720609
Niagara_2020 Q1,Niagara,579,22,72,22,6,73,208,173,3,Caroline Wojtaszek,0,Inp,0,NA,1,1,0.5,,3.799654577,12.43523316,1.03626943,12.60794473,35.92400691,29.8791019
Niagara_2020 Q2,Niagara,34,1,12,10,0,1,5,5,0,Caroline Wojtaszek,0,Inp,0,NA,1,1,0.5,,2.941176471,35.29411765,0,2.941176471,14.70588235,14.70588235
Niagara_2020 Q3,Niagara,384,23,19,19,3,52,165,102,1,Caroline Wojtaszek,0,Inp,0,NA,1,1,1,,5.989583333,4.947916667,0.78125,13.54166667,42.96875,26.5625
Niagara_2020 Q4,Niagara,437,14,30,15,3,37,199,138,1,Caroline Wojtaszek,0,Inp,0,NA,1,1,1,,3.203661327,6.864988558,0.686498856,8.466819222,45.53775744,31.57894737
Niagara_2021 Q1,Niagara,348,36,48,21,1,39,104,99,0,Brian Seaman,0,R,0,NA,0,NA,0,,10.34482759,13.79310345,0.287356322,11.20689655,29.88505747,28.44827586
Niagara_2021 Q2,Niagara,501,21,56,24,1,47,224,128,0,Brian Seaman,0,R,0,NA,0,NA,0,,4.191616766,11.17764471,0.199600798,9.381237525,44.71057884,25.5489022
Niagara_2021 Q3,Niagara,711,33,75,20,6,71,317,185,4,Brian Seaman,0,R,0,NA,0,NA,0,,4.641350211,10.54852321,0.843881857,9.985935302,44.58509142,26.01969058
Niagara_2021 Q4,Niagara,721,54,94,35,12,90,267,168,1,Brian Seaman,0,R,0,NA,0,NA,0,,7.489597781,13.03744799,1.664355062,12.48266297,37.03190014,23.30097087
Niagara_2022 Q1,Niagara,766,30,98,49,10,89,284,206,0,Brian Seaman,0,R,0,NA,0,NA,0,,3.916449086,12.79373368,1.305483029,11.61879896,37.07571802,26.89295039
Niagara_2022 Q2,Niagara,780,43,94,43,18,89,281,210,2,Brian Seaman,0,R,0,NA,0,NA,0,,5.512820513,12.05128205,2.307692308,11.41025641,36.02564103,26.92307692
Niagara_2022 Q3,Niagara,639,45,94,41,5,73,203,176,2,Brian Seaman,0,R,0,NA,0,NA,0,,7.042253521,14.71048513,0.782472613,11.42410016,31.76838811,27.54303599
Niagara_2022 Q4,Niagara,612,33,66,53,9,60,204,185,2,Brian Seaman,0,R,0,NA,0,NA,0,,5.392156863,10.78431373,1.470588235,9.803921569,33.33333333,30.22875817
NY State Total_2010 Q1,NY State Total,81396,4057,15635,9243,2123,5533,19890,24413,502,,NA,,NA,NA,NA,NA,0,,4.984274412,19.20856062,2.608236277,6.797631333,24.43609023,29.99287434
NY State Total_2010 Q2,NY State Total,81861,4193,14647,9089,2246,5693,20872,24565,556,,NA,,NA,NA,NA,NA,0,,5.122097214,17.89252513,2.743675254,6.954471604,25.49687886,30.00818461
NY State Total_2010 Q3,NY State Total,76126,3711,14839,8396,1989,5394,19143,22135,519,,NA,,NA,NA,NA,NA,0,,4.87481281,19.49268318,2.61277356,7.085621207,25.1464677,29.07679374
NY State Total_2010 Q4,NY State Total,73770,3760,14177,8242,1881,5050,17456,22683,521,,NA,,NA,NA,NA,NA,0,,5.096922868,19.21783923,2.549816999,6.845601193,23.66273553,30.74827166
NY State Total_2011 Q1,NY State Total,79160,4135,14736,8892,2153,5399,19395,23942,508,,NA,,NA,NA,NA,NA,0,,5.223597777,18.61546235,2.719807984,6.82036382,24.50101061,30.24507327
NY State Total_2011 Q2,NY State Total,79547,4135,14638,9175,2048,5555,19508,23931,557,,NA,,NA,NA,NA,NA,0,,5.198184721,18.40169962,2.574578551,6.983292896,24.52386639,30.08410122
NY State Total_2011 Q3,NY State Total,72721,3559,14340,8753,1891,5061,17675,20966,476,,NA,,NA,NA,NA,NA,0,,4.894047112,19.71920078,2.60034928,6.959475255,24.30522133,28.83073665
NY State Total_2011 Q4,NY State Total,71105,3532,13670,8445,1729,5015,17379,20803,532,,NA,,NA,NA,NA,NA,0,,4.967301878,19.22508966,2.431615217,7.052949863,24.44131918,29.256733
NY State Total_2012 Q1,NY State Total,79667,4020,15355,10114,2007,5652,19380,22661,478,,NA,,NA,NA,NA,NA,0,,5.046003992,19.27397793,2.519236321,7.094530985,24.32625805,28.44465086
NY State Total_2012 Q2,NY State Total,78660,4020,14468,10614,2008,5461,18994,22468,627,,NA,,NA,NA,NA,NA,0,,5.110602593,18.39308416,2.552758708,6.942537503,24.14696161,28.56343758
NY State Total_2012 Q3,NY State Total,73723,3549,14550,10006,1797,4964,17213,21091,553,,NA,,NA,NA,NA,NA,0,,4.813965791,19.73603896,2.437502543,6.733312535,23.34820884,28.6084397
NY State Total_2012 Q4,NY State Total,67968,3309,12718,9094,1651,4849,16404,19375,568,,NA,,NA,NA,NA,NA,0,,4.868467514,18.7117467,2.429084275,7.134239642,24.13488701,28.50606168
NY State Total_2013 Q1,NY State Total,76162,3891,14081,10315,1918,5347,18135,21967,508,,NA,,NA,NA,NA,NA,0,,5.108846932,18.48822247,2.518316221,7.020561435,23.81108689,28.84246737
NY State Total_2013 Q2,NY State Total,79484,4069,14133,10836,2001,5329,18872,23784,460,,NA,,NA,NA,NA,NA,0,,5.119269287,17.78093704,2.517487796,6.704493986,23.74314327,29.92300337
NY State Total_2013 Q3,NY State Total,73017,3488,13781,10084,1758,4953,17219,21212,522,,NA,,NA,NA,NA,NA,0,,4.776969747,18.87368695,2.40765849,6.783351822,23.58217949,29.050769
NY State Total_2013 Q4,NY State Total,71084,3447,12941,9873,1650,4827,16912,20977,457,,NA,,NA,NA,NA,NA,0,,4.849192505,18.20522199,2.321197457,6.79055765,23.79157054,29.510157
NY State Total_2014 Q1,NY State Total,74525,3914,13296,9955,1901,4965,17461,22560,473,,NA,,NA,NA,NA,NA,0,,5.251928883,17.84099296,2.550821872,6.662193895,23.42972157,30.2717209
NY State Total_2014 Q2,NY State Total,75623,3860,12969,10725,1797,5222,17971,22655,424,,NA,,NA,NA,NA,NA,0,,5.10426722,17.14954445,2.37626119,6.905306587,23.76393425,29.95781707
NY State Total_2014 Q3,NY State Total,70469,3405,12543,10346,1637,4736,16433,20880,489,,NA,,NA,NA,NA,NA,0,,4.831911905,17.79931601,2.32300728,6.720685692,23.31947381,29.63005009
NY State Total_2014 Q4,NY State Total,65909,3304,10937,9417,1577,4608,15821,19847,398,,NA,,NA,NA,NA,NA,0,,5.012972432,16.59409185,2.392692955,6.991457919,24.00430897,30.11273119
NY State Total_2015 Q1,NY State Total,66949,3489,11637,9500,1635,4638,15952,19730,368,,NA,,NA,NA,NA,NA,0,,5.211429596,17.38188771,2.442157463,6.927661354,23.82709226,29.47019373
NY State Total_2015 Q2,NY State Total,68328,3800,11506,9778,1635,4804,16055,20331,419,,NA,,NA,NA,NA,NA,0,,5.561409671,16.83936307,2.392869687,7.030792647,23.49695586,29.75500527
NY State Total_2015 Q3,NY State Total,62453,3385,10692,8960,1402,4402,14433,18836,343,,NA,,NA,NA,NA,NA,0,,5.420075897,17.1200743,2.244888156,7.048500472,23.11017885,30.16028053
NY State Total_2015 Q4,NY State Total,60793,3234,9944,8467,1438,4343,14677,18313,377,,NA,,NA,NA,NA,NA,0,,5.319691412,16.35714638,2.365403912,7.143914595,24.14258221,30.12353396
NY State Total_2016 Q1,NY State Total,66324,3731,10849,8853,1653,4564,16190,20077,407,,NA,,NA,NA,NA,NA,0,,5.625414631,16.35757795,2.492310476,6.881370243,24.41046981,30.27109342
NY State Total_2016 Q2,NY State Total,66626,3817,10455,8686,1631,5019,16429,20182,407,,NA,,NA,NA,NA,NA,0,,5.728994687,15.69207216,2.447993276,7.533095188,24.65854171,30.2914778
NY State Total_2016 Q3,NY State Total,63573,3542,10173,8402,1454,4615,15529,19468,390,,NA,,NA,NA,NA,NA,0,,5.57154767,16.00207635,2.287134475,7.259371117,24.42703664,30.62306325
NY State Total_2016 Q4,NY State Total,61200,3523,9711,8032,1328,4462,15091,18648,405,,NA,,NA,NA,NA,NA,0,,5.756535948,15.86764706,2.169934641,7.290849673,24.65849673,30.47058824
NY State Total_2017 Q1,NY State Total,64723,3860,10391,8510,1634,4745,15944,19196,443,,NA,,NA,NA,NA,NA,0,,5.963876829,16.05457102,2.524604855,7.331242371,24.6342104,29.65869938
NY State Total_2017 Q2,NY State Total,63741,3800,9990,8186,1575,4981,16357,18417,435,,NA,,NA,NA,NA,NA,0,,5.961625955,15.67280087,2.470937073,7.814436548,25.66166204,28.89349085
NY State Total_2017 Q3,NY State Total,57313,3354,9500,7505,1320,4539,14498,16169,428,,NA,,NA,NA,NA,NA,0,,5.852075445,16.57564601,2.303142394,7.919669185,25.29618062,28.21174952
NY State Total_2017 Q4,NY State Total,56867,3426,8922,7003,1306,4373,14641,16786,410,,NA,,NA,NA,NA,NA,0,,6.024583678,15.68923981,2.296586773,7.689872861,25.746039,29.51799814
NY State Total_2018 Q1,NY State Total,58603,3559,8753,7103,1484,4456,15567,17210,471,,NA,,NA,NA,NA,NA,0,,6.073067932,14.93609542,2.532293569,7.603706295,26.56348651,29.36709725
NY State Total_2018 Q2,NY State Total,57544,3510,8319,6572,1386,4669,15858,16796,434,,NA,,NA,NA,NA,NA,0,,6.099680245,14.45676352,2.408591686,8.113791186,27.55804254,29.18809954
NY State Total_2018 Q3,NY State Total,50935,3085,7492,5901,1289,4185,13569,14984,430,,NA,,NA,NA,NA,NA,0,,6.056738981,14.70894277,2.530676352,8.216354177,26.63983508,29.41788554
NY State Total_2018 Q4,NY State Total,50775,2987,7189,5895,1122,3962,13903,15299,418,,NA,,NA,NA,NA,NA,0,,5.882816347,14.15854259,2.209748892,7.803052683,27.38158543,30.13096997
NY State Total_2019 Q1,NY State Total,54340,3355,7324,6323,1330,4325,14862,16394,427,,NA,,NA,NA,NA,NA,0,,6.174089069,13.47810085,2.447552448,7.959146117,27.3500184,30.16930438
NY State Total_2019 Q2,NY State Total,51797,3370,6557,5796,1207,4451,14561,15469,386,,NA,,NA,NA,NA,NA,0,,6.506168311,12.65903431,2.330250787,8.593161766,28.1116667,29.86466398
NY State Total_2019 Q3,NY State Total,46477,2899,6123,5238,1053,3846,12976,13976,366,,NA,,NA,NA,NA,NA,0,,6.237493814,13.17425824,2.265636767,8.275060783,27.91918583,30.0707877
NY State Total_2019 Q4,NY State Total,48325,2717,5436,5521,1086,3831,14196,15145,393,,NA,,NA,NA,NA,NA,0,,5.622348681,11.24883601,2.247284014,7.92757372,29.37609933,31.33988619
NY State Total_2020 Q1,NY State Total,38374,2298,3384,3953,849,3365,12232,11964,329,,NA,,NA,NA,NA,NA,0,,5.988429666,8.81847084,2.212435503,8.768958149,31.87574921,31.17735967
NY State Total_2020 Q2,NY State Total,3123,209,505,645,71,312,493,862,26,,NA,,NA,NA,NA,NA,0,,6.692283061,16.17034902,2.273455011,9.990393852,15.78610311,27.60166507
NY State Total_2020 Q3,NY State Total,21021,1298,1576,1386,451,2388,7976,5709,237,,NA,,NA,NA,NA,NA,0,,6.174777603,7.49726464,2.145473574,11.3600685,37.94300937,27.15855573
NY State Total_2020 Q4,NY State Total,22761,1153,1763,2026,399,2247,8068,6856,249,,NA,,NA,NA,NA,NA,0,,5.065682527,7.745705373,1.75299855,9.87214973,35.44659725,30.1216994
NY State Total_2021 Q1,NY State Total,22460,1251,1925,2624,427,2203,6970,6847,213,,NA,,NA,NA,NA,NA,0,,5.569902048,8.57079252,1.901157614,9.808548531,31.03294746,30.48530721
NY State Total_2021 Q2,NY State Total,29303,1875,2325,2563,547,2673,10938,8129,253,,NA,,NA,NA,NA,NA,0,,6.398662253,7.934341194,1.866703068,9.121932908,37.32723612,27.74118691
NY State Total_2021 Q3,NY State Total,31119,2148,2756,3269,598,2884,10583,8614,267,,NA,,NA,NA,NA,NA,0,,6.902535429,8.856325717,1.92165558,9.267649989,34.00816222,27.68083807
NY State Total_2021 Q4,NY State Total,29216,2154,2434,2892,613,2938,9516,8438,231,,NA,,NA,NA,NA,NA,0,,7.372672508,8.331051479,2.098165389,10.05613363,32.57119387,28.88143483
NY State Total_2022 Q1,NY State Total,31498,2631,2842,3128,703,2976,10009,8994,215,,NA,,NA,NA,NA,NA,0,,8.352911296,9.022795098,2.231887739,9.448218935,31.77662074,28.55419392
NY State Total_2022 Q2,NY State Total,32746,3025,2971,3516,681,3188,10202,8908,255,,NA,,NA,NA,NA,NA,0,,9.237769499,9.072863861,2.079643315,9.735540219,31.15495022,27.20332254
NY State Total_2022 Q3,NY State Total,30982,2659,3081,3574,660,2919,9436,8415,238,,NA,,NA,NA,NA,NA,0,,8.582402685,9.944483894,2.130269189,9.421599638,30.45639404,27.16093215
NY State Total_2022 Q4,NY State Total,29662,2524,2912,3472,580,2703,8713,8464,294,,NA,,NA,NA,NA,NA,0,,8.509203695,9.817274627,1.955363765,9.112669409,29.3742836,28.5348257
Oneida_2010 Q1,Oneida,1070,114,220,33,53,81,415,138,16,Scott McNamara,0,D,1,1,0,0,0,,10.65420561,20.56074766,4.953271028,7.570093458,38.78504673,12.89719626
Oneida_2010 Q2,Oneida,1046,74,179,39,45,81,492,118,18,Scott McNamara,0,D,1,1,0,0,0,,7.07456979,17.11281071,4.30210325,7.743785851,47.03632887,11.28107075
Oneida_2010 Q3,Oneida,967,85,160,35,41,66,432,137,11,Scott McNamara,0,D,1,1,0,0,0,,8.790072389,16.54601861,4.23991727,6.825232678,44.67425026,14.16752844
Oneida_2010 Q4,Oneida,948,74,169,41,54,61,402,135,12,Scott McNamara,0,D,1,1,0,0,0,,7.805907173,17.82700422,5.696202532,6.434599156,42.40506329,14.24050633
Oneida_2011 Q1,Oneida,1024,106,197,51,48,78,394,132,18,Scott McNamara,0,D,1,1,0,0,0.5,,10.3515625,19.23828125,4.6875,7.6171875,38.4765625,12.890625
Oneida_2011 Q2,Oneida,974,88,199,23,52,66,387,141,18,Scott McNamara,0,D,1,1,0,0,0.5,,9.034907598,20.4312115,5.338809035,6.776180698,39.73305955,14.47638604
Oneida_2011 Q3,Oneida,974,84,224,38,64,56,357,132,19,Scott McNamara,0,D,1,1,0,0,1,,8.624229979,22.99794661,6.570841889,5.749486653,36.65297741,13.5523614
Oneida_2011 Q4,Oneida,897,71,182,29,48,67,360,127,13,Scott McNamara,0,D,1,1,0,0,1,,7.915273133,20.28985507,5.351170569,7.469342252,40.13377926,14.15830546
Oneida_2012 Q1,Oneida,940,83,205,16,40,61,392,123,20,Scott McNamara,0,D,1,1,0,0,0,,8.829787234,21.80851064,4.255319149,6.489361702,41.70212766,13.08510638
Oneida_2012 Q2,Oneida,1025,89,215,29,60,72,398,141,21,Scott McNamara,0,D,1,1,0,0,0,,8.682926829,20.97560976,5.853658537,7.024390244,38.82926829,13.75609756
Oneida_2012 Q3,Oneida,1009,95,192,31,56,70,399,141,25,Scott McNamara,0,D,1,1,0,0,0,,9.415262636,19.02874133,5.550049554,6.937561943,39.54410307,13.97423191
Oneida_2012 Q4,Oneida,904,67,191,40,44,60,341,134,27,Scott McNamara,0,D,1,1,0,0,0,,7.411504425,21.12831858,4.867256637,6.637168142,37.72123894,14.82300885
Oneida_2013 Q1,Oneida,1027,105,234,20,52,79,398,118,21,Scott McNamara,0,D,1,1,0,0,0,,10.22395326,22.78481013,5.063291139,7.692307692,38.75365141,11.48977605
Oneida_2013 Q2,Oneida,905,77,187,27,49,79,349,128,9,Scott McNamara,0,D,1,1,0,0,0,,8.508287293,20.66298343,5.414364641,8.729281768,38.56353591,14.14364641
Oneida_2013 Q3,Oneida,898,73,196,33,50,64,353,110,19,Scott McNamara,0,D,1,1,0,0,0,,8.129175947,21.82628062,5.567928731,7.126948775,39.30957684,12.24944321
Oneida_2013 Q4,Oneida,847,67,178,45,45,77,328,97,10,Scott McNamara,0,D,1,1,0,0,0,,7.910271547,21.01534829,5.312868949,9.090909091,38.72491145,11.45218418
Oneida_2014 Q1,Oneida,903,93,182,29,66,99,311,107,16,Scott McNamara,0,D,1,1,0,0,0,,10.29900332,20.15503876,7.3089701,10.96345515,34.44075305,11.84939092
Oneida_2014 Q2,Oneida,887,70,199,27,52,62,309,131,37,Scott McNamara,0,D,1,1,0,0,0,,7.891770011,22.43517475,5.862457723,6.989853439,34.83652762,14.76888388
Oneida_2014 Q3,Oneida,918,67,219,35,46,72,345,100,34,Scott McNamara,0,D,1,1,0,0,0,,7.298474946,23.85620915,5.010893246,7.843137255,37.58169935,10.89324619
Oneida_2014 Q4,Oneida,827,58,177,29,45,62,322,111,23,Scott McNamara,0,D,1,1,0,0,0,,7.013301088,21.40266022,5.441354293,7.496977025,38.93591294,13.42200726
Oneida_2015 Q1,Oneida,927,94,219,36,60,70,313,107,28,Scott McNamara,0,D,1,1,0,0,0.5,,10.14023732,23.62459547,6.472491909,7.551240561,33.76483279,11.54261057
Oneida_2015 Q2,Oneida,952,90,214,44,43,64,331,135,31,Scott McNamara,0,D,1,1,0,0,0.5,,9.453781513,22.4789916,4.516806723,6.722689076,34.76890756,14.18067227
Oneida_2015 Q3,Oneida,895,75,241,29,47,65,305,115,18,Scott McNamara,0,D,1,1,0,0,1,,8.379888268,26.9273743,5.251396648,7.262569832,34.07821229,12.84916201
Oneida_2015 Q4,Oneida,871,65,206,26,38,72,318,120,26,Scott McNamara,0,D,1,1,0,0,1,,7.462686567,23.65097589,4.362801378,8.266360505,36.5097589,13.77726751
Oneida_2016 Q1,Oneida,923,65,211,36,34,90,327,127,33,Scott McNamara,0,D,1,1,0,0,0,,7.042253521,22.86023835,3.683640303,9.750812568,35.42795233,13.75947996
Oneida_2016 Q2,Oneida,844,72,227,32,39,83,260,108,23,Scott McNamara,0,D,1,1,0,0,0,,8.530805687,26.8957346,4.620853081,9.834123223,30.8056872,12.79620853
Oneida_2016 Q3,Oneida,852,73,202,38,38,89,273,112,27,Scott McNamara,0,D,1,1,0,0,0,,8.568075117,23.70892019,4.460093897,10.44600939,32.04225352,13.14553991
Oneida_2016 Q4,Oneida,818,84,185,41,42,62,271,118,15,Scott McNamara,0,D,1,1,0,0,0,,10.26894866,22.61613692,5.134474328,7.579462103,33.12958435,14.42542787
Oneida_2017 Q1,Oneida,825,60,214,28,43,68,269,127,16,Scott McNamara,0,D,1,1,0,0,0,,7.272727273,25.93939394,5.212121212,8.242424242,32.60606061,15.39393939
Oneida_2017 Q2,Oneida,809,68,187,31,35,79,246,150,13,Scott McNamara,0,D,1,1,0,0,0,,8.405438813,23.11495674,4.326328801,9.765142151,30.407911,18.54140915
Oneida_2017 Q3,Oneida,978,80,252,42,45,84,285,169,21,Scott McNamara,0,D,1,1,0,0,0,,8.1799591,25.76687117,4.601226994,8.588957055,29.14110429,17.2801636
Oneida_2017 Q4,Oneida,939,70,191,51,37,86,276,213,15,Scott McNamara,0,D,1,1,0,0,0,,7.454739084,20.34078807,3.940362087,9.158679446,29.39297125,22.68370607
Oneida_2018 Q1,Oneida,895,74,180,44,46,84,279,168,20,Scott McNamara,0,D,1,1,0,0,0,,8.268156425,20.11173184,5.139664804,9.38547486,31.17318436,18.77094972
Oneida_2018 Q2,Oneida,876,73,230,43,35,63,230,184,18,Scott McNamara,0,D,1,1,0,0,0,,8.333333333,26.25570776,3.99543379,7.191780822,26.25570776,21.00456621
Oneida_2018 Q3,Oneida,849,71,216,39,38,65,234,167,19,Scott McNamara,0,D,1,1,0,0,0,,8.362779741,25.44169611,4.475853946,7.65606596,27.56183746,19.67020024
Oneida_2018 Q4,Oneida,879,44,178,38,29,58,288,220,24,Scott McNamara,0,D,1,1,0,0,0,,5.005688282,20.25028441,3.299203641,6.598407281,32.76450512,25.02844141
Oneida_2019 Q1,Oneida,836,54,182,46,36,62,242,199,15,Scott McNamara,0,D,1,1,0,0,0.5,,6.459330144,21.77033493,4.306220096,7.416267943,28.94736842,23.80382775
Oneida_2019 Q2,Oneida,780,50,179,37,19,73,252,155,15,Scott McNamara,0,D,1,1,0,0,0.5,,6.41025641,22.94871795,2.435897436,9.358974359,32.30769231,19.87179487
Oneida_2019 Q3,Oneida,712,40,172,45,20,54,239,128,14,Scott McNamara,0,D,1,1,0,0,1,,5.617977528,24.15730337,2.808988764,7.584269663,33.56741573,17.97752809
Oneida_2019 Q4,Oneida,670,48,133,32,23,57,207,150,20,Scott McNamara,0,D,1,1,0,0,1,,7.164179104,19.85074627,3.432835821,8.507462687,30.89552239,22.3880597
Oneida_2020 Q1,Oneida,644,53,80,18,24,45,210,201,13,Scott McNamara,0,D,NA,NA,NA,NA,0,,8.229813665,12.42236025,3.726708075,6.98757764,32.60869565,31.21118012
Oneida_2020 Q2,Oneida,33,2,13,5,2,1,5,4,1,Scott McNamara,0,D,NA,NA,NA,NA,0,,6.060606061,39.39393939,6.060606061,3.03030303,15.15151515,12.12121212
Oneida_2020 Q3,Oneida,556,53,71,13,24,47,265,72,11,Scott McNamara,0,D,NA,NA,NA,NA,0,,9.532374101,12.76978417,4.316546763,8.45323741,47.6618705,12.94964029
Oneida_2020 Q4,Oneida,447,27,63,15,15,43,187,85,12,Scott McNamara,0,D,NA,NA,NA,NA,0,,6.040268456,14.09395973,3.355704698,9.619686801,41.8344519,19.01565996
Oneida_2021 Q1,Oneida,446,40,58,14,16,39,177,90,12,Scott McNamara,0,D,NA,NA,NA,NA,0,,8.968609865,13.0044843,3.587443946,8.744394619,39.68609865,20.1793722
Oneida_2021 Q2,Oneida,560,33,71,26,20,54,243,100,13,Scott McNamara,0,D,NA,NA,NA,NA,0,,5.892857143,12.67857143,3.571428571,9.642857143,43.39285714,17.85714286
Oneida_2021 Q3,Oneida,537,46,114,22,20,39,190,85,21,Scott McNamara,0,D,NA,NA,NA,NA,0,,8.566108007,21.22905028,3.724394786,7.262569832,35.38175047,15.82867784
Oneida_2021 Q4,Oneida,562,51,97,36,23,39,199,99,18,Scott McNamara,0,D,NA,NA,NA,NA,0,,9.074733096,17.25978648,4.09252669,6.939501779,35.40925267,17.61565836
Oneida_2022 Q1,Oneida,593,70,107,20,25,45,224,89,13,Scott McNamara,0,D,NA,NA,NA,NA,0,,11.80438449,18.04384486,4.215851602,7.588532884,37.77403035,15.0084317
Oneida_2022 Q2,Oneida,587,65,90,30,11,59,228,89,15,Scott McNamara,0,D,NA,NA,NA,NA,0,,11.07325383,15.33219761,1.873935264,10.05110733,38.84156729,15.16183986
Oneida_2022 Q3,Oneida,600,57,112,32,13,54,243,81,8,Scott McNamara,0,D,NA,NA,NA,NA,0,,9.5,18.66666667,2.166666667,9,40.5,13.5
Oneida_2022 Q4,Oneida,606,59,130,31,13,40,244,82,7,Scott McNamara,0,D,NA,NA,NA,NA,0,,9.735973597,21.45214521,2.145214521,6.600660066,40.2640264,13.53135314
Onondaga_2010 Q1,Onondaga,1618,125,231,84,63,263,372,473,7,William Fitzpatrick,0,R,1,1,0,0,0,,7.725587145,14.27688504,3.893695921,16.25463535,22.99134734,29.23362176
Onondaga_2010 Q2,Onondaga,1545,115,214,66,65,282,347,446,10,William Fitzpatrick,0,R,1,1,0,0,0,,7.443365696,13.85113269,4.207119741,18.25242718,22.45954693,28.86731392
Onondaga_2010 Q3,Onondaga,1496,120,243,73,41,278,312,417,12,William Fitzpatrick,0,R,1,1,0,0,0,,8.021390374,16.24331551,2.740641711,18.5828877,20.85561497,27.87433155
Onondaga_2010 Q4,Onondaga,1403,136,210,63,38,210,299,444,3,William Fitzpatrick,0,R,1,1,0,0,0,,9.693513899,14.96792587,2.708481825,14.96792587,21.31147541,31.64647185
Onondaga_2011 Q1,Onondaga,1530,127,198,83,52,245,326,491,8,William Fitzpatrick,0,R,1,1,0,0,0.5,,8.300653595,12.94117647,3.39869281,16.0130719,21.30718954,32.09150327
Onondaga_2011 Q2,Onondaga,1722,156,242,82,46,333,321,537,5,William Fitzpatrick,0,R,1,1,0,0,0.5,,9.059233449,14.05342625,2.671312427,19.33797909,18.64111498,31.18466899
Onondaga_2011 Q3,Onondaga,1559,130,209,96,44,270,282,523,5,William Fitzpatrick,0,R,1,1,0,0,1,,8.33867864,13.40602951,2.822322001,17.3187941,18.08851828,33.54714561
Onondaga_2011 Q4,Onondaga,1547,114,203,88,54,253,310,523,2,William Fitzpatrick,0,R,1,1,0,0,1,,7.369101487,13.12217195,3.49062702,16.354234,20.03878474,33.8073691
Onondaga_2012 Q1,Onondaga,1617,100,228,82,60,303,321,514,9,William Fitzpatrick,0,R,1,1,0,0,0,,6.184291899,14.10018553,3.710575139,18.73840445,19.85157699,31.78726036
Onondaga_2012 Q2,Onondaga,1708,124,269,89,68,283,362,508,5,William Fitzpatrick,0,R,1,1,0,0,0,,7.259953162,15.74941452,3.981264637,16.56908665,21.19437939,29.74238876
Onondaga_2012 Q3,Onondaga,1546,110,251,79,80,256,321,441,8,William Fitzpatrick,0,R,1,1,0,0,0,,7.115135834,16.23544631,5.174644243,16.55886158,20.76326003,28.52522639
Onondaga_2012 Q4,Onondaga,1497,107,208,70,50,313,287,452,10,William Fitzpatrick,0,R,1,1,0,0,0,,7.147628591,13.89445558,3.34001336,20.90848363,19.17167669,30.19372077
Onondaga_2013 Q1,Onondaga,1636,92,243,67,56,295,340,536,7,William Fitzpatrick,0,R,1,1,0,0,0,,5.623471883,14.85330073,3.422982885,18.03178484,20.78239609,32.76283619
Onondaga_2013 Q2,Onondaga,1719,131,267,81,51,306,342,527,14,William Fitzpatrick,0,R,1,1,0,0,0,,7.620709715,15.53228621,2.966841187,17.80104712,19.89528796,30.65735893
Onondaga_2013 Q3,Onondaga,1551,126,232,75,74,287,283,467,7,William Fitzpatrick,0,R,1,1,0,0,0,,8.123791103,14.95809155,4.771115409,18.50419084,18.24629271,30.10960671
Onondaga_2013 Q4,Onondaga,1560,141,265,68,59,283,270,467,7,William Fitzpatrick,0,R,1,1,0,0,0,,9.038461538,16.98717949,3.782051282,18.14102564,17.30769231,29.93589744
Onondaga_2014 Q1,Onondaga,1648,155,244,88,49,297,310,501,4,William Fitzpatrick,0,R,1,1,0,0,0,,9.405339806,14.80582524,2.973300971,18.02184466,18.81067961,30.40048544
Onondaga_2014 Q2,Onondaga,1683,130,255,98,52,334,345,465,4,William Fitzpatrick,0,R,1,1,0,0,0,,7.724301842,15.15151515,3.089720737,19.84551396,20.49910873,27.62923351
Onondaga_2014 Q3,Onondaga,1562,112,237,91,36,275,297,507,7,William Fitzpatrick,0,R,1,1,0,0,0,,7.170294494,15.17285531,2.304737516,17.6056338,19.01408451,32.45838668
Onondaga_2014 Q4,Onondaga,1491,123,190,84,51,313,240,483,7,William Fitzpatrick,0,R,1,1,0,0,0,,8.249496982,12.74312542,3.420523139,20.9926224,16.09657948,32.3943662
Onondaga_2015 Q1,Onondaga,1567,109,211,86,49,324,277,505,6,William Fitzpatrick,0,R,1,1,0,0,0.5,,6.955966816,13.46522017,3.126994257,20.67645182,17.67708998,32.22718571
Onondaga_2015 Q2,Onondaga,1741,143,254,124,57,353,300,503,7,William Fitzpatrick,0,R,1,1,0,0,0.5,,8.213670304,14.58931648,3.273980471,20.27570362,17.23147616,28.8914417
Onondaga_2015 Q3,Onondaga,1491,135,198,76,51,273,251,500,7,William Fitzpatrick,0,R,1,1,0,0,1,,9.054325956,13.27967807,3.420523139,18.30985915,16.83433937,33.53454058
Onondaga_2015 Q4,Onondaga,1535,114,203,75,41,329,289,478,6,William Fitzpatrick,0,R,1,1,0,0,1,,7.426710098,13.2247557,2.671009772,21.43322476,18.82736156,31.14006515
Onondaga_2016 Q1,Onondaga,1517,87,219,82,55,312,250,509,3,William Fitzpatrick,0,R,1,1,0,1,0,,5.735003296,14.43638761,3.625576796,20.56690837,16.47989453,33.55306526
Onondaga_2016 Q2,Onondaga,1658,136,215,141,42,321,266,531,6,William Fitzpatrick,0,R,1,1,0,1,0,,8.2026538,12.96743064,2.533172497,19.36067551,16.04342581,32.026538
Onondaga_2016 Q3,Onondaga,1516,134,175,108,43,301,283,469,3,William Fitzpatrick,0,R,1,1,0,1,0,,8.839050132,11.54353562,2.836411609,19.85488127,18.66754617,30.93667546
Onondaga_2016 Q4,Onondaga,1521,95,180,122,44,308,253,517,2,William Fitzpatrick,0,R,1,1,0,1,0,,6.245890861,11.83431953,2.892833662,20.24983563,16.63379356,33.99079553
Onondaga_2017 Q1,Onondaga,1561,128,210,80,57,294,289,497,6,William Fitzpatrick,0,R,1,1,0,1,0,,8.199871877,13.4529148,3.651505445,18.83408072,18.51377322,31.83856502
Onondaga_2017 Q2,Onondaga,1642,131,184,118,31,341,294,538,5,William Fitzpatrick,0,R,1,1,0,1,0,,7.978075518,11.20584653,1.887941535,20.76735688,17.90499391,32.76492083
Onondaga_2017 Q3,Onondaga,1476,130,192,110,42,259,259,478,6,William Fitzpatrick,0,R,1,1,0,1,0,,8.807588076,13.00813008,2.845528455,17.54742547,17.54742547,32.38482385
Onondaga_2017 Q4,Onondaga,1332,115,159,74,40,245,268,427,4,William Fitzpatrick,0,R,1,1,0,1,0,,8.633633634,11.93693694,3.003003003,18.39339339,20.12012012,32.05705706
Onondaga_2018 Q1,Onondaga,1445,136,204,104,54,233,293,417,4,William Fitzpatrick,0,R,1,1,0,1,0,,9.411764706,14.11764706,3.737024221,16.12456747,20.27681661,28.85813149
Onondaga_2018 Q2,Onondaga,1385,128,152,89,52,275,245,440,4,William Fitzpatrick,0,R,1,1,0,1,0,,9.241877256,10.97472924,3.754512635,19.85559567,17.68953069,31.76895307
Onondaga_2018 Q3,Onondaga,1252,88,116,67,39,240,276,421,5,William Fitzpatrick,0,R,1,1,0,1,0,,7.028753994,9.265175719,3.115015974,19.16932907,22.04472843,33.62619808
Onondaga_2018 Q4,Onondaga,1391,116,166,82,30,262,275,456,4,William Fitzpatrick,0,R,1,1,0,1,0,,8.339324227,11.93386053,2.156721783,18.83537024,19.76994968,32.7821711
Onondaga_2019 Q1,Onondaga,1335,103,142,89,46,216,288,446,5,William Fitzpatrick,0,R,1,1,0,1,0.5,,7.715355805,10.63670412,3.445692884,16.17977528,21.57303371,33.4082397
Onondaga_2019 Q2,Onondaga,1256,98,127,61,43,220,267,435,5,William Fitzpatrick,0,R,1,1,0,1,0.5,,7.802547771,10.11146497,3.423566879,17.51592357,21.25796178,34.63375796
Onondaga_2019 Q3,Onondaga,1189,102,102,81,33,211,252,401,7,William Fitzpatrick,0,R,1,1,0,1,1,,8.578637511,8.578637511,2.775441548,17.74600505,21.19428091,33.72582002
Onondaga_2019 Q4,Onondaga,1263,93,124,86,24,205,237,487,7,William Fitzpatrick,0,R,1,1,0,1,1,,7.363420428,9.817893903,1.90023753,16.23119557,18.76484561,38.55898654
Onondaga_2020 Q1,Onondaga,1051,74,99,37,24,159,272,381,5,William Fitzpatrick,0,R,NA,NA,NA,NA,0,,7.040913416,9.419600381,2.283539486,15.1284491,25.88011418,36.25118934
Onondaga_2020 Q2,Onondaga,85,4,15,13,3,8,12,30,0,William Fitzpatrick,0,R,NA,NA,NA,NA,0,,4.705882353,17.64705882,3.529411765,9.411764706,14.11764706,35.29411765
Onondaga_2020 Q3,Onondaga,735,100,41,30,17,102,191,251,3,William Fitzpatrick,0,R,NA,NA,NA,NA,0,,13.60544218,5.578231293,2.31292517,13.87755102,25.98639456,34.14965986
Onondaga_2020 Q4,Onondaga,764,28,52,71,12,102,193,301,5,William Fitzpatrick,0,R,NA,NA,NA,NA,0,,3.664921466,6.806282723,1.570680628,13.35078534,25.2617801,39.39790576
Onondaga_2021 Q1,Onondaga,714,54,56,48,16,92,177,266,5,William Fitzpatrick,0,R,NA,NA,NA,NA,0,,7.56302521,7.843137255,2.240896359,12.88515406,24.78991597,37.25490196
Onondaga_2021 Q2,Onondaga,859,81,49,36,21,112,235,319,6,William Fitzpatrick,0,R,NA,NA,NA,NA,0,,9.429569267,5.704307334,2.444703143,13.03841676,27.35739232,37.13620489
Onondaga_2021 Q3,Onondaga,911,95,73,53,15,120,197,349,9,William Fitzpatrick,0,R,NA,NA,NA,NA,0,,10.42810099,8.013172338,1.646542261,13.17233809,21.62458836,38.30954995
Onondaga_2021 Q4,Onondaga,775,78,51,42,13,135,180,275,1,William Fitzpatrick,0,R,NA,NA,NA,NA,0,,10.06451613,6.580645161,1.677419355,17.41935484,23.22580645,35.48387097
Onondaga_2022 Q1,Onondaga,964,107,64,40,30,130,224,366,3,William Fitzpatrick,0,R,NA,NA,NA,NA,0,,11.09958506,6.639004149,3.112033195,13.48547718,23.23651452,37.96680498
Onondaga_2022 Q2,Onondaga,966,125,54,45,25,147,211,357,2,William Fitzpatrick,0,R,NA,NA,NA,NA,0,,12.93995859,5.590062112,2.587991718,15.2173913,21.8426501,36.95652174
Onondaga_2022 Q3,Onondaga,879,94,73,30,25,146,162,344,5,William Fitzpatrick,0,R,NA,NA,NA,NA,0,,10.69397042,8.304891923,2.844141069,16.60978385,18.43003413,39.13538111
Onondaga_2022 Q4,Onondaga,818,94,61,54,25,114,146,322,2,William Fitzpatrick,0,R,NA,NA,NA,NA,0,,11.49144254,7.457212714,3.056234719,13.93643032,17.84841076,39.36430318
Ontario_2010 Q1,Ontario,453,46,72,10,49,62,135,79,0,Michael Tantillo,0,D,1,1,0,0,0,,10.15452539,15.89403974,10.81677704,13.68653422,29.8013245,17.4392936
Ontario_2010 Q2,Ontario,424,36,58,7,48,48,139,86,2,Michael Tantillo,0,D,1,1,0,0,0,,8.490566038,13.67924528,11.32075472,11.32075472,32.78301887,20.28301887
Ontario_2010 Q3,Ontario,452,40,66,19,39,53,150,78,7,Michael Tantillo,0,D,1,1,0,0,0,,8.849557522,14.60176991,8.628318584,11.72566372,33.18584071,17.25663717
Ontario_2010 Q4,Ontario,401,25,69,5,46,44,118,88,6,Michael Tantillo,0,D,1,1,0,0,0,,6.234413965,17.20698254,11.4713217,10.97256858,29.42643392,21.94513716
Ontario_2011 Q1,Ontario,435,56,77,8,35,47,122,90,0,Michael Tantillo,0,D,1,1,0,0,0,,12.87356322,17.70114943,8.045977011,10.8045977,28.04597701,20.68965517
Ontario_2011 Q2,Ontario,421,55,52,12,28,54,134,80,6,Michael Tantillo,0,D,1,1,0,0,0,,13.06413302,12.35154394,6.650831354,12.82660333,31.82897862,19.0023753
Ontario_2011 Q3,Ontario,415,47,77,11,28,47,121,82,2,Michael Tantillo,0,D,1,1,0,0,0,,11.3253012,18.55421687,6.746987952,11.3253012,29.15662651,19.75903614
Ontario_2011 Q4,Ontario,436,48,80,10,40,58,116,80,4,Michael Tantillo,0,D,1,1,0,0,0,,11.00917431,18.34862385,9.174311927,13.30275229,26.60550459,18.34862385
Ontario_2012 Q1,Ontario,386,45,74,13,38,53,88,74,1,Michael Tantillo,0,D,1,1,0,0,0,,11.65803109,19.17098446,9.844559585,13.73056995,22.79792746,19.17098446
Ontario_2012 Q2,Ontario,371,30,59,5,36,44,122,71,4,Michael Tantillo,0,D,1,1,0,0,0,,8.086253369,15.90296496,9.703504043,11.85983827,32.88409704,19.13746631
Ontario_2012 Q3,Ontario,370,30,70,9,30,60,95,76,0,Michael Tantillo,0,D,1,1,0,0,0,,8.108108108,18.91891892,8.108108108,16.21621622,25.67567568,20.54054054
Ontario_2012 Q4,Ontario,382,34,77,15,27,51,119,58,1,Michael Tantillo,0,D,1,1,0,0,0,,8.90052356,20.15706806,7.068062827,13.35078534,31.15183246,15.18324607
Ontario_2013 Q1,Ontario,440,57,85,12,39,51,110,80,6,Michael Tantillo,0,D,1,1,0,0,0.5,,12.95454545,19.31818182,8.863636364,11.59090909,25,18.18181818
Ontario_2013 Q2,Ontario,490,52,81,10,47,65,136,91,8,Michael Tantillo,0,D,1,1,0,0,0.5,,10.6122449,16.53061224,9.591836735,13.26530612,27.75510204,18.57142857
Ontario_2013 Q3,Ontario,395,28,76,6,51,67,95,70,2,Michael Tantillo,0,D,1,1,0,0,1,,7.088607595,19.24050633,12.91139241,16.96202532,24.05063291,17.72151899
Ontario_2013 Q4,Ontario,415,37,57,9,43,56,145,66,2,Michael Tantillo,0,D,1,1,0,0,1,,8.915662651,13.73493976,10.36144578,13.4939759,34.93975904,15.90361446
Ontario_2014 Q1,Ontario,399,65,51,8,52,44,102,75,2,Michael Tantillo,0,D,0,NA,0,NA,0,,16.29072682,12.78195489,13.03258145,11.02756892,25.56390977,18.79699248
Ontario_2014 Q2,Ontario,442,47,60,11,45,60,132,84,3,Michael Tantillo,0,D,0,NA,0,NA,0,,10.63348416,13.57466063,10.18099548,13.57466063,29.86425339,19.00452489
Ontario_2014 Q3,Ontario,364,37,65,3,35,45,100,76,3,Michael Tantillo,0,D,0,NA,0,NA,0,,10.16483516,17.85714286,9.615384615,12.36263736,27.47252747,20.87912088
Ontario_2014 Q4,Ontario,399,58,69,3,36,56,100,75,2,Michael Tantillo,0,D,0,NA,0,NA,0,,14.53634085,17.29323308,9.022556391,14.03508772,25.06265664,18.79699248
Ontario_2015 Q1,Ontario,414,46,87,8,40,77,87,67,2,Michael Tantillo,0,D,0,NA,0,NA,0,,11.11111111,21.01449275,9.661835749,18.59903382,21.01449275,16.18357488
Ontario_2015 Q2,Ontario,390,35,66,8,36,59,97,87,2,Michael Tantillo,0,D,0,NA,0,NA,0,,8.974358974,16.92307692,9.230769231,15.12820513,24.87179487,22.30769231
Ontario_2015 Q3,Ontario,383,44,59,4,31,71,103,70,1,Michael Tantillo,0,D,0,NA,0,NA,0,,11.48825065,15.40469974,8.093994778,18.53785901,26.89295039,18.2767624
Ontario_2015 Q4,Ontario,397,47,63,10,42,50,104,77,4,Michael Tantillo,0,D,0,NA,0,NA,0,,11.83879093,15.86901763,10.57934509,12.59445844,26.19647355,19.39546599
Ontario_2016 Q1,Ontario,400,44,70,7,42,49,113,72,3,Michael Tantillo,0,D,0,NA,0,NA,0,,11,17.5,10.5,12.25,28.25,18
Ontario_2016 Q2,Ontario,418,44,81,9,35,50,122,75,2,Michael Tantillo,0,D,0,NA,0,NA,0,,10.52631579,19.37799043,8.373205742,11.96172249,29.18660287,17.94258373
Ontario_2016 Q3,Ontario,357,40,66,16,33,45,88,65,4,Michael Tantillo,0,D,0,NA,0,NA,0,,11.20448179,18.48739496,9.243697479,12.60504202,24.64985994,18.20728291
Ontario_2016 Q4,Ontario,345,38,76,5,33,44,79,68,2,Michael Tantillo,0,D,0,NA,0,NA,0,,11.01449275,22.02898551,9.565217391,12.75362319,22.89855072,19.71014493
Ontario_2017 Q1,Ontario,344,43,52,13,39,48,93,55,1,Michael Tantillo,0,D,0,NA,1,1,0.5,,12.5,15.11627907,11.3372093,13.95348837,27.03488372,15.98837209
Ontario_2017 Q2,Ontario,420,35,70,12,41,75,126,58,3,Michael Tantillo,0,D,0,NA,1,1,0.5,,8.333333333,16.66666667,9.761904762,17.85714286,30,13.80952381
Ontario_2017 Q3,Ontario,376,35,40,11,34,77,103,76,0,Michael Tantillo,0,D,0,NA,1,1,1,,9.308510638,10.63829787,9.042553191,20.4787234,27.39361702,20.21276596
Ontario_2017 Q4,Ontario,361,31,58,6,31,52,111,69,3,Michael Tantillo,0,D,0,NA,1,1,1,,8.587257618,16.06648199,8.587257618,14.40443213,30.74792244,19.11357341
Ontario_2018 Q1,Ontario,336,24,61,7,28,55,93,65,3,James Ritts,0,R,1,1,0,0,0,,7.142857143,18.1547619,8.333333333,16.36904762,27.67857143,19.3452381
Ontario_2018 Q2,Ontario,375,37,35,20,21,75,97,87,3,James Ritts,0,R,1,1,0,0,0,,9.866666667,9.333333333,5.6,20,25.86666667,23.2
Ontario_2018 Q3,Ontario,363,33,39,15,31,70,95,78,2,James Ritts,0,R,1,1,0,0,0,,9.090909091,10.74380165,8.539944904,19.28374656,26.1707989,21.48760331
Ontario_2018 Q4,Ontario,361,37,38,12,29,79,89,76,1,James Ritts,0,R,1,1,0,0,0,,10.24930748,10.52631579,8.033240997,21.88365651,24.65373961,21.05263158
Ontario_2019 Q1,Ontario,356,32,38,6,29,58,113,76,4,James Ritts,0,R,1,1,0,0,0,,8.988764045,10.6741573,8.146067416,16.29213483,31.74157303,21.34831461
Ontario_2019 Q2,Ontario,404,46,42,10,21,54,141,86,4,James Ritts,0,R,1,1,0,0,0,,11.38613861,10.3960396,5.198019802,13.36633663,34.9009901,21.28712871
Ontario_2019 Q3,Ontario,352,26,45,7,13,71,120,66,4,James Ritts,0,R,1,1,0,0,0,,7.386363636,12.78409091,3.693181818,20.17045455,34.09090909,18.75
Ontario_2019 Q4,Ontario,363,35,44,1,16,68,119,77,3,James Ritts,0,R,1,1,0,0,0,,9.641873278,12.12121212,4.407713499,18.73278237,32.78236915,21.21212121
Ontario_2020 Q1,Ontario,333,25,25,6,13,60,127,76,1,James Ritts,0,R,1,1,0,0,0,,7.507507508,7.507507508,3.903903904,18.01801802,38.13813814,22.82282282
Ontario_2020 Q2,Ontario,40,11,3,0,1,13,4,8,0,James Ritts,0,R,1,1,0,0,0,,27.5,7.5,2.5,32.5,10,20
Ontario_2020 Q3,Ontario,338,17,30,1,7,44,125,108,6,James Ritts,0,R,1,1,0,0,0,,5.029585799,8.875739645,2.071005917,13.01775148,36.98224852,31.95266272
Ontario_2020 Q4,Ontario,243,9,18,6,11,56,74,68,1,James Ritts,0,R,1,1,0,0,0,,3.703703704,7.407407407,4.526748971,23.04526749,30.4526749,27.98353909
Ontario_2021 Q1,Ontario,217,18,22,4,8,53,53,58,1,James Ritts,0,R,1,1,0,0,0.5,,8.294930876,10.13824885,3.686635945,24.42396313,24.42396313,26.7281106
Ontario_2021 Q2,Ontario,286,17,27,3,5,56,100,76,2,James Ritts,0,R,1,1,0,0,0.5,,5.944055944,9.440559441,1.748251748,19.58041958,34.96503497,26.57342657
Ontario_2021 Q3,Ontario,262,17,25,4,11,50,84,68,3,James Ritts,0,R,1,1,0,0,1,,6.488549618,9.541984733,4.198473282,19.08396947,32.0610687,25.95419847
Ontario_2021 Q4,Ontario,225,23,20,6,9,46,55,64,2,James Ritts,0,R,1,1,0,0,1,,10.22222222,8.888888889,4,20.44444444,24.44444444,28.44444444
Ontario_2022 Q1,Ontario,274,22,33,12,8,55,65,78,1,James Ritts,0,R,NA,NA,NA,NA,0,,8.02919708,12.04379562,2.919708029,20.0729927,23.72262774,28.46715328
Ontario_2022 Q2,Ontario,268,37,25,6,12,48,58,82,0,James Ritts,0,R,NA,NA,NA,NA,0,,13.80597015,9.328358209,4.47761194,17.91044776,21.64179104,30.59701493
Ontario_2022 Q3,Ontario,221,17,24,15,13,45,49,57,1,James Ritts,0,R,NA,NA,NA,NA,0,,7.692307692,10.85972851,5.882352941,20.36199095,22.1719457,25.7918552
Ontario_2022 Q4,Ontario,254,25,38,7,8,43,54,76,3,James Ritts,0,R,NA,NA,NA,NA,0,,9.842519685,14.96062992,3.149606299,16.92913386,21.25984252,29.92125984
Orange_2010 Q1,Orange,1430,80,164,98,68,115,687,200,18,Francis Phillips,0,R,0,NA,0,NA,0,,5.594405594,11.46853147,4.755244755,8.041958042,48.04195804,13.98601399
Orange_2010 Q2,Orange,1452,75,188,121,70,80,698,198,22,Francis Phillips,0,R,0,NA,0,NA,0,,5.165289256,12.9476584,4.820936639,5.509641873,48.07162534,13.63636364
Orange_2010 Q3,Orange,1310,59,165,92,51,87,660,183,13,Francis Phillips,0,R,0,NA,0,NA,0,,4.503816794,12.59541985,3.893129771,6.641221374,50.38167939,13.96946565
Orange_2010 Q4,Orange,1136,62,162,91,39,82,487,190,23,Francis Phillips,0,R,0,NA,0,NA,0,,5.457746479,14.26056338,3.433098592,7.218309859,42.86971831,16.72535211
Orange_2011 Q1,Orange,1236,69,128,72,66,110,556,219,16,Francis Phillips,0,R,0,NA,0,NA,0,,5.582524272,10.35598706,5.339805825,8.899676375,44.98381877,17.7184466
Orange_2011 Q2,Orange,1331,81,157,79,78,111,577,234,14,Francis Phillips,0,R,0,NA,0,NA,0,,6.085649887,11.79564237,5.860255447,8.33959429,43.35086401,17.58076634
Orange_2011 Q3,Orange,1224,56,154,82,44,101,507,253,27,Francis Phillips,0,R,0,NA,0,NA,0,,4.575163399,12.58169935,3.594771242,8.251633987,41.42156863,20.66993464
Orange_2011 Q4,Orange,1167,66,129,78,51,97,499,230,17,Francis Phillips,0,R,0,NA,0,NA,0,,5.655526992,11.05398458,4.370179949,8.311910883,42.75921165,19.70865467
Orange_2012 Q1,Orange,1300,58,141,98,78,68,595,244,18,Francis Phillips,0,R,0,NA,0,NA,0,,4.461538462,10.84615385,6,5.230769231,45.76923077,18.76923077
Orange_2012 Q2,Orange,1308,73,125,82,60,93,580,278,17,Francis Phillips,0,R,0,NA,0,NA,0,,5.581039755,9.556574924,4.587155963,7.110091743,44.34250765,21.25382263
Orange_2012 Q3,Orange,1165,54,134,93,40,95,509,231,9,Francis Phillips,0,R,0,NA,0,NA,0,,4.635193133,11.50214592,3.433476395,8.154506438,43.69098712,19.82832618
Orange_2012 Q4,Orange,1068,65,122,79,41,93,443,207,18,Francis Phillips,0,R,0,NA,0,NA,0,,6.086142322,11.42322097,3.838951311,8.707865169,41.47940075,19.38202247
Orange_2013 Q1,Orange,1098,70,121,53,62,108,472,194,18,Francis Phillips,0,R,0,NA,0,0,0.5,,6.375227687,11.02003643,5.646630237,9.836065574,42.98724954,17.66848816
Orange_2013 Q2,Orange,1254,75,129,71,58,116,553,243,9,Francis Phillips,0,R,0,NA,0,0,0.5,,5.980861244,10.28708134,4.625199362,9.250398724,44.09888357,19.37799043
Orange_2013 Q3,Orange,1163,52,132,93,41,81,516,234,14,Francis Phillips,0,R,0,NA,0,0,1,,4.471195185,11.34995701,3.525365434,6.964746346,44.36801376,20.12037833
Orange_2013 Q4,Orange,1184,75,135,87,48,110,489,228,12,Francis Phillips,0,R,0,NA,0,0,1,,6.334459459,11.40202703,4.054054054,9.290540541,41.30067568,19.25675676
Orange_2014 Q1,Orange,1273,65,148,72,65,103,541,266,13,David Hoovler,0,R,1,1,0,1,0,,5.106048704,11.62608013,5.106048704,8.091123331,42.49803614,20.89552239
Orange_2014 Q2,Orange,1369,80,172,92,65,116,573,262,9,David Hoovler,0,R,1,1,0,1,0,,5.843681519,12.56391527,4.747991234,8.473338203,41.85536888,19.13805698
Orange_2014 Q3,Orange,1318,79,170,77,64,131,543,247,7,David Hoovler,0,R,1,1,0,1,0,,5.993930197,12.8983308,4.855842185,9.939301973,41.19878604,18.74051593
Orange_2014 Q4,Orange,1329,89,140,70,67,96,601,261,5,David Hoovler,0,R,1,1,0,1,0,,6.696764485,10.53423627,5.0413845,7.223476298,45.22197141,19.63882619
Orange_2015 Q1,Orange,1346,81,163,71,56,125,587,253,10,David Hoovler,0,R,1,1,0,1,0,,6.017830609,12.10995542,4.160475483,9.286775632,43.61069837,18.79643388
Orange_2015 Q2,Orange,1390,83,175,68,69,127,620,236,12,David Hoovler,0,R,1,1,0,1,0,,5.971223022,12.58992806,4.964028777,9.136690647,44.60431655,16.97841727
Orange_2015 Q3,Orange,1224,48,147,61,32,119,523,276,18,David Hoovler,0,R,1,1,0,1,0,,3.921568627,12.00980392,2.614379085,9.722222222,42.72875817,22.54901961
Orange_2015 Q4,Orange,1205,40,176,61,37,105,504,271,11,David Hoovler,0,R,1,1,0,1,0,,3.319502075,14.60580913,3.070539419,8.713692946,41.82572614,22.48962656
Orange_2016 Q1,Orange,1416,65,212,54,47,144,599,280,15,David Hoovler,0,R,1,1,0,1,0,,4.59039548,14.97175141,3.31920904,10.16949153,42.30225989,19.7740113
Orange_2016 Q2,Orange,1442,73,242,92,56,139,551,261,28,David Hoovler,0,R,1,1,0,1,0,,5.062413315,16.78224688,3.883495146,9.639389736,38.21081831,18.0998613
Orange_2016 Q3,Orange,1357,75,188,91,45,132,541,254,31,David Hoovler,0,R,1,1,0,1,0,,5.526897568,13.8540899,3.316138541,9.72733972,39.86735446,18.71775976
Orange_2016 Q4,Orange,1272,88,201,79,15,115,504,247,23,David Hoovler,0,R,1,1,0,1,0,,6.918238994,15.80188679,1.179245283,9.040880503,39.62264151,19.41823899
Orange_2017 Q1,Orange,1430,82,196,77,37,148,536,334,20,David Hoovler,0,R,1,1,0,1,0.5,,5.734265734,13.70629371,2.587412587,10.34965035,37.48251748,23.35664336
Orange_2017 Q2,Orange,1547,75,174,108,41,123,649,348,29,David Hoovler,0,R,1,1,0,1,0.5,,4.848093083,11.24757595,2.650290886,7.950872657,41.95216548,22.49515191
Orange_2017 Q3,Orange,1424,88,190,72,37,155,566,285,31,David Hoovler,0,R,1,1,0,1,1,,6.179775281,13.34269663,2.598314607,10.88483146,39.74719101,20.01404494
Orange_2017 Q4,Orange,1374,94,187,79,33,128,580,259,14,David Hoovler,0,R,1,1,0,1,1,,6.841339156,13.60989811,2.401746725,9.315866084,42.2125182,18.85007278
Orange_2018 Q1,Orange,1339,64,186,76,29,90,520,350,24,David Hoovler,0,R,1,1,0,0,0,,4.779686333,13.89096341,2.16579537,6.721433906,38.83495146,26.13890963
Orange_2018 Q2,Orange,1488,75,191,90,31,109,633,338,21,David Hoovler,0,R,1,1,0,0,0,,5.040322581,12.83602151,2.083333333,7.325268817,42.54032258,22.71505376
Orange_2018 Q3,Orange,1308,100,161,91,25,124,530,258,19,David Hoovler,0,R,1,1,0,0,0,,7.645259939,12.3088685,1.911314985,9.480122324,40.51987768,19.72477064
Orange_2018 Q4,Orange,1376,88,140,63,13,125,641,265,41,David Hoovler,0,R,1,1,0,0,0,,6.395348837,10.1744186,0.944767442,9.084302326,46.58430233,19.25872093
Orange_2019 Q1,Orange,1447,97,169,74,21,140,605,309,32,David Hoovler,0,R,1,1,0,0,0,,6.703524534,11.67933656,1.451278507,9.675190048,41.81064271,21.35452661
Orange_2019 Q2,Orange,1405,96,131,65,20,131,629,306,27,David Hoovler,0,R,1,1,0,0,0,,6.832740214,9.323843416,1.423487544,9.323843416,44.76868327,21.77935943
Orange_2019 Q3,Orange,1231,62,118,49,28,119,563,276,16,David Hoovler,0,R,1,1,0,0,0,,5.036555646,9.585702681,2.274573517,9.666937449,45.73517465,22.4207961
Orange_2019 Q4,Orange,1192,67,82,38,21,112,592,268,12,David Hoovler,0,R,1,1,0,0,0,,5.620805369,6.879194631,1.761744966,9.395973154,49.66442953,22.48322148
Orange_2020 Q1,Orange,1164,49,72,19,16,102,630,256,20,David Hoovler,0,R,1,1,0,0,0,,4.209621993,6.18556701,1.374570447,8.762886598,54.12371134,21.99312715
Orange_2020 Q2,Orange,17,0,3,4,0,0,9,1,0,David Hoovler,0,R,1,1,0,0,0,,0,17.64705882,0,0,52.94117647,5.882352941
Orange_2020 Q3,Orange,502,21,14,21,7,50,256,119,14,David Hoovler,0,R,1,1,0,0,0,,4.183266932,2.788844622,1.394422311,9.960159363,50.99601594,23.70517928
Orange_2020 Q4,Orange,714,12,26,21,12,58,434,140,11,David Hoovler,0,R,1,1,0,0,0,,1.680672269,3.641456583,1.680672269,8.1232493,60.78431373,19.60784314
Orange_2021 Q1,Orange,659,8,28,18,3,40,404,153,5,David Hoovler,0,R,1,1,0,0,0.5,,1.213960546,4.248861912,0.455235205,6.069802731,61.30500759,23.21699545
Orange_2021 Q2,Orange,981,44,25,21,11,71,632,164,13,David Hoovler,0,R,1,1,0,0,0.5,,4.485219164,2.54841998,1.121304791,7.237512742,64.42405708,16.71763507
Orange_2021 Q3,Orange,906,69,39,19,22,98,503,149,7,David Hoovler,0,R,1,1,0,0,1,,7.61589404,4.304635762,2.428256071,10.81677704,55.5187638,16.44591611
Orange_2021 Q4,Orange,962,71,46,23,22,107,510,178,5,David Hoovler,0,R,1,1,0,0,1,,7.38045738,4.781704782,2.286902287,11.12266112,53.01455301,18.5031185
Orange_2022 Q1,Orange,1004,47,49,26,19,78,556,219,10,David Hoovler,0,R,NA,NA,NA,NA,0,,4.6812749,4.880478088,1.892430279,7.768924303,55.37848606,21.812749
Orange_2022 Q2,Orange,1040,55,54,27,12,106,577,200,9,David Hoovler,0,R,NA,NA,NA,NA,0,,5.288461538,5.192307692,1.153846154,10.19230769,55.48076923,19.23076923
Orange_2022 Q3,Orange,901,45,44,21,21,92,482,191,5,David Hoovler,0,R,NA,NA,NA,NA,0,,4.99445061,4.883462819,2.330743618,10.2108768,53.49611543,21.19866815
Orange_2022 Q4,Orange,848,56,43,15,15,65,472,166,16,David Hoovler,0,R,NA,NA,NA,NA,0,,6.603773585,5.070754717,1.768867925,7.66509434,55.66037736,19.5754717
Orleans_2010 Q1,Orleans,137,15,24,3,6,17,57,15,0,Joseph Cardone,NA,R,1,1,0,0,0,,10.94890511,17.51824818,4.379562044,12.40875912,41.60583942,10.94890511
Orleans_2010 Q2,Orleans,152,11,28,4,6,20,66,17,0,Joseph Cardone,NA,R,1,1,0,0,0,,7.236842105,18.42105263,3.947368421,13.15789474,43.42105263,11.18421053
Orleans_2010 Q3,Orleans,155,16,24,6,6,9,75,17,2,Joseph Cardone,NA,R,1,1,0,0,0,,10.32258065,15.48387097,3.870967742,5.806451613,48.38709677,10.96774194
Orleans_2010 Q4,Orleans,150,14,21,5,11,16,66,17,0,Joseph Cardone,NA,R,1,1,0,0,0,,9.333333333,14,7.333333333,10.66666667,44,11.33333333
Orleans_2011 Q1,Orleans,146,13,31,1,8,7,69,14,3,Joseph Cardone,NA,R,1,1,0,0,0,,8.904109589,21.23287671,5.479452055,4.794520548,47.26027397,9.589041096
Orleans_2011 Q2,Orleans,154,21,22,5,13,15,67,11,0,Joseph Cardone,NA,R,1,1,0,0,0,,13.63636364,14.28571429,8.441558442,9.74025974,43.50649351,7.142857143
Orleans_2011 Q3,Orleans,123,6,34,3,7,8,47,17,1,Joseph Cardone,NA,R,1,1,0,0,0,,4.87804878,27.64227642,5.691056911,6.504065041,38.21138211,13.82113821
Orleans_2011 Q4,Orleans,138,13,33,3,3,6,66,13,1,Joseph Cardone,NA,R,1,1,0,0,0,,9.420289855,23.91304348,2.173913043,4.347826087,47.82608696,9.420289855
Orleans_2012 Q1,Orleans,136,17,28,3,6,15,52,15,0,Joseph Cardone,NA,R,1,1,0,0,0,,12.5,20.58823529,4.411764706,11.02941176,38.23529412,11.02941176
Orleans_2012 Q2,Orleans,126,12,28,3,5,20,45,13,0,Joseph Cardone,NA,R,1,1,0,0,0,,9.523809524,22.22222222,3.968253968,15.87301587,35.71428571,10.31746032
Orleans_2012 Q3,Orleans,129,26,28,4,9,15,41,6,0,Joseph Cardone,NA,R,1,1,0,0,0,,20.15503876,21.70542636,6.976744186,11.62790698,31.78294574,4.651162791
Orleans_2012 Q4,Orleans,140,15,32,3,9,12,53,15,1,Joseph Cardone,NA,R,1,1,0,0,0,,10.71428571,22.85714286,6.428571429,8.571428571,37.85714286,10.71428571
Orleans_2013 Q1,Orleans,139,15,24,2,7,11,60,20,0,Joseph Cardone,NA,R,1,1,0,0,0,,10.79136691,17.26618705,5.035971223,7.913669065,43.16546763,14.38848921
Orleans_2013 Q2,Orleans,141,15,29,1,5,18,59,14,0,Joseph Cardone,NA,R,1,1,0,0,0,,10.63829787,20.56737589,3.546099291,12.76595745,41.84397163,9.929078014
Orleans_2013 Q3,Orleans,157,12,20,4,6,13,80,18,4,Joseph Cardone,NA,R,1,1,0,0,0,,7.643312102,12.7388535,3.821656051,8.280254777,50.95541401,11.46496815
Orleans_2013 Q4,Orleans,138,14,20,3,4,11,64,20,2,Joseph Cardone,NA,R,1,1,0,0,0,,10.14492754,14.49275362,2.898550725,7.971014493,46.37681159,14.49275362
Orleans_2014 Q1,Orleans,116,18,21,1,4,7,51,12,2,Joseph Cardone,NA,R,1,1,0,0,0,,15.51724138,18.10344828,3.448275862,6.034482759,43.96551724,10.34482759
Orleans_2014 Q2,Orleans,144,11,29,4,8,10,58,24,0,Joseph Cardone,NA,R,1,1,0,0,0,,7.638888889,20.13888889,5.555555556,6.944444444,40.27777778,16.66666667
Orleans_2014 Q3,Orleans,125,16,22,0,5,10,59,13,0,Joseph Cardone,NA,R,1,1,0,0,0,,12.8,17.6,4,8,47.2,10.4
Orleans_2014 Q4,Orleans,86,11,10,0,2,10,39,13,1,Joseph Cardone,NA,R,1,1,0,0,0,,12.79069767,11.62790698,2.325581395,11.62790698,45.34883721,15.11627907
Orleans_2015 Q1,Orleans,107,10,29,2,3,11,41,11,0,Joseph Cardone,NA,R,1,1,0,0,0,,9.345794393,27.10280374,2.803738318,10.28037383,38.31775701,10.28037383
Orleans_2015 Q2,Orleans,135,11,35,5,7,10,49,18,0,Joseph Cardone,NA,R,1,1,0,0,0,,8.148148148,25.92592593,5.185185185,7.407407407,36.2962963,13.33333333
Orleans_2015 Q3,Orleans,113,14,16,4,7,11,46,14,1,Joseph Cardone,NA,R,1,1,0,0,0,,12.38938053,14.15929204,6.194690265,9.734513274,40.7079646,12.38938053
Orleans_2015 Q4,Orleans,157,18,42,5,3,8,59,21,1,Joseph Cardone,NA,R,1,1,0,0,0,,11.46496815,26.75159236,1.910828025,5.095541401,37.57961783,13.37579618
Orleans_2016 Q1,Orleans,168,10,33,5,7,14,58,40,1,Joseph Cardone,NA,R,1,1,0,0,0,,5.952380952,19.64285714,4.166666667,8.333333333,34.52380952,23.80952381
Orleans_2016 Q2,Orleans,150,7,35,1,9,16,64,17,1,Joseph Cardone,NA,R,1,1,0,0,0,,4.666666667,23.33333333,6,10.66666667,42.66666667,11.33333333
Orleans_2016 Q3,Orleans,149,11,25,7,2,11,79,10,4,Joseph Cardone,NA,R,1,1,0,0,0,,7.382550336,16.77852349,1.342281879,7.382550336,53.02013423,6.711409396
Orleans_2016 Q4,Orleans,169,14,35,5,10,10,74,21,0,Joseph Cardone,NA,R,1,1,0,0,0,,8.284023669,20.71005917,5.917159763,5.917159763,43.78698225,12.4260355
Orleans_2017 Q1,Orleans,136,8,44,1,5,9,52,16,1,Joseph Cardone,NA,R,1,1,0,0,0,,5.882352941,32.35294118,3.676470588,6.617647059,38.23529412,11.76470588
Orleans_2017 Q2,Orleans,142,12,31,4,4,7,64,19,1,Joseph Cardone,NA,R,1,1,0,0,0,,8.450704225,21.83098592,2.816901408,4.929577465,45.07042254,13.38028169
Orleans_2017 Q3,Orleans,125,9,25,2,5,9,61,14,0,Joseph Cardone,NA,R,1,1,0,0,0,,7.2,20,4,7.2,48.8,11.2
Orleans_2017 Q4,Orleans,178,5,33,7,2,10,97,23,1,Joseph Cardone,NA,R,1,1,0,0,0,,2.808988764,18.53932584,1.123595506,5.617977528,54.49438202,12.92134831
Orleans_2018 Q1,Orleans,155,8,27,4,4,14,70,21,7,Joseph Cardone,NA,R,1,1,0,0,0,,5.161290323,17.41935484,2.580645161,9.032258065,45.16129032,13.5483871
Orleans_2018 Q2,Orleans,161,9,35,11,1,16,67,21,1,Joseph Cardone,NA,R,1,1,0,0,0,,5.590062112,21.73913043,0.621118012,9.937888199,41.61490683,13.04347826
Orleans_2018 Q3,Orleans,130,11,31,5,7,8,47,20,1,Joseph Cardone,NA,R,1,1,0,0,0,,8.461538462,23.84615385,5.384615385,6.153846154,36.15384615,15.38461538
Orleans_2018 Q4,Orleans,159,14,50,7,2,10,57,18,1,Joseph Cardone,NA,R,1,1,0,0,0,,8.805031447,31.44654088,1.257861635,6.289308176,35.8490566,11.32075472
Orleans_2019 Q1,Orleans,144,13,29,3,5,18,59,16,1,Joseph Cardone,NA,R,1,1,0,0,0,,9.027777778,20.13888889,3.472222222,12.5,40.97222222,11.11111111
Orleans_2019 Q2,Orleans,132,16,23,3,5,6,66,13,0,Joseph Cardone,NA,R,1,1,0,0,0,,12.12121212,17.42424242,3.787878788,4.545454545,50,9.848484848
Orleans_2019 Q3,Orleans,161,10,47,3,7,19,58,15,2,Joseph Cardone,NA,R,1,1,0,0,0,,6.211180124,29.19254658,4.347826087,11.80124224,36.02484472,9.316770186
Orleans_2019 Q4,Orleans,148,11,20,2,6,5,79,21,4,Joseph Cardone,NA,R,1,1,0,0,0,,7.432432432,13.51351351,4.054054054,3.378378378,53.37837838,14.18918919
Orleans_2020 Q1,Orleans,108,5,24,1,3,3,52,20,0,Joseph Cardone,NA,R,1,1,0,0,0.5,,4.62962963,22.22222222,2.777777778,2.777777778,48.14814815,18.51851852
Orleans_2020 Q2,Orleans,0,0,0,0,0,0,0,0,0,Joseph Cardone,NA,R,1,1,0,0,0.5,,NA,NA,NA,NA,NA,NA
Orleans_2020 Q3,Orleans,63,16,3,2,1,4,31,6,0,Joseph Cardone,NA,R,1,1,0,0,1,,25.3968254,4.761904762,1.587301587,6.349206349,49.20634921,9.523809524
Orleans_2020 Q4,Orleans,86,4,12,1,0,8,50,10,1,Joseph Cardone,NA,R,1,1,0,0,1,,4.651162791,13.95348837,0,9.302325581,58.13953488,11.62790698
Orleans_2021 Q1,Orleans,24,10,10,0,1,0,2,1,0,Joseph Cardone,NA,R,NA,NA,NA,NA,0,,41.66666667,41.66666667,4.166666667,0,8.333333333,4.166666667
Orleans_2021 Q2,Orleans,81,14,6,0,3,9,37,11,1,Joseph Cardone,NA,R,NA,NA,NA,NA,0,,17.28395062,7.407407407,3.703703704,11.11111111,45.67901235,13.58024691
Orleans_2021 Q3,Orleans,105,2,16,1,3,11,53,19,0,Joseph Cardone,NA,R,NA,NA,NA,NA,0,,1.904761905,15.23809524,2.857142857,10.47619048,50.47619048,18.0952381
Orleans_2021 Q4,Orleans,96,8,23,1,4,10,37,12,1,Joseph Cardone,NA,R,NA,NA,NA,NA,0,,8.333333333,23.95833333,4.166666667,10.41666667,38.54166667,12.5
Orleans_2022 Q1,Orleans,121,15,17,4,2,17,54,12,0,Joseph Cardone,NA,R,NA,NA,NA,NA,0,,12.39669421,14.04958678,1.652892562,14.04958678,44.62809917,9.917355372
Orleans_2022 Q2,Orleans,113,8,27,3,4,14,40,17,0,Joseph Cardone,NA,R,NA,NA,NA,NA,0,,7.079646018,23.89380531,3.539823009,12.38938053,35.39823009,15.04424779
Orleans_2022 Q3,Orleans,108,7,24,3,5,13,34,21,1,Joseph Cardone,NA,R,NA,NA,NA,NA,0,,6.481481481,22.22222222,4.62962963,12.03703704,31.48148148,19.44444444
Orleans_2022 Q4,Orleans,112,9,26,1,6,9,37,24,0,Joseph Cardone,NA,R,NA,NA,NA,NA,0,,8.035714286,23.21428571,5.357142857,8.035714286,33.03571429,21.42857143
Oswego_2010 Q1,Oswego,469,20,67,16,22,47,209,85,3,,NA,,NA,NA,NA,NA,0,,4.264392324,14.28571429,4.690831557,10.02132196,44.56289979,18.12366738
Oswego_2010 Q2,Oswego,451,27,74,13,22,61,176,73,5,,NA,,NA,NA,NA,NA,0,,5.986696231,16.40798226,4.87804878,13.52549889,39.02439024,16.18625277
Oswego_2010 Q3,Oswego,382,21,63,9,13,46,162,67,1,,NA,,NA,NA,NA,NA,0,,5.497382199,16.4921466,3.403141361,12.04188482,42.40837696,17.53926702
Oswego_2010 Q4,Oswego,374,16,72,10,15,48,145,62,6,,NA,,NA,NA,NA,NA,0,,4.278074866,19.2513369,4.010695187,12.8342246,38.77005348,16.57754011
Oswego_2011 Q1,Oswego,464,34,77,9,18,67,182,74,3,,NA,,NA,NA,0,1,0.5,,7.327586207,16.59482759,3.879310345,14.43965517,39.22413793,15.94827586
Oswego_2011 Q2,Oswego,501,35,64,14,27,63,203,94,1,,NA,,NA,NA,0,1,0.5,,6.986027944,12.7744511,5.389221557,12.5748503,40.51896208,18.76247505
Oswego_2011 Q3,Oswego,459,32,73,15,21,50,194,71,3,,NA,,NA,NA,0,1,1,,6.97167756,15.90413943,4.575163399,10.89324619,42.26579521,15.46840959
Oswego_2011 Q4,Oswego,491,21,93,11,29,53,193,86,5,,NA,,NA,NA,0,1,1,,4.276985743,18.94093686,5.906313646,10.79429735,39.30753564,17.51527495
Oswego_2012 Q1,Oswego,497,31,97,16,12,58,197,80,6,Gregory S. Oakes,0,R,1,1,0,1,0,,6.237424547,19.51710262,2.414486922,11.67002012,39.63782696,16.09657948
Oswego_2012 Q2,Oswego,509,25,78,15,39,71,198,78,5,Gregory S. Oakes,0,R,1,1,0,1,0,,4.911591356,15.32416503,7.662082515,13.94891945,38.89980354,15.32416503
Oswego_2012 Q3,Oswego,484,25,91,21,31,58,174,82,2,Gregory S. Oakes,0,R,1,1,0,1,0,,5.165289256,18.80165289,6.404958678,11.98347107,35.95041322,16.94214876
Oswego_2012 Q4,Oswego,453,32,88,16,18,69,166,60,4,Gregory S. Oakes,0,R,1,1,0,1,0,,7.06401766,19.42604857,3.973509934,15.23178808,36.64459161,13.24503311
Oswego_2013 Q1,Oswego,490,43,74,20,19,63,181,80,10,Gregory S. Oakes,0,R,1,1,0,1,0,,8.775510204,15.10204082,3.87755102,12.85714286,36.93877551,16.32653061
Oswego_2013 Q2,Oswego,478,35,84,8,12,66,198,68,7,Gregory S. Oakes,0,R,1,1,0,1,0,,7.322175732,17.57322176,2.510460251,13.80753138,41.42259414,14.22594142
Oswego_2013 Q3,Oswego,456,46,67,11,16,85,161,64,6,Gregory S. Oakes,0,R,1,1,0,1,0,,10.0877193,14.69298246,3.50877193,18.64035088,35.30701754,14.03508772
Oswego_2013 Q4,Oswego,416,13,70,15,13,62,169,70,4,Gregory S. Oakes,0,R,1,1,0,1,0,,3.125,16.82692308,3.125,14.90384615,40.625,16.82692308
Oswego_2014 Q1,Oswego,500,37,94,22,33,49,171,90,4,Gregory S. Oakes,0,R,1,1,0,1,0,,7.4,18.8,6.6,9.8,34.2,18
Oswego_2014 Q2,Oswego,489,38,66,12,20,77,184,90,2,Gregory S. Oakes,0,R,1,1,0,1,0,,7.770961145,13.49693252,4.08997955,15.74642127,37.62781186,18.40490798
Oswego_2014 Q3,Oswego,421,29,72,12,17,59,161,67,4,Gregory S. Oakes,0,R,1,1,0,1,0,,6.888361045,17.10213777,4.038004751,14.01425178,38.24228029,15.91448931
Oswego_2014 Q4,Oswego,357,22,53,22,15,48,134,57,6,Gregory S. Oakes,0,R,1,1,0,1,0,,6.162464986,14.84593838,4.201680672,13.44537815,37.53501401,15.96638655
Oswego_2015 Q1,Oswego,379,29,66,11,18,55,130,69,1,Gregory S. Oakes,0,R,1,1,0,1,0.5,,7.65171504,17.41424802,4.749340369,14.51187335,34.30079156,18.20580475
Oswego_2015 Q2,Oswego,490,37,80,26,21,79,167,76,4,Gregory S. Oakes,0,R,1,1,0,1,0.5,,7.551020408,16.32653061,4.285714286,16.12244898,34.08163265,15.51020408
Oswego_2015 Q3,Oswego,354,33,71,12,12,40,122,61,3,Gregory S. Oakes,0,R,1,1,0,1,1,,9.322033898,20.05649718,3.389830508,11.29943503,34.46327684,17.23163842
Oswego_2015 Q4,Oswego,403,33,37,16,29,60,159,66,3,Gregory S. Oakes,0,R,1,1,0,1,1,,8.188585608,9.181141439,7.196029777,14.88833747,39.45409429,16.37717122
Oswego_2016 Q1,Oswego,445,44,54,16,29,57,176,65,4,Gregory S. Oakes,0,R,1,1,0,0,0,,9.887640449,12.13483146,6.516853933,12.80898876,39.5505618,14.60674157
Oswego_2016 Q2,Oswego,418,37,60,30,27,34,149,76,5,Gregory S. Oakes,0,R,1,1,0,0,0,,8.851674641,14.35406699,6.459330144,8.133971292,35.64593301,18.18181818
Oswego_2016 Q3,Oswego,421,28,55,18,26,53,169,66,6,Gregory S. Oakes,0,R,1,1,0,0,0,,6.650831354,13.06413302,6.175771971,12.58907363,40.14251781,15.67695962
Oswego_2016 Q4,Oswego,431,34,67,24,21,47,148,84,6,Gregory S. Oakes,0,R,1,1,0,0,0,,7.88863109,15.54524362,4.872389791,10.90487239,34.3387471,19.48955916
Oswego_2017 Q1,Oswego,473,34,60,23,29,54,187,82,4,Gregory S. Oakes,0,R,1,1,0,0,0,,7.188160677,12.68498943,6.131078224,11.41649049,39.53488372,17.33615222
Oswego_2017 Q2,Oswego,471,43,48,18,33,62,175,87,5,Gregory S. Oakes,0,R,1,1,0,0,0,,9.129511677,10.1910828,7.006369427,13.16348195,37.15498938,18.47133758
Oswego_2017 Q3,Oswego,399,30,55,19,24,39,161,65,6,Gregory S. Oakes,0,R,1,1,0,0,0,,7.518796992,13.78446115,6.015037594,9.77443609,40.35087719,16.29072682
Oswego_2017 Q4,Oswego,367,20,47,18,28,41,133,70,10,Gregory S. Oakes,0,R,1,1,0,0,0,,5.449591281,12.80653951,7.629427793,11.17166213,36.23978202,19.07356948
Oswego_2018 Q1,Oswego,404,33,46,21,27,45,147,78,7,Gregory S. Oakes,0,R,1,1,0,0,0,,8.168316832,11.38613861,6.683168317,11.13861386,36.38613861,19.30693069
Oswego_2018 Q2,Oswego,384,29,57,16,20,43,150,67,2,Gregory S. Oakes,0,R,1,1,0,0,0,,7.552083333,14.84375,5.208333333,11.19791667,39.0625,17.44791667
Oswego_2018 Q3,Oswego,404,25,63,27,23,53,142,65,6,Gregory S. Oakes,0,R,1,1,0,0,0,,6.188118812,15.59405941,5.693069307,13.11881188,35.14851485,16.08910891
Oswego_2018 Q4,Oswego,420,32,68,35,11,41,154,74,5,Gregory S. Oakes,0,R,1,1,0,0,0,,7.619047619,16.19047619,2.619047619,9.761904762,36.66666667,17.61904762
Oswego_2019 Q1,Oswego,434,15,65,36,15,71,146,84,2,Gregory S. Oakes,0,R,1,1,0,0,0.5,,3.456221198,14.97695853,3.456221198,16.359447,33.640553,19.35483871
Oswego_2019 Q2,Oswego,441,28,65,29,17,52,168,76,6,Gregory S. Oakes,0,R,1,1,0,0,0.5,,6.349206349,14.73922902,3.854875283,11.79138322,38.0952381,17.23356009
Oswego_2019 Q3,Oswego,403,17,69,25,12,41,163,70,6,Gregory S. Oakes,0,R,1,1,0,0,1,,4.218362283,17.12158809,2.977667494,10.17369727,40.44665012,17.36972705
Oswego_2019 Q4,Oswego,452,16,59,27,15,46,192,95,2,Gregory S. Oakes,0,R,1,1,0,0,1,,3.539823009,13.05309735,3.318584071,10.17699115,42.47787611,21.01769912
Oswego_2020 Q1,Oswego,329,16,36,24,12,41,127,64,9,Gregory S. Oakes,0,R,NA,NA,NA,NA,0,,4.863221884,10.94224924,3.647416413,12.46200608,38.60182371,19.45288754
Oswego_2020 Q2,Oswego,37,9,1,1,2,5,9,10,0,Gregory S. Oakes,0,R,NA,NA,NA,NA,0,,24.32432432,2.702702703,5.405405405,13.51351351,24.32432432,27.02702703
Oswego_2020 Q3,Oswego,248,12,31,11,6,33,95,59,1,Gregory S. Oakes,0,R,NA,NA,NA,NA,0,,4.838709677,12.5,2.419354839,13.30645161,38.30645161,23.79032258
Oswego_2020 Q4,Oswego,294,18,39,17,10,28,112,65,5,Gregory S. Oakes,0,R,NA,NA,NA,NA,0,,6.12244898,13.26530612,3.401360544,9.523809524,38.0952381,22.10884354
Oswego_2021 Q1,Oswego,254,15,26,12,4,43,103,48,3,Gregory S. Oakes,0,R,NA,NA,NA,NA,0,,5.905511811,10.23622047,1.57480315,16.92913386,40.5511811,18.8976378
Oswego_2021 Q2,Oswego,298,21,29,14,3,39,137,52,3,Gregory S. Oakes,0,R,NA,NA,NA,NA,0,,7.046979866,9.731543624,1.006711409,13.08724832,45.97315436,17.44966443
Oswego_2021 Q3,Oswego,298,29,42,23,4,54,91,53,2,Gregory S. Oakes,0,R,NA,NA,NA,NA,0,,9.731543624,14.09395973,1.342281879,18.12080537,30.53691275,17.7852349
Oswego_2021 Q4,Oswego,265,21,28,18,3,39,96,60,0,Gregory S. Oakes,0,R,NA,NA,NA,NA,0,,7.924528302,10.56603774,1.132075472,14.71698113,36.22641509,22.64150943
Oswego_2022 Q1,Oswego,315,21,41,19,12,45,106,66,5,Gregory S. Oakes,0,R,NA,NA,NA,NA,0,,6.666666667,13.01587302,3.80952381,14.28571429,33.65079365,20.95238095
Oswego_2022 Q2,Oswego,365,37,46,31,8,57,118,64,4,Gregory S. Oakes,0,R,NA,NA,NA,NA,0,,10.1369863,12.60273973,2.191780822,15.61643836,32.32876712,17.53424658
Oswego_2022 Q3,Oswego,324,28,57,23,13,41,100,60,2,Gregory S. Oakes,0,R,NA,NA,NA,NA,0,,8.641975309,17.59259259,4.012345679,12.65432099,30.86419753,18.51851852
Oswego_2022 Q4,Oswego,295,28,41,26,8,41,101,46,4,Gregory S. Oakes,0,R,NA,NA,NA,NA,0,,9.491525424,13.89830508,2.711864407,13.89830508,34.23728814,15.59322034
Otsego_2010 Q1,Otsego,361,6,46,7,8,19,251,18,6,John Muehl,0,R,1,1,0,0,0,,1.662049861,12.74238227,2.216066482,5.263157895,69.52908587,4.986149584
Otsego_2010 Q2,Otsego,286,5,42,8,6,8,212,3,2,John Muehl,0,R,1,1,0,0,0,,1.748251748,14.68531469,2.097902098,2.797202797,74.12587413,1.048951049
Otsego_2010 Q3,Otsego,263,17,31,11,9,11,166,16,2,John Muehl,0,R,1,1,0,0,0,,6.463878327,11.78707224,3.422053232,4.182509506,63.11787072,6.08365019
Otsego_2010 Q4,Otsego,309,16,46,13,7,14,203,10,0,John Muehl,0,R,1,1,0,0,0,,5.177993528,14.88673139,2.265372168,4.530744337,65.69579288,3.236245955
Otsego_2011 Q1,Otsego,278,21,32,10,5,10,179,16,5,John Muehl,0,R,1,1,0,0,0.5,,7.553956835,11.51079137,1.798561151,3.597122302,64.38848921,5.755395683
Otsego_2011 Q2,Otsego,297,6,41,10,1,23,195,15,6,John Muehl,0,R,1,1,0,0,0.5,,2.02020202,13.8047138,0.336700337,7.744107744,65.65656566,5.050505051
Otsego_2011 Q3,Otsego,259,17,35,2,3,15,165,20,2,John Muehl,0,R,1,1,0,0,1,,6.563706564,13.51351351,1.158301158,5.791505792,63.70656371,7.722007722
Otsego_2011 Q4,Otsego,234,9,21,6,6,9,166,14,3,John Muehl,0,R,1,1,0,0,1,,3.846153846,8.974358974,2.564102564,3.846153846,70.94017094,5.982905983
Otsego_2012 Q1,Otsego,297,14,31,6,8,11,201,22,4,John Muehl,0,R,1,1,0,0,0,,4.713804714,10.43771044,2.693602694,3.703703704,67.67676768,7.407407407
Otsego_2012 Q2,Otsego,282,26,33,8,5,10,177,16,7,John Muehl,0,R,1,1,0,0,0,,9.219858156,11.70212766,1.773049645,3.546099291,62.76595745,5.673758865
Otsego_2012 Q3,Otsego,249,7,28,15,2,14,160,20,3,John Muehl,0,R,1,1,0,0,0,,2.81124498,11.24497992,0.803212851,5.62248996,64.25702811,8.032128514
Otsego_2012 Q4,Otsego,276,17,35,8,5,12,183,11,5,John Muehl,0,R,1,1,0,0,0,,6.15942029,12.68115942,1.811594203,4.347826087,66.30434783,3.985507246
Otsego_2013 Q1,Otsego,250,12,28,13,7,15,154,17,4,John Muehl,0,R,1,1,0,0,0,,4.8,11.2,2.8,6,61.6,6.8
Otsego_2013 Q2,Otsego,265,17,33,14,3,11,164,19,4,John Muehl,0,R,1,1,0,0,0,,6.41509434,12.45283019,1.132075472,4.150943396,61.88679245,7.169811321
Otsego_2013 Q3,Otsego,263,15,26,14,4,15,171,16,2,John Muehl,0,R,1,1,0,0,0,,5.703422053,9.885931559,1.520912548,5.703422053,65.01901141,6.08365019
Otsego_2013 Q4,Otsego,261,8,30,13,4,8,172,18,8,John Muehl,0,R,1,1,0,0,0,,3.0651341,11.49425287,1.53256705,3.0651341,65.90038314,6.896551724
Otsego_2014 Q1,Otsego,261,6,36,9,10,17,159,24,0,John Muehl,0,R,1,1,0,0,0,,2.298850575,13.79310345,3.831417625,6.513409962,60.91954023,9.195402299
Otsego_2014 Q2,Otsego,236,6,27,6,2,7,168,16,4,John Muehl,0,R,1,1,0,0,0,,2.542372881,11.44067797,0.847457627,2.966101695,71.18644068,6.779661017
Otsego_2014 Q3,Otsego,214,6,34,6,2,14,123,25,4,John Muehl,0,R,1,1,0,0,0,,2.803738318,15.88785047,0.934579439,6.542056075,57.47663551,11.68224299
Otsego_2014 Q4,Otsego,225,7,31,12,4,10,144,13,4,John Muehl,0,R,1,1,0,0,0,,3.111111111,13.77777778,1.777777778,4.444444444,64,5.777777778
Otsego_2015 Q1,Otsego,216,17,19,7,8,12,136,16,1,John Muehl,0,R,1,1,0,0,0.5,,7.87037037,8.796296296,3.703703704,5.555555556,62.96296296,7.407407407
Otsego_2015 Q2,Otsego,192,10,26,3,4,7,127,10,5,John Muehl,0,R,1,1,0,0,0.5,,5.208333333,13.54166667,2.083333333,3.645833333,66.14583333,5.208333333
Otsego_2015 Q3,Otsego,207,12,36,8,0,9,123,13,6,John Muehl,0,R,1,1,0,0,1,,5.797101449,17.39130435,0,4.347826087,59.42028986,6.280193237
Otsego_2015 Q4,Otsego,212,4,19,3,2,17,149,14,4,John Muehl,0,R,1,1,0,0,1,,1.886792453,8.962264151,0.943396226,8.018867925,70.28301887,6.603773585
Otsego_2016 Q1,Otsego,240,12,27,7,7,12,152,18,5,John Muehl,0,R,1,1,0,0,0,,5,11.25,2.916666667,5,63.33333333,7.5
Otsego_2016 Q2,Otsego,203,9,32,1,7,15,113,21,5,John Muehl,0,R,1,1,0,0,0,,4.433497537,15.7635468,3.448275862,7.389162562,55.66502463,10.34482759
Otsego_2016 Q3,Otsego,216,17,26,4,5,13,133,14,4,John Muehl,0,R,1,1,0,0,0,,7.87037037,12.03703704,2.314814815,6.018518519,61.57407407,6.481481481
Otsego_2016 Q4,Otsego,195,10,27,5,6,8,116,14,9,John Muehl,0,R,1,1,0,0,0,,5.128205128,13.84615385,3.076923077,4.102564103,59.48717949,7.179487179
Otsego_2017 Q1,Otsego,191,15,18,5,2,15,117,11,8,John Muehl,0,R,1,1,0,0,0,,7.853403141,9.42408377,1.047120419,7.853403141,61.2565445,5.759162304
Otsego_2017 Q2,Otsego,232,16,33,2,4,10,144,17,6,John Muehl,0,R,1,1,0,0,0,,6.896551724,14.22413793,1.724137931,4.310344828,62.06896552,7.327586207
Otsego_2017 Q3,Otsego,182,6,27,8,4,11,100,13,13,John Muehl,0,R,1,1,0,0,0,,3.296703297,14.83516484,2.197802198,6.043956044,54.94505495,7.142857143
Otsego_2017 Q4,Otsego,149,6,21,2,6,7,97,9,1,John Muehl,0,R,1,1,0,0,0,,4.026845638,14.09395973,4.026845638,4.697986577,65.10067114,6.040268456
Otsego_2018 Q1,Otsego,210,7,30,4,2,25,116,15,11,John Muehl,0,R,1,1,0,0,0,,3.333333333,14.28571429,0.952380952,11.9047619,55.23809524,7.142857143
Otsego_2018 Q2,Otsego,200,7,31,0,6,14,115,23,4,John Muehl,0,R,1,1,0,0,0,,3.5,15.5,3,7,57.5,11.5
Otsego_2018 Q3,Otsego,176,11,22,8,4,7,104,12,8,John Muehl,0,R,1,1,0,0,0,,6.25,12.5,2.272727273,3.977272727,59.09090909,6.818181818
Otsego_2018 Q4,Otsego,183,18,27,9,4,8,104,12,1,John Muehl,0,R,1,1,0,0,0,,9.836065574,14.75409836,2.18579235,4.371584699,56.83060109,6.557377049
Otsego_2019 Q1,Otsego,179,6,21,4,1,4,130,9,4,John Muehl,0,R,1,1,0,0,0.5,,3.351955307,11.73184358,0.558659218,2.234636872,72.62569832,5.027932961
Otsego_2019 Q2,Otsego,158,8,20,4,2,7,109,8,0,John Muehl,0,R,1,1,0,0,0.5,,5.063291139,12.65822785,1.265822785,4.430379747,68.98734177,5.063291139
Otsego_2019 Q3,Otsego,189,11,22,4,5,10,112,23,2,John Muehl,0,R,1,1,0,0,1,,5.82010582,11.64021164,2.645502646,5.291005291,59.25925926,12.16931217
Otsego_2019 Q4,Otsego,170,7,12,4,3,13,120,10,1,John Muehl,0,R,1,1,0,0,1,,4.117647059,7.058823529,1.764705882,7.647058824,70.58823529,5.882352941
Otsego_2020 Q1,Otsego,118,7,4,2,3,6,82,14,0,John Muehl,0,R,NA,NA,NA,NA,0,,5.93220339,3.389830508,2.542372881,5.084745763,69.49152542,11.86440678
Otsego_2020 Q2,Otsego,11,1,0,2,0,1,7,0,0,John Muehl,0,R,NA,NA,NA,NA,0,,9.090909091,0,0,9.090909091,63.63636364,0
Otsego_2020 Q3,Otsego,51,7,4,5,0,4,20,11,0,John Muehl,0,R,NA,NA,NA,NA,0,,13.7254902,7.843137255,0,7.843137255,39.21568627,21.56862745
Otsego_2020 Q4,Otsego,96,3,8,2,1,2,60,20,0,John Muehl,0,R,NA,NA,NA,NA,0,,3.125,8.333333333,1.041666667,2.083333333,62.5,20.83333333
Otsego_2021 Q1,Otsego,84,6,7,1,3,4,53,9,1,John Muehl,0,R,NA,NA,NA,NA,0,,7.142857143,8.333333333,3.571428571,4.761904762,63.0952381,10.71428571
Otsego_2021 Q2,Otsego,123,8,6,0,2,8,91,8,0,John Muehl,0,R,NA,NA,NA,NA,0,,6.504065041,4.87804878,1.62601626,6.504065041,73.98373984,6.504065041
Otsego_2021 Q3,Otsego,103,5,7,1,0,6,76,8,0,John Muehl,0,R,NA,NA,NA,NA,0,,4.854368932,6.796116505,0,5.825242718,73.78640777,7.766990291
Otsego_2021 Q4,Otsego,80,4,9,3,0,7,53,2,2,John Muehl,0,R,NA,NA,NA,NA,0,,5,11.25,0,8.75,66.25,2.5
Otsego_2022 Q1,Otsego,77,6,5,0,1,8,52,5,0,John Muehl,0,R,NA,NA,NA,NA,0,,7.792207792,6.493506494,1.298701299,10.38961039,67.53246753,6.493506494
Otsego_2022 Q2,Otsego,83,12,6,1,4,3,51,5,1,John Muehl,0,R,NA,NA,NA,NA,0,,14.45783133,7.228915663,4.819277108,3.614457831,61.44578313,6.024096386
Otsego_2022 Q3,Otsego,79,11,5,0,3,5,48,7,0,John Muehl,0,R,NA,NA,NA,NA,0,,13.92405063,6.329113924,3.797468354,6.329113924,60.75949367,8.860759494
Otsego_2022 Q4,Otsego,61,6,6,0,1,6,37,5,0,John Muehl,0,R,NA,NA,NA,NA,0,,9.836065574,9.836065574,1.639344262,9.836065574,60.6557377,8.196721311
Putnam_2010 Q1,Putnam,211,12,39,3,15,21,93,24,4,Adam B. Levy,0,R,1,1,0,0,0,,5.687203791,18.48341232,7.109004739,9.952606635,44.07582938,11.37440758
Putnam_2010 Q2,Putnam,231,9,26,14,10,22,117,29,4,Adam B. Levy,0,R,1,1,0,0,0,,3.896103896,11.25541126,4.329004329,9.523809524,50.64935065,12.55411255
Putnam_2010 Q3,Putnam,238,5,24,11,6,18,134,37,3,Adam B. Levy,0,R,1,1,0,0,0,,2.100840336,10.08403361,2.521008403,7.56302521,56.30252101,15.54621849
Putnam_2010 Q4,Putnam,252,15,34,8,6,25,128,32,4,Adam B. Levy,0,R,1,1,0,0,0,,5.952380952,13.49206349,2.380952381,9.920634921,50.79365079,12.6984127
Putnam_2011 Q1,Putnam,225,17,31,7,5,20,126,16,3,Adam B. Levy,0,R,1,1,0,0,0.5,,7.555555556,13.77777778,2.222222222,8.888888889,56,7.111111111
Putnam_2011 Q2,Putnam,256,6,27,2,8,28,157,27,1,Adam B. Levy,0,R,1,1,0,0,0.5,,2.34375,10.546875,3.125,10.9375,61.328125,10.546875
Putnam_2011 Q3,Putnam,231,10,26,8,8,21,134,23,1,Adam B. Levy,0,R,1,1,0,0,1,,4.329004329,11.25541126,3.463203463,9.090909091,58.00865801,9.956709957
Putnam_2011 Q4,Putnam,241,8,22,4,2,35,146,24,0,Adam B. Levy,0,R,1,1,0,0,1,,3.319502075,9.128630705,0.829875519,14.52282158,60.58091286,9.958506224
Putnam_2012 Q1,Putnam,279,12,19,1,7,31,163,43,3,Adam B. Levy,0,R,1,0,1,1,0,,4.301075269,6.810035842,2.508960573,11.11111111,58.42293907,15.41218638
Putnam_2012 Q2,Putnam,275,14,23,4,7,31,164,24,8,Adam B. Levy,0,R,1,0,1,1,0,,5.090909091,8.363636364,2.545454545,11.27272727,59.63636364,8.727272727
Putnam_2012 Q3,Putnam,216,9,21,4,6,24,123,26,3,Adam B. Levy,0,R,1,0,1,1,0,,4.166666667,9.722222222,2.777777778,11.11111111,56.94444444,12.03703704
Putnam_2012 Q4,Putnam,209,9,16,4,8,29,127,16,0,Adam B. Levy,0,R,1,0,1,1,0,,4.306220096,7.655502392,3.827751196,13.87559809,60.76555024,7.655502392
Putnam_2013 Q1,Putnam,223,14,27,3,4,34,118,17,6,Adam B. Levy,0,R,1,0,1,1,0,,6.278026906,12.10762332,1.793721973,15.24663677,52.91479821,7.623318386
Putnam_2013 Q2,Putnam,218,5,25,1,7,33,125,20,2,Adam B. Levy,0,R,1,0,1,1,0,,2.293577982,11.46788991,3.211009174,15.13761468,57.33944954,9.174311927
Putnam_2013 Q3,Putnam,296,5,29,4,8,30,178,36,6,Adam B. Levy,0,R,1,0,1,1,0,,1.689189189,9.797297297,2.702702703,10.13513514,60.13513514,12.16216216
Putnam_2013 Q4,Putnam,251,15,25,4,7,29,131,36,4,Adam B. Levy,0,R,1,0,1,1,0,,5.976095618,9.960159363,2.788844622,11.55378486,52.19123506,14.34262948
Putnam_2014 Q1,Putnam,213,6,35,2,5,27,108,28,2,Adam B. Levy,0,R,1,0,1,1,0,,2.816901408,16.43192488,2.34741784,12.67605634,50.70422535,13.14553991
Putnam_2014 Q2,Putnam,214,11,24,1,3,27,118,27,3,Adam B. Levy,0,R,1,0,1,1,0,,5.140186916,11.21495327,1.401869159,12.61682243,55.14018692,12.61682243
Putnam_2014 Q3,Putnam,234,8,13,5,9,30,133,34,2,Adam B. Levy,0,R,1,0,1,1,0,,3.418803419,5.555555556,3.846153846,12.82051282,56.83760684,14.52991453
Putnam_2014 Q4,Putnam,197,5,22,3,7,22,104,30,4,Adam B. Levy,0,R,1,0,1,1,0,,2.538071066,11.16751269,3.553299492,11.16751269,52.79187817,15.2284264
Putnam_2015 Q1,Putnam,195,6,19,3,6,24,111,22,4,Adam B. Levy,0,R,1,0,1,1,0.5,,3.076923077,9.743589744,3.076923077,12.30769231,56.92307692,11.28205128
Putnam_2015 Q2,Putnam,210,4,19,2,5,24,121,32,3,Adam B. Levy,0,R,1,0,1,1,0.5,,1.904761905,9.047619048,2.380952381,11.42857143,57.61904762,15.23809524
Putnam_2015 Q3,Putnam,197,7,26,3,10,19,104,26,2,Adam B. Levy,0,R,1,0,1,1,1,,3.553299492,13.19796954,5.076142132,9.644670051,52.79187817,13.19796954
Putnam_2015 Q4,Putnam,207,7,20,1,5,23,112,37,2,Adam B. Levy,0,R,1,0,1,1,1,,3.381642512,9.661835749,2.415458937,11.11111111,54.10628019,17.87439614
Putnam_2016 Q1,Putnam,174,8,26,0,0,13,89,34,4,Robert V. Tendy,0,R,1,1,0,0,0,,4.597701149,14.94252874,0,7.471264368,51.14942529,19.54022989
Putnam_2016 Q2,Putnam,232,7,21,4,4,28,130,34,4,Robert V. Tendy,0,R,1,1,0,0,0,,3.017241379,9.051724138,1.724137931,12.06896552,56.03448276,14.65517241
Putnam_2016 Q3,Putnam,210,10,20,3,4,16,127,28,2,Robert V. Tendy,0,R,1,1,0,0,0,,4.761904762,9.523809524,1.904761905,7.619047619,60.47619048,13.33333333
Putnam_2016 Q4,Putnam,223,10,11,5,1,16,150,26,4,Robert V. Tendy,0,R,1,1,0,0,0,,4.484304933,4.932735426,0.448430493,7.174887892,67.26457399,11.65919283
Putnam_2017 Q1,Putnam,240,11,25,6,0,33,139,22,4,Robert V. Tendy,0,R,1,1,0,0,0,,4.583333333,10.41666667,0,13.75,57.91666667,9.166666667
Putnam_2017 Q2,Putnam,255,4,22,8,5,18,150,44,4,Robert V. Tendy,0,R,1,1,0,0,0,,1.568627451,8.62745098,1.960784314,7.058823529,58.82352941,17.25490196
Putnam_2017 Q3,Putnam,234,6,21,7,3,19,139,37,2,Robert V. Tendy,0,R,1,1,0,0,0,,2.564102564,8.974358974,1.282051282,8.11965812,59.4017094,15.81196581
Putnam_2017 Q4,Putnam,290,10,30,11,0,27,155,49,8,Robert V. Tendy,0,R,1,1,0,0,0,,3.448275862,10.34482759,0,9.310344828,53.44827586,16.89655172
Putnam_2018 Q1,Putnam,192,5,14,1,3,18,114,31,6,Robert V. Tendy,0,R,1,1,0,0,0,,2.604166667,7.291666667,1.5625,9.375,59.375,16.14583333
Putnam_2018 Q2,Putnam,262,9,17,2,7,20,162,41,4,Robert V. Tendy,0,R,1,1,0,0,0,,3.435114504,6.488549618,2.671755725,7.633587786,61.83206107,15.64885496
Putnam_2018 Q3,Putnam,234,4,36,3,3,20,127,41,0,Robert V. Tendy,0,R,1,1,0,0,0,,1.709401709,15.38461538,1.282051282,8.547008547,54.27350427,17.52136752
Putnam_2018 Q4,Putnam,216,7,20,2,4,15,114,46,8,Robert V. Tendy,0,R,1,1,0,0,0,,3.240740741,9.259259259,1.851851852,6.944444444,52.77777778,21.2962963
Putnam_2019 Q1,Putnam,231,7,14,5,4,19,141,35,6,Robert V. Tendy,0,R,1,1,0,0,0.5,,3.03030303,6.060606061,1.731601732,8.225108225,61.03896104,15.15151515
Putnam_2019 Q2,Putnam,238,9,22,1,3,25,132,41,5,Robert V. Tendy,0,R,1,1,0,0,0.5,,3.781512605,9.243697479,1.260504202,10.50420168,55.46218487,17.22689076
Putnam_2019 Q3,Putnam,230,5,11,0,6,16,141,47,4,Robert V. Tendy,0,R,1,1,0,0,1,,2.173913043,4.782608696,2.608695652,6.956521739,61.30434783,20.43478261
Putnam_2019 Q4,Putnam,240,6,13,1,5,14,150,48,3,Robert V. Tendy,0,R,1,1,0,0,1,,2.5,5.416666667,2.083333333,5.833333333,62.5,20
Putnam_2020 Q1,Putnam,218,7,3,3,4,17,158,22,4,Robert V. Tendy,0,R,NA,NA,NA,NA,0,,3.211009174,1.376146789,1.834862385,7.798165138,72.47706422,10.09174312
Putnam_2020 Q2,Putnam,4,0,0,0,1,2,1,0,0,Robert V. Tendy,0,R,NA,NA,NA,NA,0,,0,0,25,50,25,0
Putnam_2020 Q3,Putnam,164,7,6,0,3,8,109,26,5,Robert V. Tendy,0,R,NA,NA,NA,NA,0,,4.268292683,3.658536585,1.829268293,4.87804878,66.46341463,15.85365854
Putnam_2020 Q4,Putnam,143,1,2,0,1,12,106,14,7,Robert V. Tendy,0,R,NA,NA,NA,NA,0,,0.699300699,1.398601399,0.699300699,8.391608392,74.12587413,9.79020979
Putnam_2021 Q1,Putnam,123,3,11,1,0,12,74,21,1,Robert V. Tendy,0,R,NA,NA,NA,NA,0,,2.43902439,8.943089431,0,9.756097561,60.16260163,17.07317073
Putnam_2021 Q2,Putnam,224,5,6,1,3,12,173,20,4,Robert V. Tendy,0,R,NA,NA,NA,NA,0,,2.232142857,2.678571429,1.339285714,5.357142857,77.23214286,8.928571429
Putnam_2021 Q3,Putnam,198,2,7,1,2,14,140,28,4,Robert V. Tendy,0,R,NA,NA,NA,NA,0,,1.01010101,3.535353535,1.01010101,7.070707071,70.70707071,14.14141414
Putnam_2021 Q4,Putnam,176,3,10,3,3,9,126,20,2,Robert V. Tendy,0,R,NA,NA,NA,NA,0,,1.704545455,5.681818182,1.704545455,5.113636364,71.59090909,11.36363636
Putnam_2022 Q1,Putnam,164,11,14,1,1,20,82,34,1,Robert V. Tendy,0,R,NA,NA,NA,NA,0,,6.707317073,8.536585366,0.609756098,12.19512195,50,20.73170732
Putnam_2022 Q2,Putnam,161,3,9,1,3,21,108,16,0,Robert V. Tendy,0,R,NA,NA,NA,NA,0,,1.863354037,5.590062112,1.863354037,13.04347826,67.08074534,9.937888199
Putnam_2022 Q3,Putnam,165,3,5,0,2,9,121,25,0,Robert V. Tendy,0,R,NA,NA,NA,NA,0,,1.818181818,3.03030303,1.212121212,5.454545455,73.33333333,15.15151515
Putnam_2022 Q4,Putnam,160,4,9,1,3,9,100,31,3,Robert V. Tendy,0,R,NA,NA,NA,NA,0,,2.5,5.625,1.875,5.625,62.5,19.375
Queens_2010 Q1,Queens,8253,386,1290,610,47,240,2148,3526,6,Richard A. Brown,0,D,1,1,0,0,0,,4.67708712,15.63067975,0.569489882,2.908033442,26.02689931,42.72385799
Queens_2010 Q2,Queens,8018,354,1180,569,53,238,2106,3508,10,Richard A. Brown,0,D,1,1,0,0,0,,4.415066101,14.716887,0.661012721,2.968321277,26.26590172,43.75155899
Queens_2010 Q3,Queens,7098,323,1220,523,76,200,1729,3023,4,Richard A. Brown,0,D,1,1,0,0,0,,4.550577628,17.18794026,1.070724148,2.817695125,24.35897436,42.58946182
Queens_2010 Q4,Queens,7136,284,1099,490,50,194,1798,3209,12,Richard A. Brown,0,D,1,1,0,0,0,,3.979820628,15.40078475,0.700672646,2.718609865,25.19618834,44.9691704
Queens_2011 Q1,Queens,8062,395,1269,582,52,217,1990,3532,25,Richard A. Brown,0,D,1,1,0,0,0.5,,4.899528653,15.74051104,0.64500124,2.691639792,24.68370131,43.81046887
Queens_2011 Q2,Queens,8333,397,1170,501,61,251,2110,3825,18,Richard A. Brown,0,D,1,1,0,0,0.5,,4.764190568,14.04056162,0.732029281,3.012120485,25.32101284,45.90183607
Queens_2011 Q3,Queens,6978,298,1125,488,45,191,1606,3206,19,Richard A. Brown,0,D,1,1,0,0,1,,4.270564632,16.12209802,0.644883921,2.737173975,23.0151906,45.94439668
Queens_2011 Q4,Queens,6805,287,1109,463,47,192,1644,3055,8,Richard A. Brown,0,D,1,1,0,0,1,,4.217487142,16.29684056,0.690668626,2.821454813,24.15870683,44.89346069
Queens_2012 Q1,Queens,7852,328,1178,614,63,243,1999,3413,14,Richard A. Brown,0,D,1,1,0,0,0,,4.177279674,15.00254712,0.802343352,3.094752929,25.45848192,43.46663271
Queens_2012 Q2,Queens,7229,380,1052,653,66,214,1722,3121,21,Richard A. Brown,0,D,1,1,0,0,0,,5.25660534,14.55249689,0.912989348,2.960298797,23.82072209,43.17332964
Queens_2012 Q3,Queens,6662,285,967,612,46,170,1541,3031,10,Richard A. Brown,0,D,1,1,0,0,0,,4.277994596,14.51516061,0.690483338,2.55178625,23.13119183,45.49684779
Queens_2012 Q4,Queens,5812,244,893,588,43,161,1368,2511,4,Richard A. Brown,0,D,1,1,0,0,0,,4.198210599,15.36476256,0.739848589,2.770130764,23.5375086,43.20371645
Queens_2013 Q1,Queens,6616,313,946,771,45,174,1617,2739,11,Richard A. Brown,0,D,1,1,0,0,0,,4.73095526,14.29866989,0.680169287,2.629987908,24.4407497,41.39963724
Queens_2013 Q2,Queens,6885,290,1011,855,60,206,1641,2815,7,Richard A. Brown,0,D,1,1,0,0,0,,4.212055192,14.68409586,0.871459695,2.992011619,23.83442266,40.88598402
Queens_2013 Q3,Queens,6425,297,985,873,29,181,1415,2636,9,Richard A. Brown,0,D,1,1,0,0,0,,4.622568093,15.3307393,0.451361868,2.817120623,22.0233463,41.02723735
Queens_2013 Q4,Queens,6737,282,861,923,43,177,1582,2864,5,Richard A. Brown,0,D,1,1,0,0,0,,4.185839394,12.78016921,0.638266291,2.627282173,23.48226213,42.51150364
Queens_2014 Q1,Queens,7303,308,932,857,59,186,1761,3184,16,Richard A. Brown,0,D,1,1,0,0,0,,4.217444886,12.76187868,0.80788717,2.546898535,24.11337806,43.59852116
Queens_2014 Q2,Queens,7138,319,883,965,58,186,1700,3016,11,Richard A. Brown,0,D,1,1,0,0,0,,4.469038946,12.37041188,0.812552536,2.605771925,23.81619501,42.25273186
Queens_2014 Q3,Queens,6850,243,952,1019,44,178,1484,2920,10,Richard A. Brown,0,D,1,1,0,0,0,,3.547445255,13.89781022,0.642335766,2.598540146,21.66423358,42.62773723
Queens_2014 Q4,Queens,6391,283,838,1031,47,166,1300,2721,5,Richard A. Brown,0,D,1,1,0,0,0,,4.428102018,13.11218902,0.735409169,2.597402597,20.34110468,42.57549679
Queens_2015 Q1,Queens,6545,253,943,1158,57,172,1318,2636,8,Richard A. Brown,0,D,1,1,0,0,0.5,,3.865546218,14.407945,0.870893812,2.627960275,20.13750955,40.2750191
Queens_2015 Q2,Queens,6950,314,915,1203,60,193,1307,2948,10,Richard A. Brown,0,D,1,1,0,0,0.5,,4.517985612,13.16546763,0.863309353,2.776978417,18.8057554,42.41726619
Queens_2015 Q3,Queens,6098,216,769,1047,53,168,1260,2577,8,Richard A. Brown,0,D,1,1,0,0,1,,3.542144966,12.61069203,0.869137422,2.75500164,20.6625123,42.2597573
Queens_2015 Q4,Queens,5759,254,777,896,38,163,1243,2380,8,Richard A. Brown,0,D,1,1,0,0,1,,4.410487932,13.49192568,0.659836777,2.830352492,21.58360827,41.3266192
Queens_2016 Q1,Queens,6490,286,772,941,55,168,1355,2902,11,Richard A. Brown,0,D,0,NA,0,NA,0,,4.406779661,11.89522342,0.847457627,2.588597843,20.87827427,44.71494607
Queens_2016 Q2,Queens,6064,277,779,784,44,182,1374,2614,10,Richard A. Brown,0,D,0,NA,0,NA,0,,4.567941953,12.84630607,0.725593668,3.001319261,22.65831135,43.10686016
Queens_2016 Q3,Queens,5683,241,774,676,46,139,1163,2638,6,Richard A. Brown,0,D,0,NA,0,NA,0,,4.240717931,13.61956713,0.809431638,2.445891255,20.46454337,46.41914482
Queens_2016 Q4,Queens,5687,247,788,611,54,146,1326,2511,4,Richard A. Brown,0,D,0,NA,0,NA,0,,4.343238966,13.85616318,0.949534025,2.56725866,23.3163355,44.15333216
Queens_2017 Q1,Queens,6077,298,828,696,55,161,1486,2547,6,Richard A. Brown,0,D,0,NA,0,NA,0,,4.903735396,13.62514399,0.905051835,2.649333553,24.45285503,41.91212769
Queens_2017 Q2,Queens,6220,286,790,678,59,146,1674,2572,15,Richard A. Brown,0,D,0,NA,0,NA,0,,4.59807074,12.70096463,0.948553055,2.347266881,26.91318328,41.35048232
Queens_2017 Q3,Queens,5711,252,822,666,41,143,1364,2417,6,Richard A. Brown,0,D,0,NA,0,NA,0,,4.412537209,14.39327613,0.7179128,2.503939765,23.88373315,42.32183506
Queens_2017 Q4,Queens,5788,276,732,658,52,146,1300,2614,10,Richard A. Brown,0,D,0,NA,0,NA,0,,4.768486524,12.64685556,0.898410504,2.522460263,22.46026261,45.16240498
Queens_2018 Q1,Queens,6030,261,729,643,46,155,1507,2686,3,Richard A. Brown,0,D,0,NA,0,NA,0,,4.328358209,12.08955224,0.762852405,2.570480929,24.99170813,44.54394693
Queens_2018 Q2,Queens,5672,284,756,577,57,155,1409,2424,10,Richard A. Brown,0,D,0,NA,0,NA,0,,5.007052186,13.32863188,1.00493653,2.732722144,24.84132581,42.73624824
Queens_2018 Q3,Queens,4728,209,625,496,40,131,1189,2033,5,Richard A. Brown,0,D,0,NA,0,NA,0,,4.420473773,13.21912014,0.846023689,2.77072758,25.14805415,42.99915398
Queens_2018 Q4,Queens,4727,207,578,514,28,116,1151,2126,7,Richard A. Brown,0,D,0,NA,0,NA,0,,4.379098794,12.22762852,0.592341866,2.45398773,24.3494817,44.97567167
Queens_2019 Q1,Queens,5589,218,648,631,40,133,1302,2614,3,Richard A. Brown,0,D,0,NA,1,1,0.5,,3.900518876,11.5942029,0.715691537,2.37967436,23.29575953,46.77044194
Queens_2019 Q2,Queens,5369,241,554,647,38,140,1293,2453,3,Richard A. Brown,0,D,0,NA,1,1,0.5,,4.488731607,10.31849506,0.707766809,2.60756193,24.08269696,45.68821009
Queens_2019 Q3,Queens,4712,229,489,535,30,94,1015,2317,3,Richard A. Brown,0,D,0,NA,1,1,1,,4.859932088,10.37775891,0.636672326,1.994906621,21.54074703,49.17232598
Queens_2019 Q4,Queens,4743,241,507,567,29,109,963,2319,8,Richard A. Brown,0,D,0,NA,1,1,1,,5.081172254,10.68943707,0.611427367,2.29812355,20.30360531,48.89310563
Queens_2020 Q1,Queens,3712,178,278,555,26,102,789,1779,5,Melinda Katz,0,D,0,NA,0,NA,0,,4.795258621,7.489224138,0.700431034,2.747844828,21.25538793,47.92564655
Queens_2020 Q2,Queens,338,16,40,70,8,20,34,150,0,Melinda Katz,0,D,0,NA,0,NA,0,,4.733727811,11.83431953,2.366863905,5.917159763,10.0591716,44.37869822
Queens_2020 Q3,Queens,1157,81,104,186,7,90,144,540,5,Melinda Katz,0,D,0,NA,0,NA,0,,7.000864304,8.988764045,0.605012965,7.778738116,12.44598099,46.67242869
Queens_2020 Q4,Queens,1389,66,97,215,19,78,201,711,2,Melinda Katz,0,D,0,NA,0,NA,0,,4.75161987,6.983441325,1.367890569,5.615550756,14.47084233,51.18790497
Queens_2021 Q1,Queens,1606,62,119,196,5,71,214,936,3,Melinda Katz,0,D,0,NA,0,NA,0,,3.860523039,7.409713574,0.311332503,4.420921544,13.32503113,58.28144458
Queens_2021 Q2,Queens,1777,102,144,219,21,75,290,921,5,Melinda Katz,0,D,0,NA,0,NA,0,,5.740011255,8.103545301,1.181767023,4.220596511,16.31963984,51.82892515
Queens_2021 Q3,Queens,2131,130,196,317,16,69,392,1004,7,Melinda Katz,0,D,0,NA,0,NA,0,,6.100422337,9.197559831,0.750821211,3.237916471,18.39511966,47.11403097
Queens_2021 Q4,Queens,1789,120,121,273,18,92,303,859,3,Melinda Katz,0,D,0,NA,0,NA,0,,6.707657909,6.763555059,1.006148686,5.142537731,16.93683622,48.0156512
Queens_2022 Q1,Queens,2111,176,173,353,18,80,373,936,2,Melinda Katz,0,D,0,NA,0,NA,0,,8.33728091,8.195168167,0.852676457,3.789673141,17.66935102,44.33917575
Queens_2022 Q2,Queens,2402,242,174,395,28,85,467,1006,5,Melinda Katz,0,D,0,NA,0,NA,0,,10.07493755,7.243963364,1.165695254,3.538717735,19.44213156,41.8817652
Queens_2022 Q3,Queens,2187,201,179,420,31,74,341,938,3,Melinda Katz,0,D,0,NA,0,NA,0,,9.190672154,8.184727938,1.41746685,3.383630544,15.59213535,42.88980338
Queens_2022 Q4,Queens,2466,230,202,388,18,113,390,1118,7,Melinda Katz,0,D,0,NA,0,NA,0,,9.326845093,8.191403082,0.729927007,4.582319546,15.81508516,45.33657745
Rensselaer_2010 Q1,Rensselaer,695,30,101,47,38,80,266,109,24,Richard McNally,0,Ind,0,NA,0,NA,0,,4.316546763,14.5323741,5.467625899,11.51079137,38.27338129,15.68345324
Rensselaer_2010 Q2,Rensselaer,665,41,84,47,12,60,261,129,31,Richard McNally,0,Ind,0,NA,0,NA,0,,6.165413534,12.63157895,1.804511278,9.022556391,39.2481203,19.39849624
Rensselaer_2010 Q3,Rensselaer,679,31,81,65,14,50,290,122,26,Richard McNally,0,Ind,0,NA,0,NA,0,,4.565537555,11.92930781,2.06185567,7.36377025,42.70986745,17.96759941
Rensselaer_2010 Q4,Rensselaer,615,24,72,60,21,53,261,99,25,Richard McNally,0,Ind,0,NA,0,NA,0,,3.902439024,11.70731707,3.414634146,8.617886179,42.43902439,16.09756098
Rensselaer_2011 Q1,Rensselaer,544,30,66,37,35,65,200,96,15,Richard McNally,0,Ind,0,NA,0,NA,0,,5.514705882,12.13235294,6.433823529,11.94852941,36.76470588,17.64705882
Rensselaer_2011 Q2,Rensselaer,464,21,53,36,19,41,202,78,14,Richard McNally,0,Ind,0,NA,0,NA,0,,4.525862069,11.42241379,4.094827586,8.836206897,43.53448276,16.81034483
Rensselaer_2011 Q3,Rensselaer,527,22,65,32,27,54,207,102,18,Richard McNally,0,Ind,0,NA,0,NA,0,,4.174573055,12.33396584,5.123339658,10.24667932,39.27893738,19.35483871
Rensselaer_2011 Q4,Rensselaer,503,40,66,25,19,54,184,96,19,Richard McNally,0,Ind,0,NA,0,NA,0,,7.952286282,13.12127237,3.777335984,10.73558648,36.5805169,19.08548708
Rensselaer_2012 Q1,Rensselaer,531,33,61,31,11,54,230,94,17,Richard McNally,0,Ind,0,NA,0,NA,0,,6.214689266,11.48775895,2.071563089,10.16949153,43.31450094,17.70244821
Rensselaer_2012 Q2,Rensselaer,714,37,69,76,15,59,307,125,26,Richard McNally,0,Ind,0,NA,0,NA,0,,5.182072829,9.663865546,2.100840336,8.263305322,42.99719888,17.5070028
Rensselaer_2012 Q3,Rensselaer,621,37,82,58,22,49,258,88,27,Richard McNally,0,Ind,0,NA,0,NA,0,,5.958132045,13.20450886,3.542673108,7.890499195,41.54589372,14.17069243
Rensselaer_2012 Q4,Rensselaer,514,36,63,42,15,59,196,90,13,Richard McNally,0,Ind,0,NA,0,NA,0,,7.003891051,12.25680934,2.918287938,11.47859922,38.13229572,17.50972763
Rensselaer_2013 Q1,Rensselaer,532,35,87,39,16,65,174,95,21,Richard McNally,0,Ind,0,NA,0,NA,0,,6.578947368,16.35338346,3.007518797,12.21804511,32.70676692,17.85714286
Rensselaer_2013 Q2,Rensselaer,539,28,50,51,18,63,204,105,20,Richard McNally,0,Ind,0,NA,0,NA,0,,5.194805195,9.276437848,3.339517625,11.68831169,37.84786642,19.48051948
Rensselaer_2013 Q3,Rensselaer,568,47,72,68,10,75,192,94,10,Richard McNally,0,Ind,0,NA,0,NA,0,,8.274647887,12.67605634,1.76056338,13.20422535,33.8028169,16.54929577
Rensselaer_2013 Q4,Rensselaer,539,32,60,44,16,53,221,104,9,Richard McNally,0,Ind,0,NA,0,NA,0,,5.936920223,11.13172542,2.968460111,9.833024119,41.00185529,19.29499072
Rensselaer_2014 Q1,Rensselaer,596,36,74,45,9,75,211,127,19,Richard McNally,0,Ind,0,NA,1,1,0.5,,6.040268456,12.41610738,1.510067114,12.58389262,35.40268456,21.30872483
Rensselaer_2014 Q2,Rensselaer,583,30,88,64,15,52,220,103,11,Richard McNally,0,Ind,0,NA,1,1,0.5,,5.145797599,15.09433962,2.572898799,8.919382504,37.73584906,17.66723842
Rensselaer_2014 Q3,Rensselaer,512,37,81,39,10,38,206,90,11,Richard McNally,0,Ind,0,NA,1,1,1,,7.2265625,15.8203125,1.953125,7.421875,40.234375,17.578125
Rensselaer_2014 Q4,Rensselaer,618,35,81,47,16,62,255,114,8,Richard McNally,0,Ind,0,NA,1,1,1,,5.663430421,13.10679612,2.588996764,10.03236246,41.26213592,18.44660194
Rensselaer_2015 Q1,Rensselaer,542,45,86,28,15,58,189,104,17,Joel Abelove,0,R,1,0,1,1,0,,8.302583026,15.86715867,2.767527675,10.70110701,34.87084871,19.18819188
Rensselaer_2015 Q2,Rensselaer,539,23,78,41,18,44,207,115,13,Joel Abelove,0,R,1,0,1,1,0,,4.26716141,14.47124304,3.339517625,8.163265306,38.40445269,21.33580705
Rensselaer_2015 Q3,Rensselaer,434,17,76,23,14,43,168,89,4,Joel Abelove,0,R,1,0,1,1,0,,3.917050691,17.51152074,3.225806452,9.907834101,38.70967742,20.50691244
Rensselaer_2015 Q4,Rensselaer,444,27,88,28,13,35,149,88,16,Joel Abelove,0,R,1,0,1,1,0,,6.081081081,19.81981982,2.927927928,7.882882883,33.55855856,19.81981982
Rensselaer_2016 Q1,Rensselaer,562,29,83,44,20,37,194,139,16,Joel Abelove,0,R,1,0,1,1,0,,5.160142349,14.76868327,3.558718861,6.583629893,34.51957295,24.73309609
Rensselaer_2016 Q2,Rensselaer,522,24,72,30,15,53,190,126,12,Joel Abelove,0,R,1,0,1,1,0,,4.597701149,13.79310345,2.873563218,10.1532567,36.39846743,24.13793103
Rensselaer_2016 Q3,Rensselaer,642,39,86,45,12,46,232,165,17,Joel Abelove,0,R,1,0,1,1,0,,6.074766355,13.39563863,1.869158879,7.165109034,36.13707165,25.70093458
Rensselaer_2016 Q4,Rensselaer,489,37,46,41,9,43,193,100,20,Joel Abelove,0,R,1,0,1,1,0,,7.566462168,9.406952965,1.840490798,8.793456033,39.46830266,20.44989775
Rensselaer_2017 Q1,Rensselaer,531,30,62,45,12,41,211,100,30,Joel Abelove,0,R,1,0,1,1,0,,5.649717514,11.67608286,2.259887006,7.721280603,39.73634652,18.83239171
Rensselaer_2017 Q2,Rensselaer,519,25,75,47,8,39,212,96,17,Joel Abelove,0,R,1,0,1,1,0,,4.816955684,14.45086705,1.541425819,7.514450867,40.8477842,18.49710983
Rensselaer_2017 Q3,Rensselaer,583,20,70,55,11,42,233,125,27,Joel Abelove,0,R,1,0,1,1,0,,3.430531732,12.00686106,1.886792453,7.204116638,39.96569468,21.44082333
Rensselaer_2017 Q4,Rensselaer,502,22,63,38,10,26,206,115,22,Joel Abelove,0,R,1,0,1,1,0,,4.38247012,12.5498008,1.992031873,5.179282869,41.03585657,22.90836653
Rensselaer_2018 Q1,Rensselaer,520,26,65,48,7,44,217,91,22,Joel Abelove,0,R,1,0,1,1,0.5,,5,12.5,1.346153846,8.461538462,41.73076923,17.5
Rensselaer_2018 Q2,Rensselaer,472,27,43,44,10,34,211,83,20,Joel Abelove,0,R,1,0,1,1,0.5,,5.720338983,9.110169492,2.118644068,7.203389831,44.70338983,17.58474576
Rensselaer_2018 Q3,Rensselaer,450,24,49,44,4,40,187,80,22,Joel Abelove,0,R,1,0,1,1,1,,5.333333333,10.88888889,0.888888889,8.888888889,41.55555556,17.77777778
Rensselaer_2018 Q4,Rensselaer,486,39,60,42,7,32,173,111,22,Joel Abelove,0,R,1,0,1,1,1,,8.024691358,12.34567901,1.440329218,6.58436214,35.59670782,22.83950617
Rensselaer_2019 Q1,Rensselaer,567,29,72,49,17,54,221,102,23,Mary Pat Donnelly,0,D,1,1,0,0,0,,5.114638448,12.6984127,2.998236332,9.523809524,38.97707231,17.98941799
Rensselaer_2019 Q2,Rensselaer,465,24,51,46,4,33,177,107,23,Mary Pat Donnelly,0,D,1,1,0,0,0,,5.161290323,10.96774194,0.860215054,7.096774194,38.06451613,23.01075269
Rensselaer_2019 Q3,Rensselaer,460,26,57,31,11,32,184,107,12,Mary Pat Donnelly,0,D,1,1,0,0,0,,5.652173913,12.39130435,2.391304348,6.956521739,40,23.26086957
Rensselaer_2019 Q4,Rensselaer,420,20,40,44,8,25,144,114,25,Mary Pat Donnelly,0,D,1,1,0,0,0,,4.761904762,9.523809524,1.904761905,5.952380952,34.28571429,27.14285714
Rensselaer_2020 Q1,Rensselaer,446,19,30,28,5,37,172,128,27,Mary Pat Donnelly,0,D,1,1,0,0,0,,4.260089686,6.726457399,1.121076233,8.295964126,38.56502242,28.69955157
Rensselaer_2020 Q2,Rensselaer,27,0,5,4,0,0,7,10,1,Mary Pat Donnelly,0,D,1,1,0,0,0,,0,18.51851852,0,0,25.92592593,37.03703704
Rensselaer_2020 Q3,Rensselaer,263,11,17,9,2,32,86,90,16,Mary Pat Donnelly,0,D,1,1,0,0,0,,4.182509506,6.463878327,0.760456274,12.16730038,32.69961977,34.22053232
Rensselaer_2020 Q4,Rensselaer,251,9,17,13,1,22,103,71,15,Mary Pat Donnelly,0,D,1,1,0,0,0,,3.585657371,6.772908367,0.398406375,8.764940239,41.03585657,28.28685259
Rensselaer_2021 Q1,Rensselaer,233,8,21,14,4,25,95,55,11,Mary Pat Donnelly,0,D,1,1,0,0,0,,3.433476395,9.012875536,1.716738197,10.72961373,40.77253219,23.60515021
Rensselaer_2021 Q2,Rensselaer,310,18,15,20,2,18,150,71,16,Mary Pat Donnelly,0,D,1,1,0,0,0,,5.806451613,4.838709677,0.64516129,5.806451613,48.38709677,22.90322581
Rensselaer_2021 Q3,Rensselaer,324,19,25,20,7,30,122,91,10,Mary Pat Donnelly,0,D,1,1,0,0,0,,5.864197531,7.716049383,2.160493827,9.259259259,37.65432099,28.08641975
Rensselaer_2021 Q4,Rensselaer,273,15,18,22,8,26,106,68,10,Mary Pat Donnelly,0,D,1,1,0,0,0,,5.494505495,6.593406593,2.93040293,9.523809524,38.82783883,24.90842491
Rensselaer_2022 Q1,Rensselaer,314,24,26,27,13,30,116,72,6,Mary Pat Donnelly,0,D,1,1,0,0,0.5,,7.643312102,8.280254777,4.140127389,9.554140127,36.94267516,22.92993631
Rensselaer_2022 Q2,Rensselaer,332,31,30,20,5,27,131,78,10,Mary Pat Donnelly,0,D,1,1,0,0,0.5,,9.337349398,9.036144578,1.506024096,8.13253012,39.45783133,23.4939759
Rensselaer_2022 Q3,Rensselaer,294,17,19,19,5,27,114,77,16,Mary Pat Donnelly,0,D,1,1,0,0,1,,5.782312925,6.462585034,1.700680272,9.183673469,38.7755102,26.19047619
Rensselaer_2022 Q4,Rensselaer,263,31,20,21,1,19,94,67,10,Mary Pat Donnelly,0,D,1,1,0,0,1,,11.78707224,7.604562738,0.380228137,7.224334601,35.74144487,25.47528517
Richmond_2010 Q1,Richmond,1440,63,248,159,23,83,275,584,5,Daniel M. Donovan,0,R,1,1,0,0,0,,4.375,17.22222222,1.597222222,5.763888889,19.09722222,40.55555556
Richmond_2010 Q2,Richmond,1858,67,250,242,36,78,409,771,5,Daniel M. Donovan,0,R,1,1,0,0,0,,3.606027987,13.45532831,1.937567277,4.198062433,22.01291712,41.49623251
Richmond_2010 Q3,Richmond,1594,52,198,203,15,58,403,662,3,Daniel M. Donovan,0,R,1,1,0,0,0,,3.262233375,12.42158093,0.941028858,3.638644918,25.28230866,41.53074028
Richmond_2010 Q4,Richmond,1506,57,182,203,32,65,371,593,3,Daniel M. Donovan,0,R,1,1,0,0,0,,3.784860558,12.08499336,2.124833997,4.316069057,24.63479416,39.37583001
Richmond_2011 Q1,Richmond,1502,69,248,209,23,73,351,527,2,Daniel M. Donovan,0,R,1,1,0,0,0,,4.593874834,16.51131824,1.531291611,4.860186418,23.36884154,35.08655126
Richmond_2011 Q2,Richmond,1302,53,206,175,22,49,304,486,7,Daniel M. Donovan,0,R,1,1,0,0,0,,4.070660522,15.8218126,1.689708141,3.76344086,23.34869432,37.32718894
Richmond_2011 Q3,Richmond,1293,44,222,175,18,33,338,461,2,Daniel M. Donovan,0,R,1,1,0,0,0,,3.402938902,17.16937355,1.392111369,2.552204176,26.14075793,35.65351895
Richmond_2011 Q4,Richmond,1315,52,208,174,12,50,297,516,6,Daniel M. Donovan,0,R,1,1,0,0,0,,3.954372624,15.81749049,0.912547529,3.802281369,22.58555133,39.23954373
Richmond_2012 Q1,Richmond,1579,63,286,150,17,70,380,611,2,Daniel M. Donovan,0,R,1,1,0,0,0.5,,3.989867004,18.11272958,1.076630779,4.43318556,24.06586447,38.69537682
Richmond_2012 Q2,Richmond,1453,37,272,143,20,64,293,615,9,Daniel M. Donovan,0,R,1,1,0,0,0.5,,2.546455609,18.71988988,1.376462491,4.404679972,20.1651755,42.32622161
Richmond_2012 Q3,Richmond,1265,39,237,132,26,48,250,530,3,Daniel M. Donovan,0,R,1,1,0,0,1,,3.083003953,18.73517787,2.055335968,3.794466403,19.76284585,41.8972332
Richmond_2012 Q4,Richmond,1248,23,213,89,10,36,272,601,4,Daniel M. Donovan,0,R,1,1,0,0,1,,1.842948718,17.06730769,0.801282051,2.884615385,21.79487179,48.15705128
Richmond_2013 Q1,Richmond,1491,38,225,125,21,49,350,678,5,Daniel M. Donovan,0,R,0,NA,0,NA,0,,2.548625084,15.09054326,1.408450704,3.286384977,23.4741784,45.47283702
Richmond_2013 Q2,Richmond,1599,53,286,120,16,61,377,686,0,Daniel M. Donovan,0,R,0,NA,0,NA,0,,3.314571607,17.88617886,1.000625391,3.814884303,23.57723577,42.90181363
Richmond_2013 Q3,Richmond,1350,44,225,109,19,50,285,618,0,Daniel M. Donovan,0,R,0,NA,0,NA,0,,3.259259259,16.66666667,1.407407407,3.703703704,21.11111111,45.77777778
Richmond_2013 Q4,Richmond,1335,46,205,115,27,69,266,592,15,Daniel M. Donovan,0,R,0,NA,0,NA,0,,3.445692884,15.35580524,2.02247191,5.168539326,19.92509363,44.34456929
Richmond_2014 Q1,Richmond,1480,53,256,97,22,62,315,673,2,Daniel M. Donovan,0,R,0,NA,0,NA,0,,3.581081081,17.2972973,1.486486486,4.189189189,21.28378378,45.47297297
Richmond_2014 Q2,Richmond,1551,54,298,70,18,70,289,750,2,Daniel M. Donovan,0,R,0,NA,0,NA,0,,3.481624758,19.2134107,1.160541586,4.513217279,18.63313991,48.35589942
Richmond_2014 Q3,Richmond,1179,39,251,76,10,45,218,537,3,Daniel M. Donovan,0,R,0,NA,0,NA,0,,3.307888041,21.28922816,0.848176421,3.816793893,18.49024597,45.54707379
Richmond_2014 Q4,Richmond,1243,59,226,61,21,47,227,597,5,Daniel M. Donovan,0,R,0,NA,0,NA,0,,4.746580853,18.18181818,1.689460981,3.781174578,18.2622687,48.02896219
Richmond_2015 Q1,Richmond,1412,30,255,112,17,55,268,672,3,Daniel L. Master,0,R,0,NA,0,1,0.5,,2.124645892,18.05949008,1.203966006,3.895184136,18.98016997,47.59206799
Richmond_2015 Q2,Richmond,1956,48,295,197,16,80,379,936,5,Daniel L. Master,0,R,0,NA,0,1,0.5,,2.45398773,15.08179959,0.81799591,4.08997955,19.37627812,47.85276074
Richmond_2015 Q3,Richmond,1330,37,296,144,9,63,247,527,7,Daniel L. Master,0,R,0,NA,0,1,1,,2.781954887,22.2556391,0.676691729,4.736842105,18.57142857,39.62406015
Richmond_2015 Q4,Richmond,1262,35,263,140,19,56,249,496,4,Daniel L. Master,0,R,0,NA,0,1,1,,2.773375594,20.83993661,1.505546751,4.437400951,19.73058637,39.30269414
Richmond_2016 Q1,Richmond,1253,50,238,140,20,54,222,522,7,Michael McMahon,1,D,1,1,0,0,0,,3.990422985,18.99441341,1.596169194,4.309656824,17.71747805,41.66001596
Richmond_2016 Q2,Richmond,1196,50,220,138,22,50,202,507,7,Michael McMahon,1,D,1,1,0,0,0,,4.180602007,18.39464883,1.839464883,4.180602007,16.88963211,42.39130435
Richmond_2016 Q3,Richmond,1399,44,301,152,17,41,265,573,6,Michael McMahon,1,D,1,1,0,0,0,,3.145103645,21.51536812,1.215153681,2.930664761,18.9421015,40.95782702
Richmond_2016 Q4,Richmond,1243,45,233,102,12,31,258,541,21,Michael McMahon,1,D,1,1,0,0,0,,3.620273532,18.74497184,0.965406275,2.493966211,20.75623492,43.5237329
Richmond_2017 Q1,Richmond,1410,67,292,112,24,40,280,580,15,Michael McMahon,1,D,1,1,0,0,0,,4.75177305,20.70921986,1.70212766,2.836879433,19.85815603,41.13475177
Richmond_2017 Q2,Richmond,1469,70,298,135,29,65,323,541,8,Michael McMahon,1,D,1,1,0,0,0,,4.765146358,20.28590878,1.974132063,4.424778761,21.98774677,36.827774
Richmond_2017 Q3,Richmond,1071,47,215,49,19,44,212,468,17,Michael McMahon,1,D,1,1,0,0,0,,4.388422035,20.07469655,1.774042951,4.108309991,19.7945845,43.69747899
Richmond_2017 Q4,Richmond,1139,41,240,80,13,29,191,532,13,Michael McMahon,1,D,1,1,0,0,0,,3.599648815,21.07111501,1.141352063,2.546093064,16.7690957,46.70763828
Richmond_2018 Q1,Richmond,1338,86,239,73,27,56,237,609,11,Michael McMahon,1,D,1,1,0,0,0,,6.427503737,17.86248132,2.01793722,4.185351271,17.71300448,45.51569507
Richmond_2018 Q2,Richmond,1378,53,182,58,36,93,292,656,8,Michael McMahon,1,D,1,1,0,0,0,,3.846153846,13.20754717,2.612481858,6.748911466,21.19013062,47.60522496
Richmond_2018 Q3,Richmond,979,34,171,34,21,33,223,456,7,Michael McMahon,1,D,1,1,0,0,0,,3.472931563,17.46680286,2.145045965,3.370786517,22.77834525,46.57814096
Richmond_2018 Q4,Richmond,1117,40,195,46,19,45,209,561,2,Michael McMahon,1,D,1,1,0,0,0,,3.581020591,17.45747538,1.700984781,4.028648165,18.71083259,50.22381379
Richmond_2019 Q1,Richmond,1306,56,155,40,26,62,264,702,1,Michael McMahon,1,D,1,1,0,0,0.5,,4.287901991,11.86830015,1.990811639,4.747320061,20.2143951,53.75191424
Richmond_2019 Q2,Richmond,1164,64,147,17,23,48,222,642,1,Michael McMahon,1,D,1,1,0,0,0.5,,5.498281787,12.62886598,1.975945017,4.12371134,19.07216495,55.15463918
Richmond_2019 Q3,Richmond,1052,75,164,39,17,47,207,503,0,Michael McMahon,1,D,1,1,0,0,1,,7.129277567,15.58935361,1.615969582,4.467680608,19.67680608,47.81368821
Richmond_2019 Q4,Richmond,948,52,110,25,13,33,216,497,2,Michael McMahon,1,D,1,1,0,0,1,,5.485232068,11.60337553,1.371308017,3.481012658,22.78481013,52.42616034
Richmond_2020 Q1,Richmond,834,33,94,24,8,35,196,444,0,Michael McMahon,1,D,0,NA,0,NA,0,,3.956834532,11.27098321,0.959232614,4.196642686,23.50119904,53.23741007
Richmond_2020 Q2,Richmond,59,1,10,6,1,2,9,30,0,Michael McMahon,1,D,0,NA,0,NA,0,,1.694915254,16.94915254,1.694915254,3.389830508,15.25423729,50.84745763
Richmond_2020 Q3,Richmond,329,20,23,10,8,23,57,186,2,Michael McMahon,1,D,0,NA,0,NA,0,,6.079027356,6.990881459,2.431610942,6.990881459,17.32522796,56.53495441
Richmond_2020 Q4,Richmond,566,35,59,30,7,37,87,309,2,Michael McMahon,1,D,0,NA,0,NA,0,,6.183745583,10.42402827,1.236749117,6.537102473,15.37102473,54.59363958
Richmond_2021 Q1,Richmond,653,32,51,25,6,32,140,367,0,Michael McMahon,1,D,0,NA,0,NA,0,,4.900459418,7.810107198,0.918836141,4.900459418,21.43950995,56.20214395
Richmond_2021 Q2,Richmond,646,32,47,22,14,21,142,368,0,Michael McMahon,1,D,0,NA,0,NA,0,,4.953560372,7.275541796,2.167182663,3.250773994,21.98142415,56.96594427
Richmond_2021 Q3,Richmond,743,27,58,30,9,30,155,434,0,Michael McMahon,1,D,0,NA,0,NA,0,,3.633916555,7.806191117,1.211305518,4.037685061,20.86137281,58.41184388
Richmond_2021 Q4,Richmond,711,41,58,27,9,43,125,405,3,Michael McMahon,1,D,0,NA,0,NA,0,,5.76652602,8.157524613,1.265822785,6.047819972,17.58087201,56.96202532
Richmond_2022 Q1,Richmond,896,65,75,43,14,28,119,552,0,Michael McMahon,1,D,0,NA,0,NA,0,,7.254464286,8.370535714,1.5625,3.125,13.28125,61.60714286
Richmond_2022 Q2,Richmond,832,78,63,31,10,24,132,494,0,Michael McMahon,1,D,0,NA,0,NA,0,,9.375,7.572115385,1.201923077,2.884615385,15.86538462,59.375
Richmond_2022 Q3,Richmond,741,53,77,39,11,35,113,412,1,Michael McMahon,1,D,0,NA,0,NA,0,,7.152496626,10.39136302,1.484480432,4.723346829,15.24966262,55.60053981
Richmond_2022 Q4,Richmond,669,42,72,23,8,33,87,404,0,Michael McMahon,1,D,0,NA,0,NA,0,,6.278026906,10.76233184,1.195814649,4.932735426,13.0044843,60.38863976
Rockland_2010 Q1,Rockland,694,26,88,20,21,81,337,111,10,Thomas Zugibe,0,D,1,1,0,0,0,,3.746397695,12.68011527,3.025936599,11.67146974,48.55907781,15.99423631
Rockland_2010 Q2,Rockland,603,23,62,22,8,72,313,93,10,Thomas Zugibe,0,D,1,1,0,0,0,,3.814262023,10.28192371,1.326699834,11.94029851,51.90713101,15.42288557
Rockland_2010 Q3,Rockland,594,25,67,18,15,63,320,78,8,Thomas Zugibe,0,D,1,1,0,0,0,,4.208754209,11.27946128,2.525252525,10.60606061,53.87205387,13.13131313
Rockland_2010 Q4,Rockland,568,41,62,19,9,49,282,86,20,Thomas Zugibe,0,D,1,1,0,0,0,,7.218309859,10.91549296,1.584507042,8.626760563,49.64788732,15.14084507
Rockland_2011 Q1,Rockland,613,31,72,16,23,66,308,82,15,Thomas Zugibe,0,D,1,1,0,0,0.5,,5.057096248,11.74551387,3.752039152,10.76672104,50.24469821,13.37683524
Rockland_2011 Q2,Rockland,573,36,62,15,19,58,286,84,13,Thomas Zugibe,0,D,1,1,0,0,0.5,,6.282722513,10.82024433,3.315881326,10.12216405,49.91273997,14.65968586
Rockland_2011 Q3,Rockland,599,28,60,17,22,60,332,66,14,Thomas Zugibe,0,D,1,1,0,0,1,,4.674457429,10.01669449,3.67278798,10.01669449,55.42570952,11.01836394
Rockland_2011 Q4,Rockland,490,26,57,12,12,70,241,62,10,Thomas Zugibe,0,D,1,1,0,0,1,,5.306122449,11.63265306,2.448979592,14.28571429,49.18367347,12.65306122
Rockland_2012 Q1,Rockland,603,25,50,16,20,89,316,80,7,Thomas Zugibe,0,D,1,1,0,0,0,,4.145936982,8.291873964,3.316749585,14.75953566,52.40464345,13.26699834
Rockland_2012 Q2,Rockland,643,38,79,19,15,81,309,83,19,Thomas Zugibe,0,D,1,1,0,0,0,,5.909797823,12.28615863,2.33281493,12.59720062,48.05598756,12.90824261
Rockland_2012 Q3,Rockland,546,31,69,11,13,71,256,80,15,Thomas Zugibe,0,D,1,1,0,0,0,,5.677655678,12.63736264,2.380952381,13.003663,46.88644689,14.65201465
Rockland_2012 Q4,Rockland,517,26,70,6,16,73,256,63,7,Thomas Zugibe,0,D,1,1,0,0,0,,5.02901354,13.53965184,3.094777563,14.11992263,49.51644101,12.18568665
Rockland_2013 Q1,Rockland,549,43,58,18,22,78,246,78,6,Thomas Zugibe,0,D,1,1,0,0,0,,7.832422587,10.56466302,4.007285974,14.20765027,44.80874317,14.20765027
Rockland_2013 Q2,Rockland,563,36,66,15,19,76,271,75,5,Thomas Zugibe,0,D,1,1,0,0,0,,6.394316163,11.72291297,3.374777975,13.4991119,48.13499112,13.32149201
Rockland_2013 Q3,Rockland,516,35,65,16,15,73,255,50,7,Thomas Zugibe,0,D,1,1,0,0,0,,6.782945736,12.59689922,2.906976744,14.14728682,49.41860465,9.689922481
Rockland_2013 Q4,Rockland,510,36,55,18,15,79,240,61,6,Thomas Zugibe,0,D,1,1,0,0,0,,7.058823529,10.78431373,2.941176471,15.49019608,47.05882353,11.96078431
Rockland_2014 Q1,Rockland,519,26,48,10,11,65,297,56,6,Thomas Zugibe,0,D,1,1,0,0,0,,5.009633911,9.248554913,2.119460501,12.52408478,57.22543353,10.78998073
Rockland_2014 Q2,Rockland,562,36,44,22,20,65,289,79,7,Thomas Zugibe,0,D,1,1,0,0,0,,6.40569395,7.829181495,3.558718861,11.5658363,51.42348754,14.0569395
Rockland_2014 Q3,Rockland,546,40,43,26,12,65,286,69,5,Thomas Zugibe,0,D,1,1,0,0,0,,7.326007326,7.875457875,2.197802198,11.9047619,52.38095238,12.63736264
Rockland_2014 Q4,Rockland,505,12,40,9,18,65,275,83,3,Thomas Zugibe,0,D,1,1,0,0,0,,2.376237624,7.920792079,3.564356436,12.87128713,54.45544554,16.43564356
Rockland_2015 Q1,Rockland,486,22,35,11,5,70,276,63,4,Thomas Zugibe,0,D,1,1,0,0,0.5,,4.526748971,7.201646091,1.028806584,14.40329218,56.79012346,12.96296296
Rockland_2015 Q2,Rockland,489,17,33,10,15,58,273,73,10,Thomas Zugibe,0,D,1,1,0,0,0.5,,3.476482618,6.748466258,3.067484663,11.8609407,55.82822086,14.92842536
Rockland_2015 Q3,Rockland,445,23,44,12,10,61,227,59,9,Thomas Zugibe,0,D,1,1,0,0,1,,5.168539326,9.887640449,2.247191011,13.70786517,51.01123596,13.25842697
Rockland_2015 Q4,Rockland,487,16,24,14,10,70,286,62,5,Thomas Zugibe,0,D,1,1,0,0,1,,3.285420945,4.928131417,2.05338809,14.37371663,58.72689938,12.73100616
Rockland_2016 Q1,Rockland,547,29,27,16,13,81,280,97,4,Thomas Zugibe,0,D,0,NA,0,NA,0,,5.301645338,4.936014625,2.376599634,14.80804388,51.18829982,17.73308958
Rockland_2016 Q2,Rockland,509,36,41,13,16,87,242,67,7,Thomas Zugibe,0,D,0,NA,0,NA,0,,7.072691552,8.055009823,3.143418468,17.09233792,47.54420432,13.16306483
Rockland_2016 Q3,Rockland,434,27,46,14,15,55,210,57,10,Thomas Zugibe,0,D,0,NA,0,NA,0,,6.221198157,10.59907834,3.456221198,12.67281106,48.38709677,13.13364055
Rockland_2016 Q4,Rockland,457,28,34,15,13,62,221,75,9,Thomas Zugibe,0,D,0,NA,0,NA,0,,6.126914661,7.439824945,2.84463895,13.56673961,48.35886214,16.41137856
Rockland_2017 Q1,Rockland,558,34,39,20,8,78,279,92,8,Thomas Zugibe,0,D,0,NA,0,NA,0,,6.093189964,6.989247312,1.433691756,13.97849462,50,16.4874552
Rockland_2017 Q2,Rockland,503,38,33,18,8,71,260,58,17,Thomas Zugibe,0,D,0,NA,0,NA,0,,7.554671968,6.560636183,1.590457256,14.11530815,51.68986083,11.53081511
Rockland_2017 Q3,Rockland,466,15,33,16,6,67,227,83,19,Thomas Zugibe,0,D,0,NA,0,NA,0,,3.21888412,7.081545064,1.287553648,14.3776824,48.71244635,17.8111588
Rockland_2017 Q4,Rockland,485,27,38,14,5,57,252,83,9,Thomas Zugibe,0,D,0,NA,0,NA,0,,5.567010309,7.835051546,1.030927835,11.75257732,51.95876289,17.11340206
Rockland_2018 Q1,Rockland,454,30,28,11,7,80,225,65,8,Thomas Zugibe,0,D,0,NA,0,NA,0,,6.607929515,6.167400881,1.54185022,17.62114537,49.55947137,14.31718062
Rockland_2018 Q2,Rockland,430,28,29,7,2,77,198,78,11,Thomas Zugibe,0,D,0,NA,0,NA,0,,6.511627907,6.744186047,0.465116279,17.90697674,46.04651163,18.13953488
Rockland_2018 Q3,Rockland,383,20,30,16,6,53,183,66,9,Thomas Zugibe,0,D,0,NA,0,NA,0,,5.221932115,7.832898172,1.566579634,13.8381201,47.78067885,17.23237598
Rockland_2018 Q4,Rockland,409,32,19,7,3,58,219,62,9,Thomas Zugibe,0,D,0,NA,0,NA,0,,7.82396088,4.645476773,0.733496333,14.1809291,53.54523227,15.15892421
Rockland_2019 Q1,Rockland,471,38,33,14,5,63,247,66,5,Thomas Zugibe,0,D,0,NA,1,1,0.5,,8.067940552,7.006369427,1.061571125,13.37579618,52.44161359,14.01273885
Rockland_2019 Q2,Rockland,433,25,36,7,7,79,198,73,8,Thomas Zugibe,0,D,0,NA,1,1,0.5,,5.773672055,8.31408776,1.616628176,18.2448037,45.72748268,16.8591224
Rockland_2019 Q3,Rockland,426,41,25,12,5,64,199,59,21,Thomas Zugibe,0,D,0,NA,1,1,1,,9.624413146,5.868544601,1.17370892,15.02347418,46.71361502,13.84976526
Rockland_2019 Q4,Rockland,529,6,25,8,4,47,327,98,14,Thomas Zugibe,0,D,0,NA,1,1,1,,1.134215501,4.725897921,0.756143667,8.884688091,61.8147448,18.52551985
Rockland_2020 Q1,Rockland,397,15,17,11,6,43,219,83,3,Thomas Walsh,0,D,0,NA,0,NA,0,,3.778337531,4.282115869,1.511335013,10.83123426,55.16372796,20.90680101
Rockland_2020 Q2,Rockland,8,0,0,2,0,4,2,0,0,Thomas Walsh,0,D,0,NA,0,NA,0,,0,0,0,50,25,0
Rockland_2020 Q3,Rockland,256,17,14,7,4,57,131,23,3,Thomas Walsh,0,D,0,NA,0,NA,0,,6.640625,5.46875,1.5625,22.265625,51.171875,8.984375
Rockland_2020 Q4,Rockland,230,21,9,9,1,32,119,31,8,Thomas Walsh,0,D,0,NA,0,NA,0,,9.130434783,3.913043478,0.434782609,13.91304348,51.73913043,13.47826087
Rockland_2021 Q1,Rockland,244,12,11,7,2,37,149,25,1,Thomas Walsh,0,D,0,NA,0,NA,0,,4.918032787,4.508196721,0.819672131,15.16393443,61.06557377,10.24590164
Rockland_2021 Q2,Rockland,311,16,19,9,4,41,184,32,6,Thomas Walsh,0,D,0,NA,0,NA,0,,5.144694534,6.109324759,1.286173633,13.18327974,59.16398714,10.28938907
Rockland_2021 Q3,Rockland,287,23,16,2,1,36,166,40,3,Thomas Walsh,0,D,0,NA,0,NA,0,,8.013937282,5.574912892,0.348432056,12.54355401,57.83972125,13.93728223
Rockland_2021 Q4,Rockland,229,10,9,2,5,23,144,35,1,Thomas Walsh,0,D,0,NA,0,NA,0,,4.366812227,3.930131004,2.183406114,10.04366812,62.88209607,15.28384279
Rockland_2022 Q1,Rockland,269,14,6,8,6,29,165,34,7,Thomas Walsh,0,D,0,NA,0,NA,0,,5.204460967,2.230483271,2.230483271,10.78066914,61.33828996,12.6394052
Rockland_2022 Q2,Rockland,310,26,8,13,5,28,181,47,2,Thomas Walsh,0,D,0,NA,0,NA,0,,8.387096774,2.580645161,1.612903226,9.032258065,58.38709677,15.16129032
Rockland_2022 Q3,Rockland,241,9,18,6,7,29,138,30,4,Thomas Walsh,0,D,0,NA,0,NA,0,,3.734439834,7.468879668,2.904564315,12.03319502,57.26141079,12.44813278
Rockland_2022 Q4,Rockland,283,11,14,10,6,24,182,28,8,Thomas Walsh,0,D,0,NA,0,NA,0,,3.886925795,4.946996466,2.120141343,8.480565371,64.31095406,9.893992933
Saratoga_2010 Q1,Saratoga,662,23,104,20,34,45,320,95,21,James Murphy,0,R,1,1,0,0,0.5,,3.474320242,15.70996979,5.135951662,6.797583082,48.33836858,14.35045317
Saratoga_2010 Q2,Saratoga,707,29,83,29,33,56,362,88,27,James Murphy,0,R,1,1,0,0,0.5,,4.101838755,11.7397454,4.667609618,7.920792079,51.20226308,12.44695898
Saratoga_2010 Q3,Saratoga,773,28,118,21,40,55,386,85,40,James Murphy,0,R,1,1,0,0,1,,3.62225097,15.26520052,5.174644243,7.115135834,49.93531695,10.99611902
Saratoga_2010 Q4,Saratoga,636,19,79,21,40,42,306,104,25,James Murphy,0,R,1,1,0,0,1,,2.987421384,12.42138365,6.289308176,6.603773585,48.11320755,16.35220126
Saratoga_2011 Q1,Saratoga,646,36,79,27,30,43,301,96,34,James Murphy,0,R,0,NA,0,NA,0,,5.572755418,12.22910217,4.643962848,6.656346749,46.59442724,14.86068111
Saratoga_2011 Q2,Saratoga,634,33,96,22,40,31,295,84,33,James Murphy,0,R,0,NA,0,NA,0,,5.205047319,15.14195584,6.309148265,4.889589905,46.52996845,13.24921136
Saratoga_2011 Q3,Saratoga,635,29,90,31,31,50,293,90,21,James Murphy,0,R,0,NA,0,NA,0,,4.566929134,14.17322835,4.881889764,7.874015748,46.14173228,14.17322835
Saratoga_2011 Q4,Saratoga,604,32,92,21,32,45,274,83,25,James Murphy,0,R,0,NA,0,NA,0,,5.298013245,15.23178808,5.298013245,7.450331126,45.36423841,13.74172185
Saratoga_2012 Q1,Saratoga,606,34,70,26,35,60,296,65,20,James Murphy,0,R,0,NA,0,NA,0,,5.610561056,11.55115512,5.775577558,9.900990099,48.84488449,10.72607261
Saratoga_2012 Q2,Saratoga,622,27,75,24,26,41,332,73,24,James Murphy,0,R,0,NA,0,NA,0,,4.340836013,12.05787781,4.180064309,6.591639871,53.37620579,11.73633441
Saratoga_2012 Q3,Saratoga,698,25,93,32,33,49,342,90,34,James Murphy,0,R,0,NA,0,NA,0,,3.581661891,13.32378223,4.727793696,7.020057307,48.99713467,12.89398281
Saratoga_2012 Q4,Saratoga,664,30,94,32,26,54,312,90,26,James Murphy,0,R,0,NA,0,NA,0,,4.518072289,14.15662651,3.915662651,8.13253012,46.98795181,13.55421687
Saratoga_2013 Q1,Saratoga,671,34,88,22,41,50,324,91,21,James Murphy,0,R,0,NA,0,NA,0,,5.067064083,13.1147541,6.110283159,7.451564829,48.28614009,13.56184799
Saratoga_2013 Q2,Saratoga,701,49,113,19,39,41,323,95,22,James Murphy,0,R,0,NA,0,NA,0,,6.990014265,16.11982882,5.563480742,5.848787447,46.07703281,13.55206847
Saratoga_2013 Q3,Saratoga,752,34,109,34,37,44,369,89,36,James Murphy,0,R,0,NA,0,NA,0,,4.521276596,14.49468085,4.920212766,5.85106383,49.06914894,11.83510638
Saratoga_2013 Q4,Saratoga,712,27,96,28,33,56,321,114,37,James Murphy,0,R,0,NA,0,NA,0,,3.792134831,13.48314607,4.634831461,7.865168539,45.08426966,16.01123596
Saratoga_2014 Q1,Saratoga,736,40,112,17,52,69,327,96,23,James Murphy,0,R,0,NA,0,0,0.5,,5.434782609,15.2173913,7.065217391,9.375,44.42934783,13.04347826
Saratoga_2014 Q2,Saratoga,672,35,98,36,28,54,286,97,38,James Murphy,0,R,0,NA,0,0,0.5,,5.208333333,14.58333333,4.166666667,8.035714286,42.55952381,14.43452381
Saratoga_2014 Q3,Saratoga,774,42,96,57,28,47,390,85,29,James Murphy,0,R,0,NA,0,0,1,,5.426356589,12.40310078,3.617571059,6.072351421,50.3875969,10.98191214
Saratoga_2014 Q4,Saratoga,779,32,107,44,34,52,369,119,22,James Murphy,0,R,0,NA,0,0,1,,4.107830552,13.73555841,4.364569961,6.675224647,47.36842105,15.27599487
Saratoga_2015 Q1,Saratoga,709,22,103,31,27,46,362,101,17,Karen Heggen,0,R,1,1,1,0,0,,3.102961918,14.52750353,3.808180536,6.488011283,51.05782793,14.24541608
Saratoga_2015 Q2,Saratoga,649,30,79,41,27,42,321,82,27,Karen Heggen,0,R,1,1,1,0,0,,4.622496148,12.17257319,4.160246533,6.471494607,49.46070878,12.6348228
Saratoga_2015 Q3,Saratoga,701,32,96,33,25,51,349,94,21,Karen Heggen,0,R,1,1,1,0,0,,4.564907275,13.69472183,3.566333809,7.27532097,49.78601997,13.40941512
Saratoga_2015 Q4,Saratoga,689,33,108,35,28,50,342,80,13,Karen Heggen,0,R,1,1,1,0,0,,4.789550073,15.67489115,4.063860668,7.256894049,49.6371553,11.61103048
Saratoga_2016 Q1,Saratoga,811,42,102,28,40,54,404,115,26,Karen Heggen,0,R,1,1,1,0,0,,5.178791615,12.57706535,4.932182491,6.658446363,49.81504316,14.18002466
Saratoga_2016 Q2,Saratoga,796,40,94,34,28,65,413,99,23,Karen Heggen,0,R,1,1,1,0,0,,5.025125628,11.80904523,3.51758794,8.165829146,51.88442211,12.43718593
Saratoga_2016 Q3,Saratoga,775,43,105,55,28,55,370,87,32,Karen Heggen,0,R,1,1,1,0,0,,5.548387097,13.5483871,3.612903226,7.096774194,47.74193548,11.22580645
Saratoga_2016 Q4,Saratoga,703,44,88,42,24,59,322,106,18,Karen Heggen,0,R,1,1,1,0,0,,6.258890469,12.51778094,3.413940256,8.392603129,45.80369844,15.07823613
Saratoga_2017 Q1,Saratoga,696,35,103,39,35,36,352,79,17,Karen Heggen,0,R,1,1,1,0,0,,5.028735632,14.79885057,5.028735632,5.172413793,50.57471264,11.35057471
Saratoga_2017 Q2,Saratoga,713,35,81,32,26,45,368,99,27,Karen Heggen,0,R,1,1,1,0,0,,4.908835905,11.36044881,3.646563815,6.311360449,51.61290323,13.88499299
Saratoga_2017 Q3,Saratoga,744,35,87,35,24,51,384,97,31,Karen Heggen,0,R,1,1,1,0,0,,4.704301075,11.69354839,3.225806452,6.85483871,51.61290323,13.03763441
Saratoga_2017 Q4,Saratoga,778,41,103,30,27,60,416,79,22,Karen Heggen,0,R,1,1,1,0,0,,5.269922879,13.23907455,3.470437018,7.712082262,53.47043702,10.15424165
Saratoga_2018 Q1,Saratoga,800,32,97,42,37,53,394,103,42,Karen Heggen,0,R,1,1,1,0,0.5,,4,12.125,4.625,6.625,49.25,12.875
Saratoga_2018 Q2,Saratoga,786,46,85,33,33,55,409,105,20,Karen Heggen,0,R,1,1,1,0,0.5,,5.852417303,10.81424936,4.198473282,6.997455471,52.03562341,13.35877863
Saratoga_2018 Q3,Saratoga,819,39,87,34,28,73,409,119,30,Karen Heggen,0,R,1,1,1,0,1,,4.761904762,10.62271062,3.418803419,8.913308913,49.93894994,14.52991453
Saratoga_2018 Q4,Saratoga,716,33,83,28,22,56,361,95,38,Karen Heggen,0,R,1,1,1,0,1,,4.608938547,11.59217877,3.072625698,7.82122905,50.41899441,13.26815642
Saratoga_2019 Q1,Saratoga,814,37,101,42,39,59,417,102,17,Karen Heggen,0,R,1,1,0,1,0,,4.545454545,12.40786241,4.791154791,7.248157248,51.22850123,12.53071253
Saratoga_2019 Q2,Saratoga,693,40,76,27,26,59,360,91,14,Karen Heggen,0,R,1,1,0,1,0,,5.772005772,10.96681097,3.751803752,8.513708514,51.94805195,13.13131313
Saratoga_2019 Q3,Saratoga,728,50,85,39,28,51,346,106,23,Karen Heggen,0,R,1,1,0,1,0,,6.868131868,11.67582418,3.846153846,7.005494505,47.52747253,14.56043956
Saratoga_2019 Q4,Saratoga,654,38,73,23,30,56,314,107,13,Karen Heggen,0,R,1,1,0,1,0,,5.810397554,11.16207951,4.587155963,8.562691131,48.01223242,16.36085627
Saratoga_2020 Q1,Saratoga,500,30,54,11,26,50,267,55,7,Karen Heggen,0,R,1,1,0,1,0,,6,10.8,5.2,10,53.4,11
Saratoga_2020 Q2,Saratoga,78,10,16,4,6,11,15,14,2,Karen Heggen,0,R,1,1,0,1,0,,12.82051282,20.51282051,7.692307692,14.1025641,19.23076923,17.94871795
Saratoga_2020 Q3,Saratoga,452,11,24,9,12,24,294,65,13,Karen Heggen,0,R,1,1,0,1,0,,2.433628319,5.309734513,2.654867257,5.309734513,65.04424779,14.38053097
Saratoga_2020 Q4,Saratoga,518,29,52,19,15,28,292,79,4,Karen Heggen,0,R,1,1,0,1,0,,5.598455598,10.03861004,2.895752896,5.405405405,56.37065637,15.25096525
Saratoga_2021 Q1,Saratoga,489,35,51,18,11,64,229,71,10,Karen Heggen,0,R,1,1,0,1,0,,7.157464213,10.42944785,2.249488753,13.08793456,46.83026585,14.5194274
Saratoga_2021 Q2,Saratoga,659,39,45,22,24,56,372,92,9,Karen Heggen,0,R,1,1,0,1,0,,5.918057663,6.828528073,3.641881639,8.497723824,56.4491654,13.96054628
Saratoga_2021 Q3,Saratoga,544,32,48,12,11,65,280,93,3,Karen Heggen,0,R,1,1,0,1,0,,5.882352941,8.823529412,2.022058824,11.94852941,51.47058824,17.09558824
Saratoga_2021 Q4,Saratoga,523,38,68,20,9,49,232,100,7,Karen Heggen,0,R,1,1,0,1,0,,7.265774379,13.00191205,1.7208413,9.369024857,44.35946463,19.12045889
Saratoga_2022 Q1,Saratoga,509,39,52,19,11,48,228,99,13,Karen Heggen,0,R,1,1,0,1,0.5,,7.662082515,10.21611002,2.161100196,9.430255403,44.79371316,19.44990177
Saratoga_2022 Q2,Saratoga,551,38,76,15,9,49,254,104,6,Karen Heggen,0,R,1,1,0,1,0.5,,6.896551724,13.79310345,1.633393829,8.89292196,46.09800363,18.87477314
Saratoga_2022 Q3,Saratoga,517,39,62,20,18,47,231,90,10,Karen Heggen,0,R,1,1,0,1,1,,7.543520309,11.99226306,3.481624758,9.090909091,44.68085106,17.40812379
Saratoga_2022 Q4,Saratoga,477,41,59,12,7,38,225,82,13,Karen Heggen,0,R,1,1,0,1,1,,8.595387841,12.36897275,1.467505241,7.966457023,47.16981132,17.19077568
Schenectady_2010 Q1,Schenectady,615,43,123,96,17,57,195,81,3,Robert M. Carney,0,D,1,1,0,0,0,,6.991869919,20,2.764227642,9.268292683,31.70731707,13.17073171
Schenectady_2010 Q2,Schenectady,629,55,99,103,16,63,200,91,2,Robert M. Carney,0,D,1,1,0,0,0,,8.744038156,15.73926868,2.543720191,10.01589825,31.79650238,14.46740859
Schenectady_2010 Q3,Schenectady,643,49,140,112,15,58,190,79,0,Robert M. Carney,0,D,1,1,0,0,0,,7.620528771,21.77293935,2.33281493,9.020217729,29.54898911,12.28615863
Schenectady_2010 Q4,Schenectady,640,40,129,111,21,60,189,90,0,Robert M. Carney,0,D,1,1,0,0,0,,6.25,20.15625,3.28125,9.375,29.53125,14.0625
Schenectady_2011 Q1,Schenectady,607,45,104,115,21,57,186,75,4,Robert M. Carney,0,D,1,1,0,0,0,,7.413509061,17.13344316,3.459637562,9.390444811,30.64250412,12.35584843
Schenectady_2011 Q2,Schenectady,688,42,127,134,21,69,204,80,11,Robert M. Carney,0,D,1,1,0,0,0,,6.104651163,18.45930233,3.052325581,10.02906977,29.65116279,11.62790698
Schenectady_2011 Q3,Schenectady,617,52,119,118,6,54,187,80,1,Robert M. Carney,0,D,1,1,0,0,0,,8.427876823,19.28687196,0.972447326,8.752025932,30.30794165,12.96596434
Schenectady_2011 Q4,Schenectady,601,41,133,104,14,44,182,79,4,Robert M. Carney,0,D,1,1,0,0,0,,6.821963394,22.12978369,2.329450915,7.321131448,30.2828619,13.14475874
Schenectady_2012 Q1,Schenectady,701,58,112,154,18,61,218,79,1,Robert M. Carney,0,D,1,1,0,0,0,,8.273894437,15.97717546,2.567760342,8.701854494,31.09843081,11.26961484
Schenectady_2012 Q2,Schenectady,660,32,104,155,19,80,183,84,3,Robert M. Carney,0,D,1,1,0,0,0,,4.848484848,15.75757576,2.878787879,12.12121212,27.72727273,12.72727273
Schenectady_2012 Q3,Schenectady,691,66,120,154,15,75,183,77,1,Robert M. Carney,0,D,1,1,0,0,0,,9.551374819,17.36613603,2.170767004,10.85383502,26.48335745,11.14327062
Schenectady_2012 Q4,Schenectady,671,39,111,166,17,63,180,93,2,Robert M. Carney,0,D,1,1,0,0,0,,5.812220566,16.54247392,2.533532042,9.388971684,26.82563338,13.85991058
Schenectady_2013 Q1,Schenectady,733,54,138,198,26,78,162,76,1,Robert M. Carney,0,D,1,1,0,0,0.5,,7.366984993,18.82673943,3.547066849,10.64120055,22.10095498,10.36834925
Schenectady_2013 Q2,Schenectady,651,53,119,172,22,56,159,68,2,Robert M. Carney,0,D,1,1,0,0,0.5,,8.141321045,18.27956989,3.379416283,8.602150538,24.42396313,10.44546851
Schenectady_2013 Q3,Schenectady,631,28,135,188,19,53,141,67,0,Robert M. Carney,0,D,1,1,0,0,1,,4.437400951,21.39461173,3.011093502,8.399366086,22.34548336,10.61806656
Schenectady_2013 Q4,Schenectady,664,46,126,180,21,53,147,87,4,Robert M. Carney,0,D,1,1,0,0,1,,6.927710843,18.97590361,3.162650602,7.981927711,22.13855422,13.10240964
Schenectady_2014 Q1,Schenectady,660,55,127,159,15,61,151,89,3,Robert M. Carney,0,D,1,1,0,0,0,,8.333333333,19.24242424,2.272727273,9.242424242,22.87878788,13.48484848
Schenectady_2014 Q2,Schenectady,652,47,135,172,21,64,140,71,2,Robert M. Carney,0,D,1,1,0,0,0,,7.208588957,20.70552147,3.220858896,9.81595092,21.47239264,10.88957055
Schenectady_2014 Q3,Schenectady,660,37,139,199,24,50,116,91,4,Robert M. Carney,0,D,1,1,0,0,0,,5.606060606,21.06060606,3.636363636,7.575757576,17.57575758,13.78787879
Schenectady_2014 Q4,Schenectady,625,45,125,156,20,71,126,80,2,Robert M. Carney,0,D,1,1,0,0,0,,7.2,20,3.2,11.36,20.16,12.8
Schenectady_2015 Q1,Schenectady,673,40,126,174,9,45,168,108,3,Robert M. Carney,0,D,1,1,0,0,0,,5.943536404,18.72213967,1.337295691,6.686478455,24.9628529,16.04754829
Schenectady_2015 Q2,Schenectady,729,77,124,194,16,53,140,123,2,Robert M. Carney,0,D,1,1,0,0,0,,10.56241427,17.00960219,2.19478738,7.270233196,19.20438957,16.87242798
Schenectady_2015 Q3,Schenectady,688,43,125,229,15,58,125,91,2,Robert M. Carney,0,D,1,1,0,0,0,,6.25,18.16860465,2.180232558,8.430232558,18.16860465,13.22674419
Schenectady_2015 Q4,Schenectady,571,42,110,184,16,46,95,77,1,Robert M. Carney,0,D,1,1,0,0,0,,7.355516637,19.26444834,2.802101576,8.056042032,16.63747811,13.48511384
Schenectady_2016 Q1,Schenectady,669,56,125,216,9,44,122,97,0,Robert M. Carney,0,D,1,1,0,0,0,,8.370702541,18.68460389,1.34529148,6.576980568,18.23617339,14.49925262
Schenectady_2016 Q2,Schenectady,703,65,137,211,17,57,118,98,0,Robert M. Carney,0,D,1,1,0,0,0,,9.246088193,19.48790896,2.418207681,8.108108108,16.78520626,13.94025605
Schenectady_2016 Q3,Schenectady,732,55,145,210,16,69,138,97,2,Robert M. Carney,0,D,1,1,0,0,0,,7.513661202,19.80874317,2.18579235,9.426229508,18.85245902,13.25136612
Schenectady_2016 Q4,Schenectady,590,70,120,180,9,31,90,89,1,Robert M. Carney,0,D,1,1,0,0,0,,11.86440678,20.33898305,1.525423729,5.254237288,15.25423729,15.08474576
Schenectady_2017 Q1,Schenectady,619,58,136,150,13,44,119,90,9,Robert M. Carney,0,D,1,1,0,0,0.5,,9.369951535,21.97092084,2.100161551,7.108239095,19.22455574,14.53957997
Schenectady_2017 Q2,Schenectady,610,74,104,178,7,37,137,67,6,Robert M. Carney,0,D,1,1,0,0,0.5,,12.13114754,17.04918033,1.147540984,6.06557377,22.45901639,10.98360656
Schenectady_2017 Q3,Schenectady,574,66,101,162,11,34,102,94,4,Robert M. Carney,0,D,1,1,0,0,1,,11.49825784,17.59581882,1.916376307,5.923344948,17.77003484,16.37630662
Schenectady_2017 Q4,Schenectady,599,55,130,168,14,51,96,83,2,Robert M. Carney,0,D,1,1,0,0,1,,9.18196995,21.70283806,2.337228715,8.514190317,16.02671119,13.85642738
Schenectady_2018 Q1,Schenectady,585,61,104,171,11,35,134,67,2,Robert M. Carney,0,D,1,1,0,0,0,,10.42735043,17.77777778,1.88034188,5.982905983,22.90598291,11.45299145
Schenectady_2018 Q2,Schenectady,637,70,115,192,11,52,126,66,5,Robert M. Carney,0,D,1,1,0,0,0,,10.98901099,18.0533752,1.726844584,8.163265306,19.78021978,10.3610675
Schenectady_2018 Q3,Schenectady,616,49,120,183,12,53,109,89,1,Robert M. Carney,0,D,1,1,0,0,0,,7.954545455,19.48051948,1.948051948,8.603896104,17.69480519,14.44805195
Schenectady_2018 Q4,Schenectady,585,46,99,167,11,52,149,59,2,Robert M. Carney,0,D,1,1,0,0,0,,7.863247863,16.92307692,1.88034188,8.888888889,25.47008547,10.08547009
Schenectady_2019 Q1,Schenectady,596,50,98,164,13,42,145,79,5,Robert M. Carney,0,D,1,1,0,0,0,,8.389261745,16.44295302,2.181208054,7.046979866,24.32885906,13.25503356
Schenectady_2019 Q2,Schenectady,521,49,77,125,9,34,159,63,5,Robert M. Carney,0,D,1,1,0,0,0,,9.404990403,14.77927063,1.727447217,6.525911708,30.51823417,12.09213052
Schenectady_2019 Q3,Schenectady,418,35,67,131,5,45,90,44,1,Robert M. Carney,0,D,1,1,0,0,0,,8.373205742,16.02870813,1.196172249,10.76555024,21.53110048,10.52631579
Schenectady_2019 Q4,Schenectady,515,38,70,160,8,35,150,53,1,Robert M. Carney,0,D,1,1,0,0,0,,7.378640777,13.59223301,1.553398058,6.796116505,29.12621359,10.29126214
Schenectady_2020 Q1,Schenectady,422,58,38,109,10,22,129,54,2,Robert M. Carney,0,D,1,1,0,0,0,,13.74407583,9.004739336,2.369668246,5.213270142,30.56872038,12.79620853
Schenectady_2020 Q2,Schenectady,80,11,5,38,2,7,14,3,0,Robert M. Carney,0,D,1,1,0,0,0,,13.75,6.25,2.5,8.75,17.5,3.75
Schenectady_2020 Q3,Schenectady,413,24,23,155,3,35,137,35,1,Robert M. Carney,0,D,1,1,0,0,0,,5.811138015,5.569007264,0.726392252,8.474576271,33.17191283,8.474576271
Schenectady_2020 Q4,Schenectady,315,24,23,91,3,18,122,34,0,Robert M. Carney,0,D,1,1,0,0,0,,7.619047619,7.301587302,0.952380952,5.714285714,38.73015873,10.79365079
Schenectady_2021 Q1,Schenectady,306,16,45,99,6,26,85,29,0,Robert M. Carney,0,D,1,1,0,0,0.5,,5.22875817,14.70588235,1.960784314,8.496732026,27.77777778,9.477124183
Schenectady_2021 Q2,Schenectady,394,24,45,128,5,28,124,39,1,Robert M. Carney,0,D,1,1,0,0,0.5,,6.091370558,11.4213198,1.269035533,7.106598985,31.47208122,9.898477157
Schenectady_2021 Q3,Schenectady,369,34,43,127,2,21,105,36,1,Robert M. Carney,0,D,1,1,0,0,1,,9.214092141,11.65311653,0.54200542,5.691056911,28.45528455,9.756097561
Schenectady_2021 Q4,Schenectady,336,19,37,105,6,28,102,38,1,Robert M. Carney,0,D,1,1,0,0,1,,5.654761905,11.01190476,1.785714286,8.333333333,30.35714286,11.30952381
Schenectady_2022 Q1,Schenectady,348,16,42,108,6,30,105,41,0,Robert M. Carney,0,D,NA,NA,NA,NA,0,,4.597701149,12.06896552,1.724137931,8.620689655,30.17241379,11.7816092
Schenectady_2022 Q2,Schenectady,347,23,42,95,7,41,112,25,2,Robert M. Carney,0,D,NA,NA,NA,NA,0,,6.628242075,12.1037464,2.017291066,11.81556196,32.27665706,7.204610951
Schenectady_2022 Q3,Schenectady,343,22,45,94,4,27,105,46,0,Robert M. Carney,0,D,NA,NA,NA,NA,0,,6.413994169,13.11953353,1.166180758,7.871720117,30.6122449,13.41107872
Schenectady_2022 Q4,Schenectady,314,30,36,87,6,34,91,30,0,Robert M. Carney,0,D,NA,NA,NA,NA,0,,9.554140127,11.46496815,1.910828025,10.82802548,28.98089172,9.554140127
Schoharie_2010 Q1,Schoharie,118,1,4,0,5,13,76,18,1,,NA,,NA,NA,NA,NA,0,Emailed,0.847457627,3.389830508,4.237288136,11.01694915,64.40677966,15.25423729
Schoharie_2010 Q2,Schoharie,112,2,5,2,9,9,64,20,1,,NA,,NA,NA,NA,NA,0,,1.785714286,4.464285714,8.035714286,8.035714286,57.14285714,17.85714286
Schoharie_2010 Q3,Schoharie,88,1,4,2,3,8,58,11,1,,NA,,NA,NA,NA,NA,0,,1.136363636,4.545454545,3.409090909,9.090909091,65.90909091,12.5
Schoharie_2010 Q4,Schoharie,120,2,5,2,3,19,78,7,4,,NA,,NA,NA,NA,NA,0,,1.666666667,4.166666667,2.5,15.83333333,65,5.833333333
Schoharie_2011 Q1,Schoharie,93,0,7,2,4,15,58,6,1,,NA,,NA,NA,NA,NA,0,,0,7.52688172,4.301075269,16.12903226,62.3655914,6.451612903
Schoharie_2011 Q2,Schoharie,93,0,3,2,3,17,51,16,1,,NA,,NA,NA,NA,NA,0,,0,3.225806452,3.225806452,18.27956989,54.83870968,17.20430108
Schoharie_2011 Q3,Schoharie,63,3,4,1,5,7,26,16,1,,NA,,NA,NA,NA,NA,0,,4.761904762,6.349206349,7.936507937,11.11111111,41.26984127,25.3968254
Schoharie_2011 Q4,Schoharie,99,3,2,0,1,14,62,15,2,,NA,,NA,NA,NA,NA,0,,3.03030303,2.02020202,1.01010101,14.14141414,62.62626263,15.15151515
Schoharie_2012 Q1,Schoharie,98,1,4,0,1,11,70,10,1,,NA,,NA,NA,NA,NA,0,,1.020408163,4.081632653,1.020408163,11.2244898,71.42857143,10.20408163
Schoharie_2012 Q2,Schoharie,109,4,3,0,8,12,66,14,2,,NA,,NA,NA,NA,NA,0,,3.669724771,2.752293578,7.339449541,11.00917431,60.55045872,12.8440367
Schoharie_2012 Q3,Schoharie,79,0,1,0,3,14,41,17,3,,NA,,NA,NA,NA,NA,0,,0,1.265822785,3.797468354,17.72151899,51.89873418,21.51898734
Schoharie_2012 Q4,Schoharie,80,3,3,0,1,10,46,16,1,,NA,,NA,NA,NA,NA,0,,3.75,3.75,1.25,12.5,57.5,20
Schoharie_2013 Q1,Schoharie,120,2,7,2,8,22,63,15,1,,NA,,NA,NA,NA,NA,0,,1.666666667,5.833333333,6.666666667,18.33333333,52.5,12.5
Schoharie_2013 Q2,Schoharie,147,6,8,1,2,23,85,19,3,,NA,,NA,NA,NA,NA,0,,4.081632653,5.442176871,1.360544218,15.6462585,57.82312925,12.92517007
Schoharie_2013 Q3,Schoharie,114,2,3,0,0,23,62,17,7,,NA,,NA,NA,NA,NA,0,,1.754385965,2.631578947,0,20.1754386,54.38596491,14.9122807
Schoharie_2013 Q4,Schoharie,95,9,1,1,1,12,54,17,0,,NA,,NA,NA,NA,NA,0,,9.473684211,1.052631579,1.052631579,12.63157895,56.84210526,17.89473684
Schoharie_2014 Q1,Schoharie,108,7,13,0,1,14,54,19,0,,NA,,NA,NA,NA,NA,0,,6.481481481,12.03703704,0.925925926,12.96296296,50,17.59259259
Schoharie_2014 Q2,Schoharie,82,2,5,0,3,8,53,11,0,,NA,,NA,NA,NA,NA,0,,2.43902439,6.097560976,3.658536585,9.756097561,64.63414634,13.41463415
Schoharie_2014 Q3,Schoharie,56,5,6,0,0,8,27,8,2,,NA,,NA,NA,NA,NA,0,,8.928571429,10.71428571,0,14.28571429,48.21428571,14.28571429
Schoharie_2014 Q4,Schoharie,86,2,3,0,2,11,58,10,0,,NA,,NA,NA,NA,NA,0,,2.325581395,3.488372093,2.325581395,12.79069767,67.44186047,11.62790698
Schoharie_2015 Q1,Schoharie,74,4,3,0,3,9,48,7,0,,NA,,NA,NA,NA,NA,0,,5.405405405,4.054054054,4.054054054,12.16216216,64.86486486,9.459459459
Schoharie_2015 Q2,Schoharie,72,1,8,0,1,9,45,8,0,,NA,,NA,NA,NA,NA,0,,1.388888889,11.11111111,1.388888889,12.5,62.5,11.11111111
Schoharie_2015 Q3,Schoharie,79,1,9,0,3,16,42,8,0,,NA,,NA,NA,NA,NA,0,,1.265822785,11.39240506,3.797468354,20.25316456,53.16455696,10.12658228
Schoharie_2015 Q4,Schoharie,78,0,2,0,1,5,61,9,0,,NA,,NA,NA,NA,NA,0,,0,2.564102564,1.282051282,6.41025641,78.20512821,11.53846154
Schoharie_2016 Q1,Schoharie,94,5,7,1,2,11,61,6,1,,NA,,NA,NA,NA,NA,0,,5.319148936,7.446808511,2.127659574,11.70212766,64.89361702,6.382978723
Schoharie_2016 Q2,Schoharie,119,2,6,0,4,14,72,20,1,,NA,,NA,NA,NA,NA,0,,1.680672269,5.042016807,3.361344538,11.76470588,60.50420168,16.80672269
Schoharie_2016 Q3,Schoharie,91,6,6,0,3,13,47,14,2,,NA,,NA,NA,NA,NA,0,,6.593406593,6.593406593,3.296703297,14.28571429,51.64835165,15.38461538
Schoharie_2016 Q4,Schoharie,93,1,5,0,3,12,58,13,1,,NA,,NA,NA,NA,NA,0,,1.075268817,5.376344086,3.225806452,12.90322581,62.3655914,13.97849462
Schoharie_2017 Q1,Schoharie,73,2,4,0,4,12,40,11,0,,NA,,NA,NA,NA,NA,0,,2.739726027,5.479452055,5.479452055,16.43835616,54.79452055,15.06849315
Schoharie_2017 Q2,Schoharie,85,2,6,0,1,15,47,12,2,,NA,,NA,NA,NA,NA,0,,2.352941176,7.058823529,1.176470588,17.64705882,55.29411765,14.11764706
Schoharie_2017 Q3,Schoharie,63,7,5,0,0,9,38,4,0,,NA,,NA,NA,NA,NA,0,,11.11111111,7.936507937,0,14.28571429,60.31746032,6.349206349
Schoharie_2017 Q4,Schoharie,82,9,1,0,2,16,40,13,1,,NA,,NA,NA,NA,NA,0,,10.97560976,1.219512195,2.43902439,19.51219512,48.7804878,15.85365854
Schoharie_2018 Q1,Schoharie,84,2,4,0,1,10,47,18,2,,NA,,NA,NA,NA,NA,0,,2.380952381,4.761904762,1.19047619,11.9047619,55.95238095,21.42857143
Schoharie_2018 Q2,Schoharie,87,4,6,1,3,7,48,17,1,,NA,,NA,NA,NA,NA,0,,4.597701149,6.896551724,3.448275862,8.045977011,55.17241379,19.54022989
Schoharie_2018 Q3,Schoharie,61,6,1,0,2,7,37,8,0,,NA,,NA,NA,NA,NA,0,,9.836065574,1.639344262,3.278688525,11.47540984,60.6557377,13.1147541
Schoharie_2018 Q4,Schoharie,60,3,3,0,2,13,31,6,2,,NA,,NA,NA,NA,NA,0,,5,5,3.333333333,21.66666667,51.66666667,10
Schoharie_2019 Q1,Schoharie,86,10,4,0,4,21,33,14,0,,NA,,NA,NA,NA,NA,0,,11.62790698,4.651162791,4.651162791,24.41860465,38.37209302,16.27906977
Schoharie_2019 Q2,Schoharie,59,3,2,0,1,13,34,5,1,,NA,,NA,NA,NA,NA,0,,5.084745763,3.389830508,1.694915254,22.03389831,57.62711864,8.474576271
Schoharie_2019 Q3,Schoharie,53,4,1,1,4,10,27,6,0,,NA,,NA,NA,NA,NA,0,,7.547169811,1.886792453,7.547169811,18.86792453,50.94339623,11.32075472
Schoharie_2019 Q4,Schoharie,61,2,5,0,3,6,34,11,0,,NA,,NA,NA,NA,NA,0,,3.278688525,8.196721311,4.918032787,9.836065574,55.73770492,18.03278689
Schoharie_2020 Q1,Schoharie,53,0,1,0,5,5,34,8,0,,NA,,NA,NA,NA,NA,0,,0,1.886792453,9.433962264,9.433962264,64.1509434,15.09433962
Schoharie_2020 Q2,Schoharie,1,0,0,0,0,0,1,0,0,,NA,,NA,NA,NA,NA,0,,0,0,0,0,100,0
Schoharie_2020 Q3,Schoharie,48,0,3,0,1,1,36,5,2,,NA,,NA,NA,NA,NA,0,,0,6.25,2.083333333,2.083333333,75,10.41666667
Schoharie_2020 Q4,Schoharie,58,0,4,0,2,5,42,5,0,,NA,,NA,NA,NA,NA,0,,0,6.896551724,3.448275862,8.620689655,72.4137931,8.620689655
Schoharie_2021 Q1,Schoharie,52,0,5,0,1,10,27,9,0,,NA,,NA,NA,NA,NA,0,,0,9.615384615,1.923076923,19.23076923,51.92307692,17.30769231
Schoharie_2021 Q2,Schoharie,56,0,1,0,1,7,39,8,0,,NA,,NA,NA,NA,NA,0,,0,1.785714286,1.785714286,12.5,69.64285714,14.28571429
Schoharie_2021 Q3,Schoharie,45,0,2,0,1,7,34,1,0,,NA,,NA,NA,NA,NA,0,,0,4.444444444,2.222222222,15.55555556,75.55555556,2.222222222
Schoharie_2021 Q4,Schoharie,38,2,1,0,0,9,20,5,1,,NA,,NA,NA,NA,NA,0,,5.263157895,2.631578947,0,23.68421053,52.63157895,13.15789474
Schoharie_2022 Q1,Schoharie,52,6,5,0,1,5,27,7,1,,NA,,NA,NA,NA,NA,0,,11.53846154,9.615384615,1.923076923,9.615384615,51.92307692,13.46153846
Schoharie_2022 Q2,Schoharie,52,4,3,0,2,4,30,8,1,,NA,,NA,NA,NA,NA,0,,7.692307692,5.769230769,3.846153846,7.692307692,57.69230769,15.38461538
Schoharie_2022 Q3,Schoharie,45,2,7,0,0,8,28,0,0,,NA,,NA,NA,NA,NA,0,,4.444444444,15.55555556,0,17.77777778,62.22222222,0
Schoharie_2022 Q4,Schoharie,50,3,8,0,0,6,28,5,0,,NA,,NA,NA,NA,NA,0,,6,16,0,12,56,10
Schuyler_2010 Q1,Schuyler,52,4,4,0,7,5,26,4,2,Joseph G. Fazzary,0,R,1,1,0,0,0,,7.692307692,7.692307692,13.46153846,9.615384615,50,7.692307692
Schuyler_2010 Q2,Schuyler,39,4,2,0,3,3,21,6,0,Joseph G. Fazzary,0,R,1,1,0,0,0,,10.25641026,5.128205128,7.692307692,7.692307692,53.84615385,15.38461538
Schuyler_2010 Q3,Schuyler,56,4,5,0,3,10,27,7,0,Joseph G. Fazzary,0,R,1,1,0,0,0,,7.142857143,8.928571429,5.357142857,17.85714286,48.21428571,12.5
Schuyler_2010 Q4,Schuyler,48,4,2,0,3,4,28,6,1,Joseph G. Fazzary,0,R,1,1,0,0,0,,8.333333333,4.166666667,6.25,8.333333333,58.33333333,12.5
Schuyler_2011 Q1,Schuyler,44,6,3,0,4,5,21,3,2,Joseph G. Fazzary,0,R,1,1,0,0,0,,13.63636364,6.818181818,9.090909091,11.36363636,47.72727273,6.818181818
Schuyler_2011 Q2,Schuyler,65,8,3,0,11,8,28,7,0,Joseph G. Fazzary,0,R,1,1,0,0,0,,12.30769231,4.615384615,16.92307692,12.30769231,43.07692308,10.76923077
Schuyler_2011 Q3,Schuyler,53,4,7,0,5,5,23,7,2,Joseph G. Fazzary,0,R,1,1,0,0,0,,7.547169811,13.20754717,9.433962264,9.433962264,43.39622642,13.20754717
Schuyler_2011 Q4,Schuyler,56,6,3,0,8,5,32,1,1,Joseph G. Fazzary,0,R,1,1,0,0,0,,10.71428571,5.357142857,14.28571429,8.928571429,57.14285714,1.785714286
Schuyler_2012 Q1,Schuyler,41,2,1,0,2,10,22,4,0,Joseph G. Fazzary,0,R,1,1,0,0,0,,4.87804878,2.43902439,4.87804878,24.3902439,53.65853659,9.756097561
Schuyler_2012 Q2,Schuyler,53,5,2,0,2,9,31,3,1,Joseph G. Fazzary,0,R,1,1,0,0,0,,9.433962264,3.773584906,3.773584906,16.98113208,58.49056604,5.660377358
Schuyler_2012 Q3,Schuyler,63,3,5,0,1,6,47,1,0,Joseph G. Fazzary,0,R,1,1,0,0,0,,4.761904762,7.936507937,1.587301587,9.523809524,74.6031746,1.587301587
Schuyler_2012 Q4,Schuyler,70,7,4,0,4,7,45,2,1,Joseph G. Fazzary,0,R,1,1,0,0,0,,10,5.714285714,5.714285714,10,64.28571429,2.857142857
Schuyler_2013 Q1,Schuyler,55,5,5,0,5,5,28,7,0,Joseph G. Fazzary,0,R,1,1,0,0,0.5,,9.090909091,9.090909091,9.090909091,9.090909091,50.90909091,12.72727273
Schuyler_2013 Q2,Schuyler,45,1,6,0,2,6,28,2,0,Joseph G. Fazzary,0,R,1,1,0,0,0.5,,2.222222222,13.33333333,4.444444444,13.33333333,62.22222222,4.444444444
Schuyler_2013 Q3,Schuyler,68,8,7,0,6,8,32,7,0,Joseph G. Fazzary,0,R,1,1,0,0,1,,11.76470588,10.29411765,8.823529412,11.76470588,47.05882353,10.29411765
Schuyler_2013 Q4,Schuyler,54,3,3,0,4,7,34,3,0,Joseph G. Fazzary,0,R,1,1,0,0,1,,5.555555556,5.555555556,7.407407407,12.96296296,62.96296296,5.555555556
Schuyler_2014 Q1,Schuyler,60,11,3,0,8,10,24,3,1,Joseph G. Fazzary,0,R,1,1,0,0,0,,18.33333333,5,13.33333333,16.66666667,40,5
Schuyler_2014 Q2,Schuyler,50,4,4,0,4,10,25,2,1,Joseph G. Fazzary,0,R,1,1,0,0,0,,8,8,8,20,50,4
Schuyler_2014 Q3,Schuyler,47,3,2,0,5,3,31,3,0,Joseph G. Fazzary,0,R,1,1,0,0,0,,6.382978723,4.255319149,10.63829787,6.382978723,65.95744681,6.382978723
Schuyler_2014 Q4,Schuyler,59,7,3,1,6,6,30,6,0,Joseph G. Fazzary,0,R,1,1,0,0,0,,11.86440678,5.084745763,10.16949153,10.16949153,50.84745763,10.16949153
Schuyler_2015 Q1,Schuyler,60,4,7,0,2,6,38,2,1,Joseph G. Fazzary,0,R,1,1,0,0,0,,6.666666667,11.66666667,3.333333333,10,63.33333333,3.333333333
Schuyler_2015 Q2,Schuyler,44,4,2,0,1,3,29,4,1,Joseph G. Fazzary,0,R,1,1,0,0,0,,9.090909091,4.545454545,2.272727273,6.818181818,65.90909091,9.090909091
Schuyler_2015 Q3,Schuyler,42,1,2,1,2,7,23,5,1,Joseph G. Fazzary,0,R,1,1,0,0,0,,2.380952381,4.761904762,4.761904762,16.66666667,54.76190476,11.9047619
Schuyler_2015 Q4,Schuyler,47,5,3,0,3,5,25,6,0,Joseph G. Fazzary,0,R,1,1,0,0,0,,10.63829787,6.382978723,6.382978723,10.63829787,53.19148936,12.76595745
Schuyler_2016 Q1,Schuyler,43,1,7,1,5,5,20,4,0,Joseph G. Fazzary,0,R,1,1,0,0,0,,2.325581395,16.27906977,11.62790698,11.62790698,46.51162791,9.302325581
Schuyler_2016 Q2,Schuyler,63,8,6,2,4,8,29,5,1,Joseph G. Fazzary,0,R,1,1,0,0,0,,12.6984127,9.523809524,6.349206349,12.6984127,46.03174603,7.936507937
Schuyler_2016 Q3,Schuyler,45,8,1,0,4,3,24,3,2,Joseph G. Fazzary,0,R,1,1,0,0,0,,17.77777778,2.222222222,8.888888889,6.666666667,53.33333333,6.666666667
Schuyler_2016 Q4,Schuyler,48,8,2,0,1,3,29,5,0,Joseph G. Fazzary,0,R,1,1,0,0,0,,16.66666667,4.166666667,2.083333333,6.25,60.41666667,10.41666667
Schuyler_2017 Q1,Schuyler,43,4,4,0,2,10,20,3,0,Joseph G. Fazzary,0,R,1,1,0,0,0.5,,9.302325581,9.302325581,4.651162791,23.25581395,46.51162791,6.976744186
Schuyler_2017 Q2,Schuyler,55,11,5,1,4,16,17,1,0,Joseph G. Fazzary,0,R,1,1,0,0,0.5,,20,9.090909091,7.272727273,29.09090909,30.90909091,1.818181818
Schuyler_2017 Q3,Schuyler,50,11,1,1,1,9,21,6,0,Joseph G. Fazzary,0,R,1,1,0,0,1,,22,2,2,18,42,12
Schuyler_2017 Q4,Schuyler,52,14,5,2,1,5,22,2,1,Joseph G. Fazzary,0,R,1,1,0,0,1,,26.92307692,9.615384615,1.923076923,9.615384615,42.30769231,3.846153846
Schuyler_2018 Q1,Schuyler,53,7,5,0,0,9,28,2,2,Joseph G. Fazzary,0,R,1,1,0,0,0,,13.20754717,9.433962264,0,16.98113208,52.83018868,3.773584906
Schuyler_2018 Q2,Schuyler,46,3,3,0,3,8,22,7,0,Joseph G. Fazzary,0,R,1,1,0,0,0,,6.52173913,6.52173913,6.52173913,17.39130435,47.82608696,15.2173913
Schuyler_2018 Q3,Schuyler,48,9,0,2,1,6,26,4,0,Joseph G. Fazzary,0,R,1,1,0,0,0,,18.75,0,2.083333333,12.5,54.16666667,8.333333333
Schuyler_2018 Q4,Schuyler,55,3,5,0,4,13,27,3,0,Joseph G. Fazzary,0,R,1,1,0,0,0,,5.454545455,9.090909091,7.272727273,23.63636364,49.09090909,5.454545455
Schuyler_2019 Q1,Schuyler,43,5,4,0,4,9,17,3,1,Joseph G. Fazzary,0,R,1,1,0,0,0,,11.62790698,9.302325581,9.302325581,20.93023256,39.53488372,6.976744186
Schuyler_2019 Q2,Schuyler,43,4,3,1,3,8,20,4,0,Joseph G. Fazzary,0,R,1,1,0,0,0,,9.302325581,6.976744186,6.976744186,18.60465116,46.51162791,9.302325581
Schuyler_2019 Q3,Schuyler,38,2,2,2,1,9,19,2,1,Joseph G. Fazzary,0,R,1,1,0,0,0,,5.263157895,5.263157895,2.631578947,23.68421053,50,5.263157895
Schuyler_2019 Q4,Schuyler,27,3,5,0,0,2,16,1,0,Joseph G. Fazzary,0,R,1,1,0,0,0,,11.11111111,18.51851852,0,7.407407407,59.25925926,3.703703704
Schuyler_2020 Q1,Schuyler,16,2,2,0,0,4,7,1,0,Joseph G. Fazzary,0,R,1,1,0,0,0,,12.5,12.5,0,25,43.75,6.25
Schuyler_2020 Q2,Schuyler,1,0,0,0,0,1,0,0,0,Joseph G. Fazzary,0,R,1,1,0,0,0,,0,0,0,100,0,0
Schuyler_2020 Q3,Schuyler,31,5,4,0,1,5,15,0,1,Joseph G. Fazzary,0,R,1,1,0,0,0,,16.12903226,12.90322581,3.225806452,16.12903226,48.38709677,0
Schuyler_2020 Q4,Schuyler,22,8,2,0,0,2,10,0,0,Joseph G. Fazzary,0,R,1,1,0,0,0,,36.36363636,9.090909091,0,9.090909091,45.45454545,0
Schuyler_2021 Q1,Schuyler,22,0,1,0,0,3,16,2,0,Joseph G. Fazzary,0,R,1,1,0,0,0.5,,0,4.545454545,0,13.63636364,72.72727273,9.090909091
Schuyler_2021 Q2,Schuyler,38,2,0,0,2,8,23,2,1,Joseph G. Fazzary,0,R,1,1,0,0,0.5,,5.263157895,0,5.263157895,21.05263158,60.52631579,5.263157895
Schuyler_2021 Q3,Schuyler,33,6,2,0,0,6,15,4,0,Joseph G. Fazzary,0,R,1,1,0,0,1,,18.18181818,6.060606061,0,18.18181818,45.45454545,12.12121212
Schuyler_2021 Q4,Schuyler,43,7,1,0,3,11,18,1,2,Joseph G. Fazzary,0,R,1,1,0,0,1,,16.27906977,2.325581395,6.976744186,25.58139535,41.86046512,2.325581395
Schuyler_2022 Q1,Schuyler,36,5,2,0,1,7,18,3,0,Joseph G. Fazzary,0,R,NA,NA,NA,NA,0,,13.88888889,5.555555556,2.777777778,19.44444444,50,8.333333333
Schuyler_2022 Q2,Schuyler,43,2,1,0,0,12,23,3,2,Joseph G. Fazzary,0,R,NA,NA,NA,NA,0,,4.651162791,2.325581395,0,27.90697674,53.48837209,6.976744186
Schuyler_2022 Q3,Schuyler,35,8,5,0,0,6,11,5,0,Joseph G. Fazzary,0,R,NA,NA,NA,NA,0,,22.85714286,14.28571429,0,17.14285714,31.42857143,14.28571429
Schuyler_2022 Q4,Schuyler,36,5,2,1,0,8,16,3,1,Joseph G. Fazzary,0,R,NA,NA,NA,NA,0,,13.88888889,5.555555556,0,22.22222222,44.44444444,8.333333333
Seneca_2010 Q1,Seneca,120,7,26,3,6,20,32,22,4,,NA,,NA,NA,NA,NA,0,emailed,5.833333333,21.66666667,5,16.66666667,26.66666667,18.33333333
Seneca_2010 Q2,Seneca,114,5,26,1,9,12,38,17,6,,NA,,NA,NA,NA,NA,0,,4.385964912,22.80701754,7.894736842,10.52631579,33.33333333,14.9122807
Seneca_2010 Q3,Seneca,131,7,29,1,7,17,40,23,7,,NA,,NA,NA,NA,NA,0,,5.34351145,22.13740458,5.34351145,12.97709924,30.53435115,17.55725191
Seneca_2010 Q4,Seneca,120,2,32,1,7,13,46,16,3,,NA,,NA,NA,NA,NA,0,,1.666666667,26.66666667,5.833333333,10.83333333,38.33333333,13.33333333
Seneca_2011 Q1,Seneca,129,5,21,1,5,19,51,23,4,,NA,,NA,NA,NA,NA,0,,3.875968992,16.27906977,3.875968992,14.72868217,39.53488372,17.82945736
Seneca_2011 Q2,Seneca,125,7,16,2,6,17,50,26,1,,NA,,NA,NA,NA,NA,0,,5.6,12.8,4.8,13.6,40,20.8
Seneca_2011 Q3,Seneca,140,9,15,0,2,26,58,28,2,,NA,,NA,NA,NA,NA,0,,6.428571429,10.71428571,1.428571429,18.57142857,41.42857143,20
Seneca_2011 Q4,Seneca,128,11,19,0,5,25,39,23,6,,NA,,NA,NA,NA,NA,0,,8.59375,14.84375,3.90625,19.53125,30.46875,17.96875
Seneca_2012 Q1,Seneca,126,10,30,1,1,13,44,26,1,,NA,,NA,NA,NA,NA,0,,7.936507937,23.80952381,0.793650794,10.31746032,34.92063492,20.63492063
Seneca_2012 Q2,Seneca,155,10,31,0,6,26,53,25,4,,NA,,NA,NA,NA,NA,0,,6.451612903,20,3.870967742,16.77419355,34.19354839,16.12903226
Seneca_2012 Q3,Seneca,123,11,18,0,2,11,46,34,1,,NA,,NA,NA,NA,NA,0,,8.943089431,14.63414634,1.62601626,8.943089431,37.39837398,27.64227642
Seneca_2012 Q4,Seneca,119,9,18,0,9,19,45,18,1,,NA,,NA,NA,NA,NA,0,,7.56302521,15.12605042,7.56302521,15.96638655,37.81512605,15.12605042
Seneca_2013 Q1,Seneca,149,15,17,1,12,20,56,25,3,,NA,,NA,NA,NA,NA,0,,10.06711409,11.40939597,8.053691275,13.42281879,37.58389262,16.77852349
Seneca_2013 Q2,Seneca,138,12,17,2,9,24,43,27,4,,NA,,NA,NA,NA,NA,0,,8.695652174,12.31884058,6.52173913,17.39130435,31.15942029,19.56521739
Seneca_2013 Q3,Seneca,152,12,26,1,7,24,42,34,6,,NA,,NA,NA,NA,NA,0,,7.894736842,17.10526316,4.605263158,15.78947368,27.63157895,22.36842105
Seneca_2013 Q4,Seneca,131,16,19,1,5,20,42,25,3,,NA,,NA,NA,NA,NA,0,,12.21374046,14.50381679,3.816793893,15.26717557,32.0610687,19.08396947
Seneca_2014 Q1,Seneca,130,15,29,0,6,21,35,22,2,,NA,,NA,NA,NA,NA,0,,11.53846154,22.30769231,4.615384615,16.15384615,26.92307692,16.92307692
Seneca_2014 Q2,Seneca,111,8,16,0,9,12,35,31,0,,NA,,NA,NA,NA,NA,0,,7.207207207,14.41441441,8.108108108,10.81081081,31.53153153,27.92792793
Seneca_2014 Q3,Seneca,165,13,23,0,13,21,59,29,7,,NA,,NA,NA,NA,NA,0,,7.878787879,13.93939394,7.878787879,12.72727273,35.75757576,17.57575758
Seneca_2014 Q4,Seneca,156,8,22,1,8,17,48,47,5,,NA,,NA,NA,NA,NA,0,,5.128205128,14.1025641,5.128205128,10.8974359,30.76923077,30.12820513
Seneca_2015 Q1,Seneca,162,10,19,2,4,20,68,38,1,,NA,,NA,NA,NA,NA,0,,6.172839506,11.72839506,2.469135802,12.34567901,41.97530864,23.45679012
Seneca_2015 Q2,Seneca,129,13,16,1,5,19,47,24,4,,NA,,NA,NA,NA,NA,0,,10.07751938,12.40310078,3.875968992,14.72868217,36.43410853,18.60465116
Seneca_2015 Q3,Seneca,143,10,25,0,2,16,57,27,6,,NA,,NA,NA,NA,NA,0,,6.993006993,17.48251748,1.398601399,11.18881119,39.86013986,18.88111888
Seneca_2015 Q4,Seneca,126,8,19,1,8,23,40,22,5,,NA,,NA,NA,NA,NA,0,,6.349206349,15.07936508,6.349206349,18.25396825,31.74603175,17.46031746
Seneca_2016 Q1,Seneca,137,7,27,0,7,15,42,33,6,,NA,,NA,NA,NA,NA,0,,5.109489051,19.7080292,5.109489051,10.94890511,30.65693431,24.08759124
Seneca_2016 Q2,Seneca,154,11,29,1,12,21,45,31,4,,NA,,NA,NA,NA,NA,0,,7.142857143,18.83116883,7.792207792,13.63636364,29.22077922,20.12987013
Seneca_2016 Q3,Seneca,167,15,19,1,10,33,42,42,5,,NA,,NA,NA,NA,NA,0,,8.982035928,11.37724551,5.988023952,19.76047904,25.1497006,25.1497006
Seneca_2016 Q4,Seneca,153,9,33,0,9,16,45,36,5,,NA,,NA,NA,NA,NA,0,,5.882352941,21.56862745,5.882352941,10.45751634,29.41176471,23.52941176
Seneca_2017 Q1,Seneca,143,15,26,0,7,21,42,27,5,,NA,,NA,NA,NA,NA,0,,10.48951049,18.18181818,4.895104895,14.68531469,29.37062937,18.88111888
Seneca_2017 Q2,Seneca,138,15,21,0,6,18,42,25,11,,NA,,NA,NA,NA,NA,0,,10.86956522,15.2173913,4.347826087,13.04347826,30.43478261,18.11594203
Seneca_2017 Q3,Seneca,133,11,18,0,9,9,47,37,2,,NA,,NA,NA,NA,NA,0,,8.270676692,13.53383459,6.766917293,6.766917293,35.33834586,27.81954887
Seneca_2017 Q4,Seneca,164,8,30,1,5,15,58,40,7,,NA,,NA,NA,NA,NA,0,,4.87804878,18.29268293,3.048780488,9.146341463,35.36585366,24.3902439
Seneca_2018 Q1,Seneca,161,15,20,1,13,20,42,45,5,,NA,,NA,NA,NA,NA,0,,9.316770186,12.42236025,8.074534161,12.42236025,26.08695652,27.95031056
Seneca_2018 Q2,Seneca,158,9,21,1,13,38,41,29,6,,NA,,NA,NA,NA,NA,0,,5.696202532,13.29113924,8.227848101,24.05063291,25.94936709,18.35443038
Seneca_2018 Q3,Seneca,123,10,16,0,11,12,40,29,5,,NA,,NA,NA,NA,NA,0,,8.130081301,13.00813008,8.943089431,9.756097561,32.5203252,23.57723577
Seneca_2018 Q4,Seneca,126,4,20,0,2,20,50,28,2,,NA,,NA,NA,NA,NA,0,,3.174603175,15.87301587,1.587301587,15.87301587,39.68253968,22.22222222
Seneca_2019 Q1,Seneca,113,4,14,1,10,20,37,24,3,,NA,,NA,NA,NA,NA,0,,3.539823009,12.38938053,8.849557522,17.69911504,32.74336283,21.23893805
Seneca_2019 Q2,Seneca,97,5,15,0,2,26,24,22,3,,NA,,NA,NA,NA,NA,0,,5.154639175,15.46391753,2.06185567,26.80412371,24.74226804,22.68041237
Seneca_2019 Q3,Seneca,87,11,11,0,2,16,28,18,1,,NA,,NA,NA,NA,NA,0,,12.64367816,12.64367816,2.298850575,18.3908046,32.18390805,20.68965517
Seneca_2019 Q4,Seneca,92,12,6,1,1,13,27,26,6,,NA,,NA,NA,NA,NA,0,,13.04347826,6.52173913,1.086956522,14.13043478,29.34782609,28.26086957
Seneca_2020 Q1,Seneca,104,7,21,0,4,17,37,13,5,,NA,,NA,NA,NA,NA,0,,6.730769231,20.19230769,3.846153846,16.34615385,35.57692308,12.5
Seneca_2020 Q2,Seneca,8,0,0,0,0,3,2,3,0,,NA,,NA,NA,NA,NA,0,,0,0,0,37.5,25,37.5
Seneca_2020 Q3,Seneca,89,9,14,0,5,22,26,11,2,,NA,,NA,NA,NA,NA,0,,10.11235955,15.73033708,5.617977528,24.71910112,29.21348315,12.35955056
Seneca_2020 Q4,Seneca,74,3,7,0,1,19,28,15,1,,NA,,NA,NA,NA,NA,0,,4.054054054,9.459459459,1.351351351,25.67567568,37.83783784,20.27027027
Seneca_2021 Q1,Seneca,56,3,8,0,1,14,23,7,0,,NA,,NA,NA,NA,NA,0,,5.357142857,14.28571429,1.785714286,25,41.07142857,12.5
Seneca_2021 Q2,Seneca,141,10,15,0,3,24,59,25,5,,NA,,NA,NA,NA,NA,0,,7.092198582,10.63829787,2.127659574,17.0212766,41.84397163,17.73049645
Seneca_2021 Q3,Seneca,121,5,24,1,5,15,38,31,2,,NA,,NA,NA,NA,NA,0,,4.132231405,19.83471074,4.132231405,12.39669421,31.40495868,25.61983471
Seneca_2021 Q4,Seneca,122,3,18,0,3,25,36,35,2,,NA,,NA,NA,NA,NA,0,,2.459016393,14.75409836,2.459016393,20.49180328,29.50819672,28.68852459
Seneca_2022 Q1,Seneca,105,10,14,1,5,19,22,30,4,,NA,,NA,NA,NA,NA,0,,9.523809524,13.33333333,4.761904762,18.0952381,20.95238095,28.57142857
Seneca_2022 Q2,Seneca,136,10,22,1,2,18,36,43,4,,NA,,NA,NA,NA,NA,0,,7.352941176,16.17647059,1.470588235,13.23529412,26.47058824,31.61764706
Seneca_2022 Q3,Seneca,106,5,15,1,0,14,31,37,3,,NA,,NA,NA,NA,NA,0,,4.716981132,14.1509434,0,13.20754717,29.24528302,34.90566038
Seneca_2022 Q4,Seneca,89,14,12,0,0,9,26,23,5,,NA,,NA,NA,NA,NA,0,,15.73033708,13.48314607,0,10.11235955,29.21348315,25.84269663
St. Lawrence_2010 Q1,St. Lawrence,388,18,39,7,15,37,229,35,8,Nicole Duve,0,D,1,1,0,1,0,,4.639175258,10.05154639,3.865979381,9.536082474,59.02061856,9.020618557
St. Lawrence_2010 Q2,St. Lawrence,349,14,26,2,14,44,215,27,7,Nicole Duve,0,D,1,1,0,1,0,,4.011461318,7.449856734,4.011461318,12.60744986,61.60458453,7.736389685
St. Lawrence_2010 Q3,St. Lawrence,340,17,24,6,7,36,218,27,5,Nicole Duve,0,D,1,1,0,1,0,,5,7.058823529,2.058823529,10.58823529,64.11764706,7.941176471
St. Lawrence_2010 Q4,St. Lawrence,309,4,37,2,10,22,200,28,6,Nicole Duve,0,D,1,1,0,1,0,,1.294498382,11.97411003,3.236245955,7.1197411,64.72491909,9.061488673
St. Lawrence_2011 Q1,St. Lawrence,343,15,25,2,10,33,226,29,3,Nicole Duve,0,D,1,1,0,1,0,,4.373177843,7.288629738,2.915451895,9.620991254,65.88921283,8.454810496
St. Lawrence_2011 Q2,St. Lawrence,349,24,18,3,18,47,211,25,3,Nicole Duve,0,D,1,1,0,1,0,,6.876790831,5.157593123,5.157593123,13.46704871,60.45845272,7.163323782
St. Lawrence_2011 Q3,St. Lawrence,360,19,27,3,18,33,215,40,5,Nicole Duve,0,D,1,1,0,1,0,,5.277777778,7.5,5,9.166666667,59.72222222,11.11111111
St. Lawrence_2011 Q4,St. Lawrence,361,23,26,2,28,42,217,20,3,Nicole Duve,0,D,1,1,0,1,0,,6.371191136,7.202216066,7.756232687,11.63434903,60.11080332,5.540166205
St. Lawrence_2012 Q1,St. Lawrence,388,21,25,2,18,45,246,25,6,Nicole Duve,0,D,1,1,0,1,0,,5.412371134,6.443298969,4.639175258,11.59793814,63.40206186,6.443298969
St. Lawrence_2012 Q2,St. Lawrence,362,17,37,1,21,40,217,26,3,Nicole Duve,0,D,1,1,0,1,0,,4.696132597,10.22099448,5.801104972,11.04972376,59.94475138,7.182320442
St. Lawrence_2012 Q3,St. Lawrence,381,22,19,3,18,47,230,32,10,Nicole Duve,0,D,1,1,0,1,0,,5.774278215,4.98687664,4.724409449,12.33595801,60.36745407,8.398950131
St. Lawrence_2012 Q4,St. Lawrence,383,25,16,4,12,39,254,27,6,Nicole Duve,0,D,1,1,0,1,0,,6.527415144,4.177545692,3.133159269,10.18276762,66.31853786,7.049608355
St. Lawrence_2013 Q1,St. Lawrence,459,24,32,1,18,49,293,36,6,Nicole Duve,0,D,1,1,0,1,0.5,,5.22875817,6.97167756,3.921568627,10.67538126,63.83442266,7.843137255
St. Lawrence_2013 Q2,St. Lawrence,458,25,31,1,23,62,285,28,3,Nicole Duve,0,D,1,1,0,1,0.5,,5.458515284,6.768558952,5.021834061,13.5371179,62.22707424,6.113537118
St. Lawrence_2013 Q3,St. Lawrence,397,27,40,2,17,52,221,32,6,Nicole Duve,0,D,1,1,0,1,1,,6.801007557,10.07556675,4.282115869,13.09823678,55.6675063,8.060453401
St. Lawrence_2013 Q4,St. Lawrence,333,28,32,2,8,30,207,26,0,Nicole Duve,0,D,1,1,0,1,1,,8.408408408,9.60960961,2.402402402,9.009009009,62.16216216,7.807807808
St. Lawrence_2014 Q1,St. Lawrence,338,25,37,4,14,30,198,25,5,Nicole Duve,0,D,0,NA,0,NA,0,,7.396449704,10.94674556,4.142011834,8.875739645,58.57988166,7.396449704
St. Lawrence_2014 Q2,St. Lawrence,353,18,23,4,17,49,214,25,3,Nicole Duve,0,D,0,NA,0,NA,0,,5.099150142,6.515580737,4.815864023,13.88101983,60.62322946,7.082152975
St. Lawrence_2014 Q3,St. Lawrence,341,32,28,7,18,51,184,20,1,Nicole Duve,0,D,0,NA,0,NA,0,,9.384164223,8.211143695,5.278592375,14.95601173,53.95894428,5.865102639
St. Lawrence_2014 Q4,St. Lawrence,295,20,31,1,8,25,174,28,8,Nicole Duve,0,D,0,NA,0,NA,0,,6.779661017,10.50847458,2.711864407,8.474576271,58.98305085,9.491525424
St. Lawrence_2015 Q1,St. Lawrence,306,11,29,3,8,38,178,30,9,Nicole Duve,0,D,0,NA,0,NA,0,,3.594771242,9.477124183,2.614379085,12.41830065,58.16993464,9.803921569
St. Lawrence_2015 Q2,St. Lawrence,311,19,40,2,13,22,183,26,6,Nicole Duve,0,D,0,NA,0,NA,0,,6.109324759,12.86173633,4.180064309,7.073954984,58.84244373,8.360128617
St. Lawrence_2015 Q3,St. Lawrence,289,29,27,0,3,48,144,34,4,Nicole Duve,0,D,0,NA,0,NA,0,,10.03460208,9.342560554,1.038062284,16.60899654,49.82698962,11.76470588
St. Lawrence_2015 Q4,St. Lawrence,225,32,15,2,9,34,108,22,3,Nicole Duve,0,D,0,NA,0,NA,0,,14.22222222,6.666666667,4,15.11111111,48,9.777777778
St. Lawrence_2016 Q1,St. Lawrence,203,24,18,4,2,36,103,14,2,Nicole Duve,0,D,0,NA,0,NA,0,,11.8226601,8.866995074,0.985221675,17.73399015,50.73891626,6.896551724
St. Lawrence_2016 Q2,St. Lawrence,449,25,31,7,8,56,271,44,7,Nicole Duve,0,D,0,NA,0,NA,0,,5.567928731,6.904231626,1.781737194,12.47216036,60.35634744,9.799554566
St. Lawrence_2016 Q3,St. Lawrence,482,21,61,5,12,56,282,37,8,Nicole Duve,0,D,0,NA,0,NA,0,,4.356846473,12.65560166,2.489626556,11.61825726,58.50622407,7.676348548
St. Lawrence_2016 Q4,St. Lawrence,312,11,33,4,7,30,204,14,9,Nicole Duve,0,D,0,NA,0,NA,0,,3.525641026,10.57692308,2.243589744,9.615384615,65.38461538,4.487179487
St. Lawrence_2017 Q1,St. Lawrence,327,9,41,2,14,37,186,29,9,Nicole Duve,0,D,0,NA,1,1,0.5,,2.752293578,12.5382263,4.281345566,11.31498471,56.88073394,8.868501529
St. Lawrence_2017 Q2,St. Lawrence,295,16,36,11,7,33,173,14,5,Nicole Duve,0,D,0,NA,1,1,0.5,,5.423728814,12.20338983,2.372881356,11.18644068,58.6440678,4.745762712
St. Lawrence_2017 Q3,St. Lawrence,272,16,47,3,5,21,157,17,6,Nicole Duve,0,D,0,NA,1,1,1,,5.882352941,17.27941176,1.838235294,7.720588235,57.72058824,6.25
St. Lawrence_2017 Q4,St. Lawrence,289,34,43,5,10,26,152,16,3,Nicole Duve,0,D,0,NA,1,1,1,,11.76470588,14.87889273,3.460207612,8.996539792,52.59515571,5.53633218
St. Lawrence_2018 Q1,St. Lawrence,398,31,38,6,6,28,265,16,8,Gary Pasqua,0,R,1,1,0,0,0,,7.788944724,9.547738693,1.507537688,7.035175879,66.58291457,4.020100503
St. Lawrence_2018 Q2,St. Lawrence,301,24,28,5,8,31,191,12,2,Gary Pasqua,0,R,1,1,0,0,0,,7.973421927,9.302325581,2.657807309,10.29900332,63.4551495,3.986710963
St. Lawrence_2018 Q3,St. Lawrence,304,29,29,3,7,17,206,13,0,Gary Pasqua,0,R,1,1,0,0,0,,9.539473684,9.539473684,2.302631579,5.592105263,67.76315789,4.276315789
St. Lawrence_2018 Q4,St. Lawrence,265,18,24,3,1,17,175,22,5,Gary Pasqua,0,R,1,1,0,0,0,,6.79245283,9.056603774,0.377358491,6.41509434,66.03773585,8.301886792
St. Lawrence_2019 Q1,St. Lawrence,313,33,27,5,11,25,187,21,4,Gary Pasqua,0,R,1,1,0,0,0,,10.54313099,8.626198083,3.514376997,7.987220447,59.74440895,6.709265176
St. Lawrence_2019 Q2,St. Lawrence,329,39,21,6,6,30,210,16,1,Gary Pasqua,0,R,1,1,0,0,0,,11.85410334,6.382978723,1.823708207,9.118541033,63.82978723,4.863221884
St. Lawrence_2019 Q3,St. Lawrence,234,28,17,0,5,36,136,10,2,Gary Pasqua,0,R,1,1,0,0,0,,11.96581197,7.264957265,2.136752137,15.38461538,58.11965812,4.273504274
St. Lawrence_2019 Q4,St. Lawrence,307,31,22,2,7,42,182,17,4,Gary Pasqua,0,R,1,1,0,0,0,,10.09771987,7.166123779,2.280130293,13.68078176,59.28338762,5.537459283
St. Lawrence_2020 Q1,St. Lawrence,255,16,19,4,6,47,150,9,4,Gary Pasqua,0,R,1,1,0,0,0,,6.274509804,7.450980392,2.352941176,18.43137255,58.82352941,3.529411765
St. Lawrence_2020 Q2,St. Lawrence,24,5,1,0,1,5,11,0,1,Gary Pasqua,0,R,1,1,0,0,0,,20.83333333,4.166666667,4.166666667,20.83333333,45.83333333,0
St. Lawrence_2020 Q3,St. Lawrence,222,12,15,2,3,42,138,9,1,Gary Pasqua,0,R,1,1,0,0,0,,5.405405405,6.756756757,1.351351351,18.91891892,62.16216216,4.054054054
St. Lawrence_2020 Q4,St. Lawrence,186,8,8,1,3,36,121,9,0,Gary Pasqua,0,R,1,1,0,0,0,,4.301075269,4.301075269,1.612903226,19.35483871,65.05376344,4.838709677
St. Lawrence_2021 Q1,St. Lawrence,138,8,11,1,3,34,74,7,0,Gary Pasqua,0,R,1,1,0,0,0.5,,5.797101449,7.971014493,2.173913043,24.63768116,53.62318841,5.072463768
St. Lawrence_2021 Q2,St. Lawrence,259,16,20,8,8,44,155,6,2,Gary Pasqua,0,R,1,1,0,0,0.5,,6.177606178,7.722007722,3.088803089,16.98841699,59.84555985,2.316602317
St. Lawrence_2021 Q3,St. Lawrence,285,32,34,0,4,55,142,17,1,Gary Pasqua,0,R,1,1,0,0,1,,11.22807018,11.92982456,1.403508772,19.29824561,49.8245614,5.964912281
St. Lawrence_2021 Q4,St. Lawrence,207,20,25,1,2,30,114,13,2,Gary Pasqua,0,R,1,1,0,0,1,,9.661835749,12.07729469,0.966183575,14.49275362,55.07246377,6.280193237
St. Lawrence_2022 Q1,St. Lawrence,227,25,15,1,10,26,144,5,1,Gary Pasqua,0,R,0,NA,0,NA,0,,11.01321586,6.607929515,4.405286344,11.45374449,63.43612335,2.202643172
St. Lawrence_2022 Q2,St. Lawrence,228,20,18,4,5,26,140,12,3,Gary Pasqua,0,R,0,NA,0,NA,0,,8.771929825,7.894736842,2.192982456,11.40350877,61.40350877,5.263157895
St. Lawrence_2022 Q3,St. Lawrence,253,26,20,2,6,33,154,10,2,Gary Pasqua,0,R,0,NA,0,NA,0,,10.27667984,7.90513834,2.371541502,13.04347826,60.86956522,3.95256917
St. Lawrence_2022 Q4,St. Lawrence,222,26,21,1,3,22,129,18,2,Gary Pasqua,0,R,0,NA,0,NA,0,,11.71171171,9.459459459,1.351351351,9.90990991,58.10810811,8.108108108
Steuben_2010 Q1,Steuben,297,18,40,3,19,32,123,57,5,John Tunney,NA,R,0,NA,0,NA,0,,6.060606061,13.46801347,6.397306397,10.77441077,41.41414141,19.19191919
Steuben_2010 Q2,Steuben,356,18,52,7,23,45,149,59,3,John Tunney,NA,R,0,NA,0,NA,0,,5.056179775,14.60674157,6.460674157,12.64044944,41.85393258,16.57303371
Steuben_2010 Q3,Steuben,345,14,52,10,18,46,140,61,4,John Tunney,NA,R,0,NA,0,NA,0,,4.057971014,15.07246377,5.217391304,13.33333333,40.57971014,17.68115942
Steuben_2010 Q4,Steuben,271,11,31,7,15,44,106,55,2,John Tunney,NA,R,0,NA,0,NA,0,,4.05904059,11.43911439,5.535055351,16.23616236,39.11439114,20.29520295
Steuben_2011 Q1,Steuben,291,30,47,5,13,32,123,38,3,John Tunney,NA,R,0,NA,0,0,0.5,,10.30927835,16.15120275,4.467353952,10.99656357,42.26804124,13.05841924
Steuben_2011 Q2,Steuben,307,21,35,3,16,41,138,49,4,John Tunney,NA,R,0,NA,0,0,0.5,,6.840390879,11.40065147,5.211726384,13.35504886,44.95114007,15.96091205
Steuben_2011 Q3,Steuben,297,15,46,3,18,40,126,46,3,John Tunney,NA,R,0,NA,0,0,1,,5.050505051,15.48821549,6.060606061,13.46801347,42.42424242,15.48821549
Steuben_2011 Q4,Steuben,266,14,30,3,22,47,110,38,2,John Tunney,NA,R,0,NA,0,0,1,,5.263157895,11.27819549,8.270676692,17.66917293,41.35338346,14.28571429
Steuben_2012 Q1,Steuben,324,31,48,4,18,51,144,26,2,Brooks Baker,NA,R,1,1,0,0,0,,9.567901235,14.81481481,5.555555556,15.74074074,44.44444444,8.024691358
Steuben_2012 Q2,Steuben,299,39,31,1,20,43,125,38,2,Brooks Baker,NA,R,1,1,0,0,0,,13.04347826,10.36789298,6.688963211,14.3812709,41.80602007,12.7090301
Steuben_2012 Q3,Steuben,281,23,40,0,13,33,133,39,0,Brooks Baker,NA,R,1,1,0,0,0,,8.185053381,14.23487544,4.62633452,11.74377224,47.33096085,13.87900356
Steuben_2012 Q4,Steuben,264,17,43,0,16,38,104,44,2,Brooks Baker,NA,R,1,1,0,0,0,,6.439393939,16.28787879,6.060606061,14.39393939,39.39393939,16.66666667
Steuben_2013 Q1,Steuben,314,34,43,2,19,51,126,38,1,Brooks Baker,NA,R,1,1,0,0,0,,10.82802548,13.69426752,6.050955414,16.24203822,40.12738854,12.10191083
Steuben_2013 Q2,Steuben,302,32,37,3,24,42,126,37,1,Brooks Baker,NA,R,1,1,0,0,0,,10.59602649,12.25165563,7.947019868,13.90728477,41.7218543,12.25165563
Steuben_2013 Q3,Steuben,332,44,50,3,16,54,120,42,3,Brooks Baker,NA,R,1,1,0,0,0,,13.25301205,15.06024096,4.819277108,16.26506024,36.14457831,12.65060241
Steuben_2013 Q4,Steuben,341,39,46,0,16,54,138,46,2,Brooks Baker,NA,R,1,1,0,0,0,,11.43695015,13.48973607,4.692082111,15.83577713,40.46920821,13.48973607
Steuben_2014 Q1,Steuben,311,40,33,3,9,33,154,35,4,Brooks Baker,NA,R,1,1,0,0,0,,12.86173633,10.61093248,2.893890675,10.61093248,49.51768489,11.25401929
Steuben_2014 Q2,Steuben,321,33,50,2,17,66,115,36,2,Brooks Baker,NA,R,1,1,0,0,0,,10.28037383,15.57632399,5.295950156,20.56074766,35.82554517,11.21495327
Steuben_2014 Q3,Steuben,311,21,51,4,16,55,132,31,1,Brooks Baker,NA,R,1,1,0,0,0,,6.752411576,16.39871383,5.144694534,17.68488746,42.4437299,9.967845659
Steuben_2014 Q4,Steuben,277,26,28,2,12,54,117,38,0,Brooks Baker,NA,R,1,1,0,0,0,,9.386281588,10.10830325,4.332129964,19.49458484,42.23826715,13.71841155
Steuben_2015 Q1,Steuben,336,30,49,6,12,43,153,42,1,Brooks Baker,NA,R,1,1,0,0,0.5,,8.928571429,14.58333333,3.571428571,12.79761905,45.53571429,12.5
Steuben_2015 Q2,Steuben,359,36,56,4,18,44,146,54,1,Brooks Baker,NA,R,1,1,0,0,0.5,,10.02785515,15.59888579,5.013927577,12.25626741,40.66852368,15.04178273
Steuben_2015 Q3,Steuben,346,23,51,2,7,58,157,46,2,Brooks Baker,NA,R,1,1,0,0,1,,6.647398844,14.73988439,2.023121387,16.76300578,45.37572254,13.29479769
Steuben_2015 Q4,Steuben,287,25,35,4,18,43,120,41,1,Brooks Baker,NA,R,1,1,0,0,1,,8.710801394,12.19512195,6.271777003,14.9825784,41.81184669,14.28571429
Steuben_2016 Q1,Steuben,363,18,45,5,22,55,169,47,2,Brooks Baker,NA,R,1,1,0,0,0,,4.958677686,12.39669421,6.060606061,15.15151515,46.55647383,12.9476584
Steuben_2016 Q2,Steuben,322,30,29,4,17,54,135,52,1,Brooks Baker,NA,R,1,1,0,0,0,,9.316770186,9.00621118,5.279503106,16.77018634,41.92546584,16.14906832
Steuben_2016 Q3,Steuben,315,21,40,2,4,51,126,68,3,Brooks Baker,NA,R,1,1,0,0,0,,6.666666667,12.6984127,1.26984127,16.19047619,40,21.58730159
Steuben_2016 Q4,Steuben,286,22,37,2,9,44,125,44,3,Brooks Baker,NA,R,1,1,0,0,0,,7.692307692,12.93706294,3.146853147,15.38461538,43.70629371,15.38461538
Steuben_2017 Q1,Steuben,304,15,41,3,11,44,142,45,3,Brooks Baker,NA,R,1,1,0,0,0,,4.934210526,13.48684211,3.618421053,14.47368421,46.71052632,14.80263158
Steuben_2017 Q2,Steuben,362,47,51,7,21,53,131,46,6,Brooks Baker,NA,R,1,1,0,0,0,,12.98342541,14.08839779,5.801104972,14.64088398,36.1878453,12.70718232
Steuben_2017 Q3,Steuben,291,34,43,3,4,44,121,41,1,Brooks Baker,NA,R,1,1,0,0,0,,11.6838488,14.7766323,1.374570447,15.12027491,41.58075601,14.08934708
Steuben_2017 Q4,Steuben,321,36,54,1,11,57,109,49,4,Brooks Baker,NA,R,1,1,0,0,0,,11.21495327,16.82242991,3.426791277,17.75700935,33.95638629,15.26479751
Steuben_2018 Q1,Steuben,328,21,54,6,18,56,114,57,2,Brooks Baker,NA,R,1,1,0,0,0,,6.402439024,16.46341463,5.487804878,17.07317073,34.75609756,17.37804878
Steuben_2018 Q2,Steuben,299,36,40,5,7,38,134,36,3,Brooks Baker,NA,R,1,1,0,0,0,,12.04013378,13.37792642,2.341137124,12.7090301,44.81605351,12.04013378
Steuben_2018 Q3,Steuben,348,43,45,5,13,47,149,43,3,Brooks Baker,NA,R,1,1,0,0,0,,12.35632184,12.93103448,3.735632184,13.50574713,42.81609195,12.35632184
Steuben_2018 Q4,Steuben,293,38,33,4,8,50,120,37,3,Brooks Baker,NA,R,1,1,0,0,0,,12.96928328,11.26279863,2.730375427,17.06484642,40.9556314,12.62798635
Steuben_2019 Q1,Steuben,352,24,45,2,7,66,155,47,6,Brooks Baker,NA,R,1,1,0,0,0.5,,6.818181818,12.78409091,1.988636364,18.75,44.03409091,13.35227273
Steuben_2019 Q2,Steuben,341,45,43,3,6,55,132,55,2,Brooks Baker,NA,R,1,1,0,0,0.5,,13.19648094,12.60997067,1.759530792,16.12903226,38.70967742,16.12903226
Steuben_2019 Q3,Steuben,311,49,33,2,12,43,123,44,5,Brooks Baker,NA,R,1,1,0,0,1,,15.75562701,10.61093248,3.8585209,13.82636656,39.54983923,14.14790997
Steuben_2019 Q4,Steuben,290,33,26,4,11,36,125,52,3,Brooks Baker,NA,R,1,1,0,0,1,,11.37931034,8.965517241,3.793103448,12.4137931,43.10344828,17.93103448
Steuben_2020 Q1,Steuben,239,21,24,1,7,27,94,61,4,Brooks Baker,NA,R,NA,NA,NA,NA,0,,8.786610879,10.041841,2.928870293,11.29707113,39.33054393,25.52301255
Steuben_2020 Q2,Steuben,47,8,6,0,1,16,5,4,7,Brooks Baker,NA,R,NA,NA,NA,NA,0,,17.0212766,12.76595745,2.127659574,34.04255319,10.63829787,8.510638298
Steuben_2020 Q3,Steuben,263,26,14,0,10,55,103,54,1,Brooks Baker,NA,R,NA,NA,NA,NA,0,,9.885931559,5.323193916,3.802281369,20.91254753,39.1634981,20.53231939
Steuben_2020 Q4,Steuben,159,17,13,0,3,27,72,26,1,Brooks Baker,NA,R,NA,NA,NA,NA,0,,10.6918239,8.176100629,1.886792453,16.98113208,45.28301887,16.35220126
Steuben_2021 Q1,Steuben,150,23,11,2,2,37,38,36,1,Brooks Baker,NA,R,NA,NA,NA,NA,0,,15.33333333,7.333333333,1.333333333,24.66666667,25.33333333,24
Steuben_2021 Q2,Steuben,286,33,21,3,3,36,119,68,3,Brooks Baker,NA,R,NA,NA,NA,NA,0,,11.53846154,7.342657343,1.048951049,12.58741259,41.60839161,23.77622378
Steuben_2021 Q3,Steuben,260,42,23,4,5,34,113,30,9,Brooks Baker,NA,R,NA,NA,NA,NA,0,,16.15384615,8.846153846,1.923076923,13.07692308,43.46153846,11.53846154
Steuben_2021 Q4,Steuben,274,31,34,2,6,44,96,61,0,Brooks Baker,NA,R,NA,NA,NA,NA,0,,11.31386861,12.40875912,2.189781022,16.05839416,35.03649635,22.26277372
Steuben_2022 Q1,Steuben,223,21,30,0,6,31,74,60,1,Brooks Baker,NA,R,NA,NA,NA,NA,0,,9.417040359,13.4529148,2.69058296,13.90134529,33.1838565,26.9058296
Steuben_2022 Q2,Steuben,288,37,35,3,6,47,87,72,1,Brooks Baker,NA,R,NA,NA,NA,NA,0,,12.84722222,12.15277778,2.083333333,16.31944444,30.20833333,25
Steuben_2022 Q3,Steuben,294,58,33,0,5,39,105,51,3,Brooks Baker,NA,R,NA,NA,NA,NA,0,,19.72789116,11.2244898,1.700680272,13.26530612,35.71428571,17.34693878
Steuben_2022 Q4,Steuben,214,37,29,0,6,31,77,32,2,Brooks Baker,NA,R,NA,NA,NA,NA,0,,17.28971963,13.55140187,2.803738318,14.48598131,35.98130841,14.95327103
Suffolk_2010 Q1,Suffolk,4119,180,975,196,198,658,1247,592,73,,NA,,NA,NA,NA,NA,0,website is down but it will be up again hopefully,4.369992717,23.67079388,4.806991988,15.97475115,30.27433843,14.37242049
Suffolk_2010 Q2,Suffolk,4402,194,808,247,188,754,1367,770,74,,NA,,NA,NA,NA,NA,0,,4.407087687,18.35529305,4.270786006,17.12857792,31.05406633,17.49204907
Suffolk_2010 Q3,Suffolk,4130,172,873,222,154,753,1275,605,76,,NA,,NA,NA,NA,NA,0,,4.16464891,21.13801453,3.728813559,18.23244552,30.8716707,14.64891041
Suffolk_2010 Q4,Suffolk,3786,201,754,189,202,584,1157,635,64,,NA,,NA,NA,NA,NA,0,,5.309033281,19.91547808,5.335446381,15.42525092,30.55995774,16.77231907
Suffolk_2011 Q1,Suffolk,4259,233,868,209,206,641,1315,733,54,,NA,,NA,NA,NA,NA,0,,5.470767786,20.38037098,4.836816154,15.05048133,30.87579244,17.21061282
Suffolk_2011 Q2,Suffolk,4372,205,896,235,198,683,1396,710,49,,NA,,NA,NA,NA,NA,0,,4.688929552,20.49405306,4.528819762,15.6221409,31.93046661,16.23970723
Suffolk_2011 Q3,Suffolk,4261,208,907,212,208,622,1415,626,63,,NA,,NA,NA,NA,NA,0,,4.88148322,21.28608308,4.88148322,14.59751232,33.2081671,14.691387
Suffolk_2011 Q4,Suffolk,4236,181,933,231,178,633,1386,625,69,,NA,,NA,NA,NA,NA,0,,4.272898961,22.02549575,4.202077432,14.94334278,32.71954674,14.75448536
Suffolk_2012 Q1,Suffolk,4620,226,1018,217,204,747,1445,721,42,,NA,,NA,NA,NA,NA,0,,4.891774892,22.03463203,4.415584416,16.16883117,31.27705628,15.60606061
Suffolk_2012 Q2,Suffolk,4546,155,876,254,186,727,1591,704,53,,NA,,NA,NA,NA,NA,0,,3.409590849,19.26968764,4.091509019,15.99208095,34.99780026,15.48614166
Suffolk_2012 Q3,Suffolk,4077,136,841,224,187,612,1450,591,36,,NA,,NA,NA,NA,NA,0,,3.335786117,20.62791268,4.586705911,15.01103753,35.56536669,14.49595291
Suffolk_2012 Q4,Suffolk,3763,145,690,194,135,588,1437,518,56,,NA,,NA,NA,NA,NA,0,,3.85330853,18.3364337,3.587563115,15.62583045,38.18761626,13.76561254
Suffolk_2013 Q1,Suffolk,4261,178,825,197,150,620,1630,601,60,,NA,,NA,NA,NA,NA,0,,4.17742314,19.36165219,3.520300399,14.55057498,38.253931,14.10467027
Suffolk_2013 Q2,Suffolk,4245,201,835,220,139,603,1535,669,43,,NA,,NA,NA,NA,NA,0,,4.734982332,19.67020024,3.274440518,14.204947,36.16018846,15.75971731
Suffolk_2013 Q3,Suffolk,3851,171,722,233,112,546,1459,575,33,,NA,,NA,NA,NA,NA,0,,4.44040509,18.74837704,2.908335497,14.17813555,37.88626331,14.9311867
Suffolk_2013 Q4,Suffolk,3707,146,721,238,110,535,1328,590,39,,NA,,NA,NA,NA,NA,0,,3.93849474,19.44968978,2.96735905,14.43215538,35.82411654,15.91583491
Suffolk_2014 Q1,Suffolk,3742,140,703,168,135,537,1273,756,30,,NA,,NA,NA,NA,NA,0,,3.741314805,18.78674506,3.607696419,14.35061464,34.01924105,20.20309995
Suffolk_2014 Q2,Suffolk,3959,180,721,248,125,521,1333,797,34,,NA,,NA,NA,NA,NA,0,,4.546602677,18.21166961,3.15736297,13.15988886,33.67011872,20.1313463
Suffolk_2014 Q3,Suffolk,3727,144,750,265,111,523,1129,773,32,,NA,,NA,NA,NA,NA,0,,3.863697344,20.12342367,2.978266702,14.0327341,30.29246042,20.74054199
Suffolk_2014 Q4,Suffolk,3722,136,620,248,99,474,1295,817,33,,NA,,NA,NA,NA,NA,0,,3.65394949,16.65771091,2.65986029,12.73508866,34.79312198,21.95056421
Suffolk_2015 Q1,Suffolk,3542,176,655,219,108,399,1232,709,44,,NA,,NA,NA,NA,NA,0,,4.968944099,18.49237719,3.049124788,11.26482213,34.7826087,20.01693958
Suffolk_2015 Q2,Suffolk,3681,170,638,219,90,446,1207,888,23,,NA,,NA,NA,NA,NA,0,,4.618310242,17.33224667,2.444987775,12.11627275,32.79000272,24.12387938
Suffolk_2015 Q3,Suffolk,3303,192,644,205,84,376,1003,784,15,,NA,,NA,NA,NA,NA,0,,5.812897366,19.49742658,2.543142598,11.38359068,30.36633364,23.73599758
Suffolk_2015 Q4,Suffolk,3255,139,602,227,96,391,983,796,21,,NA,,NA,NA,NA,NA,0,,4.270353303,18.49462366,2.949308756,12.01228879,30.19969278,24.4546851
Suffolk_2016 Q1,Suffolk,3561,199,638,238,100,381,1061,905,39,,NA,,NA,NA,NA,NA,0,,5.588317888,17.91631564,2.808199944,10.69924179,29.7950014,25.41420949
Suffolk_2016 Q2,Suffolk,3995,217,599,228,111,447,1209,1161,23,,NA,,NA,NA,NA,NA,0,,5.431789737,14.99374218,2.778473091,11.18898623,30.26282854,29.06132666
Suffolk_2016 Q3,Suffolk,3631,171,603,221,79,362,1133,1040,22,,NA,,NA,NA,NA,NA,0,,4.709446433,16.60699532,2.175709171,9.969705315,31.2035252,28.64224731
Suffolk_2016 Q4,Suffolk,3419,161,572,216,68,373,943,1051,35,,NA,,NA,NA,NA,NA,0,,4.708979234,16.73003802,1.988885639,10.9096227,27.58116408,30.73998245
Suffolk_2017 Q1,Suffolk,3599,155,672,195,102,422,1025,1006,22,,NA,,NA,NA,NA,NA,0,,4.306751876,18.67185329,2.834120589,11.7254793,28.48013337,27.95220895
Suffolk_2017 Q2,Suffolk,3523,146,670,209,98,451,1010,914,25,,NA,,NA,NA,NA,NA,0,,4.144195288,19.01788249,2.781720125,12.80158955,28.66874823,25.9437979
Suffolk_2017 Q3,Suffolk,3105,125,677,181,61,423,903,709,26,,NA,,NA,NA,NA,NA,0,,4.025764895,21.80354267,1.964573269,13.62318841,29.0821256,22.83413849
Suffolk_2017 Q4,Suffolk,3059,160,641,171,57,371,925,695,39,,NA,,NA,NA,NA,NA,0,,5.230467473,20.95456031,1.863354037,12.12814645,30.23864008,22.71984309
Suffolk_2018 Q1,Suffolk,3615,155,710,213,66,423,1115,885,48,,NA,,NA,NA,NA,NA,0,,4.28769018,19.64038728,1.825726141,11.70124481,30.84370678,24.4813278
Suffolk_2018 Q2,Suffolk,3535,169,661,211,52,407,1095,906,34,,NA,,NA,NA,NA,NA,0,,4.780763791,18.69872702,1.471004243,11.51343706,30.97595474,25.62942008
Suffolk_2018 Q3,Suffolk,3171,154,612,231,53,315,909,854,43,,NA,,NA,NA,NA,NA,0,,4.856512141,19.29990539,1.671397036,9.933774834,28.66603595,26.93156733
Suffolk_2018 Q4,Suffolk,3084,165,565,217,53,273,904,882,25,,NA,,NA,NA,NA,NA,0,,5.350194553,18.32036316,1.718547341,8.852140078,29.31258106,28.59922179
Suffolk_2019 Q1,Suffolk,3523,159,593,254,50,315,1063,1062,27,,NA,,NA,NA,NA,NA,0,,4.513198978,16.83224525,1.419244962,8.941243259,30.17314789,30.14476299
Suffolk_2019 Q2,Suffolk,3654,141,603,257,59,326,1150,1096,22,,NA,,NA,NA,NA,NA,0,,3.858784893,16.50246305,1.614668856,8.921729611,31.47235906,29.99452655
Suffolk_2019 Q3,Suffolk,3031,135,486,217,44,271,910,928,40,,NA,,NA,NA,NA,NA,0,,4.453975586,16.03431211,1.451666117,8.940943583,30.02309469,30.6169581
Suffolk_2019 Q4,Suffolk,3114,99,429,205,34,225,992,1100,30,,NA,,NA,NA,NA,NA,0,,3.179190751,13.77649326,1.091843288,7.225433526,31.85613359,35.32434168
Suffolk_2020 Q1,Suffolk,2833,146,260,115,39,224,983,1028,38,,NA,,NA,NA,NA,NA,0,,5.153547476,9.1775503,1.376632545,7.906812566,34.69819979,36.28662196
Suffolk_2020 Q2,Suffolk,287,14,73,25,1,14,62,87,11,,NA,,NA,NA,NA,NA,0,,4.87804878,25.43554007,0.348432056,4.87804878,21.60278746,30.31358885
Suffolk_2020 Q3,Suffolk,1752,64,126,67,22,143,731,562,37,,NA,,NA,NA,NA,NA,0,,3.652968037,7.191780822,1.255707763,8.162100457,41.72374429,32.07762557
Suffolk_2020 Q4,Suffolk,1782,65,158,56,18,135,632,672,46,,NA,,NA,NA,NA,NA,0,,3.647586981,8.8664422,1.01010101,7.575757576,35.4657688,37.71043771
Suffolk_2021 Q1,Suffolk,1745,61,150,59,10,123,781,505,56,,NA,,NA,NA,NA,NA,0,,3.495702006,8.595988539,0.573065903,7.048710602,44.75644699,28.93982808
Suffolk_2021 Q2,Suffolk,1859,94,165,58,20,171,774,526,51,,NA,,NA,NA,NA,NA,0,,5.05648198,8.875739645,1.07584723,9.198493814,41.63528779,28.29478214
Suffolk_2021 Q3,Suffolk,1721,119,199,80,16,130,637,503,37,,NA,,NA,NA,NA,NA,0,,6.914584544,11.56304474,0.92969204,7.553747821,37.01336432,29.22719349
Suffolk_2021 Q4,Suffolk,1731,79,151,70,24,158,668,535,46,,NA,,NA,NA,NA,NA,0,,4.563835933,8.72328134,1.386481802,9.127671866,38.59041017,30.90699018
Suffolk_2022 Q1,Suffolk,1786,121,189,70,25,186,614,548,33,,NA,,NA,NA,NA,NA,0,,6.774916013,10.58230683,1.399776036,10.41433371,34.37849944,30.68309071
Suffolk_2022 Q2,Suffolk,1930,154,209,81,20,236,642,552,36,,NA,,NA,NA,NA,NA,0,,7.979274611,10.82901554,1.03626943,12.22797927,33.2642487,28.60103627
Suffolk_2022 Q3,Suffolk,1671,114,151,66,35,175,588,499,43,,NA,,NA,NA,NA,NA,0,,6.822262118,9.036505087,2.094554159,10.4727708,35.18850987,29.86235787
Suffolk_2022 Q4,Suffolk,1726,110,191,74,22,162,568,553,46,,NA,,NA,NA,NA,NA,0,,6.373117034,11.06604867,1.274623407,9.385863268,32.90845886,32.03939745
Sullivan_2010 Q1,Sullivan,404,19,79,12,11,47,163,66,7,James Farrell,0,R,1,1,0,0,0,,4.702970297,19.55445545,2.722772277,11.63366337,40.34653465,16.33663366
Sullivan_2010 Q2,Sullivan,380,23,67,24,5,38,157,57,9,James Farrell,0,R,1,1,0,0,0,,6.052631579,17.63157895,1.315789474,10,41.31578947,15
Sullivan_2010 Q3,Sullivan,453,25,81,17,15,39,196,75,5,James Farrell,0,R,1,1,0,0,0,,5.518763797,17.8807947,3.311258278,8.609271523,43.26710817,16.55629139
Sullivan_2010 Q4,Sullivan,433,22,68,21,9,35,173,83,22,James Farrell,0,R,1,1,0,0,0,,5.080831409,15.70438799,2.07852194,8.083140878,39.95381062,19.16859122
Sullivan_2011 Q1,Sullivan,400,25,84,15,14,32,162,66,2,James Farrell,0,R,1,1,0,0,0,,6.25,21,3.5,8,40.5,16.5
Sullivan_2011 Q2,Sullivan,399,25,69,12,10,46,143,83,11,James Farrell,0,R,1,1,0,0,0,,6.26566416,17.29323308,2.506265664,11.52882206,35.839599,20.80200501
Sullivan_2011 Q3,Sullivan,529,21,120,21,22,37,181,113,14,James Farrell,0,R,1,1,0,0,0,,3.969754253,22.68431002,4.15879017,6.994328922,34.21550095,21.3610586
Sullivan_2011 Q4,Sullivan,424,28,68,7,13,49,156,87,16,James Farrell,0,R,1,1,0,0,0,,6.603773585,16.03773585,3.066037736,11.55660377,36.79245283,20.51886792
Sullivan_2012 Q1,Sullivan,452,28,77,7,11,53,158,107,11,James Farrell,0,R,1,1,0,0,0,,6.194690265,17.03539823,2.433628319,11.72566372,34.95575221,23.67256637
Sullivan_2012 Q2,Sullivan,463,39,76,13,9,36,176,80,34,James Farrell,0,R,1,1,0,0,0,,8.423326134,16.41468683,1.943844492,7.77537797,38.01295896,17.27861771
Sullivan_2012 Q3,Sullivan,436,32,72,7,15,45,147,102,16,James Farrell,0,R,1,1,0,0,0,,7.339449541,16.51376147,3.440366972,10.32110092,33.71559633,23.39449541
Sullivan_2012 Q4,Sullivan,359,23,42,9,9,41,138,76,21,James Farrell,0,R,1,1,0,0,0,,6.406685237,11.69916435,2.506963788,11.42061281,38.44011142,21.16991643
Sullivan_2013 Q1,Sullivan,364,30,69,7,6,53,97,86,16,James Farrell,0,R,1,1,0,0,0.5,,8.241758242,18.95604396,1.648351648,14.56043956,26.64835165,23.62637363
Sullivan_2013 Q2,Sullivan,373,26,79,7,9,58,105,76,13,James Farrell,0,R,1,1,0,0,0.5,,6.970509383,21.17962466,2.412868633,15.54959786,28.15013405,20.37533512
Sullivan_2013 Q3,Sullivan,349,17,76,9,14,46,110,64,13,James Farrell,0,R,1,1,0,0,1,,4.871060172,21.7765043,4.011461318,13.18051576,31.51862464,18.33810888
Sullivan_2013 Q4,Sullivan,309,27,71,13,17,32,82,59,8,James Farrell,0,R,1,1,0,0,1,,8.737864078,22.97734628,5.501618123,10.35598706,26.53721683,19.09385113
Sullivan_2014 Q1,Sullivan,404,33,57,13,8,42,148,88,15,James Farrell,0,R,1,1,0,0,0,,8.168316832,14.10891089,1.98019802,10.3960396,36.63366337,21.78217822
Sullivan_2014 Q2,Sullivan,361,37,58,7,14,43,138,57,7,James Farrell,0,R,1,1,0,0,0,,10.24930748,16.06648199,3.878116343,11.91135734,38.22714681,15.78947368
Sullivan_2014 Q3,Sullivan,366,31,49,9,9,51,120,82,15,James Farrell,0,R,1,1,0,0,0,,8.469945355,13.38797814,2.459016393,13.93442623,32.78688525,22.40437158
Sullivan_2014 Q4,Sullivan,348,27,67,11,12,40,130,52,9,James Farrell,0,R,1,1,0,0,0,,7.75862069,19.25287356,3.448275862,11.49425287,37.35632184,14.94252874
Sullivan_2015 Q1,Sullivan,335,21,61,8,11,42,127,58,7,James Farrell,0,R,1,1,0,0,0,,6.268656716,18.20895522,3.28358209,12.53731343,37.91044776,17.31343284
Sullivan_2015 Q2,Sullivan,376,31,76,4,4,38,151,56,16,James Farrell,0,R,1,1,0,0,0,,8.244680851,20.21276596,1.063829787,10.10638298,40.15957447,14.89361702
Sullivan_2015 Q3,Sullivan,358,15,59,9,10,41,140,76,8,James Farrell,0,R,1,1,0,0,0,,4.189944134,16.48044693,2.793296089,11.45251397,39.10614525,21.22905028
Sullivan_2015 Q4,Sullivan,308,13,38,4,13,37,127,68,8,James Farrell,0,R,1,1,0,0,0,,4.220779221,12.33766234,4.220779221,12.01298701,41.23376623,22.07792208
Sullivan_2016 Q1,Sullivan,364,22,66,5,8,35,150,71,7,James Farrell,0,R,1,1,0,0,0,,6.043956044,18.13186813,2.197802198,9.615384615,41.20879121,19.50549451
Sullivan_2016 Q2,Sullivan,420,19,49,8,9,39,206,80,10,James Farrell,0,R,1,1,0,0,0,,4.523809524,11.66666667,2.142857143,9.285714286,49.04761905,19.04761905
Sullivan_2016 Q3,Sullivan,322,12,50,12,10,34,156,43,5,James Farrell,0,R,1,1,0,0,0,,3.726708075,15.52795031,3.105590062,10.55900621,48.44720497,13.35403727
Sullivan_2016 Q4,Sullivan,337,26,50,9,0,57,139,48,8,James Farrell,0,R,1,1,0,0,0,,7.715133531,14.83679525,0,16.91394659,41.2462908,14.24332344
Sullivan_2017 Q1,Sullivan,317,26,56,5,8,38,120,59,5,James Farrell,0,R,1,1,0,0,0.5,,8.201892744,17.66561514,2.523659306,11.9873817,37.85488959,18.61198738
Sullivan_2017 Q2,Sullivan,311,24,59,2,1,26,136,54,9,James Farrell,0,R,1,1,0,0,0.5,,7.717041801,18.97106109,0.321543408,8.360128617,43.72990354,17.36334405
Sullivan_2017 Q3,Sullivan,330,23,44,8,4,28,156,54,13,James Farrell,0,R,1,1,0,0,1,,6.96969697,13.33333333,1.212121212,8.484848485,47.27272727,16.36363636
Sullivan_2017 Q4,Sullivan,323,23,53,4,8,33,146,51,5,James Farrell,0,R,1,1,0,0,1,,7.120743034,16.40866873,2.476780186,10.21671827,45.20123839,15.78947368
Sullivan_2018 Q1,Sullivan,255,16,49,4,6,30,104,40,6,James Farrell,0,R,0,NA,0,NA,0,,6.274509804,19.21568627,2.352941176,11.76470588,40.78431373,15.68627451
Sullivan_2018 Q2,Sullivan,388,26,55,9,13,44,167,66,8,James Farrell,0,R,0,NA,0,NA,0,,6.701030928,14.17525773,3.350515464,11.34020619,43.04123711,17.01030928
Sullivan_2018 Q3,Sullivan,285,17,51,8,5,36,119,47,2,James Farrell,0,R,0,NA,0,NA,0,,5.964912281,17.89473684,1.754385965,12.63157895,41.75438596,16.49122807
Sullivan_2018 Q4,Sullivan,338,24,67,10,10,42,130,49,6,James Farrell,0,R,0,NA,0,NA,0,,7.100591716,19.82248521,2.958579882,12.4260355,38.46153846,14.49704142
Sullivan_2019 Q1,Sullivan,309,20,42,6,7,48,126,50,10,James Farrell,0,R,0,NA,0,NA,0,,6.472491909,13.59223301,2.265372168,15.53398058,40.77669903,16.18122977
Sullivan_2019 Q2,Sullivan,356,30,48,29,4,36,137,64,8,James Farrell,0,R,0,NA,0,NA,0,,8.426966292,13.48314607,1.123595506,10.11235955,38.48314607,17.97752809
Sullivan_2019 Q3,Sullivan,264,16,47,8,5,36,101,45,6,James Farrell,0,R,0,NA,0,NA,0,,6.060606061,17.8030303,1.893939394,13.63636364,38.25757576,17.04545455
Sullivan_2019 Q4,Sullivan,264,17,35,8,8,45,99,46,6,James Farrell,0,R,0,NA,0,NA,0,,6.439393939,13.25757576,3.03030303,17.04545455,37.5,17.42424242
Sullivan_2020 Q1,Sullivan,233,7,24,6,4,19,117,48,8,James Farrell,0,R,0,NA,1,1,0.5,,3.004291845,10.30042918,1.716738197,8.154506438,50.21459227,20.60085837
Sullivan_2020 Q2,Sullivan,4,0,1,0,0,3,0,0,0,James Farrell,0,R,0,NA,1,1,0.5,,0,25,0,75,0,0
Sullivan_2020 Q3,Sullivan,114,3,13,0,0,10,58,26,4,James Farrell,0,R,0,NA,1,1,1,,2.631578947,11.40350877,0,8.771929825,50.87719298,22.80701754
Sullivan_2020 Q4,Sullivan,184,6,27,1,1,17,84,40,8,James Farrell,0,R,0,NA,1,1,1,,3.260869565,14.67391304,0.543478261,9.239130435,45.65217391,21.73913043
Sullivan_2021 Q1,Sullivan,111,15,21,4,4,10,39,14,4,Meagan K. Galligan,0,R,NA,NA,NA,NA,0,,13.51351351,18.91891892,3.603603604,9.009009009,35.13513514,12.61261261
Sullivan_2021 Q2,Sullivan,257,24,20,2,5,23,135,47,1,Meagan K. Galligan,0,R,NA,NA,NA,NA,0,,9.338521401,7.782101167,1.945525292,8.949416342,52.52918288,18.28793774
Sullivan_2021 Q3,Sullivan,377,25,30,9,4,36,193,75,5,Meagan K. Galligan,0,R,NA,NA,NA,NA,0,,6.631299735,7.957559682,1.061007958,9.549071618,51.19363395,19.8938992
Sullivan_2021 Q4,Sullivan,208,21,28,3,4,16,114,20,2,Meagan K. Galligan,0,R,NA,NA,NA,NA,0,,10.09615385,13.46153846,1.923076923,7.692307692,54.80769231,9.615384615
Sullivan_2022 Q1,Sullivan,236,11,31,9,5,15,128,35,2,Meagan K. Galligan,0,R,NA,NA,NA,NA,0,,4.661016949,13.13559322,2.118644068,6.355932203,54.23728814,14.83050847
Sullivan_2022 Q2,Sullivan,265,27,38,8,11,20,123,35,3,Meagan K. Galligan,0,R,NA,NA,NA,NA,0,,10.18867925,14.33962264,4.150943396,7.547169811,46.41509434,13.20754717
Sullivan_2022 Q3,Sullivan,217,17,33,6,1,26,96,37,1,Meagan K. Galligan,0,R,NA,NA,NA,NA,0,,7.834101382,15.20737327,0.460829493,11.98156682,44.23963134,17.05069124
Sullivan_2022 Q4,Sullivan,211,15,30,7,7,30,86,36,0,Meagan K. Galligan,0,R,NA,NA,NA,NA,0,,7.109004739,14.21800948,3.317535545,14.21800948,40.75829384,17.06161137
Tioga_2010 Q1,Tioga,134,12,20,0,2,23,54,21,2,Gerald Keene,0,R,1,1,0,0,0,,8.955223881,14.92537313,1.492537313,17.1641791,40.29850746,15.67164179
Tioga_2010 Q2,Tioga,165,9,20,0,9,32,68,21,6,Gerald Keene,0,R,1,1,0,0,0,,5.454545455,12.12121212,5.454545455,19.39393939,41.21212121,12.72727273
Tioga_2010 Q3,Tioga,147,7,24,0,7,19,65,23,2,Gerald Keene,0,R,1,1,0,0,0,,4.761904762,16.32653061,4.761904762,12.92517007,44.21768707,15.6462585
Tioga_2010 Q4,Tioga,144,1,26,0,10,18,54,34,1,Gerald Keene,0,R,1,1,0,0,0,,0.694444444,18.05555556,6.944444444,12.5,37.5,23.61111111
Tioga_2011 Q1,Tioga,157,7,23,1,8,33,64,18,3,Gerald Keene,0,R,1,1,0,0,0.5,,4.458598726,14.64968153,5.095541401,21.01910828,40.76433121,11.46496815
Tioga_2011 Q2,Tioga,125,13,9,0,5,15,56,19,8,Gerald Keene,0,R,1,1,0,0,0.5,,10.4,7.2,4,12,44.8,15.2
Tioga_2011 Q3,Tioga,119,6,23,0,2,12,44,26,6,Gerald Keene,0,R,1,1,0,0,1,,5.042016807,19.32773109,1.680672269,10.08403361,36.97478992,21.8487395
Tioga_2011 Q4,Tioga,154,11,27,3,3,13,75,19,3,Gerald Keene,0,R,1,1,0,0,1,,7.142857143,17.53246753,1.948051948,8.441558442,48.7012987,12.33766234
Tioga_2012 Q1,Tioga,163,7,21,5,4,25,76,24,1,Gerald Keene,0,R,0,NA,0,NA,0,,4.294478528,12.88343558,2.45398773,15.33742331,46.62576687,14.72392638
Tioga_2012 Q2,Tioga,134,10,16,0,5,19,69,12,3,Gerald Keene,0,R,0,NA,0,NA,0,,7.462686567,11.94029851,3.731343284,14.17910448,51.49253731,8.955223881
Tioga_2012 Q3,Tioga,111,4,15,0,0,15,51,24,2,Gerald Keene,0,R,0,NA,0,NA,0,,3.603603604,13.51351351,0,13.51351351,45.94594595,21.62162162
Tioga_2012 Q4,Tioga,130,4,17,0,5,22,55,26,1,Gerald Keene,0,R,0,NA,0,NA,0,,3.076923077,13.07692308,3.846153846,16.92307692,42.30769231,20
Tioga_2013 Q1,Tioga,128,6,22,2,1,10,48,38,1,Gerald Keene,0,R,0,NA,1,1,0.5,,4.6875,17.1875,0.78125,7.8125,37.5,29.6875
Tioga_2013 Q2,Tioga,122,9,14,0,2,22,41,34,0,Gerald Keene,0,R,0,NA,1,1,0.5,,7.37704918,11.47540984,1.639344262,18.03278689,33.60655738,27.86885246
Tioga_2013 Q3,Tioga,128,8,24,0,1,12,44,35,4,Gerald Keene,0,R,0,NA,1,1,1,,6.25,18.75,0.78125,9.375,34.375,27.34375
Tioga_2013 Q4,Tioga,129,10,24,0,3,20,42,25,5,Gerald Keene,0,R,0,NA,1,1,1,,7.751937984,18.60465116,2.325581395,15.50387597,32.55813953,19.37984496
Tioga_2014 Q1,Tioga,119,13,13,3,1,17,39,33,0,Kirk Martin,0,R,1,1,0,0,0,,10.92436975,10.92436975,0.840336134,14.28571429,32.77310924,27.73109244
Tioga_2014 Q2,Tioga,104,3,19,1,4,11,52,14,0,Kirk Martin,0,R,1,1,0,0,0,,2.884615385,18.26923077,3.846153846,10.57692308,50,13.46153846
Tioga_2014 Q3,Tioga,107,15,21,1,3,10,36,21,0,Kirk Martin,0,R,1,1,0,0,0,,14.01869159,19.62616822,2.803738318,9.345794393,33.64485981,19.62616822
Tioga_2014 Q4,Tioga,105,6,11,0,2,18,52,15,1,Kirk Martin,0,R,1,1,0,0,0,,5.714285714,10.47619048,1.904761905,17.14285714,49.52380952,14.28571429
Tioga_2015 Q1,Tioga,96,8,12,2,4,10,39,21,0,Kirk Martin,0,R,1,1,0,0,0,,8.333333333,12.5,4.166666667,10.41666667,40.625,21.875
Tioga_2015 Q2,Tioga,125,9,25,2,1,19,42,26,1,Kirk Martin,0,R,1,1,0,0,0,,7.2,20,0.8,15.2,33.6,20.8
Tioga_2015 Q3,Tioga,82,7,12,0,2,12,28,21,0,Kirk Martin,0,R,1,1,0,0,0,,8.536585366,14.63414634,2.43902439,14.63414634,34.14634146,25.6097561
Tioga_2015 Q4,Tioga,119,5,23,2,3,21,36,28,1,Kirk Martin,0,R,1,1,0,0,0,,4.201680672,19.32773109,2.521008403,17.64705882,30.25210084,23.52941176
Tioga_2016 Q1,Tioga,87,3,17,0,1,13,24,29,0,Kirk Martin,0,R,1,1,0,0,0,,3.448275862,19.54022989,1.149425287,14.94252874,27.5862069,33.33333333
Tioga_2016 Q2,Tioga,112,8,17,0,3,23,36,25,0,Kirk Martin,0,R,1,1,0,0,0,,7.142857143,15.17857143,2.678571429,20.53571429,32.14285714,22.32142857
Tioga_2016 Q3,Tioga,103,7,14,5,3,15,41,18,0,Kirk Martin,0,R,1,1,0,0,0,,6.796116505,13.59223301,2.912621359,14.5631068,39.80582524,17.47572816
Tioga_2016 Q4,Tioga,119,8,23,3,0,21,48,16,0,Kirk Martin,0,R,1,1,0,0,0,,6.722689076,19.32773109,0,17.64705882,40.33613445,13.44537815
Tioga_2017 Q1,Tioga,107,8,21,0,0,13,43,22,0,Kirk Martin,0,R,1,1,0,0,0.5,,7.476635514,19.62616822,0,12.14953271,40.18691589,20.56074766
Tioga_2017 Q2,Tioga,123,14,17,1,4,18,40,27,2,Kirk Martin,0,R,1,1,0,0,0.5,,11.38211382,13.82113821,3.25203252,14.63414634,32.5203252,21.95121951
Tioga_2017 Q3,Tioga,100,11,20,0,1,11,39,17,1,Kirk Martin,0,R,1,1,0,0,1,,11,20,1,11,39,17
Tioga_2017 Q4,Tioga,123,9,23,0,1,19,45,26,0,Kirk Martin,0,R,1,1,0,0,1,,7.317073171,18.69918699,0.81300813,15.44715447,36.58536585,21.13821138
Tioga_2018 Q1,Tioga,127,18,18,0,2,25,45,19,0,Kirk Martin,0,R,1,1,0,0,0,,14.17322835,14.17322835,1.57480315,19.68503937,35.43307087,14.96062992
Tioga_2018 Q2,Tioga,124,14,13,0,0,25,38,31,3,Kirk Martin,0,R,1,1,0,0,0,,11.29032258,10.48387097,0,20.16129032,30.64516129,25
Tioga_2018 Q3,Tioga,128,8,18,0,2,23,43,32,2,Kirk Martin,0,R,1,1,0,0,0,,6.25,14.0625,1.5625,17.96875,33.59375,25
Tioga_2018 Q4,Tioga,104,12,17,1,0,12,37,25,0,Kirk Martin,0,R,1,1,0,0,0,,11.53846154,16.34615385,0,11.53846154,35.57692308,24.03846154
Tioga_2019 Q1,Tioga,110,13,14,0,3,14,46,20,0,Kirk Martin,0,R,1,1,0,0,0,,11.81818182,12.72727273,2.727272727,12.72727273,41.81818182,18.18181818
Tioga_2019 Q2,Tioga,95,3,12,1,2,14,46,17,0,Kirk Martin,0,R,1,1,0,0,0,,3.157894737,12.63157895,2.105263158,14.73684211,48.42105263,17.89473684
Tioga_2019 Q3,Tioga,89,5,10,1,1,16,37,19,0,Kirk Martin,0,R,1,1,0,0,0,,5.617977528,11.23595506,1.123595506,17.97752809,41.57303371,21.34831461
Tioga_2019 Q4,Tioga,110,8,12,3,0,15,49,22,1,Kirk Martin,0,R,1,1,0,0,0,,7.272727273,10.90909091,0,13.63636364,44.54545455,20
Tioga_2020 Q1,Tioga,58,5,6,3,1,10,21,12,0,Kirk Martin,0,R,1,1,0,0,0,,8.620689655,10.34482759,1.724137931,17.24137931,36.20689655,20.68965517
Tioga_2020 Q2,Tioga,16,2,1,0,0,6,2,5,0,Kirk Martin,0,R,1,1,0,0,0,,12.5,6.25,0,37.5,12.5,31.25
Tioga_2020 Q3,Tioga,41,3,4,0,0,16,9,9,0,Kirk Martin,0,R,1,1,0,0,0,,7.317073171,9.756097561,0,39.02439024,21.95121951,21.95121951
Tioga_2020 Q4,Tioga,37,3,2,0,1,8,13,10,0,Kirk Martin,0,R,1,1,0,0,0,,8.108108108,5.405405405,2.702702703,21.62162162,35.13513514,27.02702703
Tioga_2021 Q1,Tioga,40,0,1,1,2,10,11,15,0,Kirk Martin,0,R,1,1,0,0,0.5,,0,2.5,5,25,27.5,37.5
Tioga_2021 Q2,Tioga,84,7,9,1,1,12,23,30,1,Kirk Martin,0,R,1,1,0,0,0.5,,8.333333333,10.71428571,1.19047619,14.28571429,27.38095238,35.71428571
Tioga_2021 Q3,Tioga,54,4,4,1,3,8,12,21,1,Kirk Martin,0,R,1,1,0,0,1,,7.407407407,7.407407407,5.555555556,14.81481481,22.22222222,38.88888889
Tioga_2021 Q4,Tioga,55,7,7,0,2,4,14,20,1,Kirk Martin,0,R,1,1,0,0,1,,12.72727273,12.72727273,3.636363636,7.272727273,25.45454545,36.36363636
Tioga_2022 Q1,Tioga,71,9,2,0,2,9,20,29,0,Kirk Martin,0,R,NA,NA,NA,NA,0,,12.67605634,2.816901408,2.816901408,12.67605634,28.16901408,40.84507042
Tioga_2022 Q2,Tioga,61,3,9,1,2,8,9,29,0,Kirk Martin,0,R,NA,NA,NA,NA,0,,4.918032787,14.75409836,3.278688525,13.1147541,14.75409836,47.54098361
Tioga_2022 Q3,Tioga,71,7,13,0,1,9,13,28,0,Kirk Martin,0,R,NA,NA,NA,NA,0,,9.85915493,18.30985915,1.408450704,12.67605634,18.30985915,39.43661972
Tioga_2022 Q4,Tioga,67,8,6,1,2,10,20,19,1,Kirk Martin,0,R,NA,NA,NA,NA,0,,11.94029851,8.955223881,2.985074627,14.92537313,29.85074627,28.35820896
Tompkins_2010 Q1,Tompkins,266,17,40,9,15,46,77,60,2,Gwen Wilkinson,1,D,1,1,0,0,0,emailed for the rest,6.390977444,15.03759398,5.639097744,17.29323308,28.94736842,22.55639098
Tompkins_2010 Q2,Tompkins,262,16,38,7,14,39,85,60,3,Gwen Wilkinson,1,D,1,1,0,0,0,,6.106870229,14.50381679,5.34351145,14.88549618,32.44274809,22.90076336
Tompkins_2010 Q3,Tompkins,263,11,32,5,14,34,114,50,3,Gwen Wilkinson,1,D,1,1,0,0,0,,4.182509506,12.16730038,5.323193916,12.92775665,43.3460076,19.01140684
Tompkins_2010 Q4,Tompkins,210,8,24,3,8,28,88,49,2,Gwen Wilkinson,1,D,1,1,0,0,0,,3.80952381,11.42857143,3.80952381,13.33333333,41.9047619,23.33333333
Tompkins_2011 Q1,Tompkins,262,13,35,9,8,37,113,42,5,Gwen Wilkinson,1,D,1,1,0,0,0,,4.961832061,13.35877863,3.053435115,14.1221374,43.12977099,16.03053435
Tompkins_2011 Q2,Tompkins,267,17,53,4,8,35,109,40,1,Gwen Wilkinson,1,D,1,1,0,0,0,,6.367041199,19.85018727,2.996254682,13.10861423,40.82397004,14.98127341
Tompkins_2011 Q3,Tompkins,255,17,30,5,14,36,98,51,4,Gwen Wilkinson,1,D,1,1,0,0,0,,6.666666667,11.76470588,5.490196078,14.11764706,38.43137255,20
Tompkins_2011 Q4,Tompkins,253,16,43,5,16,26,86,58,3,Gwen Wilkinson,1,D,1,1,0,0,0,,6.324110672,16.99604743,6.324110672,10.27667984,33.99209486,22.92490119
Tompkins_2012 Q1,Tompkins,281,11,45,14,12,42,107,47,3,Gwen Wilkinson,1,D,1,1,0,0,0,,3.914590747,16.01423488,4.270462633,14.94661922,38.07829181,16.72597865
Tompkins_2012 Q2,Tompkins,284,8,41,1,14,48,106,61,5,Gwen Wilkinson,1,D,1,1,0,0,0,,2.816901408,14.43661972,4.929577465,16.90140845,37.32394366,21.47887324
Tompkins_2012 Q3,Tompkins,256,15,35,3,16,20,94,71,2,Gwen Wilkinson,1,D,1,1,0,0,0,,5.859375,13.671875,6.25,7.8125,36.71875,27.734375
Tompkins_2012 Q4,Tompkins,267,14,41,10,10,46,93,50,3,Gwen Wilkinson,1,D,1,1,0,0,0,,5.243445693,15.35580524,3.745318352,17.22846442,34.83146067,18.72659176
Tompkins_2013 Q1,Tompkins,295,10,64,1,10,36,109,63,2,Gwen Wilkinson,1,D,1,1,0,0,0.5,,3.389830508,21.69491525,3.389830508,12.20338983,36.94915254,21.3559322
Tompkins_2013 Q2,Tompkins,297,9,35,8,20,42,123,60,0,Gwen Wilkinson,1,D,1,1,0,0,0.5,,3.03030303,11.78451178,6.734006734,14.14141414,41.41414141,20.2020202
Tompkins_2013 Q3,Tompkins,257,16,60,4,16,40,77,44,0,Gwen Wilkinson,1,D,1,1,0,0,1,,6.225680934,23.3463035,6.225680934,15.56420233,29.96108949,17.12062257
Tompkins_2013 Q4,Tompkins,268,10,67,4,11,50,86,38,2,Gwen Wilkinson,1,D,1,1,0,0,1,,3.731343284,25,4.104477612,18.65671642,32.08955224,14.17910448
Tompkins_2014 Q1,Tompkins,268,7,49,8,10,35,106,49,4,Gwen Wilkinson,1,D,0,NA,0,NA,0,,2.611940299,18.28358209,3.731343284,13.05970149,39.55223881,18.28358209
Tompkins_2014 Q2,Tompkins,339,10,56,14,14,44,132,64,5,Gwen Wilkinson,1,D,0,NA,0,NA,0,,2.949852507,16.51917404,4.12979351,12.97935103,38.9380531,18.87905605
Tompkins_2014 Q3,Tompkins,318,16,66,13,13,35,123,44,8,Gwen Wilkinson,1,D,0,NA,0,NA,0,,5.031446541,20.75471698,4.088050314,11.00628931,38.67924528,13.83647799
Tompkins_2014 Q4,Tompkins,305,10,54,19,14,38,93,74,3,Gwen Wilkinson,1,D,0,NA,0,NA,0,,3.278688525,17.70491803,4.590163934,12.45901639,30.49180328,24.26229508
Tompkins_2015 Q1,Tompkins,294,6,73,5,11,37,99,57,6,Gwen Wilkinson,1,D,0,NA,0,NA,0,,2.040816327,24.82993197,3.741496599,12.58503401,33.67346939,19.3877551
Tompkins_2015 Q2,Tompkins,318,22,44,15,18,59,109,51,0,Gwen Wilkinson,1,D,0,NA,0,NA,0,,6.918238994,13.83647799,5.660377358,18.55345912,34.27672956,16.03773585
Tompkins_2015 Q3,Tompkins,277,21,44,20,16,37,68,69,2,Gwen Wilkinson,1,D,0,NA,0,NA,0,,7.581227437,15.88447653,5.776173285,13.35740072,24.54873646,24.90974729
Tompkins_2015 Q4,Tompkins,265,17,41,14,10,39,80,58,6,Gwen Wilkinson,1,D,0,NA,0,NA,0,,6.41509434,15.47169811,3.773584906,14.71698113,30.18867925,21.88679245
Tompkins_2016 Q1,Tompkins,272,15,38,4,9,35,101,68,2,Gwen Wilkinson,1,D,0,NA,0,1,0.5,,5.514705882,13.97058824,3.308823529,12.86764706,37.13235294,25
Tompkins_2016 Q2,Tompkins,341,23,49,11,9,50,108,87,4,Gwen Wilkinson,1,D,0,NA,0,1,0.5,,6.744868035,14.36950147,2.639296188,14.6627566,31.67155425,25.51319648
Tompkins_2016 Q3,Tompkins,273,8,38,11,8,36,81,87,4,Gwen Wilkinson,1,D,0,NA,0,1,1,,2.93040293,13.91941392,2.93040293,13.18681319,29.67032967,31.86813187
Tompkins_2016 Q4,Tompkins,202,9,26,3,11,30,77,46,0,Gwen Wilkinson,1,D,0,NA,0,1,1,,4.455445545,12.87128713,5.445544554,14.85148515,38.11881188,22.77227723
Tompkins_2017 Q1,Tompkins,210,6,38,6,5,24,74,57,0,Matthew Van Houten,0,D,1,1,1,0,0,,2.857142857,18.0952381,2.380952381,11.42857143,35.23809524,27.14285714
Tompkins_2017 Q2,Tompkins,245,13,26,8,11,39,84,63,1,Matthew Van Houten,0,D,1,1,1,0,0,,5.306122449,10.6122449,4.489795918,15.91836735,34.28571429,25.71428571
Tompkins_2017 Q3,Tompkins,216,10,15,2,9,38,79,62,1,Matthew Van Houten,0,D,1,1,1,0,0,,4.62962963,6.944444444,4.166666667,17.59259259,36.57407407,28.7037037
Tompkins_2017 Q4,Tompkins,218,17,23,9,8,31,60,66,4,Matthew Van Houten,0,D,1,1,1,0,0,,7.798165138,10.55045872,3.669724771,14.22018349,27.52293578,30.27522936
Tompkins_2018 Q1,Tompkins,204,8,22,13,10,36,51,60,4,Matthew Van Houten,0,D,1,1,1,0,0,,3.921568627,10.78431373,4.901960784,17.64705882,25,29.41176471
Tompkins_2018 Q2,Tompkins,210,18,33,6,10,41,53,48,1,Matthew Van Houten,0,D,1,1,1,0,0,,8.571428571,15.71428571,4.761904762,19.52380952,25.23809524,22.85714286
Tompkins_2018 Q3,Tompkins,191,10,28,9,7,36,47,51,3,Matthew Van Houten,0,D,1,1,1,0,0,,5.235602094,14.65968586,3.664921466,18.84816754,24.60732984,26.70157068
Tompkins_2018 Q4,Tompkins,184,12,36,4,4,39,37,47,5,Matthew Van Houten,0,D,1,1,1,0,0,,6.52173913,19.56521739,2.173913043,21.19565217,20.10869565,25.54347826
Tompkins_2019 Q1,Tompkins,209,13,39,5,4,35,51,57,5,Matthew Van Houten,0,D,1,1,1,0,0,,6.220095694,18.66028708,1.913875598,16.74641148,24.40191388,27.27272727
Tompkins_2019 Q2,Tompkins,189,8,33,5,8,30,55,48,2,Matthew Van Houten,0,D,1,1,1,0,0,,4.232804233,17.46031746,4.232804233,15.87301587,29.1005291,25.3968254
Tompkins_2019 Q3,Tompkins,190,6,19,5,5,50,62,43,0,Matthew Van Houten,0,D,1,1,1,0,0,,3.157894737,10,2.631578947,26.31578947,32.63157895,22.63157895
Tompkins_2019 Q4,Tompkins,176,5,17,4,8,42,52,43,5,Matthew Van Houten,0,D,1,1,1,0,0,,2.840909091,9.659090909,4.545454545,23.86363636,29.54545455,24.43181818
Tompkins_2020 Q1,Tompkins,90,6,7,2,5,26,25,19,0,Matthew Van Houten,0,D,1,1,1,0,0.5,,6.666666667,7.777777778,5.555555556,28.88888889,27.77777778,21.11111111
Tompkins_2020 Q2,Tompkins,24,0,2,2,0,11,1,8,0,Matthew Van Houten,0,D,1,1,1,0,0.5,,0,8.333333333,0,45.83333333,4.166666667,33.33333333
Tompkins_2020 Q3,Tompkins,93,6,9,3,5,22,24,24,0,Matthew Van Houten,0,D,1,1,1,0,1,,6.451612903,9.677419355,5.376344086,23.65591398,25.80645161,25.80645161
Tompkins_2020 Q4,Tompkins,84,4,5,2,7,17,18,31,0,Matthew Van Houten,0,D,1,1,1,0,1,,4.761904762,5.952380952,8.333333333,20.23809524,21.42857143,36.9047619
Tompkins_2021 Q1,Tompkins,89,5,13,0,3,24,30,14,0,Matthew Van Houten,0,D,NA,NA,NA,NA,0,,5.617977528,14.60674157,3.370786517,26.96629213,33.70786517,15.73033708
Tompkins_2021 Q2,Tompkins,82,8,3,0,7,26,25,12,1,Matthew Van Houten,0,D,NA,NA,NA,NA,0,,9.756097561,3.658536585,8.536585366,31.70731707,30.48780488,14.63414634
Tompkins_2021 Q3,Tompkins,74,8,8,4,4,24,11,14,1,Matthew Van Houten,0,D,NA,NA,NA,NA,0,,10.81081081,10.81081081,5.405405405,32.43243243,14.86486486,18.91891892
Tompkins_2021 Q4,Tompkins,66,7,3,0,2,12,21,20,1,Matthew Van Houten,0,D,NA,NA,NA,NA,0,,10.60606061,4.545454545,3.03030303,18.18181818,31.81818182,30.3030303
Tompkins_2022 Q1,Tompkins,106,8,9,4,6,22,28,28,1,Matthew Van Houten,0,D,NA,NA,NA,NA,0,,7.547169811,8.490566038,5.660377358,20.75471698,26.41509434,26.41509434
Tompkins_2022 Q2,Tompkins,125,12,10,6,5,32,27,31,2,Matthew Van Houten,0,D,NA,NA,NA,NA,0,,9.6,8,4,25.6,21.6,24.8
Tompkins_2022 Q3,Tompkins,112,13,12,1,1,30,27,27,1,Matthew Van Houten,0,D,NA,NA,NA,NA,0,,11.60714286,10.71428571,0.892857143,26.78571429,24.10714286,24.10714286
Tompkins_2022 Q4,Tompkins,78,6,6,3,4,21,19,19,0,Matthew Van Houten,0,D,NA,NA,NA,NA,0,,7.692307692,7.692307692,5.128205128,26.92307692,24.35897436,24.35897436
Ulster_2010 Q1,Ulster,778,34,96,4,14,80,396,112,42,Holley Carnright,0,R,1,1,0,1,0,,4.370179949,12.33933162,1.799485861,10.28277635,50.89974293,14.39588689
Ulster_2010 Q2,Ulster,850,56,92,6,11,79,469,116,21,Holley Carnright,0,R,1,1,0,1,0,,6.588235294,10.82352941,1.294117647,9.294117647,55.17647059,13.64705882
Ulster_2010 Q3,Ulster,809,29,101,15,15,63,444,109,33,Holley Carnright,0,R,1,1,0,1,0,,3.584672435,12.48454883,1.854140915,7.787391842,54.88257108,13.47342398
Ulster_2010 Q4,Ulster,763,36,101,7,13,76,372,120,38,Holley Carnright,0,R,1,1,0,1,0,,4.718217562,13.23722149,1.703800786,9.96068152,48.75491481,15.72739187
Ulster_2011 Q1,Ulster,800,54,87,14,17,76,426,105,21,Holley Carnright,0,R,1,1,0,1,0.5,,6.75,10.875,2.125,9.5,53.25,13.125
Ulster_2011 Q2,Ulster,821,46,108,7,16,76,409,118,41,Holley Carnright,0,R,1,1,0,1,0.5,,5.602923264,13.1546894,1.948842875,9.257003654,49.81729598,14.3727162
Ulster_2011 Q3,Ulster,759,54,90,9,23,72,383,107,21,Holley Carnright,0,R,1,1,0,1,1,,7.114624506,11.85770751,3.03030303,9.486166008,50.46113307,14.09749671
Ulster_2011 Q4,Ulster,766,33,102,9,12,59,404,117,30,Holley Carnright,0,R,1,1,0,1,1,,4.308093995,13.31592689,1.566579634,7.702349869,52.74151436,15.27415144
Ulster_2012 Q1,Ulster,852,36,123,6,27,83,432,125,20,Holley Carnright,0,R,1,1,0,0,0,,4.225352113,14.43661972,3.169014085,9.741784038,50.70422535,14.6713615
Ulster_2012 Q2,Ulster,832,43,93,14,10,67,425,147,33,Holley Carnright,0,R,1,1,0,0,0,,5.168269231,11.17788462,1.201923077,8.052884615,51.08173077,17.66826923
Ulster_2012 Q3,Ulster,718,61,109,11,12,69,314,113,29,Holley Carnright,0,R,1,1,0,0,0,,8.495821727,15.1810585,1.671309192,9.610027855,43.73259053,15.73816156
Ulster_2012 Q4,Ulster,733,76,120,6,14,62,296,136,23,Holley Carnright,0,R,1,1,0,0,0,,10.36834925,16.37107776,1.909959072,8.458390177,40.38199181,18.55388813
Ulster_2013 Q1,Ulster,783,56,99,9,8,67,386,152,6,Holley Carnright,0,R,1,1,0,0,0,,7.151979566,12.64367816,1.021711367,8.556832695,49.29757344,19.41251596
Ulster_2013 Q2,Ulster,847,52,132,9,13,72,424,132,13,Holley Carnright,0,R,1,1,0,0,0,,6.13931523,15.58441558,1.534828808,8.500590319,50.05903188,15.58441558
Ulster_2013 Q3,Ulster,747,44,101,4,13,66,368,132,19,Holley Carnright,0,R,1,1,0,0,0,,5.890227577,13.52074967,1.740294511,8.835341365,49.26372155,17.67068273
Ulster_2013 Q4,Ulster,666,29,90,9,13,63,335,107,20,Holley Carnright,0,R,1,1,0,0,0,,4.354354354,13.51351351,1.951951952,9.459459459,50.3003003,16.06606607
Ulster_2014 Q1,Ulster,841,65,140,8,19,77,396,120,16,Holley Carnright,0,R,1,1,0,0,0,,7.728894174,16.64684899,2.25921522,9.155766944,47.08680143,14.26872771
Ulster_2014 Q2,Ulster,759,59,107,7,17,75,335,148,11,Holley Carnright,0,R,1,1,0,0,0,,7.773386034,14.09749671,2.239789196,9.881422925,44.1370224,19.49934124
Ulster_2014 Q3,Ulster,763,37,99,13,17,62,385,127,23,Holley Carnright,0,R,1,1,0,0,0,,4.849279161,12.9750983,2.228047182,8.125819135,50.4587156,16.64482307
Ulster_2014 Q4,Ulster,737,34,106,15,15,74,335,133,25,Holley Carnright,0,R,1,1,0,0,0,,4.613297151,14.38263229,2.035278155,10.04070556,45.45454545,18.04613297
Ulster_2015 Q1,Ulster,777,43,116,10,18,67,359,144,20,Holley Carnright,0,R,1,1,0,0,0.5,,5.534105534,14.92921493,2.316602317,8.622908623,46.2033462,18.53281853
Ulster_2015 Q2,Ulster,756,39,92,5,13,73,377,126,31,Holley Carnright,0,R,1,1,0,0,0.5,,5.158730159,12.16931217,1.71957672,9.656084656,49.86772487,16.66666667
Ulster_2015 Q3,Ulster,714,47,90,7,17,68,351,117,17,Holley Carnright,0,R,1,1,0,0,1,,6.582633053,12.60504202,2.380952381,9.523809524,49.15966387,16.38655462
Ulster_2015 Q4,Ulster,647,39,81,9,10,55,313,110,30,Holley Carnright,0,R,1,1,0,0,1,,6.027820711,12.51931994,1.545595054,8.500772798,48.37712519,17.0015456
Ulster_2016 Q1,Ulster,810,45,104,6,28,88,373,136,30,Holley Carnright,0,R,0,NA,0,NA,0,,5.555555556,12.83950617,3.456790123,10.86419753,46.04938272,16.79012346
Ulster_2016 Q2,Ulster,718,24,66,9,23,98,346,122,30,Holley Carnright,0,R,0,NA,0,NA,0,,3.342618384,9.192200557,3.203342618,13.64902507,48.18941504,16.99164345
Ulster_2016 Q3,Ulster,639,28,74,6,15,68,320,112,16,Holley Carnright,0,R,0,NA,0,NA,0,,4.381846635,11.58059468,2.34741784,10.64162754,50.07824726,17.52738654
Ulster_2016 Q4,Ulster,626,46,64,11,2,71,293,121,18,Holley Carnright,0,R,0,NA,0,NA,0,,7.348242812,10.22364217,0.319488818,11.34185304,46.80511182,19.32907348
Ulster_2017 Q1,Ulster,679,39,101,13,14,77,291,118,26,Holley Carnright,0,R,0,NA,0,NA,0,,5.743740795,14.87481591,2.06185567,11.34020619,42.85714286,17.37849779
Ulster_2017 Q2,Ulster,756,42,115,9,12,65,387,106,20,Holley Carnright,0,R,0,NA,0,NA,0,,5.555555556,15.21164021,1.587301587,8.597883598,51.19047619,14.02116402
Ulster_2017 Q3,Ulster,763,47,87,2,12,82,341,169,23,Holley Carnright,0,R,0,NA,0,NA,0,,6.159895151,11.40235911,1.572739187,10.74705111,44.69200524,22.14941022
Ulster_2017 Q4,Ulster,734,53,83,10,13,79,346,129,21,Holley Carnright,0,R,0,NA,0,NA,0,,7.220708447,11.30790191,1.771117166,10.76294278,47.13896458,17.57493188
Ulster_2018 Q1,Ulster,724,47,103,16,16,90,300,128,24,Holley Carnright,0,R,0,NA,0,NA,0,,6.491712707,14.22651934,2.209944751,12.43093923,41.43646409,17.67955801
Ulster_2018 Q2,Ulster,800,33,82,9,14,90,392,162,18,Holley Carnright,0,R,0,NA,0,NA,0,,4.125,10.25,1.75,11.25,49,20.25
Ulster_2018 Q3,Ulster,714,54,66,7,14,76,338,131,28,Holley Carnright,0,R,0,NA,0,NA,0,,7.56302521,9.243697479,1.960784314,10.6442577,47.33893557,18.34733894
Ulster_2018 Q4,Ulster,656,36,75,10,11,61,340,104,19,Holley Carnright,0,R,0,NA,0,NA,0,,5.487804878,11.43292683,1.676829268,9.298780488,51.82926829,15.85365854
Ulster_2019 Q1,Ulster,697,58,76,9,19,79,300,136,20,Holley Carnright,0,R,0,NA,0,1,0.5,,8.321377331,10.90387374,2.725968436,11.33428981,43.04160689,19.51219512
Ulster_2019 Q2,Ulster,716,31,74,10,15,80,360,123,23,Holley Carnright,0,R,0,NA,0,1,0.5,,4.329608939,10.33519553,2.094972067,11.17318436,50.27932961,17.17877095
Ulster_2019 Q3,Ulster,637,34,73,4,27,75,281,122,21,Holley Carnright,0,R,0,NA,0,1,1,,5.337519623,11.4599686,4.238618524,11.77394035,44.11302983,19.1522763
Ulster_2019 Q4,Ulster,614,37,48,8,15,61,328,95,22,Holley Carnright,0,R,0,NA,0,1,1,,6.026058632,7.817589577,2.442996743,9.93485342,53.42019544,15.4723127
Ulster_2020 Q1,Ulster,454,13,32,6,6,52,232,99,14,David Clegg,1,D,0,NA,0,NA,0,,2.863436123,7.04845815,1.321585903,11.45374449,51.10132159,21.8061674
Ulster_2020 Q2,Ulster,1,0,0,0,0,0,0,1,0,David Clegg,1,D,0,NA,0,NA,0,,0,0,0,0,0,100
Ulster_2020 Q3,Ulster,382,13,9,7,4,30,241,59,19,David Clegg,1,D,0,NA,0,NA,0,,3.403141361,2.356020942,1.047120419,7.853403141,63.08900524,15.44502618
Ulster_2020 Q4,Ulster,358,9,10,3,4,40,220,62,10,David Clegg,1,D,0,NA,0,NA,0,,2.51396648,2.793296089,1.117318436,11.17318436,61.45251397,17.31843575
Ulster_2021 Q1,Ulster,231,6,20,5,4,29,126,32,9,David Clegg,1,D,0,NA,0,NA,0,,2.597402597,8.658008658,1.731601732,12.55411255,54.54545455,13.85281385
Ulster_2021 Q2,Ulster,549,25,40,3,6,45,308,108,14,David Clegg,1,D,0,NA,0,NA,0,,4.553734062,7.285974499,1.092896175,8.196721311,56.10200364,19.67213115
Ulster_2021 Q3,Ulster,472,19,37,0,1,48,279,75,13,David Clegg,1,D,0,NA,0,NA,0,,4.025423729,7.838983051,0.211864407,10.16949153,59.11016949,15.88983051
Ulster_2021 Q4,Ulster,459,37,22,5,9,53,231,94,8,David Clegg,1,D,0,NA,0,NA,0,,8.061002179,4.793028322,1.960784314,11.54684096,50.32679739,20.47930283
Ulster_2022 Q1,Ulster,478,43,32,13,6,59,259,57,9,David Clegg,1,D,0,NA,0,NA,0,,8.9958159,6.694560669,1.255230126,12.34309623,54.18410042,11.92468619
Ulster_2022 Q2,Ulster,475,29,29,4,8,38,286,67,14,David Clegg,1,D,0,NA,0,NA,0,,6.105263158,6.105263158,1.684210526,8,60.21052632,14.10526316
Ulster_2022 Q3,Ulster,432,28,29,9,3,47,258,49,9,David Clegg,1,D,0,NA,0,NA,0,,6.481481481,6.712962963,0.694444444,10.87962963,59.72222222,11.34259259
Ulster_2022 Q4,Ulster,358,22,18,5,5,29,215,60,4,David Clegg,1,D,0,NA,0,NA,0,,6.145251397,5.027932961,1.396648045,8.100558659,60.05586592,16.75977654
Warren_2010 Q1,Warren,410,33,44,11,11,60,154,92,5,Kate Hogan,0,R,1,1,0,0,0,,8.048780488,10.73170732,2.682926829,14.63414634,37.56097561,22.43902439
Warren_2010 Q2,Warren,406,28,46,7,13,54,162,93,3,Kate Hogan,0,R,1,1,0,0,0,,6.896551724,11.33004926,3.201970443,13.30049261,39.90147783,22.90640394
Warren_2010 Q3,Warren,434,28,57,10,18,49,172,99,1,Kate Hogan,0,R,1,1,0,0,0,,6.451612903,13.13364055,4.147465438,11.29032258,39.63133641,22.81105991
Warren_2010 Q4,Warren,350,29,42,7,8,52,130,79,3,Kate Hogan,0,R,1,1,0,0,0,,8.285714286,12,2.285714286,14.85714286,37.14285714,22.57142857
Warren_2011 Q1,Warren,397,25,64,12,11,57,143,85,0,Kate Hogan,0,R,1,1,0,0,0,,6.297229219,16.1209068,2.770780856,14.35768262,36.02015113,21.41057935
Warren_2011 Q2,Warren,375,28,62,9,14,59,118,82,3,Kate Hogan,0,R,1,1,0,0,0,,7.466666667,16.53333333,3.733333333,15.73333333,31.46666667,21.86666667
Warren_2011 Q3,Warren,431,28,52,9,23,68,165,83,3,Kate Hogan,0,R,1,1,0,0,0,,6.496519722,12.0649652,5.336426914,15.77726218,38.28306265,19.2575406
Warren_2011 Q4,Warren,367,36,53,11,20,52,111,82,2,Kate Hogan,0,R,1,1,0,0,0,,9.809264305,14.44141689,5.449591281,14.16893733,30.24523161,22.34332425
Warren_2012 Q1,Warren,372,26,57,12,16,57,141,59,4,Kate Hogan,0,R,1,1,0,0,0,,6.989247312,15.32258065,4.301075269,15.32258065,37.90322581,15.86021505
Warren_2012 Q2,Warren,343,23,52,10,13,54,118,69,4,Kate Hogan,0,R,1,1,0,0,0,,6.705539359,15.16034985,3.790087464,15.74344023,34.40233236,20.11661808
Warren_2012 Q3,Warren,383,30,59,11,11,56,151,62,3,Kate Hogan,0,R,1,1,0,0,0,,7.832898172,15.40469974,2.872062663,14.62140992,39.42558747,16.18798956
Warren_2012 Q4,Warren,319,31,42,13,14,50,117,51,1,Kate Hogan,0,R,1,1,0,0,0,,9.717868339,13.1661442,4.388714734,15.67398119,36.67711599,15.98746082
Warren_2013 Q1,Warren,378,25,51,10,11,70,148,60,3,Kate Hogan,0,R,1,1,0,0,0.5,,6.613756614,13.49206349,2.91005291,18.51851852,39.15343915,15.87301587
Warren_2013 Q2,Warren,363,36,55,4,29,41,134,61,3,Kate Hogan,0,R,1,1,0,0,0.5,,9.917355372,15.15151515,7.988980716,11.29476584,36.91460055,16.80440771
Warren_2013 Q3,Warren,377,28,35,12,14,52,184,50,2,Kate Hogan,0,R,1,1,0,0,1,,7.427055703,9.283819629,3.713527851,13.79310345,48.80636605,13.26259947
Warren_2013 Q4,Warren,319,22,52,11,9,45,120,60,0,Kate Hogan,0,R,1,1,0,0,1,,6.896551724,16.30094044,2.821316614,14.10658307,37.61755486,18.80877743
Warren_2014 Q1,Warren,285,24,35,11,13,35,123,44,0,Kate Hogan,0,R,1,1,0,0,0,,8.421052632,12.28070175,4.561403509,12.28070175,43.15789474,15.43859649
Warren_2014 Q2,Warren,364,32,52,16,17,50,144,52,1,Kate Hogan,0,R,1,1,0,0,0,,8.791208791,14.28571429,4.67032967,13.73626374,39.56043956,14.28571429
Warren_2014 Q3,Warren,330,35,42,13,17,34,129,58,2,Kate Hogan,0,R,1,1,0,0,0,,10.60606061,12.72727273,5.151515152,10.3030303,39.09090909,17.57575758
Warren_2014 Q4,Warren,289,24,43,11,9,25,109,66,2,Kate Hogan,0,R,1,1,0,0,0,,8.30449827,14.87889273,3.114186851,8.650519031,37.71626298,22.83737024
Warren_2015 Q1,Warren,276,24,32,6,18,33,118,45,0,Kate Hogan,0,R,1,1,0,0,0,,8.695652174,11.5942029,6.52173913,11.95652174,42.75362319,16.30434783
Warren_2015 Q2,Warren,328,30,47,11,9,51,135,44,1,Kate Hogan,0,R,1,1,0,0,0,,9.146341463,14.32926829,2.743902439,15.54878049,41.15853659,13.41463415
Warren_2015 Q3,Warren,288,30,49,10,8,34,127,29,1,Kate Hogan,0,R,1,1,0,0,0,,10.41666667,17.01388889,2.777777778,11.80555556,44.09722222,10.06944444
Warren_2015 Q4,Warren,324,32,46,3,16,38,159,30,0,Kate Hogan,0,R,1,1,0,0,0,,9.87654321,14.19753086,4.938271605,11.72839506,49.07407407,9.259259259
Warren_2016 Q1,Warren,273,27,39,6,15,30,125,31,0,Kate Hogan,0,R,1,1,0,0,0,,9.89010989,14.28571429,5.494505495,10.98901099,45.78754579,11.35531136
Warren_2016 Q2,Warren,297,25,30,4,14,39,142,39,4,Kate Hogan,0,R,1,1,0,0,0,,8.417508418,10.1010101,4.713804714,13.13131313,47.81144781,13.13131313
Warren_2016 Q3,Warren,342,37,39,7,10,41,172,34,2,Kate Hogan,0,R,1,1,0,0,0,,10.81871345,11.40350877,2.923976608,11.98830409,50.29239766,9.941520468
Warren_2016 Q4,Warren,368,24,55,8,15,29,174,62,1,Kate Hogan,0,R,1,1,0,0,0,,6.52173913,14.94565217,4.076086957,7.880434783,47.2826087,16.84782609
Warren_2017 Q1,Warren,319,27,43,10,11,46,141,40,1,Kate Hogan,0,R,1,1,0,0,0.5,Carusone was acting DA,8.463949843,13.47962382,3.448275862,14.4200627,44.20062696,12.53918495
Warren_2017 Q2,Warren,309,30,37,6,15,39,152,29,1,Kate Hogan,0,R,1,1,0,0,0.5,,9.708737864,11.97411003,4.854368932,12.62135922,49.19093851,9.385113269
Warren_2017 Q3,Warren,322,19,52,4,12,43,160,32,0,Kate Hogan,0,R,1,1,0,0,1,,5.900621118,16.14906832,3.726708075,13.35403727,49.68944099,9.937888199
Warren_2017 Q4,Warren,278,25,29,1,15,49,128,30,1,Kate Hogan,0,R,1,1,0,0,1,,8.992805755,10.43165468,5.395683453,17.62589928,46.04316547,10.79136691
Warren_2018 Q1,Warren,366,45,53,6,27,35,168,32,0,Jason Carusone,0,R,1,1,0,0,0,,12.29508197,14.48087432,7.37704918,9.56284153,45.90163934,8.743169399
Warren_2018 Q2,Warren,305,23,60,6,15,53,121,27,0,Jason Carusone,0,R,1,1,0,0,0,,7.540983607,19.67213115,4.918032787,17.37704918,39.67213115,8.852459016
Warren_2018 Q3,Warren,348,44,52,8,9,59,145,31,0,Jason Carusone,0,R,1,1,0,0,0,,12.64367816,14.94252874,2.586206897,16.95402299,41.66666667,8.908045977
Warren_2018 Q4,Warren,304,37,43,5,16,47,123,31,2,Jason Carusone,0,R,1,1,0,0,0,,12.17105263,14.14473684,5.263157895,15.46052632,40.46052632,10.19736842
Warren_2019 Q1,Warren,302,18,45,8,14,51,133,33,0,Jason Carusone,0,R,1,1,0,0,0,,5.960264901,14.90066225,4.635761589,16.88741722,44.0397351,10.92715232
Warren_2019 Q2,Warren,354,24,50,5,13,57,174,31,0,Jason Carusone,0,R,1,1,0,0,0,,6.779661017,14.12429379,3.672316384,16.10169492,49.15254237,8.757062147
Warren_2019 Q3,Warren,311,20,44,13,11,44,153,24,2,Jason Carusone,0,R,1,1,0,0,0,,6.430868167,14.14790997,3.536977492,14.14790997,49.19614148,7.717041801
Warren_2019 Q4,Warren,296,18,37,4,14,43,151,28,1,Jason Carusone,0,R,1,1,0,0,0,,6.081081081,12.5,4.72972973,14.52702703,51.01351351,9.459459459
Warren_2020 Q1,Warren,205,15,23,5,13,31,98,19,1,Jason Carusone,0,R,1,1,0,0,0,,7.317073171,11.2195122,6.341463415,15.12195122,47.80487805,9.268292683
Warren_2020 Q2,Warren,43,4,3,4,0,4,18,10,0,Jason Carusone,0,R,1,1,0,0,0,,9.302325581,6.976744186,0,9.302325581,41.86046512,23.25581395
Warren_2020 Q3,Warren,214,12,19,1,12,29,110,31,0,Jason Carusone,0,R,1,1,0,0,0,,5.607476636,8.878504673,5.607476636,13.55140187,51.40186916,14.48598131
Warren_2020 Q4,Warren,212,23,29,5,6,31,98,20,0,Jason Carusone,0,R,1,1,0,0,0,,10.8490566,13.67924528,2.830188679,14.62264151,46.22641509,9.433962264
Warren_2021 Q1,Warren,182,11,33,1,9,24,85,19,0,Jason Carusone,0,R,1,1,0,0,0.5,,6.043956044,18.13186813,4.945054945,13.18681319,46.7032967,10.43956044
Warren_2021 Q2,Warren,254,20,33,4,5,22,137,32,1,Jason Carusone,0,R,1,1,0,0,0.5,,7.874015748,12.99212598,1.968503937,8.661417323,53.93700787,12.5984252
Warren_2021 Q3,Warren,271,16,47,5,5,30,140,27,1,Jason Carusone,0,R,1,1,0,0,1,,5.904059041,17.34317343,1.84501845,11.0701107,51.66051661,9.963099631
Warren_2021 Q4,Warren,199,8,23,3,8,22,110,25,0,Jason Carusone,0,R,1,1,0,0,1,,4.020100503,11.55778894,4.020100503,11.05527638,55.27638191,12.56281407
Warren_2022 Q1,Warren,218,14,32,3,9,22,107,31,0,Jason Carusone,0,R,0,NA,0,NA,0,,6.422018349,14.67889908,4.128440367,10.09174312,49.08256881,14.22018349
Warren_2022 Q2,Warren,260,18,41,6,12,22,119,42,0,Jason Carusone,0,R,0,NA,0,NA,0,,6.923076923,15.76923077,4.615384615,8.461538462,45.76923077,16.15384615
Warren_2022 Q3,Warren,241,12,36,4,9,25,98,56,1,Jason Carusone,0,R,0,NA,0,NA,0,,4.979253112,14.93775934,3.734439834,10.37344398,40.66390041,23.23651452
Warren_2022 Q4,Warren,235,29,30,7,10,28,96,35,0,Jason Carusone,0,R,0,NA,0,NA,0,,12.34042553,12.76595745,4.255319149,11.91489362,40.85106383,14.89361702
Washington_2010 Q1,Washington,208,23,32,0,13,29,95,15,1,Kevin Kortright,0,D,1,0,0,1,0,,11.05769231,15.38461538,6.25,13.94230769,45.67307692,7.211538462
Washington_2010 Q2,Washington,206,30,21,2,11,28,99,14,1,Kevin Kortright,0,D,1,0,0,1,0,,14.5631068,10.19417476,5.339805825,13.59223301,48.05825243,6.796116505
Washington_2010 Q3,Washington,221,19,17,1,13,27,129,12,3,Kevin Kortright,0,D,1,0,0,1,0,,8.597285068,7.692307692,5.882352941,12.21719457,58.37104072,5.429864253
Washington_2010 Q4,Washington,226,19,24,1,17,35,110,17,3,Kevin Kortright,0,D,1,0,0,1,0,,8.407079646,10.61946903,7.522123894,15.48672566,48.67256637,7.522123894
Washington_2011 Q1,Washington,236,38,24,2,13,34,110,15,0,Kevin Kortright,0,D,1,0,0,1,0,,16.10169492,10.16949153,5.508474576,14.40677966,46.61016949,6.355932203
Washington_2011 Q2,Washington,237,26,21,3,14,31,127,13,2,Kevin Kortright,0,D,1,0,0,1,0,,10.97046414,8.860759494,5.907172996,13.08016878,53.58649789,5.485232068
Washington_2011 Q3,Washington,232,17,27,2,14,28,122,21,1,Kevin Kortright,0,D,1,0,0,1,0,,7.327586207,11.63793103,6.034482759,12.06896552,52.5862069,9.051724138
Washington_2011 Q4,Washington,190,14,21,0,16,22,106,10,1,Kevin Kortright,0,D,1,0,0,1,0,,7.368421053,11.05263158,8.421052632,11.57894737,55.78947368,5.263157895
Washington_2012 Q1,Washington,203,15,25,3,17,24,98,18,3,Kevin Kortright,0,D,1,0,0,1,0,,7.389162562,12.31527094,8.374384236,11.8226601,48.27586207,8.866995074
Washington_2012 Q2,Washington,199,23,24,6,7,15,105,14,5,Kevin Kortright,0,D,1,0,0,1,0,,11.55778894,12.06030151,3.51758794,7.537688442,52.7638191,7.035175879
Washington_2012 Q3,Washington,223,14,24,2,9,20,137,14,3,Kevin Kortright,0,D,1,0,0,1,0,,6.278026906,10.76233184,4.035874439,8.968609865,61.43497758,6.278026906
Washington_2012 Q4,Washington,210,22,19,5,12,27,110,14,1,Kevin Kortright,0,D,1,0,0,1,0,,10.47619048,9.047619048,5.714285714,12.85714286,52.38095238,6.666666667
Washington_2013 Q1,Washington,221,38,17,2,8,27,113,14,2,Kevin Kortright,0,D,1,0,0,1,0.5,,17.19457014,7.692307692,3.619909502,12.21719457,51.13122172,6.334841629
Washington_2013 Q2,Washington,203,17,29,3,20,18,102,12,2,Kevin Kortright,0,D,1,0,0,1,0.5,,8.374384236,14.28571429,9.852216749,8.866995074,50.24630542,5.911330049
Washington_2013 Q3,Washington,211,28,25,2,7,24,104,19,2,Kevin Kortright,0,D,1,0,0,1,1,,13.27014218,11.84834123,3.317535545,11.37440758,49.28909953,9.004739336
Washington_2013 Q4,Washington,186,25,26,2,9,14,100,10,0,Kevin Kortright,0,D,1,0,0,1,1,,13.44086022,13.97849462,4.838709677,7.52688172,53.76344086,5.376344086
Washington_2014 Q1,Washington,241,19,23,4,11,26,139,17,2,J. Anthony Jordan,0,R,1,1,0,0,0,,7.883817427,9.543568465,4.564315353,10.78838174,57.67634855,7.053941909
Washington_2014 Q2,Washington,231,24,28,3,12,31,119,12,2,J. Anthony Jordan,0,R,1,1,0,0,0,,10.38961039,12.12121212,5.194805195,13.41991342,51.51515152,5.194805195
Washington_2014 Q3,Washington,198,19,24,5,9,23,99,17,2,J. Anthony Jordan,0,R,1,1,0,0,0,,9.595959596,12.12121212,4.545454545,11.61616162,50,8.585858586
Washington_2014 Q4,Washington,190,23,23,0,5,24,99,12,4,J. Anthony Jordan,0,R,1,1,0,0,0,,12.10526316,12.10526316,2.631578947,12.63157895,52.10526316,6.315789474
Washington_2015 Q1,Washington,218,21,31,6,7,31,105,15,2,J. Anthony Jordan,0,R,1,1,0,0,0,,9.633027523,14.22018349,3.211009174,14.22018349,48.16513761,6.880733945
Washington_2015 Q2,Washington,179,20,12,2,8,19,106,11,1,J. Anthony Jordan,0,R,1,1,0,0,0,,11.17318436,6.703910615,4.469273743,10.61452514,59.21787709,6.145251397
Washington_2015 Q3,Washington,193,24,19,2,8,18,108,13,1,J. Anthony Jordan,0,R,1,1,0,0,0,,12.43523316,9.844559585,4.14507772,9.32642487,55.95854922,6.735751295
Washington_2015 Q4,Washington,204,32,11,4,8,15,121,9,4,J. Anthony Jordan,0,R,1,1,0,0,0,,15.68627451,5.392156863,3.921568627,7.352941176,59.31372549,4.411764706
Washington_2016 Q1,Washington,241,32,16,3,9,17,153,9,2,J. Anthony Jordan,0,R,1,1,0,0,0,,13.2780083,6.639004149,3.734439834,7.053941909,63.48547718,3.734439834
Washington_2016 Q2,Washington,180,26,11,3,6,23,102,7,2,J. Anthony Jordan,0,R,1,1,0,0,0,,14.44444444,6.111111111,3.333333333,12.77777778,56.66666667,3.888888889
Washington_2016 Q3,Washington,181,23,7,0,8,16,115,9,3,J. Anthony Jordan,0,R,1,1,0,0,0,,12.70718232,3.867403315,4.419889503,8.839779006,63.5359116,4.972375691
Washington_2016 Q4,Washington,205,21,19,3,7,20,126,8,1,J. Anthony Jordan,0,R,1,1,0,0,0,,10.24390244,9.268292683,3.414634146,9.756097561,61.46341463,3.902439024
Washington_2017 Q1,Washington,218,34,15,1,11,18,127,11,1,J. Anthony Jordan,0,R,1,1,0,0,0.5,,15.59633028,6.880733945,5.04587156,8.256880734,58.25688073,5.04587156
Washington_2017 Q2,Washington,189,30,18,2,7,28,96,8,0,J. Anthony Jordan,0,R,1,1,0,0,0.5,,15.87301587,9.523809524,3.703703704,14.81481481,50.79365079,4.232804233
Washington_2017 Q3,Washington,201,37,26,0,3,14,116,4,1,J. Anthony Jordan,0,R,1,1,0,0,1,,18.4079602,12.93532338,1.492537313,6.965174129,57.71144279,1.990049751
Washington_2017 Q4,Washington,179,23,18,1,6,20,106,4,1,J. Anthony Jordan,0,R,1,1,0,0,1,,12.84916201,10.05586592,3.351955307,11.17318436,59.21787709,2.234636872
Washington_2018 Q1,Washington,177,25,12,0,11,13,106,8,2,J. Anthony Jordan,0,R,1,1,0,0,0,,14.12429379,6.779661017,6.214689266,7.344632768,59.88700565,4.519774011
Washington_2018 Q2,Washington,244,35,18,2,11,35,136,4,3,J. Anthony Jordan,0,R,1,1,0,0,0,,14.3442623,7.37704918,4.508196721,14.3442623,55.73770492,1.639344262
Washington_2018 Q3,Washington,197,33,11,2,3,17,118,13,0,J. Anthony Jordan,0,R,1,1,0,0,0,,16.75126904,5.583756345,1.52284264,8.629441624,59.89847716,6.598984772
Washington_2018 Q4,Washington,227,27,15,9,7,18,143,8,0,J. Anthony Jordan,0,R,1,1,0,0,0,,11.89427313,6.607929515,3.083700441,7.929515419,62.99559471,3.524229075
Washington_2019 Q1,Washington,207,30,12,3,5,29,123,5,0,J. Anthony Jordan,0,R,1,1,0,0,0,,14.49275362,5.797101449,2.415458937,14.00966184,59.42028986,2.415458937
Washington_2019 Q2,Washington,190,28,11,2,8,21,113,4,3,J. Anthony Jordan,0,R,1,1,0,0,0,,14.73684211,5.789473684,4.210526316,11.05263158,59.47368421,2.105263158
Washington_2019 Q3,Washington,175,27,14,3,6,10,102,12,1,J. Anthony Jordan,0,R,1,1,0,0,0,,15.42857143,8,3.428571429,5.714285714,58.28571429,6.857142857
Washington_2019 Q4,Washington,193,31,13,4,4,11,120,10,0,J. Anthony Jordan,0,R,1,1,0,0,0,,16.06217617,6.735751295,2.07253886,5.699481865,62.1761658,5.18134715
Washington_2020 Q1,Washington,166,11,7,2,4,28,111,2,1,J. Anthony Jordan,0,R,1,1,0,0,0,,6.626506024,4.21686747,2.409638554,16.86746988,66.86746988,1.204819277
Washington_2020 Q2,Washington,5,3,1,0,0,1,0,0,0,J. Anthony Jordan,0,R,1,1,0,0,0,,60,20,0,20,0,0
Washington_2020 Q3,Washington,196,9,14,0,4,13,149,4,3,J. Anthony Jordan,0,R,1,1,0,0,0,,4.591836735,7.142857143,2.040816327,6.632653061,76.02040816,2.040816327
Washington_2020 Q4,Washington,163,22,14,3,5,16,99,4,0,J. Anthony Jordan,0,R,1,1,0,0,0,,13.49693252,8.588957055,3.067484663,9.81595092,60.73619632,2.45398773
Washington_2021 Q1,Washington,110,12,7,2,5,10,70,4,0,J. Anthony Jordan,0,R,1,1,0,0,0.5,,10.90909091,6.363636364,4.545454545,9.090909091,63.63636364,3.636363636
Washington_2021 Q2,Washington,171,18,13,1,7,25,92,12,3,J. Anthony Jordan,0,R,1,1,0,0,0.5,,10.52631579,7.602339181,4.093567251,14.61988304,53.80116959,7.01754386
Washington_2021 Q3,Washington,150,15,13,1,4,17,94,5,1,J. Anthony Jordan,0,R,1,1,0,0,1,,10,8.666666667,2.666666667,11.33333333,62.66666667,3.333333333
Washington_2021 Q4,Washington,107,17,7,2,1,12,62,2,4,J. Anthony Jordan,0,R,1,1,0,0,1,,15.88785047,6.542056075,0.934579439,11.21495327,57.94392523,1.869158879
Washington_2022 Q1,Washington,112,15,11,0,5,11,66,4,0,J. Anthony Jordan,0,R,NA,NA,NA,NA,0,,13.39285714,9.821428571,4.464285714,9.821428571,58.92857143,3.571428571
Washington_2022 Q2,Washington,141,25,16,2,3,24,67,4,0,J. Anthony Jordan,0,R,NA,NA,NA,NA,0,,17.73049645,11.34751773,2.127659574,17.0212766,47.5177305,2.836879433
Washington_2022 Q3,Washington,122,19,12,1,8,13,64,5,0,J. Anthony Jordan,0,R,NA,NA,NA,NA,0,,15.57377049,9.836065574,6.557377049,10.6557377,52.45901639,4.098360656
Washington_2022 Q4,Washington,112,25,8,1,4,24,47,3,0,J. Anthony Jordan,0,R,NA,NA,NA,NA,0,,22.32142857,7.142857143,3.571428571,21.42857143,41.96428571,2.678571429
Wayne_2010 Q1,Wayne,272,15,50,4,21,23,122,36,1,Richard Healy,0,R,1,1,0,0,0,,5.514705882,18.38235294,7.720588235,8.455882353,44.85294118,13.23529412
Wayne_2010 Q2,Wayne,322,28,58,7,16,35,134,43,1,Richard Healy,0,R,1,1,0,0,0,,8.695652174,18.01242236,4.968944099,10.86956522,41.61490683,13.35403727
Wayne_2010 Q3,Wayne,271,7,63,2,28,24,113,30,4,Richard Healy,0,R,1,1,0,0,0,,2.58302583,23.24723247,10.33210332,8.856088561,41.69741697,11.0701107
Wayne_2010 Q4,Wayne,266,24,51,7,20,33,91,36,4,Richard Healy,0,R,1,1,0,0,0,,9.022556391,19.17293233,7.518796992,12.40601504,34.21052632,13.53383459
Wayne_2011 Q1,Wayne,275,11,57,6,21,43,115,18,4,Richard Healy,0,R,1,1,0,0,0.5,,4,20.72727273,7.636363636,15.63636364,41.81818182,6.545454545
Wayne_2011 Q2,Wayne,309,13,66,2,27,22,143,35,1,Richard Healy,0,R,1,1,0,0,0.5,,4.207119741,21.3592233,8.737864078,7.1197411,46.27831715,11.32686084
Wayne_2011 Q3,Wayne,263,11,53,2,16,37,122,21,1,Richard Healy,0,R,1,1,0,0,1,,4.182509506,20.15209125,6.08365019,14.06844106,46.3878327,7.984790875
Wayne_2011 Q4,Wayne,285,13,57,3,20,38,122,29,3,Richard Healy,0,R,1,1,0,0,1,,4.561403509,20,7.01754386,13.33333333,42.80701754,10.1754386
Wayne_2012 Q1,Wayne,282,14,35,1,30,32,128,37,5,Richard Healy,0,R,1,1,0,0,0,,4.964539007,12.41134752,10.63829787,11.34751773,45.39007092,13.12056738
Wayne_2012 Q2,Wayne,265,14,53,4,19,35,113,24,3,Richard Healy,0,R,1,1,0,0,0,,5.283018868,20,7.169811321,13.20754717,42.64150943,9.056603774
Wayne_2012 Q3,Wayne,261,19,57,4,13,45,97,23,3,Richard Healy,0,R,1,1,0,0,0,,7.279693487,21.83908046,4.980842912,17.24137931,37.16475096,8.812260536
Wayne_2012 Q4,Wayne,278,17,55,2,13,34,116,36,5,Richard Healy,0,R,1,1,0,0,0,,6.115107914,19.78417266,4.676258993,12.23021583,41.72661871,12.94964029
Wayne_2013 Q1,Wayne,247,8,51,7,22,40,91,25,3,Richard Healy,0,R,1,1,0,0,0,,3.238866397,20.64777328,8.906882591,16.19433198,36.84210526,10.12145749
Wayne_2013 Q2,Wayne,279,14,60,6,23,33,101,35,7,Richard Healy,0,R,1,1,0,0,0,,5.017921147,21.50537634,8.243727599,11.82795699,36.20071685,12.54480287
Wayne_2013 Q3,Wayne,253,9,43,7,21,32,98,41,2,Richard Healy,0,R,1,1,0,0,0,,3.557312253,16.99604743,8.300395257,12.64822134,38.73517787,16.2055336
Wayne_2013 Q4,Wayne,252,15,45,8,17,29,106,30,2,Richard Healy,0,R,1,1,0,0,0,,5.952380952,17.85714286,6.746031746,11.50793651,42.06349206,11.9047619
Wayne_2014 Q1,Wayne,266,14,54,4,12,28,105,42,7,Richard Healy,0,R,1,1,0,0,0,,5.263157895,20.30075188,4.511278195,10.52631579,39.47368421,15.78947368
Wayne_2014 Q2,Wayne,266,13,61,3,17,33,106,31,2,Richard Healy,0,R,1,1,0,0,0,,4.887218045,22.93233083,6.390977444,12.40601504,39.84962406,11.65413534
Wayne_2014 Q3,Wayne,243,12,52,14,17,28,98,19,3,Richard Healy,0,R,1,1,0,0,0,,4.938271605,21.39917695,6.995884774,11.52263374,40.32921811,7.818930041
Wayne_2014 Q4,Wayne,306,9,70,6,12,29,144,34,2,Richard Healy,0,R,1,1,0,0,0,,2.941176471,22.87581699,3.921568627,9.477124183,47.05882353,11.11111111
Wayne_2015 Q1,Wayne,299,26,60,8,20,41,107,34,3,Richard Healy,0,R,1,1,0,0,0.5,,8.695652174,20.06688963,6.688963211,13.71237458,35.78595318,11.37123746
Wayne_2015 Q2,Wayne,251,16,64,5,14,21,108,20,3,Richard Healy,0,R,1,1,0,0,0.5,,6.374501992,25.49800797,5.577689243,8.366533865,43.02788845,7.96812749
Wayne_2015 Q3,Wayne,243,18,47,0,18,39,96,23,2,Richard Healy,0,R,1,1,0,0,1,,7.407407407,19.34156379,7.407407407,16.04938272,39.50617284,9.465020576
Wayne_2015 Q4,Wayne,245,12,45,3,9,27,120,25,4,Richard Healy,0,R,1,1,0,0,1,,4.897959184,18.36734694,3.673469388,11.02040816,48.97959184,10.20408163
Wayne_2016 Q1,Wayne,260,13,47,2,21,36,117,20,4,Richard Healy,0,R,0,NA,0,NA,0,,5,18.07692308,8.076923077,13.84615385,45,7.692307692
Wayne_2016 Q2,Wayne,278,9,48,2,22,36,134,26,1,Richard Healy,0,R,0,NA,0,NA,0,,3.237410072,17.26618705,7.913669065,12.94964029,48.20143885,9.352517986
Wayne_2016 Q3,Wayne,211,7,36,5,8,28,105,21,1,Richard Healy,0,R,0,NA,0,NA,0,,3.317535545,17.06161137,3.791469194,13.27014218,49.76303318,9.952606635
Wayne_2016 Q4,Wayne,236,8,51,4,7,28,109,21,8,Richard Healy,0,R,0,NA,0,NA,0,,3.389830508,21.61016949,2.966101695,11.86440678,46.18644068,8.898305085
Wayne_2017 Q1,Wayne,222,9,51,5,7,20,100,25,5,Richard Healy,0,R,0,NA,0,1,0.5,,4.054054054,22.97297297,3.153153153,9.009009009,45.04504505,11.26126126
Wayne_2017 Q2,Wayne,257,8,51,0,10,26,116,41,5,Richard Healy,0,R,0,NA,0,1,0.5,,3.112840467,19.84435798,3.891050584,10.11673152,45.13618677,15.95330739
Wayne_2017 Q3,Wayne,263,10,51,7,8,40,105,38,4,Richard Healy,0,R,0,NA,0,1,1,,3.802281369,19.39163498,3.041825095,15.20912548,39.92395437,14.4486692
Wayne_2017 Q4,Wayne,268,8,61,1,14,22,129,28,5,Richard Healy,0,R,0,NA,0,1,1,,2.985074627,22.76119403,5.223880597,8.208955224,48.13432836,10.44776119
Wayne_2018 Q1,Wayne,239,14,42,7,8,23,106,32,7,Michael Calarco,0,D,1,1,0,0,0,,5.857740586,17.57322176,3.347280335,9.623430962,44.35146444,13.38912134
Wayne_2018 Q2,Wayne,273,8,64,9,8,30,120,32,2,Michael Calarco,0,D,1,1,0,0,0,,2.93040293,23.44322344,2.93040293,10.98901099,43.95604396,11.72161172
Wayne_2018 Q3,Wayne,239,13,38,3,10,29,107,35,4,Michael Calarco,0,D,1,1,0,0,0,,5.439330544,15.89958159,4.184100418,12.13389121,44.76987448,14.64435146
Wayne_2018 Q4,Wayne,241,15,39,10,9,26,109,29,4,Michael Calarco,0,D,1,1,0,0,0,,6.22406639,16.18257261,3.734439834,10.78838174,45.22821577,12.03319502
Wayne_2019 Q1,Wayne,239,5,47,2,8,17,119,37,4,Michael Calarco,0,D,1,1,0,0,0,,2.092050209,19.66527197,3.347280335,7.112970711,49.79079498,15.48117155
Wayne_2019 Q2,Wayne,226,14,26,5,12,34,108,23,4,Michael Calarco,0,D,1,1,0,0,0,,6.194690265,11.50442478,5.309734513,15.04424779,47.78761062,10.17699115
Wayne_2019 Q3,Wayne,182,11,32,1,7,15,93,21,2,Michael Calarco,0,D,1,1,0,0,0,,6.043956044,17.58241758,3.846153846,8.241758242,51.0989011,11.53846154
Wayne_2019 Q4,Wayne,189,8,34,1,11,27,82,24,2,Michael Calarco,0,D,1,1,0,0,0,,4.232804233,17.98941799,5.82010582,14.28571429,43.38624339,12.6984127
Wayne_2020 Q1,Wayne,201,15,39,2,10,21,79,33,2,Michael Calarco,0,D,1,1,0,0,0,,7.462686567,19.40298507,4.975124378,10.44776119,39.30348259,16.41791045
Wayne_2020 Q2,Wayne,11,1,2,0,0,6,1,1,0,Michael Calarco,0,D,1,1,0,0,0,,9.090909091,18.18181818,0,54.54545455,9.090909091,9.090909091
Wayne_2020 Q3,Wayne,153,7,19,1,2,14,91,17,2,Michael Calarco,0,D,1,1,0,0,0,,4.575163399,12.41830065,1.307189542,9.150326797,59.47712418,11.11111111
Wayne_2020 Q4,Wayne,142,7,21,2,4,15,72,18,3,Michael Calarco,0,D,1,1,0,0,0,,4.929577465,14.78873239,2.816901408,10.56338028,50.70422535,12.67605634
Wayne_2021 Q1,Wayne,122,7,19,0,8,25,54,5,4,Michael Calarco,0,D,1,1,0,0,0.5,,5.737704918,15.57377049,6.557377049,20.49180328,44.26229508,4.098360656
Wayne_2021 Q2,Wayne,270,12,15,3,9,35,164,30,2,Michael Calarco,0,D,1,1,0,0,0.5,,4.444444444,5.555555556,3.333333333,12.96296296,60.74074074,11.11111111
Wayne_2021 Q3,Wayne,249,14,35,3,16,43,114,17,7,Michael Calarco,0,D,1,1,0,0,1,,5.62248996,14.0562249,6.425702811,17.26907631,45.78313253,6.827309237
Wayne_2021 Q4,Wayne,193,13,18,2,8,42,97,12,1,Michael Calarco,0,D,1,1,0,0,1,,6.735751295,9.32642487,4.14507772,21.76165803,50.25906736,6.21761658
Wayne_2022 Q1,Wayne,173,8,19,4,11,29,75,24,3,Michael Calarco,0,D, NA,NA, NA,NA,0,,4.624277457,10.98265896,6.358381503,16.76300578,43.35260116,13.87283237
Wayne_2022 Q2,Wayne,153,11,17,1,5,25,64,26,4,Michael Calarco,0,D, NA,NA, NA,NA,0,,7.189542484,11.11111111,3.267973856,16.33986928,41.83006536,16.99346405
Wayne_2022 Q3,Wayne,183,8,31,0,8,25,76,32,3,Michael Calarco,0,D, NA,NA, NA,NA,0,,4.371584699,16.93989071,4.371584699,13.66120219,41.53005464,17.4863388
Wayne_2022 Q4,Wayne,162,13,26,2,7,13,61,33,7,Michael Calarco,0,D, NA,NA, NA,NA,0,,8.024691358,16.04938272,4.320987654,8.024691358,37.65432099,20.37037037
Westchester_2010 Q1,Westchester,3163,117,548,201,79,388,935,867,28,Janet DiFiore,0,D,1,1,0,0,0,,3.699019918,17.32532406,2.497628833,12.26683528,29.56054379,27.41068606
Westchester_2010 Q2,Westchester,3282,110,565,205,102,411,963,890,36,Janet DiFiore,0,D,1,1,0,0,0,,3.351614869,17.21511274,3.10786106,12.52285192,29.34186472,27.11761121
Westchester_2010 Q3,Westchester,3079,97,569,173,70,406,989,745,30,Janet DiFiore,0,D,1,1,0,0,0,,3.150373498,18.48002598,2.273465411,13.18609938,32.12081845,24.19616759
Westchester_2010 Q4,Westchester,2757,107,551,173,69,336,795,699,27,Janet DiFiore,0,D,1,1,0,0,0,,3.881030105,19.98549148,2.502720348,12.18715996,28.83569097,25.35364527
Westchester_2011 Q1,Westchester,3012,98,511,174,58,378,960,801,32,Janet DiFiore,0,D,1,1,0,0,0,,3.253652058,16.96547145,1.92563081,12.5498008,31.87250996,26.5936255
Westchester_2011 Q2,Westchester,3057,124,569,166,77,348,941,778,54,Janet DiFiore,0,D,1,1,0,0,0,,4.056264311,18.6130193,2.51880929,11.38370952,30.78181223,25.44978737
Westchester_2011 Q3,Westchester,2758,105,541,130,85,387,858,630,22,Janet DiFiore,0,D,1,1,0,0,0,,3.807106599,19.61566352,3.081943437,14.03190718,31.10949964,22.84263959
Westchester_2011 Q4,Westchester,2755,83,482,174,72,382,824,672,66,Janet DiFiore,0,D,1,1,0,0,0,,3.012704174,17.49546279,2.613430127,13.86569873,29.9092559,24.39201452
Westchester_2012 Q1,Westchester,3152,118,615,176,106,396,939,759,43,Janet DiFiore,0,D,1,1,0,0,0,,3.743654822,19.51142132,3.362944162,12.56345178,29.79060914,24.07994924
Westchester_2012 Q2,Westchester,3088,115,516,204,94,395,959,737,68,Janet DiFiore,0,D,1,1,0,0,0,,3.724093264,16.70984456,3.044041451,12.79145078,31.05569948,23.86658031
Westchester_2012 Q3,Westchester,2954,93,579,143,75,410,910,666,78,Janet DiFiore,0,D,1,1,0,0,0,,3.148273527,19.60054164,2.538930264,13.87948544,30.8056872,22.54570074
Westchester_2012 Q4,Westchester,2647,98,537,138,85,370,773,585,61,Janet DiFiore,0,D,1,1,0,0,0,,3.702304496,20.28711749,3.211182471,13.9780884,29.20287117,22.10049112
Westchester_2013 Q1,Westchester,2881,85,593,137,82,393,875,652,64,Janet DiFiore,0,D,1,1,0,0,0.5,,2.950364457,20.58313086,2.846233947,13.64109684,30.37139882,22.63103089
Westchester_2013 Q2,Westchester,2943,86,478,157,87,377,933,767,58,Janet DiFiore,0,D,1,1,0,0,0.5,,2.922188243,16.24193,2.956167176,12.81005776,31.70234455,26.06184166
Westchester_2013 Q3,Westchester,2802,78,552,155,65,351,879,662,60,Janet DiFiore,0,D,1,1,0,0,1,,2.78372591,19.70021413,2.319771592,12.5267666,31.37044968,23.62598144
Westchester_2013 Q4,Westchester,2626,94,465,166,50,350,794,651,56,Janet DiFiore,0,D,1,1,0,0,1,,3.579588728,17.70753998,1.904036558,13.3282559,30.23610053,24.79055598
Westchester_2014 Q1,Westchester,2653,86,480,120,58,403,795,667,44,Janet DiFiore,0,D,0,NA,0,NA,0,,3.241613268,18.09272522,2.186204297,15.19035055,29.96607614,25.14134942
Westchester_2014 Q2,Westchester,2530,73,504,145,67,324,746,643,28,Janet DiFiore,0,D,0,NA,0,NA,0,,2.885375494,19.92094862,2.648221344,12.80632411,29.48616601,25.41501976
Westchester_2014 Q3,Westchester,2636,104,474,125,82,350,809,667,25,Janet DiFiore,0,D,0,NA,0,NA,0,,3.945371775,17.98179059,3.1107739,13.27769347,30.69044006,25.30349014
Westchester_2014 Q4,Westchester,2362,70,411,123,56,330,773,568,31,Janet DiFiore,0,D,0,NA,0,NA,0,,2.963590178,17.40050804,2.370872142,13.97121084,32.72650296,24.04741744
Westchester_2015 Q1,Westchester,2508,70,462,133,48,374,816,594,11,Janet DiFiore,0,D,0,NA,0,NA,0,,2.791068581,18.42105263,1.913875598,14.9122807,32.53588517,23.68421053
Westchester_2015 Q2,Westchester,2438,91,426,111,60,332,846,552,20,Janet DiFiore,0,D,0,NA,0,NA,0,,3.732567678,17.4733388,2.461033634,13.61771944,34.70057424,22.64150943
Westchester_2015 Q3,Westchester,2177,79,405,107,47,296,737,485,21,Janet DiFiore,0,D,0,NA,0,NA,0,,3.628847037,18.60358291,2.158934313,13.5966927,33.85392742,22.27836472
Westchester_2015 Q4,Westchester,2236,74,401,96,73,311,765,497,19,Janet DiFiore,0,D,0,NA,0,NA,0,,3.309481216,17.93381038,3.264758497,13.90876565,34.21288014,22.22719141
Westchester_2016 Q1,Westchester,2388,84,444,143,52,336,777,530,22,Janet DiFiore,0,D,0,NA,0,1,0.5,,3.51758794,18.59296482,2.177554439,14.07035176,32.53768844,22.19430486
Westchester_2016 Q2,Westchester,2303,91,335,124,59,332,810,542,10,Janet DiFiore,0,D,0,NA,0,1,0.5,,3.951367781,14.54624403,2.561875814,14.41597916,35.17151541,23.53452019
Westchester_2016 Q3,Westchester,2250,79,429,136,46,334,726,494,6,Janet DiFiore,0,D,0,NA,0,1,1,,3.511111111,19.06666667,2.044444444,14.84444444,32.26666667,21.95555556
Westchester_2016 Q4,Westchester,2073,58,358,107,34,296,747,455,18,Janet DiFiore,0,D,0,NA,0,1,1,,2.797877472,17.2696575,1.64013507,14.27882296,36.03473227,21.94886638
Westchester_2017 Q1,Westchester,2412,88,396,109,68,377,822,543,9,Anthony Scarpino,0,D,1,0,1,1,0,,3.648424544,16.41791045,2.819237148,15.63018242,34.07960199,22.51243781
Westchester_2017 Q2,Westchester,2509,78,394,148,53,327,859,630,20,Anthony Scarpino,0,D,1,0,1,1,0,,3.10880829,15.70346752,2.112395377,13.03308091,34.23674771,25.10960542
Westchester_2017 Q3,Westchester,2163,84,362,171,54,322,654,504,12,Anthony Scarpino,0,D,1,0,1,1,0,,3.883495146,16.73601479,2.496532594,14.88673139,30.23578363,23.30097087
Westchester_2017 Q4,Westchester,2018,87,319,129,59,267,642,492,23,Anthony Scarpino,0,D,1,0,1,1,0,,4.311199207,15.80773043,2.923686819,13.2309217,31.81367691,24.38057483
Westchester_2018 Q1,Westchester,2179,79,324,131,72,267,723,570,13,Anthony Scarpino,0,D,1,0,1,1,0,,3.625516292,14.86920606,3.304268013,12.25332721,33.18035796,26.15878844
Westchester_2018 Q2,Westchester,2413,110,335,161,47,287,834,617,22,Anthony Scarpino,0,D,1,0,1,1,0,,4.558640696,13.88313303,1.947782843,11.893908,34.56278492,25.56983009
Westchester_2018 Q3,Westchester,2205,96,319,141,57,290,684,593,25,Anthony Scarpino,0,D,1,0,1,1,0,,4.353741497,14.46712018,2.585034014,13.15192744,31.02040816,26.89342404
Westchester_2018 Q4,Westchester,2212,89,316,127,60,287,739,567,27,Anthony Scarpino,0,D,1,0,1,1,0,,4.023508137,14.28571429,2.712477396,12.97468354,33.40867993,25.63291139
Westchester_2019 Q1,Westchester,2330,95,303,158,49,275,813,602,35,Anthony Scarpino,0,D,1,0,1,1,0,,4.077253219,13.00429185,2.103004292,11.80257511,34.89270386,25.83690987
Westchester_2019 Q2,Westchester,2224,94,264,113,45,284,833,564,27,Anthony Scarpino,0,D,1,0,1,1,0,,4.226618705,11.8705036,2.023381295,12.76978417,37.45503597,25.35971223
Westchester_2019 Q3,Westchester,2137,86,252,144,52,258,753,573,19,Anthony Scarpino,0,D,1,0,1,1,0,,4.024333177,11.7922321,2.433317735,12.07299953,35.23631259,26.81328966
Westchester_2019 Q4,Westchester,2561,80,249,174,49,276,889,830,14,Anthony Scarpino,0,D,1,0,1,1,0,,3.123779774,9.722764545,1.913315111,10.77704022,34.71300273,32.40921515
Westchester_2020 Q1,Westchester,1679,54,123,95,33,235,599,531,9,Anthony Scarpino,0,D,1,0,1,1,0.5,,3.216200119,7.32578916,1.965455628,13.99642644,35.67599762,31.62596784
Westchester_2020 Q2,Westchester,37,0,4,14,2,4,3,10,0,Anthony Scarpino,0,D,1,0,1,1,0.5,,0,10.81081081,5.405405405,10.81081081,8.108108108,27.02702703
Westchester_2020 Q3,Westchester,1066,39,72,66,21,146,323,394,5,Anthony Scarpino,0,D,1,0,1,1,1,,3.658536585,6.754221388,1.969981238,13.69606004,30.30018762,36.96060038
Westchester_2020 Q4,Westchester,1265,33,67,65,11,105,502,470,12,Anthony Scarpino,0,D,1,0,1,1,1,,2.608695652,5.296442688,0.869565217,8.300395257,39.68379447,37.1541502
Westchester_2021 Q1,Westchester,1186,39,67,84,19,126,442,397,12,Miriam Rocah,0,D,NA,NA,NA,NA,0,,3.28836425,5.649241147,1.602023609,10.62394604,37.26812816,33.47386172
Westchester_2021 Q2,Westchester,1481,55,98,92,12,155,529,531,9,Miriam Rocah,0,D,NA,NA,NA,NA,0,,3.713706955,6.617150574,0.810263336,10.46590142,35.71910871,35.8541526
Westchester_2021 Q3,Westchester,1359,53,96,107,32,153,432,478,8,Miriam Rocah,0,D,NA,NA,NA,NA,0,,3.899926416,7.06401766,2.354672553,11.25827815,31.78807947,35.17292127
Westchester_2021 Q4,Westchester,1213,54,96,69,35,144,332,471,12,Miriam Rocah,0,D,NA,NA,NA,NA,0,,4.451772465,7.91426216,2.885408079,11.87139324,27.37015664,38.82934872
Westchester_2022 Q1,Westchester,1251,75,82,77,17,172,365,457,6,Miriam Rocah,0,D,NA,NA,NA,NA,0,,5.995203837,6.554756195,1.35891287,13.7490008,29.17665867,36.53077538
Westchester_2022 Q2,Westchester,1394,93,115,89,25,165,446,447,14,Miriam Rocah,0,D,NA,NA,NA,NA,0,,6.671449067,8.24964132,1.793400287,11.83644189,31.99426112,32.06599713
Westchester_2022 Q3,Westchester,1392,70,138,121,35,162,412,450,4,Miriam Rocah,0,D,NA,NA,NA,NA,0,,5.028735632,9.913793103,2.514367816,11.63793103,29.59770115,32.32758621
Westchester_2022 Q4,Westchester,1344,44,106,67,24,169,530,397,7,Miriam Rocah,0,D,NA,NA,NA,NA,0,,3.273809524,7.886904762,1.785714286,12.57440476,39.43452381,29.53869048
Wyoming_2010 Q1,Wyoming,106,13,16,1,3,13,38,21,1,,NA,,NA,NA,NA,NA,0,Emailed,12.26415094,15.09433962,2.830188679,12.26415094,35.8490566,19.81132075
Wyoming_2010 Q2,Wyoming,123,9,10,1,5,25,56,15,2,,NA,,NA,NA,NA,NA,0,,7.317073171,8.130081301,4.06504065,20.32520325,45.52845528,12.19512195
Wyoming_2010 Q3,Wyoming,115,12,18,2,5,19,42,14,3,,NA,,NA,NA,NA,NA,0,,10.43478261,15.65217391,4.347826087,16.52173913,36.52173913,12.17391304
Wyoming_2010 Q4,Wyoming,104,11,18,1,6,24,24,17,3,,NA,,NA,NA,NA,NA,0,,10.57692308,17.30769231,5.769230769,23.07692308,23.07692308,16.34615385
Wyoming_2011 Q1,Wyoming,123,15,11,0,6,33,37,16,5,,NA,,NA,NA,NA,NA,0,,12.19512195,8.943089431,4.87804878,26.82926829,30.08130081,13.00813008
Wyoming_2011 Q2,Wyoming,133,16,17,3,1,29,48,14,5,,NA,,NA,NA,NA,NA,0,,12.03007519,12.78195489,0.751879699,21.80451128,36.09022556,10.52631579
Wyoming_2011 Q3,Wyoming,118,13,17,1,4,21,41,18,3,,NA,,NA,NA,NA,NA,0,,11.01694915,14.40677966,3.389830508,17.79661017,34.74576271,15.25423729
Wyoming_2011 Q4,Wyoming,120,8,25,1,6,23,39,16,2,,NA,,NA,NA,NA,NA,0,,6.666666667,20.83333333,5,19.16666667,32.5,13.33333333
Wyoming_2012 Q1,Wyoming,141,15,16,2,2,23,48,30,5,,NA,,NA,NA,NA,NA,0,,10.63829787,11.34751773,1.418439716,16.31205674,34.04255319,21.27659574
Wyoming_2012 Q2,Wyoming,131,15,17,2,10,26,32,29,0,,NA,,NA,NA,NA,NA,0,,11.45038168,12.97709924,7.633587786,19.84732824,24.42748092,22.13740458
Wyoming_2012 Q3,Wyoming,129,14,16,1,3,32,47,13,3,,NA,,NA,NA,NA,NA,0,,10.85271318,12.40310078,2.325581395,24.80620155,36.43410853,10.07751938
Wyoming_2012 Q4,Wyoming,136,11,15,2,5,20,50,29,4,,NA,,NA,NA,NA,NA,0,,8.088235294,11.02941176,3.676470588,14.70588235,36.76470588,21.32352941
Wyoming_2013 Q1,Wyoming,118,10,14,4,5,33,34,17,1,,NA,,NA,NA,NA,NA,0,,8.474576271,11.86440678,4.237288136,27.96610169,28.81355932,14.40677966
Wyoming_2013 Q2,Wyoming,127,17,16,2,9,27,38,18,0,,NA,,NA,NA,NA,NA,0,,13.38582677,12.5984252,7.086614173,21.25984252,29.92125984,14.17322835
Wyoming_2013 Q3,Wyoming,122,9,20,3,6,18,41,20,5,,NA,,NA,NA,NA,NA,0,,7.37704918,16.39344262,4.918032787,14.75409836,33.60655738,16.39344262
Wyoming_2013 Q4,Wyoming,141,17,18,1,4,25,51,22,3,,NA,,NA,NA,NA,NA,0,,12.05673759,12.76595745,2.836879433,17.73049645,36.17021277,15.60283688
Wyoming_2014 Q1,Wyoming,137,12,14,0,8,23,53,24,3,,NA,,NA,NA,NA,NA,0,,8.759124088,10.2189781,5.839416058,16.78832117,38.68613139,17.51824818
Wyoming_2014 Q2,Wyoming,144,24,17,1,5,33,35,28,1,,NA,,NA,NA,NA,NA,0,,16.66666667,11.80555556,3.472222222,22.91666667,24.30555556,19.44444444
Wyoming_2014 Q3,Wyoming,117,18,16,0,1,20,39,23,0,,NA,,NA,NA,NA,NA,0,,15.38461538,13.67521368,0.854700855,17.09401709,33.33333333,19.65811966
Wyoming_2014 Q4,Wyoming,140,23,23,0,2,26,39,27,0,,NA,,NA,NA,NA,NA,0,,16.42857143,16.42857143,1.428571429,18.57142857,27.85714286,19.28571429
Wyoming_2015 Q1,Wyoming,117,18,15,3,2,20,35,24,0,,NA,,NA,NA,NA,NA,0,,15.38461538,12.82051282,1.709401709,17.09401709,29.91452991,20.51282051
Wyoming_2015 Q2,Wyoming,109,21,15,0,1,13,34,19,6,,NA,,NA,NA,NA,NA,0,,19.26605505,13.76146789,0.917431193,11.9266055,31.19266055,17.43119266
Wyoming_2015 Q3,Wyoming,126,24,13,1,5,20,41,20,2,,NA,,NA,NA,NA,NA,0,,19.04761905,10.31746032,3.968253968,15.87301587,32.53968254,15.87301587
Wyoming_2015 Q4,Wyoming,118,16,22,2,0,18,31,24,5,,NA,,NA,NA,NA,NA,0,,13.55932203,18.6440678,0,15.25423729,26.27118644,20.33898305
Wyoming_2016 Q1,Wyoming,139,29,12,1,2,14,55,24,2,,NA,,NA,NA,NA,NA,0,,20.86330935,8.633093525,1.438848921,10.07194245,39.56834532,17.26618705
Wyoming_2016 Q2,Wyoming,120,22,10,1,1,18,48,18,2,,NA,,NA,NA,NA,NA,0,,18.33333333,8.333333333,0.833333333,15,40,15
Wyoming_2016 Q3,Wyoming,116,26,6,2,1,25,30,22,4,,NA,,NA,NA,NA,NA,0,,22.4137931,5.172413793,0.862068966,21.55172414,25.86206897,18.96551724
Wyoming_2016 Q4,Wyoming,138,16,18,1,2,22,50,26,3,,NA,,NA,NA,NA,NA,0,,11.5942029,13.04347826,1.449275362,15.94202899,36.23188406,18.84057971
Wyoming_2017 Q1,Wyoming,125,21,15,0,2,25,36,24,2,,NA,,NA,NA,NA,NA,0,,16.8,12,1.6,20,28.8,19.2
Wyoming_2017 Q2,Wyoming,143,26,20,2,3,25,39,25,3,,NA,,NA,NA,NA,NA,0,,18.18181818,13.98601399,2.097902098,17.48251748,27.27272727,17.48251748
Wyoming_2017 Q3,Wyoming,114,19,10,2,2,20,40,21,0,,NA,,NA,NA,NA,NA,0,,16.66666667,8.771929825,1.754385965,17.54385965,35.0877193,18.42105263
Wyoming_2017 Q4,Wyoming,133,16,11,0,2,27,46,30,1,,NA,,NA,NA,NA,NA,0,,12.03007519,8.270676692,1.503759398,20.30075188,34.58646617,22.55639098
Wyoming_2018 Q1,Wyoming,146,14,18,1,1,27,57,25,3,,NA,,NA,NA,NA,NA,0,,9.589041096,12.32876712,0.684931507,18.49315068,39.04109589,17.12328767
Wyoming_2018 Q2,Wyoming,161,29,19,1,4,21,60,26,1,,NA,,NA,NA,NA,NA,0,,18.01242236,11.80124224,2.48447205,13.04347826,37.26708075,16.14906832
Wyoming_2018 Q3,Wyoming,127,20,11,1,2,22,54,15,2,,NA,,NA,NA,NA,NA,0,,15.7480315,8.661417323,1.57480315,17.32283465,42.51968504,11.81102362
Wyoming_2018 Q4,Wyoming,158,26,10,0,1,18,69,34,0,,NA,,NA,NA,NA,NA,0,,16.4556962,6.329113924,0.632911392,11.39240506,43.67088608,21.51898734
Wyoming_2019 Q1,Wyoming,162,13,18,1,3,33,63,29,2,,NA,,NA,NA,NA,NA,0,,8.024691358,11.11111111,1.851851852,20.37037037,38.88888889,17.90123457
Wyoming_2019 Q2,Wyoming,163,20,11,1,1,29,66,32,3,,NA,,NA,NA,NA,NA,0,,12.26993865,6.748466258,0.613496933,17.79141104,40.49079755,19.63190184
Wyoming_2019 Q3,Wyoming,152,17,9,2,1,31,63,27,2,,NA,,NA,NA,NA,NA,0,,11.18421053,5.921052632,0.657894737,20.39473684,41.44736842,17.76315789
Wyoming_2019 Q4,Wyoming,146,11,18,2,3,17,70,22,3,,NA,,NA,NA,NA,NA,0,,7.534246575,12.32876712,2.054794521,11.64383562,47.94520548,15.06849315
Wyoming_2020 Q1,Wyoming,122,18,13,0,1,21,55,11,3,,NA,,NA,NA,NA,NA,0,,14.75409836,10.6557377,0.819672131,17.21311475,45.08196721,9.016393443
Wyoming_2020 Q2,Wyoming,16,2,2,0,1,5,3,3,0,,NA,,NA,NA,NA,NA,0,,12.5,12.5,6.25,31.25,18.75,18.75
Wyoming_2020 Q3,Wyoming,114,3,8,0,1,26,52,23,1,,NA,,NA,NA,NA,NA,0,,2.631578947,7.01754386,0.877192982,22.80701754,45.61403509,20.1754386
Wyoming_2020 Q4,Wyoming,130,14,6,1,0,25,71,11,2,,NA,,NA,NA,NA,NA,0,,10.76923077,4.615384615,0,19.23076923,54.61538462,8.461538462
Wyoming_2021 Q1,Wyoming,70,12,8,0,0,13,24,13,0,,NA,,NA,NA,NA,NA,0,,17.14285714,11.42857143,0,18.57142857,34.28571429,18.57142857
Wyoming_2021 Q2,Wyoming,130,20,9,2,3,22,50,23,1,,NA,,NA,NA,NA,NA,0,,15.38461538,6.923076923,2.307692308,16.92307692,38.46153846,17.69230769
Wyoming_2021 Q3,Wyoming,140,15,11,0,2,22,60,28,2,,NA,,NA,NA,NA,NA,0,,10.71428571,7.857142857,1.428571429,15.71428571,42.85714286,20
Wyoming_2021 Q4,Wyoming,160,14,20,1,0,32,58,31,4,,NA,,NA,NA,NA,NA,0,,8.75,12.5,0,20,36.25,19.375
Wyoming_2022 Q1,Wyoming,151,15,20,0,5,34,48,27,2,,NA,,NA,NA,NA,NA,0,,9.933774834,13.24503311,3.311258278,22.51655629,31.78807947,17.8807947
Wyoming_2022 Q2,Wyoming,138,15,13,2,2,35,47,21,3,,NA,,NA,NA,NA,NA,0,,10.86956522,9.420289855,1.449275362,25.36231884,34.05797101,15.2173913
Wyoming_2022 Q3,Wyoming,139,16,12,0,3,29,51,28,0,,NA,,NA,NA,NA,NA,0,,11.51079137,8.633093525,2.158273381,20.86330935,36.69064748,20.14388489
Wyoming_2022 Q4,Wyoming,124,13,14,0,2,22,48,22,3,,NA,,NA,NA,NA,NA,0,,10.48387097,11.29032258,1.612903226,17.74193548,38.70967742,17.74193548
Yates_2010 Q1,Yates,76,7,17,0,10,6,19,17,0,,NA,,NA,NA,NA,NA,0,Emailed,9.210526316,22.36842105,13.15789474,7.894736842,25,22.36842105
Yates_2010 Q2,Yates,72,7,24,0,3,12,18,7,1,,NA,,NA,NA,NA,NA,0,,9.722222222,33.33333333,4.166666667,16.66666667,25,9.722222222
Yates_2010 Q3,Yates,61,8,8,0,7,5,24,9,0,,NA,,NA,NA,NA,NA,0,,13.1147541,13.1147541,11.47540984,8.196721311,39.3442623,14.75409836
Yates_2010 Q4,Yates,77,2,21,1,13,5,22,12,1,,NA,,NA,NA,NA,NA,0,,2.597402597,27.27272727,16.88311688,6.493506494,28.57142857,15.58441558
Yates_2011 Q1,Yates,90,3,17,0,9,8,23,30,0,,NA,,NA,NA,NA,NA,0,,3.333333333,18.88888889,10,8.888888889,25.55555556,33.33333333
Yates_2011 Q2,Yates,71,5,12,0,9,4,24,15,2,,NA,,NA,NA,NA,NA,0,,7.042253521,16.90140845,12.67605634,5.633802817,33.8028169,21.12676056
Yates_2011 Q3,Yates,75,5,17,0,6,6,24,16,1,,NA,,NA,NA,NA,NA,0,,6.666666667,22.66666667,8,8,32,21.33333333
Yates_2011 Q4,Yates,87,6,23,0,8,8,26,15,1,,NA,,NA,NA,NA,NA,0,,6.896551724,26.43678161,9.195402299,9.195402299,29.88505747,17.24137931
Yates_2012 Q1,Yates,74,4,20,0,4,9,25,12,0,,NA,,NA,NA,NA,NA,0,,5.405405405,27.02702703,5.405405405,12.16216216,33.78378378,16.21621622
Yates_2012 Q2,Yates,62,4,14,0,4,11,19,9,1,,NA,,NA,NA,NA,NA,0,,6.451612903,22.58064516,6.451612903,17.74193548,30.64516129,14.51612903
Yates_2012 Q3,Yates,93,6,24,0,4,16,21,21,1,,NA,,NA,NA,NA,NA,0,,6.451612903,25.80645161,4.301075269,17.20430108,22.58064516,22.58064516
Yates_2012 Q4,Yates,94,10,25,0,6,11,23,18,1,,NA,,NA,NA,NA,NA,0,,10.63829787,26.59574468,6.382978723,11.70212766,24.46808511,19.14893617
Yates_2013 Q1,Yates,80,7,17,0,5,8,23,20,0,,NA,,NA,NA,NA,NA,0,,8.75,21.25,6.25,10,28.75,25
Yates_2013 Q2,Yates,80,9,19,0,4,16,26,5,1,,NA,,NA,NA,NA,NA,0,,11.25,23.75,5,20,32.5,6.25
Yates_2013 Q3,Yates,87,8,18,0,11,11,26,11,2,,NA,,NA,NA,NA,NA,0,,9.195402299,20.68965517,12.64367816,12.64367816,29.88505747,12.64367816
Yates_2013 Q4,Yates,91,2,27,1,8,13,27,12,1,,NA,,NA,NA,NA,NA,0,,2.197802198,29.67032967,8.791208791,14.28571429,29.67032967,13.18681319
Yates_2014 Q1,Yates,70,1,17,0,6,13,16,15,2,,NA,,NA,NA,NA,NA,0,,1.428571429,24.28571429,8.571428571,18.57142857,22.85714286,21.42857143
Yates_2014 Q2,Yates,57,4,9,0,3,11,19,10,1,,NA,,NA,NA,NA,NA,0,,7.01754386,15.78947368,5.263157895,19.29824561,33.33333333,17.54385965
Yates_2014 Q3,Yates,54,1,16,2,1,6,18,9,1,,NA,,NA,NA,NA,NA,0,,1.851851852,29.62962963,1.851851852,11.11111111,33.33333333,16.66666667
Yates_2014 Q4,Yates,65,13,7,0,4,6,19,14,2,,NA,,NA,NA,NA,NA,0,,20,10.76923077,6.153846154,9.230769231,29.23076923,21.53846154
Yates_2015 Q1,Yates,63,5,14,0,1,6,22,14,1,,NA,,NA,NA,NA,NA,0,,7.936507937,22.22222222,1.587301587,9.523809524,34.92063492,22.22222222
Yates_2015 Q2,Yates,55,5,14,0,5,9,17,5,0,,NA,,NA,NA,NA,NA,0,,9.090909091,25.45454545,9.090909091,16.36363636,30.90909091,9.090909091
Yates_2015 Q3,Yates,64,11,10,0,9,12,13,9,0,,NA,,NA,NA,NA,NA,0,,17.1875,15.625,14.0625,18.75,20.3125,14.0625
Yates_2015 Q4,Yates,56,5,6,0,10,7,14,14,0,,NA,,NA,NA,NA,NA,0,,8.928571429,10.71428571,17.85714286,12.5,25,25
Yates_2016 Q1,Yates,58,10,10,0,5,12,16,5,0,,NA,,NA,NA,NA,NA,0,,17.24137931,17.24137931,8.620689655,20.68965517,27.5862069,8.620689655
Yates_2016 Q2,Yates,70,8,13,0,5,10,22,12,0,,NA,,NA,NA,NA,NA,0,,11.42857143,18.57142857,7.142857143,14.28571429,31.42857143,17.14285714
Yates_2016 Q3,Yates,65,9,13,0,1,16,13,12,1,,NA,,NA,NA,NA,NA,0,,13.84615385,20,1.538461538,24.61538462,20,18.46153846
Yates_2016 Q4,Yates,81,19,15,0,7,12,20,8,0,,NA,,NA,NA,NA,NA,0,,23.45679012,18.51851852,8.641975309,14.81481481,24.69135802,9.87654321
Yates_2017 Q1,Yates,55,2,12,0,5,10,16,9,1,,NA,,NA,NA,NA,NA,0,,3.636363636,21.81818182,9.090909091,18.18181818,29.09090909,16.36363636
Yates_2017 Q2,Yates,58,1,10,0,4,9,23,11,0,,NA,,NA,NA,NA,NA,0,,1.724137931,17.24137931,6.896551724,15.51724138,39.65517241,18.96551724
Yates_2017 Q3,Yates,61,9,12,1,4,7,15,12,1,,NA,,NA,NA,NA,NA,0,,14.75409836,19.67213115,6.557377049,11.47540984,24.59016393,19.67213115
Yates_2017 Q4,Yates,64,8,15,0,6,12,10,11,2,,NA,,NA,NA,NA,NA,0,,12.5,23.4375,9.375,18.75,15.625,17.1875
Yates_2018 Q1,Yates,62,6,8,0,7,10,15,16,0,,NA,,NA,NA,NA,NA,0,,9.677419355,12.90322581,11.29032258,16.12903226,24.19354839,25.80645161
Yates_2018 Q2,Yates,51,4,9,0,7,9,9,11,2,,NA,,NA,NA,NA,NA,0,,7.843137255,17.64705882,13.7254902,17.64705882,17.64705882,21.56862745
Yates_2018 Q3,Yates,50,6,8,1,4,6,14,9,2,,NA,,NA,NA,NA,NA,0,,12,16,8,12,28,18
Yates_2018 Q4,Yates,68,6,7,0,6,10,21,16,2,,NA,,NA,NA,NA,NA,0,,8.823529412,10.29411765,8.823529412,14.70588235,30.88235294,23.52941176
Yates_2019 Q1,Yates,70,8,16,1,7,6,19,12,1,,NA,,NA,NA,NA,NA,0,,11.42857143,22.85714286,10,8.571428571,27.14285714,17.14285714
Yates_2019 Q2,Yates,56,5,13,0,4,3,16,12,3,,NA,,NA,NA,NA,NA,0,,8.928571429,23.21428571,7.142857143,5.357142857,28.57142857,21.42857143
Yates_2019 Q3,Yates,50,2,8,1,4,5,18,10,2,,NA,,NA,NA,NA,NA,0,,4,16,8,10,36,20
Yates_2019 Q4,Yates,48,7,10,0,5,8,10,7,1,,NA,,NA,NA,NA,NA,0,,14.58333333,20.83333333,10.41666667,16.66666667,20.83333333,14.58333333
Yates_2020 Q1,Yates,41,7,5,0,4,7,15,1,2,,NA,,NA,1,NA,0,0.5,,17.07317073,12.19512195,9.756097561,17.07317073,36.58536585,2.43902439
Yates_2020 Q2,Yates,4,0,1,0,0,1,1,1,0,,NA,,NA,1,NA,0,0.5,,0,25,0,25,25,25
Yates_2020 Q3,Yates,37,4,2,0,5,6,12,8,0,,NA,,NA,1,NA,0,1,,10.81081081,5.405405405,13.51351351,16.21621622,32.43243243,21.62162162
Yates_2020 Q4,Yates,29,5,2,0,3,4,11,4,0,,NA,,NA,1,NA,0,1,,17.24137931,6.896551724,10.34482759,13.79310345,37.93103448,13.79310345
Yates_2021 Q1,Yates,41,6,4,0,8,5,12,5,1,Todd Casella,NA,R,NA,NA,NA,NA,0,,14.63414634,9.756097561,19.51219512,12.19512195,29.26829268,12.19512195
Yates_2021 Q2,Yates,55,6,9,0,6,18,15,0,1,Todd Casella,NA,R,NA,NA,NA,NA,0,,10.90909091,16.36363636,10.90909091,32.72727273,27.27272727,0
Yates_2021 Q3,Yates,56,13,4,0,5,17,14,3,0,Todd Casella,NA,R,NA,NA,NA,NA,0,,23.21428571,7.142857143,8.928571429,30.35714286,25,5.357142857
Yates_2021 Q4,Yates,37,3,4,0,6,8,15,1,0,Todd Casella,NA,R,NA,NA,NA,NA,0,,8.108108108,10.81081081,16.21621622,21.62162162,40.54054054,2.702702703
Yates_2022 Q1,Yates,42,8,3,0,8,2,17,3,1,Todd Casella,NA,R,NA,NA,NA,NA,0,,19.04761905,7.142857143,19.04761905,4.761904762,40.47619048,7.142857143
Yates_2022 Q2,Yates,35,8,2,2,1,5,14,3,0,Todd Casella,NA,R,NA,NA,NA,NA,0,,22.85714286,5.714285714,2.857142857,14.28571429,40,8.571428571
Yates_2022 Q3,Yates,30,1,4,0,6,5,9,4,1,Todd Casella,NA,R,NA,NA,NA,NA,0,,3.333333333,13.33333333,20,16.66666667,30,13.33333333
Yates_2022 Q4,Yates,21,3,1,0,5,2,4,5,1,Todd Casella,NA,R,NA,NA,NA,NA,0,,14.28571429,4.761904762,23.80952381,9.523809524,19.04761905,23.80952381
