County_and_Quarter,County,Total,Year,State_Prison,State_intermediate_punishment,County_Jail,Restrictive_intermediate_punishment,Probation,Restorative_Sanction,County.1,Name,Party,Did_Incumbent_Seek_Reelection,If_Sought_Reelection_Did_Incumbent_Win,Contested_Primary,Contested_General,Notes,Decarceratory,Percentage_Prison,Percentage_Jail,Percentage_Intermediate_Punishment,Percentage_Probation,Percentage_Restorative_Sanction,Election_Year
Adams_2013 Q1,Adams,299,2013,41,12,19,123,98,6,Adams,Shawn Wagner,R,0,NA,NA,NA,,0,13.71237458,6.35451505,4.013377926,32.77591973,2.006688963,0
Adams_2013 Q2,Adams,236,2013,27,NA,20,74,109,6,Adams,Shawn Wagner,R,0,NA,NA,NA,,0,11.44067797,8.474576271,NA,46.18644068,2.542372881,0
Adams_2013 Q3,Adams,259,2013,49,NA,31,84,88,7,Adams,Shawn Wagner,R,0,NA,NA,NA,,0,18.91891892,11.96911197,NA,33.97683398,2.702702703,0
Adams_2013 Q4,Adams,234,2013,39,NA,24,64,100,7,Adams,Shawn Wagner,R,0,NA,NA,NA,,0,16.66666667,10.25641026,NA,42.73504274,2.991452991,0
Adams_2014 Q1,Adams,344,2014,63,NA,71,58,145,7,Adams,Shawn Wagner,R,0,NA,NA,NA,,0,18.31395349,20.63953488,NA,42.15116279,2.034883721,0.5
Adams_2014 Q2,Adams,271,2014,34,NA,91,16,121,9,Adams,Shawn Wagner,R,0,NA,NA,NA,,0,12.54612546,33.57933579,NA,44.64944649,3.32103321,0.5
Adams_2014 Q3,Adams,335,2014,73,NA,86,30,129,17,Adams,Shawn Wagner,R,0,NA,NA,NA,,0,21.79104478,25.67164179,NA,38.50746269,5.074626866,0.5
Adams_2014 Q4,Adams,255,2014,30,3,78,32,99,13,Adams,Shawn Wagner,R,0,NA,NA,NA,,0,11.76470588,30.58823529,1.176470588,38.82352941,5.098039216,0.5
Adams_2015 Q1,Adams,300,2015,43,2,91,22,122,20,Adams,Shawn Wagner,R,0,NA,0,0,,0,14.33333333,30.33333333,0.666666667,40.66666667,6.666666667,1
Adams_2015 Q2,Adams,266,2015,65,2,80,19,91,9,Adams,Shawn Wagner,R,0,NA,0,0,,0,24.43609023,30.07518797,0.751879699,34.21052632,3.383458647,1
Adams_2015 Q3,Adams,269,2015,39,NA,72,21,118,19,Adams,Shawn Wagner,R,0,NA,0,0,,0,14.49814126,26.76579926,NA,43.866171,7.063197026,1
Adams_2015 Q4,Adams,234,2015,34,NA,66,24,98,12,Adams,Shawn Wagner,R,0,NA,0,0,,0,14.52991453,28.20512821,NA,41.88034188,5.128205128,1
Adams_2016 Q1,Adams,306,2016,40,6,88,49,107,16,Adams,Brian Sinnett,R,1,1,0,0,,0,13.07189542,28.75816993,1.960784314,34.96732026,5.22875817,0
Adams_2016 Q2,Adams,362,2016,67,NA,113,40,123,19,Adams,Brian Sinnett,R,1,1,0,0,,0,18.50828729,31.21546961,NA,33.97790055,5.248618785,0
Adams_2016 Q3,Adams,270,2016,63,2,59,15,113,18,Adams,Brian Sinnett,R,1,1,0,0,,0,23.33333333,21.85185185,0.740740741,41.85185185,6.666666667,0
Adams_2016 Q4,Adams,246,2016,47,4,52,17,109,17,Adams,Brian Sinnett,R,1,1,0,0,,0,19.10569106,21.13821138,1.62601626,44.30894309,6.910569106,0
Adams_2017 Q1,Adams,304,2017,35,NA,89,26,132,22,Adams,Brian Sinnett,R,1,1,0,0,,0,11.51315789,29.27631579,NA,43.42105263,7.236842105,0
Adams_2017 Q2,Adams,356,2017,44,NA,105,41,132,34,Adams,Brian Sinnett,R,1,1,0,0,,0,12.35955056,29.49438202,NA,37.07865169,9.550561798,0
Adams_2017 Q3,Adams,263,2017,44,4,80,33,91,11,Adams,Brian Sinnett,R,1,1,0,0,,0,16.73003802,30.41825095,1.520912548,34.60076046,4.182509506,0
Adams_2017 Q4,Adams,290,2017,32,4,93,46,91,24,Adams,Brian Sinnett,R,1,1,0,0,,0,11.03448276,32.06896552,1.379310345,31.37931034,8.275862069,0
Adams_2018 Q1,Adams,299,2018,19,2,87,38,123,30,Adams,Brian Sinnett,R,1,1,0,0,,0,6.35451505,29.09698997,0.668896321,41.13712375,10.03344482,0.5
Adams_2018 Q2,Adams,380,2018,41,2,131,38,138,30,Adams,Brian Sinnett,R,1,1,0,0,,0,10.78947368,34.47368421,0.526315789,36.31578947,7.894736842,0.5
Adams_2018 Q3,Adams,224,2018,20,NA,84,35,76,9,Adams,Brian Sinnett,R,1,1,0,0,,0,8.928571429,37.5,NA,33.92857143,4.017857143,0.5
Adams_2018 Q4,Adams,230,2018,22,3,66,34,90,15,Adams,Brian Sinnett,R,1,1,0,0,,0,9.565217391,28.69565217,1.304347826,39.13043478,6.52173913,0.5
Adams_2019 Q1,Adams,280,2019,23,7,94,39,106,11,Adams,Brian Sinnett,R,1,1,0,0,,0,8.214285714,33.57142857,2.5,37.85714286,3.928571429,1
Adams_2019 Q2,Adams,293,2019,35,4,80,41,98,35,Adams,Brian Sinnett,R,1,1,0,0,,0,11.94539249,27.30375427,1.365187713,33.44709898,11.94539249,1
Adams_2019 Q3,Adams,314,2019,34,3,113,32,120,12,Adams,Brian Sinnett,R,1,1,0,0,,0,10.82802548,35.98726115,0.955414013,38.21656051,3.821656051,1
Adams_2019 Q4,Adams,266,2019,29,NA,76,26,117,18,Adams,Brian Sinnett,R,1,1,0,0,,0,10.90225564,28.57142857,NA,43.98496241,6.766917293,1
Adams_2020 Q1,Adams,236,2020,33,NA,77,39,72,15,Adams,Brian Sinnett,R,NA,NA,NA,NA,,0,13.98305085,32.62711864,NA,30.50847458,6.355932203,0
Adams_2020 Q2,Adams,235,2020,36,NA,26,95,65,13,Adams,Brian Sinnett,R,NA,NA,NA,NA,,0,15.31914894,11.06382979,NA,27.65957447,5.531914894,0
Adams_2020 Q3,Adams,372,2020,50,NA,36,126,128,32,Adams,Brian Sinnett,R,NA,NA,NA,NA,,0,13.44086022,9.677419355,NA,34.40860215,8.602150538,0
Adams_2020 Q4,Adams,380,2020,47,NA,43,104,121,65,Adams,Brian Sinnett,R,NA,NA,NA,NA,,0,12.36842105,11.31578947,NA,31.84210526,17.10526316,0
Adams_2021 Q1,Adams,358,2021,60,NA,38,125,111,24,Adams,Brian Sinnett,R,NA,NA,NA,NA,,0,16.75977654,10.61452514,NA,31.00558659,6.703910615,0
Adams_2021 Q2,Adams,296,2021,29,NA,49,116,90,12,Adams,Brian Sinnett,R,NA,NA,NA,NA,,0,9.797297297,16.55405405,NA,30.40540541,4.054054054,0
Adams_2021 Q3,Adams,293,2021,41,NA,52,88,96,16,Adams,Brian Sinnett,R,NA,NA,NA,NA,,0,13.99317406,17.74744027,NA,32.76450512,5.460750853,0
Adams_2021 Q4,Adams,272,2021,45,NA,42,100,69,16,Adams,Brian Sinnett,R,NA,NA,NA,NA,,0,16.54411765,15.44117647,NA,25.36764706,5.882352941,0
Allegheny_2013 Q1,Allegheny,5067,2013,285,3,590,457,1882,1850,Allegheny,Stephen Zappala,D,1,1,0,0,,1,5.624629959,11.64397079,0.059206631,37.14229327,36.51075587,0
Allegheny_2013 Q2,Allegheny,4839,2013,229,7,572,456,1869,1706,Allegheny,Stephen Zappala,D,1,1,0,0,,1,4.732382724,11.8206241,0.144657987,38.62368258,35.25521802,0
Allegheny_2013 Q3,Allegheny,5071,2013,302,NA,560,532,1918,1759,Allegheny,Stephen Zappala,D,1,1,0,0,,1,5.955432853,11.04318675,NA,37.82291461,34.68743838,0
Allegheny_2013 Q4,Allegheny,4297,2013,235,1,430,484,1727,1420,Allegheny,Stephen Zappala,D,1,1,0,0,,1,5.468931813,10.00698162,0.02327205,40.19083081,33.04631138,0
Allegheny_2014 Q1,Allegheny,4699,2014,281,4,533,509,1832,1540,Allegheny,Stephen Zappala,D,1,1,0,0,,1,5.979995744,11.3428389,0.085124495,38.98701851,32.77293041,0.5
Allegheny_2014 Q2,Allegheny,5139,2014,280,4,483,554,2187,1631,Allegheny,Stephen Zappala,D,1,1,0,0,,1,5.448530843,9.398715703,0.077836155,42.55691769,31.73769216,0.5
Allegheny_2014 Q3,Allegheny,4920,2014,273,NA,469,486,2002,1690,Allegheny,Stephen Zappala,D,1,1,0,0,,1,5.548780488,9.532520325,NA,40.69105691,34.3495935,0.5
Allegheny_2014 Q4,Allegheny,4487,2014,200,8,510,366,1776,1627,Allegheny,Stephen Zappala,D,1,1,0,0,,1,4.45732115,11.36616893,0.178292846,39.58101181,36.26030756,0.5
Allegheny_2015 Q1,Allegheny,4770,2015,239,2,524,416,2060,1529,Allegheny,Stephen Zappala,D,1,1,0,0,,1,5.01048218,10.98532495,0.041928721,43.18658281,32.05450734,1
Allegheny_2015 Q2,Allegheny,4619,2015,249,1,494,436,2031,1408,Allegheny,Stephen Zappala,D,1,1,0,0,,1,5.390777225,10.69495562,0.021649708,43.9705564,30.48278848,1
Allegheny_2015 Q3,Allegheny,4366,2015,222,1,481,378,1978,1306,Allegheny,Stephen Zappala,D,1,1,0,0,,1,5.084745763,11.01694915,0.02290426,45.30462666,29.91296381,1
Allegheny_2015 Q4,Allegheny,3974,2015,181,NA,370,343,1870,1210,Allegheny,Stephen Zappala,D,1,1,0,0,,1,4.554604932,9.310518369,NA,47.05586311,30.44791142,1
Allegheny_2016 Q1,Allegheny,4790,2016,288,3,549,372,2082,1496,Allegheny,Stephen Zappala,D,1,1,1,1,,1,6.012526096,11.46137787,0.06263048,43.46555324,31.23173278,0
Allegheny_2016 Q2,Allegheny,4514,2016,250,11,537,359,1961,1396,Allegheny,Stephen Zappala,D,1,1,1,1,,1,5.53832521,11.89632255,0.243686309,43.44262295,30.92600798,0
Allegheny_2016 Q3,Allegheny,4277,2016,197,16,517,317,1811,1419,Allegheny,Stephen Zappala,D,1,1,1,1,,1,4.606032266,12.08791209,0.374093991,42.34276362,33.17746084,0
Allegheny_2016 Q4,Allegheny,3520,2016,189,NA,468,264,1622,977,Allegheny,Stephen Zappala,D,1,1,1,1,,1,5.369318182,13.29545455,NA,46.07954545,27.75568182,0
Allegheny_2017 Q1,Allegheny,4454,2017,195,10,554,329,2020,1346,Allegheny,Stephen Zappala,D,1,1,1,1,,1,4.378087113,12.43825775,0.224517288,45.35249214,30.22002694,0
Allegheny_2017 Q2,Allegheny,3853,2017,233,1,475,282,1853,1009,Allegheny,Stephen Zappala,D,1,1,1,1,,1,6.04723592,12.32805606,0.025953802,48.09239554,26.18738645,0
Allegheny_2017 Q3,Allegheny,3439,2017,151,3,488,357,1612,828,Allegheny,Stephen Zappala,D,1,1,1,1,,1,4.390811282,14.19017156,0.087234661,46.87409131,24.0767665,0
Allegheny_2017 Q4,Allegheny,3437,2017,121,NA,548,347,1669,752,Allegheny,Stephen Zappala,D,1,1,1,1,,1,3.520512074,15.94413733,NA,48.55979051,21.87954612,0
Allegheny_2018 Q1,Allegheny,3975,2018,162,NA,575,362,1834,1042,Allegheny,Stephen Zappala,D,1,1,1,1,,1,4.075471698,14.46540881,NA,46.13836478,26.21383648,0.5
Allegheny_2018 Q2,Allegheny,3702,2018,200,NA,526,358,1838,780,Allegheny,Stephen Zappala,D,1,1,1,1,,1,5.402485143,14.20853593,NA,49.64883847,21.06969206,0.5
Allegheny_2018 Q3,Allegheny,3651,2018,222,NA,496,400,1741,792,Allegheny,Stephen Zappala,D,1,1,1,1,,1,6.080525883,13.58531909,NA,47.6855656,21.69268694,0.5
Allegheny_2018 Q4,Allegheny,3460,2018,165,1,523,385,1742,644,Allegheny,Stephen Zappala,D,1,1,1,1,,1,4.768786127,15.11560694,0.028901734,50.34682081,18.61271676,0.5
Allegheny_2019 Q1,Allegheny,3910,2019,172,5,586,370,2104,673,Allegheny,Stephen Zappala,D,1,1,1,1,,1,4.398976982,14.98721228,0.127877238,53.81074169,17.21227621,1
Allegheny_2019 Q2,Allegheny,4050,2019,234,NA,578,441,1959,838,Allegheny,Stephen Zappala,D,1,1,1,1,,1,5.777777778,14.27160494,NA,48.37037037,20.69135802,1
Allegheny_2019 Q3,Allegheny,3680,2019,191,NA,552,383,1857,697,Allegheny,Stephen Zappala,D,1,1,1,1,,1,5.190217391,15,NA,50.46195652,18.94021739,1
Allegheny_2019 Q4,Allegheny,3546,2019,191,NA,546,457,1790,562,Allegheny,Stephen Zappala,D,1,1,1,1,,1,5.386350818,15.39763113,NA,50.47941342,15.84884377,1
Allegheny_2020 Q1,Allegheny,3020,2020,162,NA,470,285,1560,543,Allegheny,Stephen Zappala,D,NA,NA,NA,NA,,1,5.364238411,15.56291391,NA,51.65562914,17.98013245,0
Allegheny_2020 Q2,Allegheny,1168,2020,63,NA,202,136,572,195,Allegheny,Stephen Zappala,D,NA,NA,NA,NA,,1,5.393835616,17.29452055,NA,48.97260274,16.69520548,0
Allegheny_2020 Q3,Allegheny,2232,2020,92,NA,421,278,1051,390,Allegheny,Stephen Zappala,D,NA,NA,NA,NA,,1,4.121863799,18.86200717,NA,47.08781362,17.47311828,0
Allegheny_2020 Q4,Allegheny,2140,2020,66,NA,380,235,1134,325,Allegheny,Stephen Zappala,D,NA,NA,NA,NA,,1,3.08411215,17.75700935,NA,52.99065421,15.18691589,0
Allegheny_2021 Q1,Allegheny,2552,2021,89,NA,468,309,1310,376,Allegheny,Stephen Zappala,D,NA,NA,NA,NA,,1,3.487460815,18.33855799,NA,51.3322884,14.73354232,0
Allegheny_2021 Q2,Allegheny,2581,2021,143,NA,395,252,1361,430,Allegheny,Stephen Zappala,D,NA,NA,NA,NA,,1,5.540488183,15.30414568,NA,52.73149942,16.66020922,0
Allegheny_2021 Q3,Allegheny,2693,2021,207,NA,377,300,1323,486,Allegheny,Stephen Zappala,D,NA,NA,NA,NA,,1,7.686594876,13.99925733,NA,49.12736725,18.04678797,0
Allegheny_2021 Q4,Allegheny,2601,2021,124,NA,451,329,1268,429,Allegheny,Stephen Zappala,D,NA,NA,NA,NA,,1,4.767397155,17.33948481,NA,48.75048058,16.49365629,0
Armstrong_2013 Q1,Armstrong,135,2013,11,NA,67,5,34,18,Armstrong,,,NA,NA,NA,NA,emailed,NA,8.148148148,49.62962963,NA,25.18518519,13.33333333,0
Armstrong_2013 Q2,Armstrong,179,2013,12,4,69,12,63,19,Armstrong,,,NA,NA,NA,NA,,NA,6.703910615,38.54748603,2.234636872,35.19553073,10.61452514,0
Armstrong_2013 Q3,Armstrong,139,2013,16,NA,49,5,49,20,Armstrong,,,NA,NA,NA,NA,,NA,11.51079137,35.25179856,NA,35.25179856,14.38848921,0
Armstrong_2013 Q4,Armstrong,110,2013,4,NA,48,2,36,20,Armstrong,,,NA,NA,NA,NA,,NA,3.636363636,43.63636364,NA,32.72727273,18.18181818,0
Armstrong_2014 Q1,Armstrong,115,2014,13,NA,53,1,33,15,Armstrong,,,NA,NA,NA,NA,,NA,11.30434783,46.08695652,NA,28.69565217,13.04347826,0
Armstrong_2014 Q2,Armstrong,109,2014,5,NA,59,1,30,14,Armstrong,,,NA,NA,NA,NA,,NA,4.587155963,54.12844037,NA,27.52293578,12.8440367,0
Armstrong_2014 Q3,Armstrong,118,2014,7,NA,51,3,42,15,Armstrong,,,NA,NA,NA,NA,,NA,5.93220339,43.22033898,NA,35.59322034,12.71186441,0
Armstrong_2014 Q4,Armstrong,146,2014,16,NA,67,8,38,17,Armstrong,,,NA,NA,NA,NA,,NA,10.95890411,45.89041096,NA,26.02739726,11.64383562,0
Armstrong_2015 Q1,Armstrong,105,2015,5,NA,42,6,35,17,Armstrong,,,NA,NA,NA,NA,,NA,4.761904762,40,NA,33.33333333,16.19047619,0
Armstrong_2015 Q2,Armstrong,157,2015,9,1,64,4,45,34,Armstrong,,,NA,NA,NA,NA,,NA,5.732484076,40.76433121,0.636942675,28.66242038,21.65605096,0
Armstrong_2015 Q3,Armstrong,158,2015,11,NA,56,6,44,41,Armstrong,,,NA,NA,NA,NA,,NA,6.962025316,35.44303797,NA,27.84810127,25.94936709,0
Armstrong_2015 Q4,Armstrong,119,2015,8,NA,44,1,36,30,Armstrong,,,NA,NA,NA,NA,,NA,6.722689076,36.97478992,NA,30.25210084,25.21008403,0
Armstrong_2016 Q1,Armstrong,171,2016,3,NA,72,5,33,58,Armstrong,,,NA,NA,NA,NA,,NA,1.754385965,42.10526316,NA,19.29824561,33.91812865,0.5
Armstrong_2016 Q2,Armstrong,185,2016,15,NA,65,13,47,45,Armstrong,,,NA,NA,NA,NA,,NA,8.108108108,35.13513514,NA,25.40540541,24.32432432,0.5
Armstrong_2016 Q3,Armstrong,156,2016,9,NA,51,6,36,54,Armstrong,,,NA,NA,NA,NA,,NA,5.769230769,32.69230769,NA,23.07692308,34.61538462,0.5
Armstrong_2016 Q4,Armstrong,187,2016,13,NA,61,4,56,53,Armstrong,,,NA,NA,NA,NA,,NA,6.951871658,32.62032086,NA,29.94652406,28.34224599,0.5
Armstrong_2017 Q1,Armstrong,139,2017,1,NA,65,3,43,27,Armstrong,,,NA,NA,0,1,,NA,0.71942446,46.76258993,NA,30.9352518,19.42446043,1
Armstrong_2017 Q2,Armstrong,140,2017,5,NA,72,2,34,27,Armstrong,,,NA,NA,0,1,,NA,3.571428571,51.42857143,NA,24.28571429,19.28571429,1
Armstrong_2017 Q3,Armstrong,119,2017,4,NA,48,5,44,18,Armstrong,,,NA,NA,0,1,,NA,3.361344538,40.33613445,NA,36.97478992,15.12605042,1
Armstrong_2017 Q4,Armstrong,172,2017,16,2,57,6,60,31,Armstrong,,,NA,NA,0,1,,NA,9.302325581,33.13953488,1.162790698,34.88372093,18.02325581,1
Armstrong_2018 Q1,Armstrong,157,2018,13,NA,54,11,49,30,Armstrong,Katie Charlton,R,NA,NA,NA,NA,,0,8.280254777,34.39490446,NA,31.21019108,19.10828025,0
Armstrong_2018 Q2,Armstrong,204,2018,23,NA,63,5,69,44,Armstrong,Katie Charlton,R,NA,NA,NA,NA,,0,11.2745098,30.88235294,NA,33.82352941,21.56862745,0
Armstrong_2018 Q3,Armstrong,197,2018,12,NA,88,15,54,28,Armstrong,Katie Charlton,R,NA,NA,NA,NA,,0,6.091370558,44.67005076,NA,27.41116751,14.21319797,0
Armstrong_2018 Q4,Armstrong,157,2018,18,NA,51,4,60,24,Armstrong,Katie Charlton,R,NA,NA,NA,NA,,0,11.46496815,32.48407643,NA,38.21656051,15.2866242,0
Armstrong_2019 Q1,Armstrong,228,2019,15,NA,85,7,68,53,Armstrong,Katie Charlton,R,NA,NA,NA,NA,,0,6.578947368,37.28070175,NA,29.8245614,23.24561404,0
Armstrong_2019 Q2,Armstrong,164,2019,17,NA,61,7,56,23,Armstrong,Katie Charlton,R,NA,NA,NA,NA,,0,10.36585366,37.19512195,NA,34.14634146,14.02439024,0
Armstrong_2019 Q3,Armstrong,245,2019,27,NA,71,3,47,97,Armstrong,Katie Charlton,R,NA,NA,NA,NA,,0,11.02040816,28.97959184,NA,19.18367347,39.59183673,0
Armstrong_2019 Q4,Armstrong,223,2019,17,NA,92,9,67,38,Armstrong,Katie Charlton,R,NA,NA,NA,NA,,0,7.623318386,41.25560538,NA,30.04484305,17.04035874,0
Armstrong_2020 Q1,Armstrong,215,2020,20,NA,76,7,56,56,Armstrong,Katie Charlton,R,NA,NA,NA,NA,,0,9.302325581,35.34883721,NA,26.04651163,26.04651163,0
Armstrong_2020 Q2,Armstrong,169,2020,19,NA,56,6,43,45,Armstrong,Katie Charlton,R,NA,NA,NA,NA,,0,11.24260355,33.13609467,NA,25.44378698,26.62721893,0
Armstrong_2020 Q3,Armstrong,188,2020,12,NA,92,6,39,39,Armstrong,Katie Charlton,R,NA,NA,NA,NA,,0,6.382978723,48.93617021,NA,20.74468085,20.74468085,0
Armstrong_2020 Q4,Armstrong,162,2020,14,NA,70,5,46,27,Armstrong,Katie Charlton,R,NA,NA,NA,NA,,0,8.641975309,43.20987654,NA,28.39506173,16.66666667,0
Armstrong_2021 Q1,Armstrong,62,2021,6,NA,29,1,16,10,Armstrong,Katie Charlton,R,NA,NA,NA,NA,,0,9.677419355,46.77419355,NA,25.80645161,16.12903226,0
Armstrong_2021 Q2,Armstrong,220,2021,19,NA,84,5,62,50,Armstrong,Katie Charlton,R,NA,NA,NA,NA,,0,8.636363636,38.18181818,NA,28.18181818,22.72727273,0
Armstrong_2021 Q3,Armstrong,185,2021,27,NA,72,3,50,33,Armstrong,Katie Charlton,R,NA,NA,NA,NA,,0,14.59459459,38.91891892,NA,27.02702703,17.83783784,0
Armstrong_2021 Q4,Armstrong,214,2021,30,NA,93,NA,59,32,Armstrong,Katie Charlton,R,NA,NA,NA,NA,,0,14.01869159,43.45794393,NA,27.57009346,14.95327103,0
Beaver_2013 Q1,Beaver,398,2013,27,1,84,74,212,NA,Beaver,Anthony Berosh ,D,NA,NA,NA,NA,,0,6.783919598,21.10552764,0.251256281,53.26633166,NA,0
Beaver_2013 Q2,Beaver,413,2013,49,8,63,60,232,1,Beaver,Anthony Berosh ,D,NA,NA,NA,NA,,0,11.86440678,15.25423729,1.937046005,56.17433414,0.242130751,0
Beaver_2013 Q3,Beaver,429,2013,46,7,86,60,226,4,Beaver,Anthony Berosh ,D,NA,NA,NA,NA,,0,10.72261072,20.04662005,1.631701632,52.68065268,0.932400932,0
Beaver_2013 Q4,Beaver,414,2013,29,1,94,50,235,5,Beaver,Anthony Berosh ,D,NA,NA,NA,NA,,0,7.004830918,22.70531401,0.241545894,56.76328502,1.207729469,0
Beaver_2014 Q1,Beaver,495,2014,47,NA,112,83,249,4,Beaver,Anthony Berosh ,D,NA,NA,NA,NA,,0,9.494949495,22.62626263,NA,50.3030303,0.808080808,0.5
Beaver_2014 Q2,Beaver,363,2014,27,NA,64,51,217,4,Beaver,Anthony Berosh ,D,NA,NA,NA,NA,,0,7.438016529,17.63085399,NA,59.77961433,1.101928375,0.5
Beaver_2014 Q3,Beaver,471,2014,65,NA,104,42,257,3,Beaver,Anthony Berosh ,D,NA,NA,NA,NA,,0,13.80042463,22.08067941,NA,54.56475584,0.636942675,0.5
Beaver_2014 Q4,Beaver,446,2014,48,NA,90,49,257,2,Beaver,Anthony Berosh ,D,NA,NA,NA,NA,,0,10.76233184,20.1793722,NA,57.62331839,0.448430493,0.5
Beaver_2015 Q1,Beaver,518,2015,29,NA,94,85,306,4,Beaver,Anthony Berosh ,D,0,NA,1,1,,0,5.598455598,18.14671815,NA,59.07335907,0.772200772,1
Beaver_2015 Q2,Beaver,428,2015,32,11,67,68,240,10,Beaver,Anthony Berosh ,D,0,NA,1,1,,0,7.476635514,15.65420561,2.570093458,56.07476636,2.336448598,1
Beaver_2015 Q3,Beaver,545,2015,39,NA,102,85,311,8,Beaver,Anthony Berosh ,D,0,NA,1,1,,0,7.155963303,18.71559633,NA,57.06422018,1.467889908,1
Beaver_2015 Q4,Beaver,423,2015,52,NA,67,45,239,20,Beaver,Anthony Berosh ,D,0,NA,1,1,,0,12.29314421,15.8392435,NA,56.50118203,4.728132388,1
Beaver_2016 Q1,Beaver,586,2016,76,3,124,89,282,12,Beaver,David Lozier,R,1,1,0,1,,0,12.96928328,21.16040956,0.511945392,48.12286689,2.04778157,0
Beaver_2016 Q2,Beaver,461,2016,64,2,86,80,219,10,Beaver,David Lozier,R,1,1,0,1,,0,13.88286334,18.65509761,0.433839479,47.50542299,2.169197397,0
Beaver_2016 Q3,Beaver,456,2016,83,NA,78,79,208,8,Beaver,David Lozier,R,1,1,0,1,,0,18.20175439,17.10526316,NA,45.61403509,1.754385965,0
Beaver_2016 Q4,Beaver,412,2016,28,NA,81,85,213,5,Beaver,David Lozier,R,1,1,0,1,,0,6.796116505,19.66019417,NA,51.69902913,1.213592233,0
Beaver_2017 Q1,Beaver,464,2017,57,NA,117,74,185,31,Beaver,David Lozier,R,1,1,0,1,,0,12.28448276,25.21551724,NA,39.87068966,6.681034483,0
Beaver_2017 Q2,Beaver,354,2017,54,NA,75,68,138,19,Beaver,David Lozier,R,1,1,0,1,,0,15.25423729,21.18644068,NA,38.98305085,5.367231638,0
Beaver_2017 Q3,Beaver,415,2017,41,NA,77,82,206,9,Beaver,David Lozier,R,1,1,0,1,,0,9.879518072,18.55421687,NA,49.63855422,2.168674699,0
Beaver_2017 Q4,Beaver,371,2017,33,NA,106,54,162,16,Beaver,David Lozier,R,1,1,0,1,,0,8.894878706,28.57142857,NA,43.66576819,4.312668464,0
Beaver_2018 Q1,Beaver,399,2018,15,NA,127,87,160,10,Beaver,David Lozier,R,1,1,0,1,,0,3.759398496,31.82957393,NA,40.10025063,2.506265664,0.5
Beaver_2018 Q2,Beaver,389,2018,71,NA,96,69,144,9,Beaver,David Lozier,R,1,1,0,1,,0,18.25192802,24.67866324,NA,37.01799486,2.313624679,0.5
Beaver_2018 Q3,Beaver,449,2018,36,NA,135,65,193,20,Beaver,David Lozier,R,1,1,0,1,,0,8.017817372,30.06681514,NA,42.9844098,4.454342984,0.5
Beaver_2018 Q4,Beaver,413,2018,48,NA,105,89,160,11,Beaver,David Lozier,R,1,1,0,1,,0,11.62227603,25.42372881,NA,38.7409201,2.663438257,0.5
Beaver_2019 Q1,Beaver,463,2019,81,NA,105,101,157,19,Beaver,David Lozier,R,1,1,0,1,,0,17.49460043,22.67818575,NA,33.90928726,4.103671706,1
Beaver_2019 Q2,Beaver,482,2019,58,NA,127,91,192,14,Beaver,David Lozier,R,1,1,0,1,,0,12.03319502,26.34854772,NA,39.8340249,2.904564315,1
Beaver_2019 Q3,Beaver,446,2019,39,1,98,93,201,14,Beaver,David Lozier,R,1,1,0,1,,0,8.744394619,21.97309417,0.224215247,45.06726457,3.139013453,1
Beaver_2019 Q4,Beaver,369,2019,30,NA,87,97,135,20,Beaver,David Lozier,R,1,1,0,1,,0,8.130081301,23.57723577,NA,36.58536585,5.420054201,1
Beaver_2020 Q1,Beaver,448,2020,73,NA,96,97,165,17,Beaver,David Lozier,R,NA,NA,NA,NA,,0,16.29464286,21.42857143,NA,36.83035714,3.794642857,0
Beaver_2020 Q2,Beaver,259,2020,57,NA,84,29,73,16,Beaver,David Lozier,R,NA,NA,NA,NA,,0,22.00772201,32.43243243,NA,28.18532819,6.177606178,0
Beaver_2020 Q3,Beaver,409,2020,21,NA,86,98,169,35,Beaver,David Lozier,R,NA,NA,NA,NA,,0,5.134474328,21.02689487,NA,41.3202934,8.557457213,0
Beaver_2020 Q4,Beaver,244,2020,17,NA,50,54,112,11,Beaver,David Lozier,R,NA,NA,NA,NA,,0,6.967213115,20.49180328,NA,45.90163934,4.508196721,0
Beaver_2021 Q1,Beaver,378,2021,47,NA,56,86,163,26,Beaver,David Lozier,R,NA,NA,NA,NA,,0,12.43386243,14.81481481,NA,43.12169312,6.878306878,0
Beaver_2021 Q2,Beaver,321,2021,32,NA,81,69,126,13,Beaver,David Lozier,R,NA,NA,NA,NA,,0,9.968847352,25.23364486,NA,39.25233645,4.049844237,0
Beaver_2021 Q3,Beaver,312,2021,25,NA,67,102,109,9,Beaver,David Lozier,R,NA,NA,NA,NA,,0,8.012820513,21.47435897,NA,34.93589744,2.884615385,0
Beaver_2021 Q4,Beaver,401,2021,83,NA,75,89,124,30,Beaver,David Lozier,R,NA,NA,NA,NA,,0,20.69825436,18.7032419,NA,30.92269327,7.481296758,0
Bedford_2013 Q1,Bedford,116,2013,37,NA,42,2,31,4,Bedford,William Higgins,R,1,1,0,0,,0,31.89655172,36.20689655,NA,26.72413793,3.448275862,0
Bedford_2013 Q2,Bedford,141,2013,42,1,45,1,51,1,Bedford,William Higgins,R,1,1,0,0,,0,29.78723404,31.91489362,0.709219858,36.17021277,0.709219858,0
Bedford_2013 Q3,Bedford,115,2013,56,2,27,NA,28,2,Bedford,William Higgins,R,1,1,0,0,,0,48.69565217,23.47826087,1.739130435,24.34782609,1.739130435,0
Bedford_2013 Q4,Bedford,136,2013,27,2,52,1,43,11,Bedford,William Higgins,R,1,1,0,0,,0,19.85294118,38.23529412,1.470588235,31.61764706,8.088235294,0
Bedford_2014 Q1,Bedford,162,2014,27,NA,74,1,56,4,Bedford,William Higgins,R,1,1,0,0,,0,16.66666667,45.67901235,NA,34.56790123,2.469135802,0.5
Bedford_2014 Q2,Bedford,145,2014,28,NA,66,NA,50,1,Bedford,William Higgins,R,1,1,0,0,,0,19.31034483,45.51724138,NA,34.48275862,0.689655172,0.5
Bedford_2014 Q3,Bedford,91,2014,19,NA,35,NA,37,NA,Bedford,William Higgins,R,1,1,0,0,,0,20.87912088,38.46153846,NA,40.65934066,NA,0.5
Bedford_2014 Q4,Bedford,1,2014,NA,NA,1,NA,NA,NA,Bedford,William Higgins,R,1,1,0,0,,0,NA,100,NA,NA,NA,0.5
Bedford_2015 Q1,Bedford,112,2015,34,4,34,NA,35,5,Bedford,William Higgins,R,1,1,0,0,,0,30.35714286,30.35714286,3.571428571,31.25,4.464285714,1
Bedford_2015 Q2,Bedford,112,2015,34,1,30,NA,39,8,Bedford,William Higgins,R,1,1,0,0,,0,30.35714286,26.78571429,0.892857143,34.82142857,7.142857143,1
Bedford_2015 Q3,Bedford,115,2015,12,7,40,1,46,9,Bedford,William Higgins,R,1,1,0,0,,0,10.43478261,34.7826087,6.086956522,40,7.826086957,1
Bedford_2015 Q4,Bedford,107,2015,25,NA,42,NA,35,5,Bedford,William Higgins,R,1,1,0,0,,0,23.36448598,39.25233645,NA,32.71028037,4.672897196,1
Bedford_2016 Q1,Bedford,303,2016,74,10,79,NA,112,28,Bedford,William Higgins,R,1,1,0,0,,0,24.42244224,26.07260726,3.300330033,36.96369637,9.240924092,0
Bedford_2016 Q2,Bedford,196,2016,37,2,76,NA,66,15,Bedford,William Higgins,R,1,1,0,0,,0,18.87755102,38.7755102,1.020408163,33.67346939,7.653061224,0
Bedford_2016 Q3,Bedford,185,2016,26,10,50,NA,85,14,Bedford,William Higgins,R,1,1,0,0,,0,14.05405405,27.02702703,5.405405405,45.94594595,7.567567568,0
Bedford_2016 Q4,Bedford,153,2016,36,8,53,NA,48,8,Bedford,William Higgins,R,1,1,0,0,,0,23.52941176,34.64052288,5.22875817,31.37254902,5.22875817,0
Bedford_2017 Q1,Bedford,138,2017,17,8,35,NA,70,8,Bedford,William Higgins,R,1,1,0,0,,0,12.31884058,25.36231884,5.797101449,50.72463768,5.797101449,0
Bedford_2017 Q2,Bedford,146,2017,9,4,55,NA,62,16,Bedford,William Higgins,R,1,1,0,0,,0,6.164383562,37.67123288,2.739726027,42.46575342,10.95890411,0
Bedford_2017 Q3,Bedford,220,2017,33,6,51,NA,104,26,Bedford,William Higgins,R,1,1,0,0,,0,15,23.18181818,2.727272727,47.27272727,11.81818182,0
Bedford_2017 Q4,Bedford,497,2017,220,11,85,NA,143,38,Bedford,William Higgins,R,1,1,0,0,,0,44.26559356,17.10261569,2.213279678,28.77263581,7.645875252,0
Bedford_2018 Q1,Bedford,289,2018,44,11,60,NA,133,41,Bedford,William Higgins,R,1,1,0,0,,0,15.22491349,20.76124567,3.806228374,46.02076125,14.18685121,0.5
Bedford_2018 Q2,Bedford,144,2018,13,3,43,NA,74,11,Bedford,William Higgins,R,1,1,0,0,,0,9.027777778,29.86111111,2.083333333,51.38888889,7.638888889,0.5
Bedford_2018 Q3,Bedford,201,2018,54,5,50,NA,81,11,Bedford,William Higgins,R,1,1,0,0,,0,26.86567164,24.87562189,2.487562189,40.29850746,5.472636816,0.5
Bedford_2018 Q4,Bedford,161,2018,28,NA,53,NA,69,11,Bedford,William Higgins,R,1,1,0,0,,0,17.39130435,32.91925466,NA,42.85714286,6.832298137,0.5
Bedford_2019 Q1,Bedford,178,2019,42,1,51,NA,75,9,Bedford,Lesley Childers-Potts,R,1,1,0,0,Potts was put in because Higgins was a sexual predator,0,23.59550562,28.65168539,0.561797753,42.13483146,5.056179775,1
Bedford_2019 Q2,Bedford,185,2019,39,1,52,NA,82,11,Bedford,Lesley Childers-Potts,R,1,1,0,0,,0,21.08108108,28.10810811,0.540540541,44.32432432,5.945945946,1
Bedford_2019 Q3,Bedford,225,2019,39,3,74,NA,88,21,Bedford,Lesley Childers-Potts,R,1,1,0,0,,0,17.33333333,32.88888889,1.333333333,39.11111111,9.333333333,1
Bedford_2019 Q4,Bedford,128,2019,2,5,47,NA,58,16,Bedford,Lesley Childers-Potts,R,1,1,0,0,,0,1.5625,36.71875,3.90625,45.3125,12.5,1
Bedford_2020 Q1,Bedford,133,2020,9,NA,58,NA,60,6,Bedford,Lesley Childers-Potts,R,NA,NA,NA,NA,,0,6.766917293,43.60902256,NA,45.11278195,4.511278195,0
Bedford_2020 Q2,Bedford,212,2020,42,NA,86,NA,84,NA,Bedford,Lesley Childers-Potts,R,NA,NA,NA,NA,,0,19.81132075,40.56603774,NA,39.62264151,NA,0
Bedford_2020 Q3,Bedford,179,2020,19,NA,66,NA,90,4,Bedford,Lesley Childers-Potts,R,NA,NA,NA,NA,,0,10.61452514,36.87150838,NA,50.27932961,2.234636872,0
Bedford_2020 Q4,Bedford,156,2020,6,NA,68,1,79,2,Bedford,Lesley Childers-Potts,R,NA,NA,NA,NA,,0,3.846153846,43.58974359,NA,50.64102564,1.282051282,0
Bedford_2021 Q1,Bedford,127,2021,18,NA,46,NA,57,6,Bedford,Lesley Childers-Potts,R,NA,NA,NA,NA,,0,14.17322835,36.22047244,NA,44.88188976,4.724409449,0
Bedford_2021 Q2,Bedford,147,2021,14,NA,55,NA,75,3,Bedford,Lesley Childers-Potts,R,NA,NA,NA,NA,,0,9.523809524,37.41496599,NA,51.02040816,2.040816327,0
Bedford_2021 Q3,Bedford,118,2021,25,NA,35,NA,58,NA,Bedford,Lesley Childers-Potts,R,NA,NA,NA,NA,,0,21.18644068,29.66101695,NA,49.15254237,NA,0
Bedford_2021 Q4,Bedford,95,2021,11,NA,32,NA,50,2,Bedford,Lesley Childers-Potts,R,NA,NA,NA,NA,,0,11.57894737,33.68421053,NA,52.63157895,2.105263158,0
Berks_2013 Q1,Berks,1279,2013,251,7,325,18,611,67,Berks,John Adams,D,1,1,0,0,,0,19.6247068,25.41047694,0.54730258,47.77169664,5.238467553,0
Berks_2013 Q2,Berks,1224,2013,256,1,310,31,555,71,Berks,John Adams,D,1,1,0,0,,0,20.91503268,25.32679739,0.081699346,45.34313725,5.800653595,0
Berks_2013 Q3,Berks,1116,2013,140,5,340,27,539,65,Berks,John Adams,D,1,1,0,0,,0,12.54480287,30.46594982,0.448028674,48.29749104,5.82437276,0
Berks_2013 Q4,Berks,1123,2013,219,1,278,10,574,41,Berks,John Adams,D,1,1,0,0,,0,19.50133571,24.75512021,0.089047195,51.11308994,3.650934996,0
Berks_2014 Q1,Berks,1104,2014,224,2,282,14,518,64,Berks,John Adams,D,1,1,0,0,,0,20.28985507,25.54347826,0.18115942,46.92028986,5.797101449,0.5
Berks_2014 Q2,Berks,1299,2014,252,NA,356,15,633,43,Berks,John Adams,D,1,1,0,0,,0,19.39953811,27.40569669,NA,48.72979215,3.310238645,0.5
Berks_2014 Q3,Berks,1243,2014,276,4,318,11,583,51,Berks,John Adams,D,1,1,0,0,,0,22.20434433,25.58326629,0.321802092,46.90265487,4.102976669,0.5
Berks_2014 Q4,Berks,1046,2014,220,NA,247,18,519,42,Berks,John Adams,D,1,1,0,0,,0,21.03250478,23.61376673,NA,49.61759082,4.015296367,0.5
Berks_2015 Q1,Berks,1422,2015,269,6,387,15,698,47,Berks,John Adams,D,1,1,0,0,,0,18.91701828,27.21518987,0.421940928,49.08579466,3.305203938,1
Berks_2015 Q2,Berks,1128,2015,176,2,335,21,531,63,Berks,John Adams,D,1,1,0,0,,0,15.60283688,29.69858156,0.177304965,47.07446809,5.585106383,1
Berks_2015 Q3,Berks,1327,2015,203,1,360,26,663,74,Berks,John Adams,D,1,1,0,0,,0,15.2976639,27.12886209,0.07535795,49.96232102,5.57648832,1
Berks_2015 Q4,Berks,1283,2015,245,2,331,22,631,52,Berks,John Adams,D,1,1,0,0,,0,19.09586906,25.79890881,0.155884645,49.18160561,4.053000779,1
Berks_2016 Q1,Berks,1347,2016,220,NA,365,43,655,64,Berks,John Adams,D,1,1,0,0,,0,16.33259094,27.09725316,NA,48.62657758,4.751299183,0
Berks_2016 Q2,Berks,1363,2016,216,NA,362,42,683,60,Berks,John Adams,D,1,1,0,0,,0,15.84739545,26.5590609,NA,50.11005136,4.402054292,0
Berks_2016 Q3,Berks,1227,2016,234,NA,293,13,637,50,Berks,John Adams,D,1,1,0,0,,0,19.07090465,23.8793806,NA,51.91524042,4.074979625,0
Berks_2016 Q4,Berks,1154,2016,211,NA,362,6,528,47,Berks,John Adams,D,1,1,0,0,,0,18.28422877,31.36915078,NA,45.75389948,4.072790295,0
Berks_2017 Q1,Berks,1444,2017,309,2,394,10,678,51,Berks,John Adams,D,1,1,0,0,,0,21.39889197,27.28531856,0.138504155,46.95290859,3.531855956,0
Berks_2017 Q2,Berks,1319,2017,227,NA,362,5,648,77,Berks,John Adams,D,1,1,0,0,,0,17.21000758,27.44503412,NA,49.12812737,5.837755876,0
Berks_2017 Q3,Berks,1099,2017,171,NA,371,4,529,24,Berks,John Adams,D,1,1,0,0,,0,15.55959964,33.75796178,NA,48.13466788,2.183803458,0
Berks_2017 Q4,Berks,669,2017,152,NA,170,NA,339,8,Berks,John Adams,D,1,1,0,0,,0,22.72047833,25.41106129,NA,50.67264574,1.195814649,0
Berks_2018 Q1,Berks,1089,2018,177,2,318,12,527,53,Berks,John Adams,D,1,1,0,0,,0,16.25344353,29.20110193,0.183654729,48.39302112,4.866850321,0.5
Berks_2018 Q2,Berks,1136,2018,262,NA,296,4,521,53,Berks,John Adams,D,1,1,0,0,,0,23.06338028,26.05633803,NA,45.86267606,4.665492958,0.5
Berks_2018 Q3,Berks,1075,2018,200,3,316,9,523,24,Berks,John Adams,D,1,1,0,0,,0,18.60465116,29.39534884,0.279069767,48.65116279,2.23255814,0.5
Berks_2018 Q4,Berks,689,2018,209,NA,173,NA,298,9,Berks,John Adams,D,1,1,0,0,,0,30.33381713,25.10885341,NA,43.25108853,1.306240929,0.5
Berks_2019 Q1,Berks,1155,2019,210,2,333,4,546,60,Berks,John Adams,D,1,1,0,0,,0,18.18181818,28.83116883,0.173160173,47.27272727,5.194805195,1
Berks_2019 Q2,Berks,1395,2019,187,NA,413,11,666,118,Berks,John Adams,D,1,1,0,0,,0,13.40501792,29.60573477,NA,47.74193548,8.458781362,1
Berks_2019 Q3,Berks,1160,2019,157,NA,366,17,594,26,Berks,John Adams,D,1,1,0,0,,0,13.53448276,31.55172414,NA,51.20689655,2.24137931,1
Berks_2019 Q4,Berks,1148,2019,202,7,342,24,538,35,Berks,John Adams,D,1,1,0,0,,0,17.59581882,29.79094077,0.609756098,46.8641115,3.048780488,1
Berks_2020 Q1,Berks,909,2020,170,NA,286,14,410,29,Berks,John Adams,D,NA,NA,NA,NA,,0,18.70187019,31.46314631,NA,45.10451045,3.190319032,0
Berks_2020 Q2,Berks,594,2020,130,NA,212,3,236,13,Berks,John Adams,D,NA,NA,NA,NA,,0,21.88552189,35.69023569,NA,39.73063973,2.188552189,0
Berks_2020 Q3,Berks,705,2020,117,NA,206,23,340,19,Berks,John Adams,D,NA,NA,NA,NA,,0,16.59574468,29.21985816,NA,48.22695035,2.695035461,0
Berks_2020 Q4,Berks,582,2020,106,NA,162,21,278,15,Berks,John Adams,D,NA,NA,NA,NA,,0,18.21305842,27.83505155,NA,47.76632302,2.577319588,0
Berks_2021 Q1,Berks,866,2021,126,NA,273,6,431,30,Berks,John Adams,D,NA,NA,NA,NA,,0,14.54965358,31.52424942,NA,49.76905312,3.464203233,0.5
Berks_2021 Q2,Berks,897,2021,161,NA,246,7,452,31,Berks,John Adams,D,NA,NA,NA,NA,,0,17.94871795,27.42474916,NA,50.39018952,3.455964326,0.5
Berks_2021 Q3,Berks,942,2021,172,NA,258,33,460,19,Berks,John Adams,D,NA,NA,NA,NA,,0,18.25902335,27.38853503,NA,48.83227176,2.016985138,0.5
Berks_2021 Q4,Berks,832,2021,169,NA,213,41,370,39,Berks,John Adams,D,NA,NA,NA,NA,,0,20.3125,25.60096154,NA,44.47115385,4.6875,0.5
Blair_2013 Q1,Blair,447,2013,85,NA,66,27,255,14,Blair,Richard Consiglio,R,1,1,0,0,,0,19.01565996,14.76510067,NA,57.04697987,3.131991051,1
Blair_2013 Q2,Blair,615,2013,151,NA,87,41,314,22,Blair,Richard Consiglio,R,1,1,0,0,,0,24.55284553,14.14634146,NA,51.05691057,3.577235772,1
Blair_2013 Q3,Blair,513,2013,101,NA,82,39,268,23,Blair,Richard Consiglio,R,1,1,0,0,,0,19.68810916,15.98440546,NA,52.2417154,4.483430799,1
Blair_2013 Q4,Blair,426,2013,44,NA,99,33,247,3,Blair,Richard Consiglio,R,1,1,0,0,,0,10.3286385,23.23943662,NA,57.98122066,0.704225352,1
Blair_2014 Q1,Blair,507,2014,104,13,77,54,230,29,Blair,Richard Consiglio,R,1,1,0,0,,0,20.51282051,15.18737673,2.564102564,45.36489152,5.719921105,0
Blair_2014 Q2,Blair,489,2014,86,4,81,44,260,14,Blair,Richard Consiglio,R,1,1,0,0,,0,17.58691207,16.56441718,0.81799591,53.16973415,2.862985685,0
Blair_2014 Q3,Blair,563,2014,152,11,81,32,278,9,Blair,Richard Consiglio,R,1,1,0,0,,0,26.9982238,14.38721137,1.953818828,49.37833037,1.598579041,0
Blair_2014 Q4,Blair,579,2014,129,5,105,42,283,15,Blair,Richard Consiglio,R,1,1,0,0,,0,22.27979275,18.13471503,0.863557858,48.87737478,2.590673575,0
Blair_2015 Q1,Blair,698,2015,167,NA,129,41,340,21,Blair,Richard Consiglio,R,1,1,0,0,,0,23.92550143,18.48137536,NA,48.71060172,3.008595989,0
Blair_2015 Q2,Blair,712,2015,120,20,136,40,382,14,Blair,Richard Consiglio,R,1,1,0,0,,0,16.85393258,19.1011236,2.808988764,53.65168539,1.966292135,0
Blair_2015 Q3,Blair,597,2015,86,7,128,36,314,26,Blair,Richard Consiglio,R,1,1,0,0,,0,14.40536013,21.44053601,1.172529313,52.59631491,4.355108878,0
Blair_2015 Q4,Blair,532,2015,86,22,88,53,270,13,Blair,Richard Consiglio,R,1,1,0,0,,0,16.16541353,16.54135338,4.135338346,50.7518797,2.443609023,0
Blair_2016 Q1,Blair,581,2016,100,20,97,25,320,19,Blair,Richard Consiglio,R,1,1,0,0,,0,17.21170396,16.69535284,3.442340792,55.07745267,3.270223752,0.5
Blair_2016 Q2,Blair,616,2016,82,18,100,48,343,25,Blair,Richard Consiglio,R,1,1,0,0,,0,13.31168831,16.23376623,2.922077922,55.68181818,4.058441558,0.5
Blair_2016 Q3,Blair,517,2016,109,26,63,28,267,24,Blair,Richard Consiglio,R,1,1,0,0,,0,21.08317215,12.18568665,5.02901354,51.64410058,4.642166344,0.5
Blair_2016 Q4,Blair,191,2016,23,NA,41,2,111,14,Blair,Richard Consiglio,R,1,1,0,0,,0,12.04188482,21.46596859,NA,58.11518325,7.329842932,0.5
Blair_2017 Q1,Blair,315,2017,62,NA,35,47,152,19,Blair,Richard Consiglio,R,1,1,0,0,,0,19.68253968,11.11111111,NA,48.25396825,6.031746032,1
Blair_2017 Q2,Blair,445,2017,80,8,82,22,223,30,Blair,Richard Consiglio,R,1,1,0,0,,0,17.97752809,18.42696629,1.797752809,50.11235955,6.741573034,1
Blair_2017 Q3,Blair,448,2017,91,5,94,50,190,18,Blair,Richard Consiglio,R,1,1,0,0,,0,20.3125,20.98214286,1.116071429,42.41071429,4.017857143,1
Blair_2017 Q4,Blair,75,2017,5,NA,15,2,53,NA,Blair,Richard Consiglio,R,1,1,0,0,,0,6.666666667,20,NA,70.66666667,NA,1
Blair_2018 Q1,Blair,469,2018,112,11,88,36,190,32,Blair,Richard Consiglio,R,NA,NA,NA,NA,,0,23.88059701,18.76332623,2.345415778,40.51172708,6.823027719,0
Blair_2018 Q2,Blair,332,2018,75,10,55,22,137,33,Blair,Richard Consiglio,R,NA,NA,NA,NA,,0,22.59036145,16.56626506,3.012048193,41.26506024,9.939759036,0
Blair_2018 Q3,Blair,290,2018,70,NA,52,17,136,15,Blair,Richard Consiglio,R,NA,NA,NA,NA,,0,24.13793103,17.93103448,NA,46.89655172,5.172413793,0
Blair_2018 Q4,Blair,399,2018,53,15,53,58,194,26,Blair,Richard Consiglio,R,NA,NA,NA,NA,,0,13.28320802,13.28320802,3.759398496,48.62155388,6.516290727,0
Blair_2019 Q1,Blair,676,2019,137,5,89,40,309,96,Blair,Richard Consiglio,R,NA,NA,NA,NA,,0,20.26627219,13.16568047,0.73964497,45.71005917,14.20118343,0
Blair_2019 Q2,Blair,607,2019,162,NA,80,51,241,73,Blair,Richard Consiglio,R,NA,NA,NA,NA,,0,26.68863262,13.17957166,NA,39.70345964,12.02635914,0
Blair_2019 Q3,Blair,658,2019,97,12,114,59,274,102,Blair,Richard Consiglio,R,NA,NA,NA,NA,,0,14.74164134,17.32522796,1.823708207,41.64133739,15.50151976,0
Blair_2019 Q4,Blair,550,2019,54,10,89,65,288,44,Blair,Richard Consiglio,R,NA,NA,NA,NA,,0,9.818181818,16.18181818,1.818181818,52.36363636,8,0
Blair_2020 Q1,Blair,674,2020,180,4,84,30,279,97,Blair,Peter Weeks,R,1,1,0,0,,0,26.70623145,12.46290801,0.59347181,41.39465875,14.39169139,0.5
Blair_2020 Q2,Blair,342,2020,64,NA,38,25,136,79,Blair,Peter Weeks,R,1,1,0,0,,0,18.71345029,11.11111111,NA,39.76608187,23.0994152,0.5
Blair_2020 Q3,Blair,613,2020,149,NA,76,14,202,172,Blair,Peter Weeks,R,1,1,0,0,,0,24.30668842,12.39804241,NA,32.95269168,28.05872757,0.5
Blair_2020 Q4,Blair,439,2020,119,NA,55,8,167,90,Blair,Peter Weeks,R,1,1,0,0,,0,27.1070615,12.5284738,NA,38.04100228,20.50113895,0.5
Blair_2021 Q1,Blair,579,2021,81,NA,85,20,208,185,Blair,Peter Weeks,R,1,1,0,0,,0,13.98963731,14.68048359,NA,35.92400691,31.95164076,1
Blair_2021 Q2,Blair,651,2021,87,NA,93,18,239,214,Blair,Peter Weeks,R,1,1,0,0,,0,13.3640553,14.28571429,NA,36.71274962,32.87250384,1
Blair_2021 Q3,Blair,899,2021,116,NA,91,33,347,312,Blair,Peter Weeks,R,1,1,0,0,,0,12.90322581,10.12235818,NA,38.59844271,34.70522803,1
Blair_2021 Q4,Blair,817,2021,181,NA,108,39,280,209,Blair,Peter Weeks,R,1,1,0,0,,0,22.15422277,13.21909425,NA,34.27172583,25.58139535,1
Bradford_2013 Q1,Bradford,187,2013,31,4,86,1,64,1,Bradford,Daniel Barrett,R,1,1,0,0,,0,16.57754011,45.98930481,2.139037433,34.22459893,0.534759358,0
Bradford_2013 Q2,Bradford,174,2013,44,NA,64,11,54,1,Bradford,Daniel Barrett,R,1,1,0,0,,0,25.28735632,36.7816092,NA,31.03448276,0.574712644,0
Bradford_2013 Q3,Bradford,182,2013,21,20,53,23,64,1,Bradford,Daniel Barrett,R,1,1,0,0,,0,11.53846154,29.12087912,10.98901099,35.16483516,0.549450549,0
Bradford_2013 Q4,Bradford,176,2013,36,1,65,15,57,2,Bradford,Daniel Barrett,R,1,1,0,0,,0,20.45454545,36.93181818,0.568181818,32.38636364,1.136363636,0
Bradford_2014 Q1,Bradford,166,2014,33,NA,67,15,51,NA,Bradford,Daniel Barrett,R,1,1,0,0,,0,19.87951807,40.36144578,NA,30.72289157,NA,0.5
Bradford_2014 Q2,Bradford,134,2014,21,9,65,7,31,1,Bradford,Daniel Barrett,R,1,1,0,0,,0,15.67164179,48.50746269,6.71641791,23.13432836,0.746268657,0.5
Bradford_2014 Q3,Bradford,139,2014,15,7,45,9,61,2,Bradford,Daniel Barrett,R,1,1,0,0,,0,10.79136691,32.37410072,5.035971223,43.88489209,1.438848921,0.5
Bradford_2014 Q4,Bradford,143,2014,47,2,31,16,47,NA,Bradford,Daniel Barrett,R,1,1,0,0,,0,32.86713287,21.67832168,1.398601399,32.86713287,NA,0.5
Bradford_2015 Q1,Bradford,145,2015,27,3,51,12,52,NA,Bradford,Daniel Barrett,R,1,1,0,0,,0,18.62068966,35.17241379,2.068965517,35.86206897,NA,1
Bradford_2015 Q2,Bradford,141,2015,26,2,56,8,48,1,Bradford,Daniel Barrett,R,1,1,0,0,,0,18.43971631,39.71631206,1.418439716,34.04255319,0.709219858,1
Bradford_2015 Q3,Bradford,140,2015,8,12,50,11,58,1,Bradford,Daniel Barrett,R,1,1,0,0,,0,5.714285714,35.71428571,8.571428571,41.42857143,0.714285714,1
Bradford_2015 Q4,Bradford,164,2015,23,5,60,9,66,1,Bradford,Daniel Barrett,R,1,1,0,0,,0,14.02439024,36.58536585,3.048780488,40.24390244,0.609756098,1
Bradford_2016 Q1,Bradford,123,2016,38,4,43,12,26,NA,Bradford,Daniel Barrett,R,0,NA,NA,NA,,0,30.89430894,34.95934959,3.25203252,21.13821138,NA,0
Bradford_2016 Q2,Bradford,180,2016,40,18,62,10,47,3,Bradford,Daniel Barrett,R,0,NA,NA,NA,,0,22.22222222,34.44444444,10,26.11111111,1.666666667,0
Bradford_2016 Q3,Bradford,167,2016,50,11,42,15,48,1,Bradford,Daniel Barrett,R,0,NA,NA,NA,,0,29.94011976,25.1497006,6.586826347,28.74251497,0.598802395,0
Bradford_2016 Q4,Bradford,151,2016,20,1,57,5,68,NA,Bradford,Daniel Barrett,R,0,NA,NA,NA,,0,13.24503311,37.74834437,0.662251656,45.03311258,NA,0
Bradford_2017 Q1,Bradford,175,2017,41,5,55,7,66,1,Bradford,Daniel Barrett,R,0,NA,NA,NA,,0,23.42857143,31.42857143,2.857142857,37.71428571,0.571428571,0
Bradford_2017 Q2,Bradford,155,2017,20,3,63,11,57,1,Bradford,Daniel Barrett,R,0,NA,NA,NA,,0,12.90322581,40.64516129,1.935483871,36.77419355,0.64516129,0
Bradford_2017 Q3,Bradford,124,2017,23,3,55,4,34,5,Bradford,Daniel Barrett,R,0,NA,NA,NA,,0,18.5483871,44.35483871,2.419354839,27.41935484,4.032258065,0
Bradford_2017 Q4,Bradford,169,2017,35,1,59,12,59,3,Bradford,Daniel Barrett,R,0,NA,NA,NA,,0,20.71005917,34.9112426,0.591715976,34.9112426,1.775147929,0
Bradford_2018 Q1,Bradford,165,2018,45,3,60,11,42,4,Bradford,Daniel Barrett,R,0,NA,NA,NA,,0,27.27272727,36.36363636,1.818181818,25.45454545,2.424242424,0.5
Bradford_2018 Q2,Bradford,201,2018,35,15,76,7,67,1,Bradford,Daniel Barrett,R,0,NA,NA,NA,,0,17.41293532,37.81094527,7.462686567,33.33333333,0.497512438,0.5
Bradford_2018 Q3,Bradford,167,2018,51,8,50,5,50,3,Bradford,Daniel Barrett,R,0,NA,NA,NA,,0,30.53892216,29.94011976,4.790419162,29.94011976,1.796407186,0.5
Bradford_2018 Q4,Bradford,150,2018,64,NA,53,3,30,NA,Bradford,Daniel Barrett,R,0,NA,NA,NA,,0,42.66666667,35.33333333,NA,20,NA,0.5
Bradford_2019 Q1,Bradford,196,2019,37,10,81,1,61,6,Bradford,Daniel Barrett,R,0,NA,1,1,,0,18.87755102,41.32653061,5.102040816,31.12244898,3.06122449,1
Bradford_2019 Q2,Bradford,179,2019,46,2,67,6,52,6,Bradford,Daniel Barrett,R,0,NA,1,1,,0,25.69832402,37.4301676,1.117318436,29.05027933,3.351955307,1
Bradford_2019 Q3,Bradford,165,2019,43,13,57,2,50,NA,Bradford,Daniel Barrett,R,0,NA,1,1,,0,26.06060606,34.54545455,7.878787879,30.3030303,NA,1
Bradford_2019 Q4,Bradford,172,2019,48,11,59,NA,53,1,Bradford,Daniel Barrett,R,0,NA,1,1,,0,27.90697674,34.30232558,6.395348837,30.81395349,0.581395349,1
Bradford_2020 Q1,Bradford,206,2020,72,3,77,1,53,NA,Bradford,Albert Ondrey,R,NA,NA,NA,NA,,0,34.95145631,37.37864078,1.45631068,25.72815534,NA,0
Bradford_2020 Q2,Bradford,163,2020,24,NA,76,1,58,4,Bradford,Albert Ondrey,R,NA,NA,NA,NA,,0,14.72392638,46.62576687,NA,35.58282209,2.45398773,0
Bradford_2020 Q3,Bradford,126,2020,20,NA,52,2,50,2,Bradford,Albert Ondrey,R,NA,NA,NA,NA,,0,15.87301587,41.26984127,NA,39.68253968,1.587301587,0
Bradford_2020 Q4,Bradford,131,2020,26,NA,54,NA,49,2,Bradford,Albert Ondrey,R,NA,NA,NA,NA,,0,19.84732824,41.22137405,NA,37.40458015,1.526717557,0
Bradford_2021 Q1,Bradford,171,2021,38,NA,60,4,64,5,Bradford,Albert Ondrey,R,NA,NA,NA,NA,,0,22.22222222,35.0877193,NA,37.42690058,2.923976608,0.5
Bradford_2021 Q2,Bradford,167,2021,45,NA,71,2,46,3,Bradford,Albert Ondrey,R,NA,NA,NA,NA,,0,26.94610778,42.51497006,NA,27.54491018,1.796407186,0.5
Bradford_2021 Q3,Bradford,180,2021,43,NA,81,2,52,2,Bradford,Albert Ondrey,R,NA,NA,NA,NA,,0,23.88888889,45,NA,28.88888889,1.111111111,0.5
Bradford_2021 Q4,Bradford,180,2021,55,NA,69,NA,54,2,Bradford,Albert Ondrey,R,NA,NA,NA,NA,,0,30.55555556,38.33333333,NA,30,1.111111111,0.5
Bucks_2013 Q1,Bucks,1384,2013,91,5,561,NA,667,60,Bucks,David Heckler,R,1,1,0,0,,0,6.575144509,40.53468208,0.361271676,48.19364162,4.335260116,1
Bucks_2013 Q2,Bucks,1461,2013,115,20,545,NA,730,51,Bucks,David Heckler,R,1,1,0,0,,0,7.871321013,37.30321697,1.368925394,49.96577687,3.490759754,1
Bucks_2013 Q3,Bucks,1571,2013,129,2,583,6,767,84,Bucks,David Heckler,R,1,1,0,0,,0,8.211330363,37.11012094,0.127307447,48.82240611,5.346912794,1
Bucks_2013 Q4,Bucks,1486,2013,132,NA,544,NA,721,89,Bucks,David Heckler,R,1,1,0,0,,0,8.882907133,36.60834455,NA,48.51951548,5.98923284,1
Bucks_2014 Q1,Bucks,1274,2014,75,3,469,2,632,93,Bucks,David Heckler,R,NA,NA,NA,NA,,0,5.886970173,36.81318681,0.235478807,49.60753532,7.299843014,0
Bucks_2014 Q2,Bucks,1213,2014,99,NA,401,NA,582,131,Bucks,David Heckler,R,NA,NA,NA,NA,,0,8.161582852,33.05853256,NA,47.98021434,10.79967024,0
Bucks_2014 Q3,Bucks,1230,2014,117,1,391,12,569,140,Bucks,David Heckler,R,NA,NA,NA,NA,,0,9.512195122,31.78861789,0.081300813,46.2601626,11.38211382,0
Bucks_2014 Q4,Bucks,1127,2014,69,1,371,4,531,151,Bucks,David Heckler,R,NA,NA,NA,NA,,0,6.12244898,32.91925466,0.088731145,47.1162378,13.39840284,0
Bucks_2015 Q1,Bucks,1472,2015,150,NA,495,NA,681,146,Bucks,David Heckler,R,NA,NA,NA,NA,,0,10.19021739,33.62771739,NA,46.26358696,9.918478261,0
Bucks_2015 Q2,Bucks,1793,2015,126,NA,558,2,845,262,Bucks,David Heckler,R,NA,NA,NA,NA,,0,7.0273285,31.12102621,NA,47.12771891,14.61238148,0
Bucks_2015 Q3,Bucks,1325,2015,87,9,386,NA,635,208,Bucks,David Heckler,R,NA,NA,NA,NA,,0,6.566037736,29.13207547,0.679245283,47.9245283,15.69811321,0
Bucks_2015 Q4,Bucks,841,2015,48,NA,236,1,411,145,Bucks,David Heckler,R,NA,NA,NA,NA,,0,5.707491082,28.06183115,NA,48.87039239,17.24137931,0
Bucks_2016 Q1,Bucks,1438,2016,93,NA,440,NA,683,222,Bucks,David Heckler,R,NA,NA,NA,NA,,0,6.467315716,30.59805285,NA,47.49652295,15.43810848,0.5
Bucks_2016 Q2,Bucks,1718,2016,100,3,507,NA,789,319,Bucks,David Heckler,R,NA,NA,NA,NA,,0,5.820721769,29.51105937,0.174621653,45.92549476,18.56810244,0.5
Bucks_2016 Q3,Bucks,1196,2016,88,NA,341,6,595,166,Bucks,Matt Weintraub,R,1,1,1,1,,0,7.357859532,28.51170569,NA,49.74916388,13.87959866,0.5
Bucks_2016 Q4,Bucks,960,2016,53,NA,266,7,479,155,Bucks,Matt Weintraub,R,1,1,1,1,,0,5.520833333,27.70833333,NA,49.89583333,16.14583333,0.5
Bucks_2017 Q1,Bucks,1819,2017,108,NA,528,6,880,297,Bucks,Matt Weintraub,R,1,1,1,1,,0,5.937328202,29.02693788,NA,48.3782298,16.32765256,1
Bucks_2017 Q2,Bucks,1657,2017,106,NA,477,6,854,214,Bucks,Matt Weintraub,R,1,1,1,1,,0,6.397103199,28.78696439,NA,51.53892577,12.91490646,1
Bucks_2017 Q3,Bucks,1078,2017,83,NA,326,2,486,181,Bucks,Matt Weintraub,R,1,1,1,1,,0,7.699443414,30.24118738,NA,45.08348794,16.7903525,1
Bucks_2017 Q4,Bucks,985,2017,69,NA,262,2,516,136,Bucks,Matt Weintraub,R,1,1,1,1,,0,7.005076142,26.59898477,NA,52.3857868,13.8071066,1
Bucks_2018 Q1,Bucks,1350,2018,64,NA,402,2,636,246,Bucks,Matt Weintraub,R,1,1,0,1,,0,4.740740741,29.77777778,NA,47.11111111,18.22222222,0
Bucks_2018 Q2,Bucks,1389,2018,63,NA,416,2,685,223,Bucks,Matt Weintraub,R,1,1,0,1,,0,4.535637149,29.94960403,NA,49.31605472,16.05471562,0
Bucks_2018 Q3,Bucks,1137,2018,96,NA,241,NA,605,195,Bucks,Matt Weintraub,R,1,1,0,1,,0,8.443271768,21.19613017,NA,53.21020229,17.15039578,0
Bucks_2018 Q4,Bucks,977,2018,69,NA,298,2,444,164,Bucks,Matt Weintraub,R,1,1,0,1,,0,7.062436029,30.50153531,NA,45.44524053,16.78607984,0
Bucks_2019 Q1,Bucks,1414,2019,112,NA,371,1,654,276,Bucks,Matt Weintraub,R,1,1,0,1,,0,7.920792079,26.23762376,NA,46.25176803,19.51909477,0
Bucks_2019 Q2,Bucks,1669,2019,85,NA,474,3,765,342,Bucks,Matt Weintraub,R,1,1,0,1,,0,5.092869982,28.40023966,NA,45.83582984,20.49131216,0
Bucks_2019 Q3,Bucks,1545,2019,108,NA,402,1,703,331,Bucks,Matt Weintraub,R,1,1,0,1,,0,6.990291262,26.01941748,NA,45.50161812,21.42394822,0
Bucks_2019 Q4,Bucks,1279,2019,80,NA,363,2,561,273,Bucks,Matt Weintraub,R,1,1,0,1,,0,6.25488663,28.38154808,NA,43.86239249,21.34480063,0
Bucks_2020 Q1,Bucks,1409,2020,94,NA,352,1,666,296,Bucks,Matt Weintraub,R,1,1,0,1,,0,6.671398155,24.98225692,NA,47.26756565,21.00780696,0.5
Bucks_2020 Q2,Bucks,481,2020,21,NA,145,1,205,109,Bucks,Matt Weintraub,R,1,1,0,1,,0,4.365904366,30.14553015,NA,42.61954262,22.66112266,0.5
Bucks_2020 Q3,Bucks,1332,2020,50,NA,343,3,629,307,Bucks,Matt Weintraub,R,1,1,0,1,,0,3.753753754,25.75075075,NA,47.22222222,23.04804805,0.5
Bucks_2020 Q4,Bucks,1360,2020,53,NA,315,1,649,342,Bucks,Matt Weintraub,R,1,1,0,1,,0,3.897058824,23.16176471,NA,47.72058824,25.14705882,0.5
Bucks_2021 Q1,Bucks,996,2021,59,NA,184,12,480,261,Bucks,Matt Weintraub,R,1,1,0,1,,0,5.923694779,18.47389558,NA,48.19277108,26.20481928,1
Bucks_2021 Q2,Bucks,1360,2021,52,NA,238,60,661,349,Bucks,Matt Weintraub,R,1,1,0,1,,0,3.823529412,17.5,NA,48.60294118,25.66176471,1
Bucks_2021 Q3,Bucks,1877,2021,100,NA,333,93,944,407,Bucks,Matt Weintraub,R,1,1,0,1,,0,5.327650506,17.74107619,NA,50.29302078,21.68353756,1
Bucks_2021 Q4,Bucks,1688,2021,151,NA,293,91,669,484,Bucks,Matt Weintraub,R,1,1,0,1,,0,8.94549763,17.35781991,NA,39.63270142,28.67298578,1
Butler_2013 Q1,Butler,508,2013,60,NA,110,80,235,23,Butler,Richard Goldinger,R,1,1,0,0,,0,11.81102362,21.65354331,NA,46.25984252,4.527559055,0
Butler_2013 Q2,Butler,377,2013,56,NA,74,71,160,16,Butler,Richard Goldinger,R,1,1,0,0,,0,14.85411141,19.62864721,NA,42.4403183,4.24403183,0
Butler_2013 Q3,Butler,452,2013,44,2,89,82,211,24,Butler,Richard Goldinger,R,1,1,0,0,,0,9.734513274,19.69026549,0.442477876,46.68141593,5.309734513,0
Butler_2013 Q4,Butler,390,2013,33,NA,74,85,183,15,Butler,Richard Goldinger,R,1,1,0,0,,0,8.461538462,18.97435897,NA,46.92307692,3.846153846,0
Butler_2014 Q1,Butler,575,2014,145,NA,58,70,175,127,Butler,Richard Goldinger,R,1,1,0,0,,0,25.2173913,10.08695652,NA,30.43478261,22.08695652,0.5
Butler_2014 Q2,Butler,347,2014,30,NA,67,56,176,18,Butler,Richard Goldinger,R,1,1,0,0,,0,8.645533141,19.30835735,NA,50.7204611,5.187319885,0.5
Butler_2014 Q3,Butler,418,2014,77,NA,74,64,180,23,Butler,Richard Goldinger,R,1,1,0,0,,0,18.42105263,17.70334928,NA,43.06220096,5.502392344,0.5
Butler_2014 Q4,Butler,406,2014,34,NA,93,69,184,26,Butler,Richard Goldinger,R,1,1,0,0,,0,8.374384236,22.90640394,NA,45.32019704,6.403940887,0.5
Butler_2015 Q1,Butler,339,2015,31,NA,75,54,151,28,Butler,Richard Goldinger,R,1,1,0,0,,0,9.144542773,22.12389381,NA,44.54277286,8.259587021,1
Butler_2015 Q2,Butler,440,2015,52,NA,77,64,217,30,Butler,Richard Goldinger,R,1,1,0,0,,0,11.81818182,17.5,NA,49.31818182,6.818181818,1
Butler_2015 Q3,Butler,420,2015,27,1,85,67,212,28,Butler,Richard Goldinger,R,1,1,0,0,,0,6.428571429,20.23809524,0.238095238,50.47619048,6.666666667,1
Butler_2015 Q4,Butler,388,2015,27,4,72,83,180,22,Butler,Richard Goldinger,R,1,1,0,0,,0,6.958762887,18.55670103,1.030927835,46.39175258,5.670103093,1
Butler_2016 Q1,Butler,459,2016,36,NA,93,74,229,27,Butler,Richard Goldinger,R,1,1,0,0,,0,7.843137255,20.26143791,NA,49.89106754,5.882352941,0
Butler_2016 Q2,Butler,519,2016,40,7,103,89,252,28,Butler,Richard Goldinger,R,1,1,0,0,,0,7.707129094,19.84585742,1.348747592,48.55491329,5.394990366,0
Butler_2016 Q3,Butler,439,2016,37,NA,108,68,200,26,Butler,Richard Goldinger,R,1,1,0,0,,0,8.428246014,24.60136674,NA,45.55808656,5.922551253,0
Butler_2016 Q4,Butler,379,2016,16,NA,95,68,191,9,Butler,Richard Goldinger,R,1,1,0,0,,0,4.221635884,25.06596306,NA,50.39577836,2.374670185,0
Butler_2017 Q1,Butler,399,2017,20,5,85,79,193,17,Butler,Richard Goldinger,R,1,1,0,0,,0,5.012531328,21.30325815,1.253132832,48.37092732,4.260651629,0
Butler_2017 Q2,Butler,371,2017,31,3,93,50,165,29,Butler,Richard Goldinger,R,1,1,0,0,,0,8.355795148,25.06738544,0.808625337,44.47439353,7.81671159,0
Butler_2017 Q3,Butler,421,2017,41,NA,96,54,213,17,Butler,Richard Goldinger,R,1,1,0,0,,0,9.73871734,22.80285036,NA,50.59382423,4.038004751,0
Butler_2017 Q4,Butler,413,2017,52,NA,89,59,191,22,Butler,Richard Goldinger,R,1,1,0,0,,0,12.59079903,21.5496368,NA,46.24697337,5.326876513,0
Butler_2018 Q1,Butler,404,2018,36,NA,106,61,187,14,Butler,Richard Goldinger,R,1,1,0,0,,0,8.910891089,26.23762376,NA,46.28712871,3.465346535,0.5
Butler_2018 Q2,Butler,396,2018,46,4,72,72,190,12,Butler,Richard Goldinger,R,1,1,0,0,,0,11.61616162,18.18181818,1.01010101,47.97979798,3.03030303,0.5
Butler_2018 Q3,Butler,384,2018,30,3,78,91,172,10,Butler,Richard Goldinger,R,1,1,0,0,,0,7.8125,20.3125,0.78125,44.79166667,2.604166667,0.5
Butler_2018 Q4,Butler,329,2018,20,1,78,61,148,21,Butler,Richard Goldinger,R,1,1,0,0,,0,6.079027356,23.70820669,0.303951368,44.98480243,6.382978723,0.5
Butler_2019 Q1,Butler,339,2019,23,2,73,105,126,10,Butler,Richard Goldinger,R,1,1,0,0,,0,6.784660767,21.5339233,0.589970501,37.16814159,2.949852507,1
Butler_2019 Q2,Butler,330,2019,24,2,80,63,148,13,Butler,Richard Goldinger,R,1,1,0,0,,0,7.272727273,24.24242424,0.606060606,44.84848485,3.939393939,1
Butler_2019 Q3,Butler,291,2019,19,6,49,55,144,18,Butler,Richard Goldinger,R,1,1,0,0,,0,6.529209622,16.83848797,2.06185567,49.48453608,6.18556701,1
Butler_2019 Q4,Butler,300,2019,27,13,63,72,116,9,Butler,Richard Goldinger,R,1,1,0,0,,0,9,21,4.333333333,38.66666667,3,1
Butler_2020 Q1,Butler,519,2020,140,NA,92,27,134,126,Butler,Richard Goldinger,R,NA,NA,NA,NA,,0,26.97495183,17.72639692,NA,25.81888247,24.27745665,0
Butler_2020 Q2,Butler,203,2020,18,NA,65,34,69,17,Butler,Richard Goldinger,R,NA,NA,NA,NA,,0,8.866995074,32.01970443,NA,33.99014778,8.374384236,0
Butler_2020 Q3,Butler,282,2020,15,NA,79,48,120,20,Butler,Richard Goldinger,R,NA,NA,NA,NA,,0,5.319148936,28.0141844,NA,42.55319149,7.092198582,0
Butler_2020 Q4,Butler,279,2020,23,NA,62,56,118,20,Butler,Richard Goldinger,R,NA,NA,NA,NA,,0,8.243727599,22.22222222,NA,42.29390681,7.168458781,0
Butler_2021 Q1,Butler,299,2021,14,NA,85,66,118,16,Butler,Richard Goldinger,R,NA,NA,NA,NA,,0,4.682274247,28.42809365,NA,39.46488294,5.351170569,0
Butler_2021 Q2,Butler,324,2021,33,NA,82,73,122,14,Butler,Richard Goldinger,R,NA,NA,NA,NA,,0,10.18518519,25.30864198,NA,37.65432099,4.320987654,0
Butler_2021 Q3,Butler,290,2021,47,NA,74,62,95,12,Butler,Richard Goldinger,R,NA,NA,NA,NA,,0,16.20689655,25.51724138,NA,32.75862069,4.137931034,0
Butler_2021 Q4,Butler,269,2021,24,NA,56,64,106,19,Butler,Richard Goldinger,R,NA,NA,NA,NA,,0,8.921933086,20.81784387,NA,39.40520446,7.063197026,0
Cambria_2013 Q1,Cambria,418,2013,55,NA,164,10,186,3,Cambria,,,NA,NA,NA,NA,,NA,13.15789474,39.23444976,NA,44.49760766,0.717703349,0
Cambria_2013 Q2,Cambria,381,2013,31,NA,154,19,172,5,Cambria,,,NA,NA,NA,NA,,NA,8.13648294,40.41994751,NA,45.14435696,1.312335958,0
Cambria_2013 Q3,Cambria,485,2013,65,NA,168,13,234,5,Cambria,,,NA,NA,NA,NA,,NA,13.40206186,34.63917526,NA,48.24742268,1.030927835,0
Cambria_2013 Q4,Cambria,408,2013,51,NA,173,2,173,9,Cambria,,,NA,NA,NA,NA,,NA,12.5,42.40196078,NA,42.40196078,2.205882353,0
Cambria_2014 Q1,Cambria,521,2014,115,NA,139,9,235,23,Cambria,,,NA,NA,NA,NA,,NA,22.07293666,26.67946257,NA,45.10556622,4.414587332,0
Cambria_2014 Q2,Cambria,432,2014,62,NA,171,7,186,6,Cambria,,,NA,NA,NA,NA,,NA,14.35185185,39.58333333,NA,43.05555556,1.388888889,0
Cambria_2014 Q3,Cambria,456,2014,42,NA,172,10,219,13,Cambria,,,NA,NA,NA,NA,,NA,9.210526316,37.71929825,NA,48.02631579,2.850877193,0
Cambria_2014 Q4,Cambria,334,2014,66,NA,136,3,110,19,Cambria,,,NA,NA,NA,NA,,NA,19.76047904,40.71856287,NA,32.93413174,5.688622754,0
Cambria_2015 Q1,Cambria,524,2015,50,NA,175,10,259,30,Cambria,,,NA,NA,NA,NA,,NA,9.541984733,33.39694656,NA,49.42748092,5.72519084,0
Cambria_2015 Q2,Cambria,482,2015,50,NA,186,9,231,6,Cambria,,,NA,NA,NA,NA,,NA,10.37344398,38.58921162,NA,47.9253112,1.244813278,0
Cambria_2015 Q3,Cambria,469,2015,53,NA,197,18,195,6,Cambria,,,NA,NA,NA,NA,,NA,11.30063966,42.00426439,NA,41.57782516,1.279317697,0
Cambria_2015 Q4,Cambria,390,2015,37,NA,185,4,159,5,Cambria,,,NA,NA,NA,NA,,NA,9.487179487,47.43589744,NA,40.76923077,1.282051282,0
Cambria_2016 Q1,Cambria,401,2016,34,NA,121,12,226,8,Cambria,,,NA,NA,NA,NA,,NA,8.478802993,30.17456359,NA,56.35910224,1.995012469,0
Cambria_2016 Q2,Cambria,270,2016,19,2,89,3,156,1,Cambria,,,NA,NA,NA,NA,,NA,7.037037037,32.96296296,0.740740741,57.77777778,0.37037037,0
Cambria_2016 Q3,Cambria,419,2016,45,2,139,16,214,3,Cambria,,,NA,NA,NA,NA,,NA,10.7398568,33.17422434,0.477326969,51.07398568,0.715990453,0
Cambria_2016 Q4,Cambria,323,2016,29,2,92,5,193,2,Cambria,,,NA,NA,NA,NA,,NA,8.978328173,28.48297214,0.619195046,59.75232198,0.619195046,0
Cambria_2017 Q1,Cambria,450,2017,80,1,127,29,208,5,Cambria,,,NA,NA,NA,NA,,NA,17.77777778,28.22222222,0.222222222,46.22222222,1.111111111,0
Cambria_2017 Q2,Cambria,414,2017,71,4,102,14,161,62,Cambria,,,NA,NA,NA,NA,,NA,17.14975845,24.63768116,0.966183575,38.88888889,14.97584541,0
Cambria_2017 Q3,Cambria,529,2017,81,1,99,19,198,131,Cambria,,,NA,NA,NA,NA,,NA,15.31190926,18.71455577,0.189035917,37.42911153,24.7637051,0
Cambria_2017 Q4,Cambria,335,2017,58,NA,81,17,165,14,Cambria,,,NA,NA,NA,NA,,NA,17.31343284,24.17910448,NA,49.25373134,4.179104478,0
Cambria_2018 Q1,Cambria,430,2018,62,4,119,16,217,12,Cambria,,,NA,NA,NA,NA,,NA,14.41860465,27.6744186,0.930232558,50.46511628,2.790697674,0
Cambria_2018 Q2,Cambria,434,2018,57,5,109,22,236,5,Cambria,,,NA,NA,NA,NA,,NA,13.13364055,25.11520737,1.152073733,54.37788018,1.152073733,0
Cambria_2018 Q3,Cambria,376,2018,59,NA,93,18,204,2,Cambria,,,NA,NA,NA,NA,,NA,15.69148936,24.73404255,NA,54.25531915,0.531914894,0
Cambria_2018 Q4,Cambria,349,2018,44,NA,114,15,172,4,Cambria,,,NA,NA,NA,NA,,NA,12.60744986,32.66475645,NA,49.28366762,1.146131805,0
Cambria_2019 Q1,Cambria,309,2019,63,NA,82,11,150,3,Cambria,,,NA,NA,NA,NA,,NA,20.38834951,26.53721683,NA,48.54368932,0.970873786,0
Cambria_2019 Q2,Cambria,350,2019,49,NA,91,16,182,12,Cambria,,,NA,NA,NA,NA,,NA,14,26,NA,52,3.428571429,0
Cambria_2019 Q3,Cambria,309,2019,58,NA,71,29,139,12,Cambria,,,NA,NA,NA,NA,,NA,18.77022654,22.97734628,NA,44.98381877,3.883495146,0
Cambria_2019 Q4,Cambria,252,2019,22,NA,88,13,126,3,Cambria,,,NA,NA,NA,NA,,NA,8.73015873,34.92063492,NA,50,1.19047619,0
Cambria_2020 Q1,Cambria,299,2020,40,NA,63,17,160,19,Cambria,Greg Neugebauer,R,NA,NA,NA,NA,,0,13.37792642,21.07023411,NA,53.51170569,6.35451505,0
Cambria_2020 Q2,Cambria,245,2020,30,NA,45,15,147,8,Cambria,Greg Neugebauer,R,NA,NA,NA,NA,,0,12.24489796,18.36734694,NA,60,3.265306122,0
Cambria_2020 Q3,Cambria,335,2020,26,NA,111,16,174,8,Cambria,Greg Neugebauer,R,NA,NA,NA,NA,,0,7.76119403,33.13432836,NA,51.94029851,2.388059701,0
Cambria_2020 Q4,Cambria,230,2020,9,NA,63,8,145,5,Cambria,Greg Neugebauer,R,NA,NA,NA,NA,,0,3.913043478,27.39130435,NA,63.04347826,2.173913043,0
Cambria_2021 Q1,Cambria,265,2021,34,NA,52,31,142,6,Cambria,Greg Neugebauer,R,NA,NA,NA,NA,,0,12.83018868,19.62264151,NA,53.58490566,2.264150943,0
Cambria_2021 Q2,Cambria,270,2021,34,NA,83,19,124,10,Cambria,Greg Neugebauer,R,NA,NA,NA,NA,,0,12.59259259,30.74074074,NA,45.92592593,3.703703704,0
Cambria_2021 Q3,Cambria,254,2021,40,NA,78,14,112,10,Cambria,Greg Neugebauer,R,NA,NA,NA,NA,,0,15.7480315,30.70866142,NA,44.09448819,3.937007874,0
Cambria_2021 Q4,Cambria,282,2021,32,NA,88,11,143,8,Cambria,Greg Neugebauer,R,NA,NA,NA,NA,,0,11.34751773,31.20567376,NA,50.70921986,2.836879433,0
Cameron_2013 Q1,Cameron,26,2013,13,NA,8,NA,5,NA,Cameron,,,NA,NA,NA,NA,,NA,50,30.76923077,NA,19.23076923,NA,0
Cameron_2013 Q2,Cameron,21,2013,4,NA,5,1,11,NA,Cameron,,,NA,NA,NA,NA,,NA,19.04761905,23.80952381,NA,52.38095238,NA,0
Cameron_2013 Q3,Cameron,18,2013,NA,NA,6,NA,11,1,Cameron,,,NA,NA,NA,NA,,NA,NA,33.33333333,NA,61.11111111,5.555555556,0
Cameron_2013 Q4,Cameron,0,2013,NA,NA,NA,NA,NA,NA,Cameron,,,NA,NA,NA,NA,,NA,NA,NA,NA,NA,NA,0
Cameron_2014 Q1,Cameron,14,2014,4,NA,6,NA,4,NA,Cameron,,,NA,NA,NA,NA,,NA,28.57142857,42.85714286,NA,28.57142857,NA,0
Cameron_2014 Q2,Cameron,3,2014,NA,NA,NA,NA,3,NA,Cameron,,,NA,NA,NA,NA,,NA,NA,NA,NA,100,NA,0
Cameron_2014 Q3,Cameron,22,2014,3,NA,4,NA,15,NA,Cameron,,,NA,NA,NA,NA,,NA,13.63636364,18.18181818,NA,68.18181818,NA,0
Cameron_2014 Q4,Cameron,18,2014,NA,NA,7,NA,11,NA,Cameron,,,NA,NA,NA,NA,,NA,NA,38.88888889,NA,61.11111111,NA,0
Cameron_2015 Q1,Cameron,17,2015,6,NA,3,NA,7,1,Cameron,,,NA,NA,NA,NA,,NA,35.29411765,17.64705882,NA,41.17647059,5.882352941,0
Cameron_2015 Q2,Cameron,15,2015,2,NA,7,NA,6,NA,Cameron,,,NA,NA,NA,NA,,NA,13.33333333,46.66666667,NA,40,NA,0
Cameron_2015 Q3,Cameron,16,2015,6,NA,6,1,3,NA,Cameron,,,NA,NA,NA,NA,,NA,37.5,37.5,NA,18.75,NA,0
Cameron_2015 Q4,Cameron,16,2015,4,NA,6,NA,6,NA,Cameron,,,NA,NA,NA,NA,,NA,25,37.5,NA,37.5,NA,0
Cameron_2016 Q1,Cameron,8,2016,2,2,3,NA,1,NA,Cameron,,,NA,NA,NA,NA,,NA,25,37.5,25,12.5,NA,0
Cameron_2016 Q2,Cameron,7,2016,NA,NA,2,NA,5,NA,Cameron,,,NA,NA,NA,NA,,NA,NA,28.57142857,NA,71.42857143,NA,0
Cameron_2016 Q3,Cameron,9,2016,1,NA,3,NA,5,NA,Cameron,,,NA,NA,NA,NA,,NA,11.11111111,33.33333333,NA,55.55555556,NA,0
Cameron_2016 Q4,Cameron,4,2016,NA,NA,NA,NA,4,NA,Cameron,,,NA,NA,NA,NA,,NA,NA,NA,NA,100,NA,0
Cameron_2017 Q1,Cameron,20,2017,15,NA,1,NA,4,NA,Cameron,,,NA,NA,NA,NA,,NA,75,5,NA,20,NA,0
Cameron_2017 Q2,Cameron,22,2017,NA,14,4,NA,4,NA,Cameron,,,NA,NA,NA,NA,,NA,NA,18.18181818,63.63636364,18.18181818,NA,0
Cameron_2017 Q3,Cameron,9,2017,3,NA,1,NA,5,NA,Cameron,,,NA,NA,NA,NA,,NA,33.33333333,11.11111111,NA,55.55555556,NA,0
Cameron_2017 Q4,Cameron,9,2017,4,NA,1,NA,4,NA,Cameron,,,NA,NA,NA,NA,,NA,44.44444444,11.11111111,NA,44.44444444,NA,0
Cameron_2018 Q1,Cameron,9,2018,NA,NA,6,NA,3,NA,Cameron,,,NA,NA,NA,NA,,NA,NA,66.66666667,NA,33.33333333,NA,0
Cameron_2018 Q2,Cameron,6,2018,1,NA,1,NA,4,NA,Cameron,,,NA,NA,NA,NA,,NA,16.66666667,16.66666667,NA,66.66666667,NA,0
Cameron_2018 Q3,Cameron,14,2018,2,NA,1,NA,11,NA,Cameron,,,NA,NA,NA,NA,,NA,14.28571429,7.142857143,NA,78.57142857,NA,0
Cameron_2018 Q4,Cameron,18,2018,3,NA,5,1,9,NA,Cameron,,,NA,NA,NA,NA,,NA,16.66666667,27.77777778,NA,50,NA,0
Cameron_2019 Q1,Cameron,23,2019,2,NA,7,NA,14,NA,Cameron,,,NA,NA,NA,NA,,NA,8.695652174,30.43478261,NA,60.86956522,NA,0
Cameron_2019 Q2,Cameron,11,2019,6,NA,2,NA,3,NA,Cameron,,,NA,NA,NA,NA,,NA,54.54545455,18.18181818,NA,27.27272727,NA,0
Cameron_2019 Q3,Cameron,28,2019,4,NA,9,NA,15,NA,Cameron,,,NA,NA,NA,NA,,NA,14.28571429,32.14285714,NA,53.57142857,NA,0
Cameron_2019 Q4,Cameron,16,2019,4,NA,6,NA,6,NA,Cameron,,,NA,NA,NA,NA,,NA,25,37.5,NA,37.5,NA,0
Cameron_2020 Q1,Cameron,32,2020,13,NA,3,NA,14,2,Cameron,,,NA,NA,NA,NA,,NA,40.625,9.375,NA,43.75,6.25,0
Cameron_2020 Q2,Cameron,15,2020,7,NA,1,NA,7,NA,Cameron,,,NA,NA,NA,NA,,NA,46.66666667,6.666666667,NA,46.66666667,NA,0
Cameron_2020 Q3,Cameron,16,2020,1,NA,3,NA,12,NA,Cameron,,,NA,NA,NA,NA,,NA,6.25,18.75,NA,75,NA,0
Cameron_2020 Q4,Cameron,6,2020,NA,NA,1,1,4,NA,Cameron,,,NA,NA,NA,NA,,NA,NA,16.66666667,NA,66.66666667,NA,0
Cameron_2021 Q1,Cameron,14,2021,2,NA,4,NA,8,NA,Cameron,,,NA,NA,NA,NA,,NA,14.28571429,28.57142857,NA,57.14285714,NA,0
Cameron_2021 Q2,Cameron,14,2021,2,NA,3,NA,9,NA,Cameron,,,NA,NA,NA,NA,,NA,14.28571429,21.42857143,NA,64.28571429,NA,0
Cameron_2021 Q3,Cameron,30,2021,8,NA,6,NA,16,NA,Cameron,,,NA,NA,NA,NA,,NA,26.66666667,20,NA,53.33333333,NA,0
Cameron_2021 Q4,Cameron,10,2021,6,NA,1,NA,3,NA,Cameron,,,NA,NA,NA,NA,,NA,60,10,NA,30,NA,0
Carbon_2013 Q1,Carbon,320,2013,40,NA,128,NA,149,3,Carbon,Gary Dobias,D,0,NA,NA,NA,,0,12.5,40,NA,46.5625,0.9375,0
Carbon_2013 Q2,Carbon,245,2013,38,NA,94,NA,108,5,Carbon,Gary Dobias,D,0,NA,NA,NA,,0,15.51020408,38.36734694,NA,44.08163265,2.040816327,0
Carbon_2013 Q3,Carbon,218,2013,18,1,85,1,107,6,Carbon,Gary Dobias,D,0,NA,NA,NA,,0,8.256880734,38.99082569,0.458715596,49.08256881,2.752293578,0
Carbon_2013 Q4,Carbon,225,2013,18,2,83,1,114,7,Carbon,Gary Dobias,D,0,NA,NA,NA,,0,8,36.88888889,0.888888889,50.66666667,3.111111111,0
Carbon_2014 Q1,Carbon,332,2014,54,NA,89,NA,178,11,Carbon,Gary Dobias,D,0,NA,NA,NA,,0,16.26506024,26.80722892,NA,53.61445783,3.313253012,0.5
Carbon_2014 Q2,Carbon,221,2014,27,NA,90,NA,99,5,Carbon,Gary Dobias,D,0,NA,NA,NA,,0,12.21719457,40.7239819,NA,44.79638009,2.262443439,0.5
Carbon_2014 Q3,Carbon,287,2014,77,1,99,NA,105,5,Carbon,Gary Dobias,D,0,NA,NA,NA,,0,26.82926829,34.49477352,0.348432056,36.58536585,1.742160279,0.5
Carbon_2014 Q4,Carbon,219,2014,29,NA,93,1,92,4,Carbon,Gary Dobias,D,0,NA,NA,NA,,0,13.24200913,42.46575342,NA,42.00913242,1.826484018,0.5
Carbon_2015 Q1,Carbon,222,2015,21,1,64,4,129,3,Carbon,Gary Dobias,D,0,NA,0,1,,0,9.459459459,28.82882883,0.45045045,58.10810811,1.351351351,1
Carbon_2015 Q2,Carbon,286,2015,59,2,88,NA,130,7,Carbon,Gary Dobias,D,0,NA,0,1,,0,20.62937063,30.76923077,0.699300699,45.45454545,2.447552448,1
Carbon_2015 Q3,Carbon,293,2015,49,28,82,2,127,5,Carbon,Gary Dobias,D,0,NA,0,1,,0,16.72354949,27.98634812,9.556313993,43.3447099,1.706484642,1
Carbon_2015 Q4,Carbon,279,2015,11,14,113,3,132,6,Carbon,Gary Dobias,D,0,NA,0,1,,0,3.94265233,40.50179211,5.017921147,47.31182796,2.150537634,1
Carbon_2016 Q1,Carbon,255,2016,21,14,110,5,97,8,Carbon,Jean Engler,D,1,0,0,1,,0,8.235294118,43.1372549,5.490196078,38.03921569,3.137254902,0
Carbon_2016 Q2,Carbon,314,2016,45,13,116,1,131,8,Carbon,Jean Engler,D,1,0,0,1,,0,14.33121019,36.94267516,4.140127389,41.71974522,2.547770701,0
Carbon_2016 Q3,Carbon,319,2016,36,8,141,2,126,6,Carbon,Jean Engler,D,1,0,0,1,,0,11.28526646,44.20062696,2.507836991,39.4984326,1.880877743,0
Carbon_2016 Q4,Carbon,299,2016,27,7,132,2,123,8,Carbon,Jean Engler,D,1,0,0,1,,0,9.030100334,44.14715719,2.341137124,41.13712375,2.675585284,0
Carbon_2017 Q1,Carbon,320,2017,13,9,124,NA,165,9,Carbon,Jean Engler,D,1,0,0,1,,0,4.0625,38.75,2.8125,51.5625,2.8125,0
Carbon_2017 Q2,Carbon,289,2017,56,4,91,NA,132,6,Carbon,Jean Engler,D,1,0,0,1,,0,19.37716263,31.48788927,1.384083045,45.67474048,2.076124567,0
Carbon_2017 Q3,Carbon,368,2017,69,6,136,2,146,9,Carbon,Jean Engler,D,1,0,0,1,,0,18.75,36.95652174,1.630434783,39.67391304,2.445652174,0
Carbon_2017 Q4,Carbon,275,2017,31,NA,106,1,131,6,Carbon,Jean Engler,D,1,0,0,1,,0,11.27272727,38.54545455,NA,47.63636364,2.181818182,0
Carbon_2018 Q1,Carbon,320,2018,51,7,103,NA,150,9,Carbon,Jean Engler,D,1,0,0,1,,0,15.9375,32.1875,2.1875,46.875,2.8125,0.5
Carbon_2018 Q2,Carbon,353,2018,94,2,119,NA,130,8,Carbon,Jean Engler,D,1,0,0,1,,0,26.62889518,33.71104816,0.566572238,36.82719547,2.266288952,0.5
Carbon_2018 Q3,Carbon,273,2018,37,12,93,6,115,10,Carbon,Jean Engler,D,1,0,0,1,,0,13.55311355,34.06593407,4.395604396,42.12454212,3.663003663,0.5
Carbon_2018 Q4,Carbon,258,2018,37,6,94,4,105,12,Carbon,Jean Engler,D,1,0,0,1,,0,14.34108527,36.43410853,2.325581395,40.69767442,4.651162791,0.5
Carbon_2019 Q1,Carbon,374,2019,29,19,152,2,157,15,Carbon,Jean Engler,D,1,0,0,1,,0,7.754010695,40.64171123,5.080213904,41.97860963,4.010695187,1
Carbon_2019 Q2,Carbon,311,2019,32,7,127,NA,132,13,Carbon,Jean Engler,D,1,0,0,1,,0,10.28938907,40.83601286,2.250803859,42.4437299,4.180064309,1
Carbon_2019 Q3,Carbon,325,2019,52,4,143,1,113,12,Carbon,Jean Engler,D,1,0,0,1,,0,16,44,1.230769231,34.76923077,3.692307692,1
Carbon_2019 Q4,Carbon,303,2019,36,8,143,1,105,10,Carbon,Jean Engler,D,1,0,0,1,,0,11.88118812,47.19471947,2.640264026,34.65346535,3.300330033,1
Carbon_2020 Q1,Carbon,285,2020,43,NA,91,1,135,15,Carbon,Michael Greek,R,NA,NA,NA,NA,,0,15.0877193,31.92982456,NA,47.36842105,5.263157895,0
Carbon_2020 Q2,Carbon,287,2020,68,NA,106,4,101,8,Carbon,Michael Greek,R,NA,NA,NA,NA,,0,23.69337979,36.93379791,NA,35.19163763,2.787456446,0
Carbon_2020 Q3,Carbon,253,2020,24,NA,82,4,127,16,Carbon,Michael Greek,R,NA,NA,NA,NA,,0,9.486166008,32.41106719,NA,50.19762846,6.324110672,0
Carbon_2020 Q4,Carbon,135,2020,19,NA,47,1,52,16,Carbon,Michael Greek,R,NA,NA,NA,NA,,0,14.07407407,34.81481481,NA,38.51851852,11.85185185,0
Carbon_2021 Q1,Carbon,316,2021,58,NA,141,6,96,15,Carbon,Michael Greek,R,NA,NA,NA,NA,,0,18.35443038,44.62025316,NA,30.37974684,4.746835443,0.5
Carbon_2021 Q2,Carbon,255,2021,38,NA,98,3,100,16,Carbon,Michael Greek,R,NA,NA,NA,NA,,0,14.90196078,38.43137255,NA,39.21568627,6.274509804,0.5
Carbon_2021 Q3,Carbon,218,2021,31,NA,85,7,79,16,Carbon,Michael Greek,R,NA,NA,NA,NA,,0,14.22018349,38.99082569,NA,36.23853211,7.339449541,0.5
Carbon_2021 Q4,Carbon,245,2021,43,NA,84,4,94,20,Carbon,Michael Greek,R,NA,NA,NA,NA,,0,17.55102041,34.28571429,NA,38.36734694,8.163265306,0.5
Centre_2013 Q1,Centre,359,2013,46,1,95,41,176,NA,Centre,Stacy Parks Miller,D,0,NA,1,1,,0,12.81337047,26.46239554,0.278551532,49.02506964,NA,1
Centre_2013 Q2,Centre,511,2013,66,NA,141,67,236,1,Centre,Stacy Parks Miller,D,0,NA,1,1,,0,12.91585127,27.59295499,NA,46.18395303,0.195694716,1
Centre_2013 Q3,Centre,450,2013,81,1,126,30,209,3,Centre,Stacy Parks Miller,D,0,NA,1,1,,0,18,28,0.222222222,46.44444444,0.666666667,1
Centre_2013 Q4,Centre,350,2013,33,5,103,34,174,1,Centre,Stacy Parks Miller,D,0,NA,1,1,,0,9.428571429,29.42857143,1.428571429,49.71428571,0.285714286,1
Centre_2014 Q1,Centre,604,2014,134,6,130,54,278,2,Centre,Stacy Parks Miller,D,0,NA,NA,NA,,0,22.18543046,21.52317881,0.993377483,46.02649007,0.331125828,0
Centre_2014 Q2,Centre,471,2014,109,5,95,34,228,NA,Centre,Stacy Parks Miller,D,0,NA,NA,NA,,0,23.14225053,20.16985138,1.061571125,48.40764331,NA,0
Centre_2014 Q3,Centre,675,2014,113,4,218,34,304,2,Centre,Stacy Parks Miller,D,0,NA,NA,NA,,0,16.74074074,32.2962963,0.592592593,45.03703704,0.296296296,0
Centre_2014 Q4,Centre,660,2014,346,NA,108,35,168,3,Centre,Stacy Parks Miller,D,0,NA,NA,NA,,0,52.42424242,16.36363636,NA,25.45454545,0.454545455,0
Centre_2015 Q1,Centre,702,2015,99,NA,161,72,369,1,Centre,Stacy Parks Miller,D,0,NA,NA,NA,,0,14.1025641,22.93447293,NA,52.56410256,0.142450142,0
Centre_2015 Q2,Centre,418,2015,93,NA,101,22,200,2,Centre,Stacy Parks Miller,D,0,NA,NA,NA,,0,22.24880383,24.16267943,NA,47.84688995,0.4784689,0
Centre_2015 Q3,Centre,609,2015,185,NA,110,36,278,NA,Centre,Stacy Parks Miller,D,0,NA,NA,NA,,0,30.37766831,18.06239737,NA,45.64860427,NA,0
Centre_2015 Q4,Centre,488,2015,82,NA,118,30,257,1,Centre,Stacy Parks Miller,D,0,NA,NA,NA,,0,16.80327869,24.18032787,NA,52.66393443,0.204918033,0
Centre_2016 Q1,Centre,549,2016,59,NA,121,35,330,4,Centre,Stacy Parks Miller,D,0,NA,NA,NA,,0,10.74681239,22.04007286,NA,60.10928962,0.72859745,0.5
Centre_2016 Q2,Centre,2294,2016,1137,NA,80,30,244,803,Centre,Stacy Parks Miller,D,0,NA,NA,NA,,0,49.56408021,3.487358326,NA,10.63644289,35.0043592,0.5
Centre_2016 Q3,Centre,535,2016,93,NA,85,17,313,27,Centre,Stacy Parks Miller,D,0,NA,NA,NA,,0,17.38317757,15.88785047,NA,58.5046729,5.046728972,0.5
Centre_2016 Q4,Centre,409,2016,118,NA,63,14,191,23,Centre,Stacy Parks Miller,D,0,NA,NA,NA,,0,28.85085575,15.40342298,NA,46.6992665,5.623471883,0.5
Centre_2017 Q1,Centre,1538,2017,794,NA,74,26,253,391,Centre,Stacy Parks Miller,D,0,NA,1,1,,0,51.62548765,4.811443433,NA,16.44993498,25.42262679,1
Centre_2017 Q2,Centre,1945,2017,50,NA,75,26,224,1570,Centre,Stacy Parks Miller,D,0,NA,1,1,,0,2.570694087,3.856041131,NA,11.51670951,80.71979434,1
Centre_2017 Q3,Centre,450,2017,64,NA,84,22,250,30,Centre,Stacy Parks Miller,D,0,NA,1,1,,0,14.22222222,18.66666667,NA,55.55555556,6.666666667,1
Centre_2017 Q4,Centre,242,2017,32,NA,48,23,130,9,Centre,Stacy Parks Miller,D,0,NA,1,1,,0,13.2231405,19.83471074,NA,53.71900826,3.719008264,1
Centre_2018 Q1,Centre,469,2018,102,NA,71,38,243,15,Centre,Bernie Cantorna,D,0,NA,NA,NA,,1,21.74840085,15.13859275,NA,51.81236674,3.198294243,0
Centre_2018 Q2,Centre,353,2018,62,4,47,41,174,25,Centre,Bernie Cantorna,D,0,NA,NA,NA,,1,17.56373938,13.31444759,1.133144476,49.2917847,7.082152975,0
Centre_2018 Q3,Centre,284,2018,28,NA,52,22,155,27,Centre,Bernie Cantorna,D,0,NA,NA,NA,,1,9.85915493,18.30985915,NA,54.57746479,9.507042254,0
Centre_2018 Q4,Centre,153,2018,21,NA,34,14,78,6,Centre,Bernie Cantorna,D,0,NA,NA,NA,,1,13.7254902,22.22222222,NA,50.98039216,3.921568627,0
Centre_2019 Q1,Centre,285,2019,25,NA,55,18,166,21,Centre,Bernie Cantorna,D,0,NA,NA,NA,,1,8.771929825,19.29824561,NA,58.24561404,7.368421053,0
Centre_2019 Q2,Centre,402,2019,47,NA,68,27,254,6,Centre,Bernie Cantorna,D,0,NA,NA,NA,,1,11.69154229,16.91542289,NA,63.1840796,1.492537313,0
Centre_2019 Q3,Centre,357,2019,56,NA,67,37,164,33,Centre,Bernie Cantorna,D,0,NA,NA,NA,,1,15.68627451,18.767507,NA,45.93837535,9.243697479,0
Centre_2019 Q4,Centre,258,2019,32,NA,54,19,149,4,Centre,Bernie Cantorna,D,0,NA,NA,NA,,1,12.40310078,20.93023256,NA,57.75193798,1.550387597,0
Centre_2020 Q1,Centre,174,2020,12,NA,35,15,108,4,Centre,Bernie Cantorna,D,0,NA,NA,NA,,1,6.896551724,20.11494253,NA,62.06896552,2.298850575,0.5
Centre_2020 Q2,Centre,115,2020,5,NA,29,4,76,1,Centre,Bernie Cantorna,D,0,NA,NA,NA,,1,4.347826087,25.2173913,NA,66.08695652,0.869565217,0.5
Centre_2020 Q3,Centre,148,2020,15,NA,28,16,83,6,Centre,Bernie Cantorna,D,0,NA,NA,NA,,1,10.13513514,18.91891892,NA,56.08108108,4.054054054,0.5
Centre_2020 Q4,Centre,125,2020,11,NA,21,12,74,7,Centre,Bernie Cantorna,D,0,NA,NA,NA,,1,8.8,16.8,NA,59.2,5.6,0.5
Centre_2021 Q1,Centre,209,2021,20,NA,49,19,100,21,Centre,Bernie Cantorna,D,0,NA,1,1,,1,9.56937799,23.44497608,NA,47.84688995,10.04784689,1
Centre_2021 Q2,Centre,216,2021,15,NA,46,19,122,14,Centre,Bernie Cantorna,D,0,NA,1,1,,1,6.944444444,21.2962963,NA,56.48148148,6.481481481,1
Centre_2021 Q3,Centre,585,2021,34,NA,69,29,220,233,Centre,Bernie Cantorna,D,0,NA,1,1,,1,5.811965812,11.79487179,NA,37.60683761,39.82905983,1
Centre_2021 Q4,Centre,224,2021,23,NA,61,21,114,5,Centre,Bernie Cantorna,D,0,NA,1,1,,1,10.26785714,27.23214286,NA,50.89285714,2.232142857,1
Chester_2013 Q1,Chester,1259,2013,246,2,514,10,459,28,Chester,Tom Hogan,R,1,1,0,1,,0,19.53931692,40.82605242,0.158856235,36.45750596,2.223987292,0
Chester_2013 Q2,Chester,1060,2013,220,1,468,9,361,1,Chester,Tom Hogan,R,1,1,0,1,,0,20.75471698,44.1509434,0.094339623,34.05660377,0.094339623,0
Chester_2013 Q3,Chester,1033,2013,158,4,464,11,386,10,Chester,Tom Hogan,R,1,1,0,1,,0,15.29525653,44.91771539,0.387221684,37.36689255,0.968054211,0
Chester_2013 Q4,Chester,937,2013,135,2,411,9,370,10,Chester,Tom Hogan,R,1,1,0,1,,0,14.4076841,43.86339381,0.213447172,39.48772679,1.067235859,0
Chester_2014 Q1,Chester,963,2014,161,4,456,10,328,4,Chester,Tom Hogan,R,1,1,0,1,,0,16.71858775,47.35202492,0.41536864,34.06022845,0.41536864,0.5
Chester_2014 Q2,Chester,1030,2014,146,6,405,7,418,48,Chester,Tom Hogan,R,1,1,0,1,,0,14.17475728,39.32038835,0.582524272,40.58252427,4.660194175,0.5
Chester_2014 Q3,Chester,1132,2014,104,3,466,4,434,121,Chester,Tom Hogan,R,1,1,0,1,,0,9.187279152,41.16607774,0.265017668,38.33922261,10.68904594,0.5
Chester_2014 Q4,Chester,937,2014,116,3,435,9,374,NA,Chester,Tom Hogan,R,1,1,0,1,,0,12.37993597,46.42475987,0.320170758,39.91462113,NA,0.5
Chester_2015 Q1,Chester,1124,2015,129,2,490,14,435,54,Chester,Tom Hogan,R,1,1,0,1,,0,11.47686833,43.59430605,0.177935943,38.70106762,4.804270463,1
Chester_2015 Q2,Chester,1007,2015,123,3,463,12,395,11,Chester,Tom Hogan,R,1,1,0,1,,0,12.21449851,45.97815293,0.297914598,39.22542205,1.092353525,1
Chester_2015 Q3,Chester,1110,2015,135,1,477,6,472,19,Chester,Tom Hogan,R,1,1,0,1,,0,12.16216216,42.97297297,0.09009009,42.52252252,1.711711712,1
Chester_2015 Q4,Chester,845,2015,83,16,378,14,351,3,Chester,Tom Hogan,R,1,1,0,1,,0,9.822485207,44.73372781,1.893491124,41.53846154,0.355029586,1
Chester_2016 Q1,Chester,1152,2016,164,2,479,14,421,72,Chester,Tom Hogan,R,0,NA,NA,NA,,0,14.23611111,41.57986111,0.173611111,36.54513889,6.25,0
Chester_2016 Q2,Chester,1045,2016,117,2,468,14,436,8,Chester,Tom Hogan,R,0,NA,NA,NA,,0,11.19617225,44.784689,0.19138756,41.72248804,0.765550239,0
Chester_2016 Q3,Chester,1310,2016,217,3,398,5,548,139,Chester,Tom Hogan,R,0,NA,NA,NA,,0,16.5648855,30.38167939,0.229007634,41.83206107,10.61068702,0
Chester_2016 Q4,Chester,899,2016,110,6,351,8,418,6,Chester,Tom Hogan,R,0,NA,NA,NA,,0,12.23581758,39.04338154,0.667408231,46.49610679,0.667408231,0
Chester_2017 Q1,Chester,983,2017,142,4,388,5,438,6,Chester,Tom Hogan,R,0,NA,NA,NA,,0,14.44557477,39.47100712,0.406917599,44.55747711,0.610376399,0
Chester_2017 Q2,Chester,965,2017,104,2,445,13,396,5,Chester,Tom Hogan,R,0,NA,NA,NA,,0,10.77720207,46.11398964,0.207253886,41.03626943,0.518134715,0
Chester_2017 Q3,Chester,1020,2017,124,6,413,20,449,8,Chester,Tom Hogan,R,0,NA,NA,NA,,0,12.15686275,40.49019608,0.588235294,44.01960784,0.784313725,0
Chester_2017 Q4,Chester,769,2017,119,1,333,12,303,1,Chester,Tom Hogan,R,0,NA,NA,NA,,0,15.47464239,43.3029909,0.130039012,39.40182055,0.130039012,0
Chester_2018 Q1,Chester,915,2018,126,3,383,12,382,9,Chester,Tom Hogan,R,0,NA,NA,NA,,0,13.7704918,41.8579235,0.327868852,41.74863388,0.983606557,0.5
Chester_2018 Q2,Chester,1057,2018,121,9,484,15,420,8,Chester,Tom Hogan,R,0,NA,NA,NA,,0,11.4474929,45.78997162,0.851466414,39.73509934,0.756859035,0.5
Chester_2018 Q3,Chester,992,2018,127,8,415,7,430,5,Chester,Tom Hogan,R,0,NA,NA,NA,,0,12.80241935,41.83467742,0.806451613,43.34677419,0.504032258,0.5
Chester_2018 Q4,Chester,771,2018,68,2,358,12,331,NA,Chester,Tom Hogan,R,0,NA,NA,NA,,0,8.819714656,46.43320363,0.259403372,42.93125811,NA,0.5
Chester_2019 Q1,Chester,891,2019,93,7,407,10,372,2,Chester,Tom Hogan,R,0,NA,0,1,,0,10.43771044,45.67901235,0.785634119,41.75084175,0.224466891,1
Chester_2019 Q2,Chester,945,2019,74,8,439,5,416,3,Chester,Tom Hogan,R,0,NA,0,1,,0,7.830687831,46.45502646,0.846560847,44.02116402,0.317460317,1
Chester_2019 Q3,Chester,903,2019,89,2,433,17,338,24,Chester,Tom Hogan,R,0,NA,0,1,,0,9.856035437,47.95127353,0.221483942,37.43078627,2.657807309,1
Chester_2019 Q4,Chester,894,2019,115,11,397,16,349,6,Chester,Tom Hogan,R,0,NA,0,1,,0,12.86353468,44.40715884,1.230425056,39.03803132,0.67114094,1
Chester_2020 Q1,Chester,627,2020,64,NA,280,3,275,5,Chester,Deb Ryan,D,NA,NA,NA,NA,,0,10.20733652,44.65709729,NA,43.85964912,0.797448166,0
Chester_2020 Q2,Chester,475,2020,20,NA,234,4,216,1,Chester,Deb Ryan,D,NA,NA,NA,NA,,0,4.210526316,49.26315789,NA,45.47368421,0.210526316,0
Chester_2020 Q3,Chester,561,2020,46,NA,289,6,218,2,Chester,Deb Ryan,D,NA,NA,NA,NA,,0,8.199643494,51.51515152,NA,38.85918004,0.356506239,0
Chester_2020 Q4,Chester,301,2020,21,NA,163,7,110,NA,Chester,Deb Ryan,D,NA,NA,NA,NA,,0,6.976744186,54.15282392,NA,36.5448505,NA,0
Chester_2021 Q1,Chester,840,2021,76,NA,371,7,384,2,Chester,Deb Ryan,D,NA,NA,NA,NA,,0,9.047619048,44.16666667,NA,45.71428571,0.238095238,0
Chester_2021 Q2,Chester,857,2021,67,NA,352,9,387,42,Chester,Deb Ryan,D,NA,NA,NA,NA,,0,7.817969662,41.07351225,NA,45.15752625,4.900816803,0
Chester_2021 Q3,Chester,710,2021,58,NA,297,9,341,5,Chester,Deb Ryan,D,NA,NA,NA,NA,,0,8.169014085,41.83098592,NA,48.02816901,0.704225352,0
Chester_2021 Q4,Chester,771,2021,69,NA,319,9,369,5,Chester,Deb Ryan,D,NA,NA,NA,NA,,0,8.949416342,41.37483787,NA,47.85992218,0.648508431,0
Clarion_2013 Q1,Clarion,91,2013,11,NA,24,12,44,NA,Clarion,Mark Aaron,D,1,1,0,0,,1,12.08791209,26.37362637,NA,48.35164835,NA,0
Clarion_2013 Q2,Clarion,72,2013,10,NA,15,12,35,NA,Clarion,Mark Aaron,D,1,1,0,0,,1,13.88888889,20.83333333,NA,48.61111111,NA,0
Clarion_2013 Q3,Clarion,108,2013,15,NA,34,12,47,NA,Clarion,Mark Aaron,D,1,1,0,0,,1,13.88888889,31.48148148,NA,43.51851852,NA,0
Clarion_2013 Q4,Clarion,103,2013,34,2,22,13,32,NA,Clarion,Mark Aaron,D,1,1,0,0,,1,33.00970874,21.3592233,1.941747573,31.06796117,NA,0
Clarion_2014 Q1,Clarion,112,2014,33,NA,29,11,39,NA,Clarion,Mark Aaron,D,1,1,0,0,,1,29.46428571,25.89285714,NA,34.82142857,NA,0.5
Clarion_2014 Q2,Clarion,91,2014,15,3,29,8,36,NA,Clarion,Mark Aaron,D,1,1,0,0,,1,16.48351648,31.86813187,3.296703297,39.56043956,NA,0.5
Clarion_2014 Q3,Clarion,113,2014,15,NA,44,16,37,1,Clarion,Mark Aaron,D,1,1,0,0,,1,13.27433628,38.9380531,NA,32.74336283,0.884955752,0.5
Clarion_2014 Q4,Clarion,66,2014,3,NA,15,9,39,NA,Clarion,Mark Aaron,D,1,1,0,0,,1,4.545454545,22.72727273,NA,59.09090909,NA,0.5
Clarion_2015 Q1,Clarion,84,2015,17,NA,22,13,32,NA,Clarion,Mark Aaron,D,1,1,0,0,,1,20.23809524,26.19047619,NA,38.0952381,NA,1
Clarion_2015 Q2,Clarion,99,2015,10,NA,27,17,44,1,Clarion,Mark Aaron,D,1,1,0,0,,1,10.1010101,27.27272727,NA,44.44444444,1.01010101,1
Clarion_2015 Q3,Clarion,79,2015,21,NA,18,9,31,NA,Clarion,Mark Aaron,D,1,1,0,0,,1,26.58227848,22.78481013,NA,39.24050633,NA,1
Clarion_2015 Q4,Clarion,116,2015,11,NA,22,24,59,NA,Clarion,Mark Aaron,D,1,1,0,0,,1,9.482758621,18.96551724,NA,50.86206897,NA,1
Clarion_2016 Q1,Clarion,86,2016,15,NA,23,10,38,NA,Clarion,Mark Aaron,D,0,NA,NA,NA,,1,17.44186047,26.74418605,NA,44.18604651,NA,0
Clarion_2016 Q2,Clarion,112,2016,35,NA,25,9,43,NA,Clarion,Mark Aaron,D,0,NA,NA,NA,,1,31.25,22.32142857,NA,38.39285714,NA,0
Clarion_2016 Q3,Clarion,99,2016,16,NA,13,26,44,NA,Clarion,Mark Aaron,D,0,NA,NA,NA,,1,16.16161616,13.13131313,NA,44.44444444,NA,0
Clarion_2016 Q4,Clarion,105,2016,16,8,24,13,44,NA,Clarion,Mark Aaron,D,0,NA,NA,NA,,1,15.23809524,22.85714286,7.619047619,41.9047619,NA,0
Clarion_2017 Q1,Clarion,71,2017,7,NA,14,11,39,NA,Clarion,Mark Aaron,D,0,NA,NA,NA,,1,9.85915493,19.71830986,NA,54.92957746,NA,0
Clarion_2017 Q2,Clarion,219,2017,148,5,14,14,37,1,Clarion,Mark Aaron,D,0,NA,NA,NA,,1,67.57990868,6.392694064,2.283105023,16.89497717,0.456621005,0
Clarion_2017 Q3,Clarion,85,2017,17,NA,25,13,30,NA,Clarion,Mark Aaron,D,0,NA,NA,NA,,1,20,29.41176471,NA,35.29411765,NA,0
Clarion_2017 Q4,Clarion,100,2017,13,NA,35,17,34,1,Clarion,Mark Aaron,D,0,NA,NA,NA,,1,13,35,NA,34,1,0
Clarion_2018 Q1,Clarion,130,2018,52,NA,28,11,39,NA,Clarion,Mark Aaron,D,0,NA,NA,NA,,1,40,21.53846154,NA,30,NA,0.5
Clarion_2018 Q2,Clarion,156,2018,56,NA,42,11,46,1,Clarion,Mark Aaron,D,0,NA,NA,NA,,1,35.8974359,26.92307692,NA,29.48717949,0.641025641,0.5
Clarion_2018 Q3,Clarion,103,2018,18,1,31,8,45,NA,Clarion,Mark Aaron,D,0,NA,NA,NA,,1,17.47572816,30.09708738,0.970873786,43.68932039,NA,0.5
Clarion_2018 Q4,Clarion,103,2018,14,NA,25,16,48,NA,Clarion,Mark Aaron,D,0,NA,NA,NA,,1,13.59223301,24.27184466,NA,46.60194175,NA,0.5
Clarion_2019 Q1,Clarion,135,2019,60,NA,32,11,30,2,Clarion,Mark Aaron,D,0,NA,0,0,,1,44.44444444,23.7037037,NA,22.22222222,1.481481481,1
Clarion_2019 Q2,Clarion,89,2019,24,1,20,8,36,NA,Clarion,Mark Aaron,D,0,NA,0,0,,1,26.96629213,22.47191011,1.123595506,40.4494382,NA,1
Clarion_2019 Q3,Clarion,165,2019,50,NA,27,13,75,NA,Clarion,Mark Aaron,D,0,NA,0,0,,1,30.3030303,16.36363636,NA,45.45454545,NA,1
Clarion_2019 Q4,Clarion,96,2019,26,1,18,9,42,NA,Clarion,Mark Aaron,D,0,NA,0,0,,1,27.08333333,18.75,1.041666667,43.75,NA,1
Clarion_2020 Q1,Clarion,99,2020,17,NA,22,15,45,NA,Clarion,Drew Welsh,D,NA,NA,NA,NA,,0,17.17171717,22.22222222,NA,45.45454545,NA,0
Clarion_2020 Q2,Clarion,65,2020,11,NA,17,6,31,NA,Clarion,Drew Welsh,D,NA,NA,NA,NA,,0,16.92307692,26.15384615,NA,47.69230769,NA,0
Clarion_2020 Q3,Clarion,112,2020,29,NA,24,8,46,5,Clarion,Drew Welsh,D,NA,NA,NA,NA,,0,25.89285714,21.42857143,NA,41.07142857,4.464285714,0
Clarion_2020 Q4,Clarion,95,2020,11,NA,18,12,54,NA,Clarion,Drew Welsh,D,NA,NA,NA,NA,,0,11.57894737,18.94736842,NA,56.84210526,NA,0
Clarion_2021 Q1,Clarion,73,2021,1,NA,15,9,47,1,Clarion,Drew Welsh,D,NA,NA,NA,NA,,0,1.369863014,20.54794521,NA,64.38356164,1.369863014,0
Clarion_2021 Q2,Clarion,94,2021,9,NA,18,6,61,NA,Clarion,Drew Welsh,D,NA,NA,NA,NA,,0,9.574468085,19.14893617,NA,64.89361702,NA,0
Clarion_2021 Q3,Clarion,80,2021,13,NA,8,10,49,NA,Clarion,Drew Welsh,D,NA,NA,NA,NA,,0,16.25,10,NA,61.25,NA,0
Clarion_2021 Q4,Clarion,101,2021,9,NA,17,12,63,NA,Clarion,Drew Welsh,D,NA,NA,NA,NA,,0,8.910891089,16.83168317,NA,62.37623762,NA,0
Clearfield_2013 Q1,Clearfield,186,2013,60,1,45,NA,78,2,Clearfield,William Shaw,D,1,1,0,1,,1,32.25806452,24.19354839,0.537634409,41.93548387,1.075268817,0
Clearfield_2013 Q2,Clearfield,347,2013,185,NA,63,NA,90,9,Clearfield,William Shaw,D,1,1,0,1,,1,53.31412104,18.1556196,NA,25.93659942,2.593659942,0
Clearfield_2013 Q3,Clearfield,247,2013,106,NA,41,NA,90,10,Clearfield,William Shaw,D,1,1,0,1,,1,42.91497976,16.59919028,NA,36.43724696,4.048582996,0
Clearfield_2013 Q4,Clearfield,243,2013,72,12,69,NA,88,2,Clearfield,William Shaw,D,1,1,0,1,,1,29.62962963,28.39506173,4.938271605,36.21399177,0.823045267,0
Clearfield_2014 Q1,Clearfield,255,2014,66,2,48,NA,136,3,Clearfield,William Shaw,D,1,1,0,1,,1,25.88235294,18.82352941,0.784313725,53.33333333,1.176470588,0.5
Clearfield_2014 Q2,Clearfield,276,2014,48,2,74,1,149,2,Clearfield,William Shaw,D,1,1,0,1,,1,17.39130435,26.8115942,0.724637681,53.98550725,0.724637681,0.5
Clearfield_2014 Q3,Clearfield,215,2014,89,NA,32,NA,91,3,Clearfield,William Shaw,D,1,1,0,1,,1,41.39534884,14.88372093,NA,42.3255814,1.395348837,0.5
Clearfield_2014 Q4,Clearfield,219,2014,39,NA,34,NA,145,1,Clearfield,William Shaw,D,1,1,0,1,,1,17.80821918,15.52511416,NA,66.21004566,0.456621005,0.5
Clearfield_2015 Q1,Clearfield,92,2015,23,NA,38,NA,31,NA,Clearfield,William Shaw,D,1,1,0,1,,1,25,41.30434783,NA,33.69565217,NA,1
Clearfield_2015 Q2,Clearfield,172,2015,60,NA,39,NA,69,4,Clearfield,William Shaw,D,1,1,0,1,,1,34.88372093,22.6744186,NA,40.11627907,2.325581395,1
Clearfield_2015 Q3,Clearfield,201,2015,124,NA,36,NA,38,3,Clearfield,William Shaw,D,1,1,0,1,,1,61.69154229,17.91044776,NA,18.90547264,1.492537313,1
Clearfield_2015 Q4,Clearfield,154,2015,36,NA,55,NA,60,3,Clearfield,William Shaw,D,1,1,0,1,,1,23.37662338,35.71428571,NA,38.96103896,1.948051948,1
Clearfield_2016 Q1,Clearfield,112,2016,21,NA,31,NA,60,NA,Clearfield,William Shaw,D,1,1,0,1,,1,18.75,27.67857143,NA,53.57142857,NA,0
Clearfield_2016 Q2,Clearfield,143,2016,48,3,44,NA,47,1,Clearfield,William Shaw,D,1,1,0,1,,1,33.56643357,30.76923077,2.097902098,32.86713287,0.699300699,0
Clearfield_2016 Q3,Clearfield,175,2016,55,NA,43,NA,70,7,Clearfield,William Shaw,D,1,1,0,1,,1,31.42857143,24.57142857,NA,40,4,0
Clearfield_2016 Q4,Clearfield,160,2016,78,NA,36,NA,44,2,Clearfield,William Shaw,D,1,1,0,1,,1,48.75,22.5,NA,27.5,1.25,0
Clearfield_2017 Q1,Clearfield,185,2017,46,NA,41,NA,95,3,Clearfield,William Shaw,D,1,1,0,1,,1,24.86486486,22.16216216,NA,51.35135135,1.621621622,0
Clearfield_2017 Q2,Clearfield,131,2017,44,NA,36,1,40,10,Clearfield,William Shaw,D,1,1,0,1,,1,33.58778626,27.48091603,NA,30.53435115,7.633587786,0
Clearfield_2017 Q3,Clearfield,108,2017,39,NA,34,NA,32,3,Clearfield,William Shaw,D,1,1,0,1,,1,36.11111111,31.48148148,NA,29.62962963,2.777777778,0
Clearfield_2017 Q4,Clearfield,115,2017,18,NA,38,NA,56,3,Clearfield,William Shaw,D,1,1,0,1,,1,15.65217391,33.04347826,NA,48.69565217,2.608695652,0
Clearfield_2018 Q1,Clearfield,143,2018,44,2,53,NA,41,3,Clearfield,William Shaw,D,1,1,0,1,,1,30.76923077,37.06293706,1.398601399,28.67132867,2.097902098,0.5
Clearfield_2018 Q2,Clearfield,127,2018,19,2,46,NA,58,2,Clearfield,William Shaw,D,1,1,0,1,,1,14.96062992,36.22047244,1.57480315,45.66929134,1.57480315,0.5
Clearfield_2018 Q3,Clearfield,101,2018,25,NA,37,NA,34,5,Clearfield,William Shaw,D,1,1,0,1,,1,24.75247525,36.63366337,NA,33.66336634,4.95049505,0.5
Clearfield_2018 Q4,Clearfield,110,2018,21,NA,47,NA,36,6,Clearfield,William Shaw,D,1,1,0,1,,1,19.09090909,42.72727273,NA,32.72727273,5.454545455,0.5
Clearfield_2019 Q1,Clearfield,280,2019,64,15,95,4,93,9,Clearfield,William Shaw,D,1,1,0,1,,1,22.85714286,33.92857143,5.357142857,33.21428571,3.214285714,1
Clearfield_2019 Q2,Clearfield,2551,2019,331,NA,109,2,2101,8,Clearfield,William Shaw,D,1,1,0,1,,1,12.9753038,4.272834183,NA,82.35985888,0.313602509,1
Clearfield_2019 Q3,Clearfield,334,2019,42,9,104,NA,162,17,Clearfield,William Shaw,D,1,1,0,1,,1,12.5748503,31.13772455,2.694610778,48.50299401,5.089820359,1
Clearfield_2019 Q4,Clearfield,370,2019,99,6,99,NA,137,29,Clearfield,William Shaw,D,1,1,0,1,,1,26.75675676,26.75675676,1.621621622,37.02702703,7.837837838,1
Clearfield_2020 Q1,Clearfield,160,2020,59,1,55,NA,40,5,Clearfield,William Shaw,D,NA,NA,NA,NA,,1,36.875,34.375,0.625,25,3.125,0
Clearfield_2020 Q2,Clearfield,82,2020,15,NA,31,NA,34,2,Clearfield,William Shaw,D,NA,NA,NA,NA,,1,18.29268293,37.80487805,NA,41.46341463,2.43902439,0
Clearfield_2020 Q3,Clearfield,265,2020,68,NA,83,NA,101,13,Clearfield,William Shaw,D,NA,NA,NA,NA,,1,25.66037736,31.32075472,NA,38.11320755,4.905660377,0
Clearfield_2020 Q4,Clearfield,257,2020,58,NA,92,NA,94,13,Clearfield,William Shaw,D,NA,NA,NA,NA,,1,22.56809339,35.79766537,NA,36.57587549,5.058365759,0
Clearfield_2021 Q1,Clearfield,255,2021,46,NA,85,NA,115,9,Clearfield,William Shaw,D,NA,NA,NA,NA,,1,18.03921569,33.33333333,NA,45.09803922,3.529411765,0
Clearfield_2021 Q2,Clearfield,229,2021,50,NA,79,NA,86,14,Clearfield,William Shaw,D,NA,NA,NA,NA,,1,21.83406114,34.49781659,NA,37.55458515,6.113537118,0
Clearfield_2021 Q3,Clearfield,428,2021,88,NA,120,1,169,50,Clearfield,William Shaw,D,NA,NA,NA,NA,,1,20.56074766,28.03738318,NA,39.48598131,11.68224299,0
Clearfield_2021 Q4,Clearfield,292,2021,94,NA,81,NA,70,47,Clearfield,William Shaw,D,NA,NA,NA,NA,,1,32.19178082,27.73972603,NA,23.97260274,16.09589041,0
Clinton_2013 Q1,Clinton,89,2013,9,4,30,7,37,2,Clinton,,,NA,NA,NA,NA,,NA,10.11235955,33.70786517,4.494382022,41.57303371,2.247191011,0
Clinton_2013 Q2,Clinton,165,2013,18,12,46,22,67,NA,Clinton,,,NA,NA,NA,NA,Need to find email,NA,10.90909091,27.87878788,7.272727273,40.60606061,NA,0
Clinton_2013 Q3,Clinton,122,2013,13,NA,33,24,47,5,Clinton,,,NA,NA,NA,NA,,NA,10.6557377,27.04918033,NA,38.52459016,4.098360656,0
Clinton_2013 Q4,Clinton,139,2013,24,2,29,14,62,8,Clinton,,,NA,NA,NA,NA,,NA,17.26618705,20.86330935,1.438848921,44.60431655,5.755395683,0
Clinton_2014 Q1,Clinton,67,2014,4,NA,15,8,38,2,Clinton,,,NA,NA,NA,NA,,NA,5.970149254,22.3880597,NA,56.71641791,2.985074627,0
Clinton_2014 Q2,Clinton,113,2014,7,7,40,9,46,4,Clinton,,,NA,NA,NA,NA,,NA,6.194690265,35.39823009,6.194690265,40.7079646,3.539823009,0
Clinton_2014 Q3,Clinton,116,2014,9,NA,39,7,56,5,Clinton,,,NA,NA,NA,NA,,NA,7.75862069,33.62068966,NA,48.27586207,4.310344828,0
Clinton_2014 Q4,Clinton,140,2014,17,NA,24,8,87,4,Clinton,,,NA,NA,NA,NA,,NA,12.14285714,17.14285714,NA,62.14285714,2.857142857,0
Clinton_2015 Q1,Clinton,105,2015,40,NA,11,13,39,2,Clinton,,,NA,NA,NA,NA,,NA,38.0952381,10.47619048,NA,37.14285714,1.904761905,0
Clinton_2015 Q2,Clinton,132,2015,13,NA,28,14,77,NA,Clinton,,,NA,NA,NA,NA,,NA,9.848484848,21.21212121,NA,58.33333333,NA,0
Clinton_2015 Q3,Clinton,101,2015,31,NA,18,5,44,3,Clinton,,,NA,NA,NA,NA,,NA,30.69306931,17.82178218,NA,43.56435644,2.97029703,0
Clinton_2015 Q4,Clinton,92,2015,19,NA,11,10,48,4,Clinton,,,NA,NA,NA,NA,,NA,20.65217391,11.95652174,NA,52.17391304,4.347826087,0
Clinton_2016 Q1,Clinton,98,2016,11,NA,23,8,56,NA,Clinton,Dave Strouse,D,1,1,NA,NA,,0,11.2244898,23.46938776,NA,57.14285714,NA,0
Clinton_2016 Q2,Clinton,101,2016,16,NA,29,6,50,NA,Clinton,Dave Strouse,D,1,1,NA,NA,,0,15.84158416,28.71287129,NA,49.5049505,NA,0
Clinton_2016 Q3,Clinton,108,2016,18,NA,32,9,48,1,Clinton,Dave Strouse,D,1,1,NA,NA,,0,16.66666667,29.62962963,NA,44.44444444,0.925925926,0
Clinton_2016 Q4,Clinton,122,2016,12,NA,13,18,72,7,Clinton,Dave Strouse,D,1,1,NA,NA,,0,9.836065574,10.6557377,NA,59.01639344,5.737704918,0
Clinton_2017 Q1,Clinton,127,2017,18,NA,14,25,69,1,Clinton,Dave Strouse,D,1,1,NA,NA,,0,14.17322835,11.02362205,NA,54.33070866,0.787401575,0
Clinton_2017 Q2,Clinton,103,2017,7,NA,21,19,54,2,Clinton,Dave Strouse,D,1,1,NA,NA,,0,6.796116505,20.38834951,NA,52.42718447,1.941747573,0
Clinton_2017 Q3,Clinton,118,2017,16,NA,15,21,63,3,Clinton,Dave Strouse,D,1,1,NA,NA,,0,13.55932203,12.71186441,NA,53.38983051,2.542372881,0
Clinton_2017 Q4,Clinton,211,2017,12,NA,25,16,156,2,Clinton,Dave Strouse,D,1,1,NA,NA,,0,5.687203791,11.84834123,NA,73.93364929,0.947867299,0
Clinton_2018 Q1,Clinton,133,2018,16,NA,21,26,67,3,Clinton,Dave Strouse,D,1,1,NA,NA,,0,12.03007519,15.78947368,NA,50.37593985,2.255639098,0.5
Clinton_2018 Q2,Clinton,119,2018,12,NA,21,18,60,8,Clinton,Dave Strouse,D,1,1,NA,NA,,0,10.08403361,17.64705882,NA,50.42016807,6.722689076,0.5
Clinton_2018 Q3,Clinton,123,2018,12,NA,18,27,61,5,Clinton,Dave Strouse,D,1,1,NA,NA,,0,9.756097561,14.63414634,NA,49.59349593,4.06504065,0.5
Clinton_2018 Q4,Clinton,71,2018,6,NA,14,15,33,3,Clinton,Dave Strouse,D,1,1,NA,NA,,0,8.450704225,19.71830986,NA,46.47887324,4.225352113,0.5
Clinton_2019 Q1,Clinton,126,2019,15,NA,16,24,65,6,Clinton,Dave Strouse,D,1,1,NA,NA,,0,11.9047619,12.6984127,NA,51.58730159,4.761904762,1
Clinton_2019 Q2,Clinton,118,2019,12,NA,10,26,65,5,Clinton,Dave Strouse,D,1,1,NA,NA,,0,10.16949153,8.474576271,NA,55.08474576,4.237288136,1
Clinton_2019 Q3,Clinton,140,2019,11,NA,24,28,72,5,Clinton,Dave Strouse,D,1,1,NA,NA,,0,7.857142857,17.14285714,NA,51.42857143,3.571428571,1
Clinton_2019 Q4,Clinton,132,2019,23,NA,20,23,63,3,Clinton,Dave Strouse,D,1,1,NA,NA,,0,17.42424242,15.15151515,NA,47.72727273,2.272727273,1
Clinton_2020 Q1,Clinton,125,2020,11,NA,13,33,63,5,Clinton,Dave Strouse,D,NA,NA,NA,NA,,0,8.8,10.4,NA,50.4,4,0
Clinton_2020 Q2,Clinton,123,2020,22,NA,20,19,60,2,Clinton,Dave Strouse,D,NA,NA,NA,NA,,0,17.88617886,16.2601626,NA,48.7804878,1.62601626,0
Clinton_2020 Q3,Clinton,105,2020,19,NA,17,21,43,5,Clinton,Dave Strouse,D,NA,NA,NA,NA,,0,18.0952381,16.19047619,NA,40.95238095,4.761904762,0
Clinton_2020 Q4,Clinton,84,2020,9,NA,16,17,40,2,Clinton,Dave Strouse,D,NA,NA,NA,NA,,0,10.71428571,19.04761905,NA,47.61904762,2.380952381,0
Clinton_2021 Q1,Clinton,166,2021,43,NA,14,37,69,3,Clinton,Dave Strouse,D,NA,NA,NA,NA,,0,25.90361446,8.43373494,NA,41.56626506,1.807228916,0
Clinton_2021 Q2,Clinton,86,2021,18,NA,13,19,31,5,Clinton,Dave Strouse,D,NA,NA,NA,NA,,0,20.93023256,15.11627907,NA,36.04651163,5.813953488,0
Clinton_2021 Q3,Clinton,125,2021,32,NA,14,18,58,3,Clinton,Dave Strouse,D,NA,NA,NA,NA,,0,25.6,11.2,NA,46.4,2.4,0
Clinton_2021 Q4,Clinton,110,2021,23,NA,16,28,41,2,Clinton,Dave Strouse,D,NA,NA,NA,NA,,0,20.90909091,14.54545455,NA,37.27272727,1.818181818,0
Columbia_2013 Q1,Columbia,58,2013,14,12,9,1,17,5,Columbia,Thomas Leipold ,R,1,1,0,0,,0,24.13793103,15.51724138,20.68965517,29.31034483,8.620689655,0
Columbia_2013 Q2,Columbia,50,2013,22,NA,11,NA,10,7,Columbia,Thomas Leipold ,R,1,1,0,0,,0,44,22,NA,20,14,0
Columbia_2013 Q3,Columbia,75,2013,11,5,32,6,17,4,Columbia,Thomas Leipold ,R,1,1,0,0,,0,14.66666667,42.66666667,6.666666667,22.66666667,5.333333333,0
Columbia_2013 Q4,Columbia,61,2013,13,NA,19,7,13,9,Columbia,Thomas Leipold ,R,1,1,0,0,,0,21.31147541,31.14754098,NA,21.31147541,14.75409836,0
Columbia_2014 Q1,Columbia,64,2014,18,NA,13,1,23,9,Columbia,Thomas Leipold ,R,1,1,0,0,,0,28.125,20.3125,NA,35.9375,14.0625,0.5
Columbia_2014 Q2,Columbia,90,2014,19,5,22,9,21,14,Columbia,Thomas Leipold ,R,1,1,0,0,,0,21.11111111,24.44444444,5.555555556,23.33333333,15.55555556,0.5
Columbia_2014 Q3,Columbia,102,2014,5,1,39,12,39,6,Columbia,Thomas Leipold ,R,1,1,0,0,,0,4.901960784,38.23529412,0.980392157,38.23529412,5.882352941,0.5
Columbia_2014 Q4,Columbia,146,2014,31,NA,57,10,43,5,Columbia,Thomas Leipold ,R,1,1,0,0,,0,21.23287671,39.04109589,NA,29.45205479,3.424657534,0.5
Columbia_2015 Q1,Columbia,168,2015,21,7,39,10,79,12,Columbia,Thomas Leipold ,R,1,1,0,0,,0,12.5,23.21428571,4.166666667,47.02380952,7.142857143,1
Columbia_2015 Q2,Columbia,166,2015,19,NA,60,15,62,10,Columbia,Thomas Leipold ,R,1,1,0,0,,0,11.44578313,36.14457831,NA,37.34939759,6.024096386,1
Columbia_2015 Q3,Columbia,176,2015,27,NA,44,15,76,14,Columbia,Thomas Leipold ,R,1,1,0,0,,0,15.34090909,25,NA,43.18181818,7.954545455,1
Columbia_2015 Q4,Columbia,174,2015,41,NA,43,15,53,22,Columbia,Thomas Leipold ,R,1,1,0,0,,0,23.56321839,24.71264368,NA,30.45977011,12.64367816,1
Columbia_2016 Q1,Columbia,180,2016,16,NA,54,12,83,15,Columbia,Thomas Leipold ,R,1,1,0,0,,0,8.888888889,30,NA,46.11111111,8.333333333,0
Columbia_2016 Q2,Columbia,170,2016,20,7,66,4,62,11,Columbia,Thomas Leipold ,R,1,1,0,0,,0,11.76470588,38.82352941,4.117647059,36.47058824,6.470588235,0
Columbia_2016 Q3,Columbia,131,2016,17,3,34,11,51,15,Columbia,Thomas Leipold ,R,1,1,0,0,,0,12.97709924,25.95419847,2.290076336,38.93129771,11.45038168,0
Columbia_2016 Q4,Columbia,150,2016,7,1,48,11,67,16,Columbia,Thomas Leipold ,R,1,1,0,0,,0,4.666666667,32,0.666666667,44.66666667,10.66666667,0
Columbia_2017 Q1,Columbia,181,2017,16,12,58,4,80,11,Columbia,Thomas Leipold ,R,1,1,0,0,,0,8.839779006,32.0441989,6.629834254,44.19889503,6.077348066,0
Columbia_2017 Q2,Columbia,156,2017,26,8,36,5,67,14,Columbia,Thomas Leipold ,R,1,1,0,0,,0,16.66666667,23.07692308,5.128205128,42.94871795,8.974358974,0
Columbia_2017 Q3,Columbia,155,2017,11,2,60,1,69,12,Columbia,Thomas Leipold ,R,1,1,0,0,,0,7.096774194,38.70967742,1.290322581,44.51612903,7.741935484,0
Columbia_2017 Q4,Columbia,150,2017,8,7,56,13,58,8,Columbia,Thomas Leipold ,R,1,1,0,0,,0,5.333333333,37.33333333,4.666666667,38.66666667,5.333333333,0
Columbia_2018 Q1,Columbia,143,2018,7,3,42,14,74,3,Columbia,Thomas Leipold ,R,1,1,0,0,,0,4.895104895,29.37062937,2.097902098,51.74825175,2.097902098,0.5
Columbia_2018 Q2,Columbia,126,2018,8,7,40,7,58,6,Columbia,Thomas Leipold ,R,1,1,0,0,,0,6.349206349,31.74603175,5.555555556,46.03174603,4.761904762,0.5
Columbia_2018 Q3,Columbia,156,2018,17,7,37,11,75,9,Columbia,Thomas Leipold ,R,1,1,0,0,,0,10.8974359,23.71794872,4.487179487,48.07692308,5.769230769,0.5
Columbia_2018 Q4,Columbia,128,2018,16,7,35,6,61,3,Columbia,Thomas Leipold ,R,1,1,0,0,,0,12.5,27.34375,5.46875,47.65625,2.34375,0.5
Columbia_2019 Q1,Columbia,181,2019,20,6,47,5,97,6,Columbia,Thomas Leipold ,R,1,1,0,0,,0,11.04972376,25.96685083,3.314917127,53.59116022,3.314917127,1
Columbia_2019 Q2,Columbia,164,2019,8,9,52,6,81,8,Columbia,Thomas Leipold ,R,1,1,0,0,,0,4.87804878,31.70731707,5.487804878,49.3902439,4.87804878,1
Columbia_2019 Q3,Columbia,215,2019,47,15,52,5,86,10,Columbia,Thomas Leipold ,R,1,1,0,0,,0,21.86046512,24.18604651,6.976744186,40,4.651162791,1
Columbia_2019 Q4,Columbia,146,2019,19,4,43,6,68,6,Columbia,Thomas Leipold ,R,1,1,0,0,,0,13.01369863,29.45205479,2.739726027,46.57534247,4.109589041,1
Columbia_2020 Q1,Columbia,140,2020,33,NA,22,10,69,6,Columbia,Thomas Leipold ,R,NA,NA,NA,NA,,0,23.57142857,15.71428571,NA,49.28571429,4.285714286,0
Columbia_2020 Q2,Columbia,59,2020,18,NA,11,7,18,5,Columbia,Thomas Leipold ,R,NA,NA,NA,NA,,0,30.50847458,18.6440678,NA,30.50847458,8.474576271,0
Columbia_2020 Q3,Columbia,133,2020,16,NA,28,12,69,8,Columbia,Thomas Leipold ,R,NA,NA,NA,NA,,0,12.03007519,21.05263158,NA,51.87969925,6.015037594,0
Columbia_2020 Q4,Columbia,95,2020,12,NA,16,10,48,9,Columbia,Thomas Leipold ,R,NA,NA,NA,NA,,0,12.63157895,16.84210526,NA,50.52631579,9.473684211,0
Columbia_2021 Q1,Columbia,76,2021,12,NA,12,8,38,6,Columbia,Thomas Leipold ,R,NA,NA,NA,NA,,0,15.78947368,15.78947368,NA,50,7.894736842,0
Columbia_2021 Q2,Columbia,142,2021,10,NA,24,16,80,12,Columbia,Thomas Leipold ,R,NA,NA,NA,NA,,0,7.042253521,16.90140845,NA,56.33802817,8.450704225,0
Columbia_2021 Q3,Columbia,175,2021,30,NA,27,5,100,13,Columbia,Thomas Leipold ,R,NA,NA,NA,NA,,0,17.14285714,15.42857143,NA,57.14285714,7.428571429,0
Columbia_2021 Q4,Columbia,170,2021,39,NA,30,10,77,14,Columbia,Thomas Leipold ,R,NA,NA,NA,NA,,0,22.94117647,17.64705882,NA,45.29411765,8.235294118,0
Crawford_2013 Q1,Crawford,227,2013,21,NA,97,16,90,3,Crawford,Francis Schultz,R,1,1,0,0,,1,9.251101322,42.73127753,NA,39.64757709,1.321585903,0
Crawford_2013 Q2,Crawford,186,2013,28,1,93,11,50,3,Crawford,Francis Schultz,R,1,1,0,0,,1,15.05376344,50,0.537634409,26.88172043,1.612903226,0
Crawford_2013 Q3,Crawford,159,2013,19,NA,75,12,46,7,Crawford,Francis Schultz,R,1,1,0,0,,1,11.94968553,47.16981132,NA,28.93081761,4.402515723,0
Crawford_2013 Q4,Crawford,319,2013,101,NA,129,20,67,2,Crawford,Francis Schultz,R,1,1,0,0,,1,31.66144201,40.43887147,NA,21.0031348,0.626959248,0
Crawford_2014 Q1,Crawford,269,2014,26,1,144,16,79,3,Crawford,Francis Schultz,R,1,1,0,0,,1,9.665427509,53.53159851,0.371747212,29.36802974,1.115241636,0
Crawford_2014 Q2,Crawford,286,2014,46,8,147,9,72,4,Crawford,Francis Schultz,R,1,1,0,0,,1,16.08391608,51.3986014,2.797202797,25.17482517,1.398601399,0
Crawford_2014 Q3,Crawford,228,2014,39,2,99,20,65,3,Crawford,Francis Schultz,R,1,1,0,0,,1,17.10526316,43.42105263,0.877192982,28.50877193,1.315789474,0
Crawford_2014 Q4,Crawford,203,2014,27,NA,116,11,46,3,Crawford,Francis Schultz,R,1,1,0,0,,1,13.30049261,57.14285714,NA,22.66009852,1.477832512,0
Crawford_2015 Q1,Crawford,258,2015,36,1,125,17,73,6,Crawford,Francis Schultz,R,1,1,0,0,,1,13.95348837,48.4496124,0.387596899,28.29457364,2.325581395,0.5
Crawford_2015 Q2,Crawford,272,2015,68,3,107,20,70,4,Crawford,Francis Schultz,R,1,1,0,0,,1,25,39.33823529,1.102941176,25.73529412,1.470588235,0.5
Crawford_2015 Q3,Crawford,184,2015,17,1,99,15,47,5,Crawford,Francis Schultz,R,1,1,0,0,,1,9.239130435,53.80434783,0.543478261,25.54347826,2.717391304,0.5
Crawford_2015 Q4,Crawford,258,2015,45,NA,104,20,86,3,Crawford,Francis Schultz,R,1,1,0,0,,1,17.44186047,40.31007752,NA,33.33333333,1.162790698,0.5
Crawford_2016 Q1,Crawford,312,2016,44,2,156,23,80,7,Crawford,Francis Schultz,R,1,1,0,0,,1,14.1025641,50,0.641025641,25.64102564,2.243589744,1
Crawford_2016 Q2,Crawford,246,2016,32,2,119,24,63,6,Crawford,Francis Schultz,R,1,1,0,0,,1,13.00813008,48.37398374,0.81300813,25.6097561,2.43902439,1
Crawford_2016 Q3,Crawford,214,2016,56,NA,71,16,67,4,Crawford,Francis Schultz,R,1,1,0,0,,1,26.1682243,33.17757009,NA,31.30841121,1.869158879,1
Crawford_2016 Q4,Crawford,269,2016,52,NA,108,21,86,2,Crawford,Francis Schultz,R,1,1,0,0,,1,19.33085502,40.14869888,NA,31.97026022,0.743494424,1
Crawford_2017 Q1,Crawford,232,2017,44,1,80,28,72,7,Crawford,Francis Schultz,R,1,1,0,0,,1,18.96551724,34.48275862,0.431034483,31.03448276,3.017241379,0
Crawford_2017 Q2,Crawford,296,2017,40,1,101,31,108,15,Crawford,Francis Schultz,R,1,1,0,0,,1,13.51351351,34.12162162,0.337837838,36.48648649,5.067567568,0
Crawford_2017 Q3,Crawford,223,2017,36,NA,94,23,61,9,Crawford,Francis Schultz,R,1,1,0,0,,1,16.14349776,42.15246637,NA,27.35426009,4.035874439,0
Crawford_2017 Q4,Crawford,324,2017,75,4,104,40,98,3,Crawford,Francis Schultz,R,1,1,0,0,,1,23.14814815,32.09876543,1.234567901,30.24691358,0.925925926,0
Crawford_2018 Q1,Crawford,284,2018,54,2,94,31,98,5,Crawford,Francis Schultz,R,1,1,0,0,,1,19.01408451,33.09859155,0.704225352,34.50704225,1.76056338,0.5
Crawford_2018 Q2,Crawford,277,2018,67,3,83,43,71,10,Crawford,Francis Schultz,R,1,1,0,0,,1,24.18772563,29.96389892,1.083032491,25.63176895,3.610108303,0.5
Crawford_2018 Q3,Crawford,201,2018,30,NA,77,24,65,5,Crawford,Francis Schultz,R,1,1,0,0,,1,14.92537313,38.30845771,NA,32.33830846,2.487562189,0.5
Crawford_2018 Q4,Crawford,249,2018,34,NA,81,44,85,5,Crawford,Francis Schultz,R,1,1,0,0,,1,13.65461847,32.53012048,NA,34.13654618,2.008032129,0.5
Crawford_2019 Q1,Crawford,281,2019,55,3,95,34,88,6,Crawford,Francis Schultz,R,1,1,0,0,,1,19.57295374,33.80782918,1.067615658,31.31672598,2.135231317,1
Crawford_2019 Q2,Crawford,298,2019,74,NA,85,26,104,9,Crawford,Francis Schultz,R,1,1,0,0,,1,24.83221477,28.52348993,NA,34.89932886,3.020134228,1
Crawford_2019 Q3,Crawford,242,2019,50,NA,91,23,62,16,Crawford,Francis Schultz,R,1,1,0,0,,1,20.66115702,37.60330579,NA,25.61983471,6.611570248,1
Crawford_2019 Q4,Crawford,285,2019,53,1,88,35,97,11,Crawford,Francis Schultz,R,1,1,0,0,,1,18.59649123,30.87719298,0.350877193,34.03508772,3.859649123,1
Crawford_2020 Q1,Crawford,211,2020,46,NA,71,21,63,10,Crawford,Francis Schultz,R,NA,NA,NA,NA,,1,21.80094787,33.6492891,NA,29.85781991,4.739336493,0
Crawford_2020 Q2,Crawford,266,2020,32,NA,81,28,114,11,Crawford,Francis Schultz,R,NA,NA,NA,NA,,1,12.03007519,30.45112782,NA,42.85714286,4.135338346,0
Crawford_2020 Q3,Crawford,183,2020,17,NA,55,23,77,11,Crawford,Francis Schultz,R,NA,NA,NA,NA,,1,9.289617486,30.05464481,NA,42.07650273,6.010928962,0
Crawford_2020 Q4,Crawford,220,2020,24,NA,89,23,75,9,Crawford,Francis Schultz,R,NA,NA,NA,NA,,1,10.90909091,40.45454545,NA,34.09090909,4.090909091,0
Crawford_2021 Q1,Crawford,358,2021,124,NA,71,40,113,10,Crawford,Francis Schultz,R,NA,NA,NA,NA,,1,34.63687151,19.83240223,NA,31.56424581,2.793296089,0
Crawford_2021 Q2,Crawford,246,2021,33,NA,84,32,89,8,Crawford,Francis Schultz,R,NA,NA,NA,NA,,1,13.41463415,34.14634146,NA,36.17886179,3.25203252,0
Crawford_2021 Q3,Crawford,316,2021,47,NA,91,41,121,16,Crawford,Francis Schultz,R,NA,NA,NA,NA,,1,14.87341772,28.79746835,NA,38.29113924,5.063291139,0
Crawford_2021 Q4,Crawford,258,2021,41,NA,71,31,97,18,Crawford,Francis Schultz,R,NA,NA,NA,NA,,1,15.89147287,27.51937984,NA,37.59689922,6.976744186,0
Cumberland_2013 Q1,Cumberland,611,2013,58,9,254,22,227,41,Cumberland,David Freed,R,1,1,0,0,,0,9.492635025,41.57119476,1.47299509,37.15220949,6.710310966,0
Cumberland_2013 Q2,Cumberland,715,2013,104,9,283,16,255,48,Cumberland,David Freed,R,1,1,0,0,,0,14.54545455,39.58041958,1.258741259,35.66433566,6.713286713,0
Cumberland_2013 Q3,Cumberland,595,2013,91,5,257,10,196,36,Cumberland,David Freed,R,1,1,0,0,,0,15.29411765,43.19327731,0.840336134,32.94117647,6.050420168,0
Cumberland_2013 Q4,Cumberland,631,2013,80,NA,276,22,195,58,Cumberland,David Freed,R,1,1,0,0,,0,12.67828843,43.74009509,NA,30.90332805,9.191759113,0
Cumberland_2014 Q1,Cumberland,1174,2014,601,6,284,29,219,35,Cumberland,David Freed,R,1,1,0,0,,0,51.19250426,24.19080068,0.511073254,18.65417376,2.981260647,0.5
Cumberland_2014 Q2,Cumberland,695,2014,142,3,262,20,236,32,Cumberland,David Freed,R,1,1,0,0,,0,20.43165468,37.69784173,0.431654676,33.95683453,4.604316547,0.5
Cumberland_2014 Q3,Cumberland,577,2014,70,NA,256,23,198,30,Cumberland,David Freed,R,1,1,0,0,,0,12.13171577,44.36741768,NA,34.31542461,5.199306759,0.5
Cumberland_2014 Q4,Cumberland,525,2014,68,NA,217,24,185,31,Cumberland,David Freed,R,1,1,0,0,,0,12.95238095,41.33333333,NA,35.23809524,5.904761905,0.5
Cumberland_2015 Q1,Cumberland,731,2015,101,10,309,43,230,38,Cumberland,David Freed,R,1,1,0,0,,0,13.81668947,42.27086183,1.367989056,31.46374829,5.198358413,1
Cumberland_2015 Q2,Cumberland,568,2015,41,1,232,37,231,26,Cumberland,David Freed,R,1,1,0,0,,0,7.218309859,40.84507042,0.176056338,40.66901408,4.577464789,1
Cumberland_2015 Q3,Cumberland,517,2015,52,1,200,13,222,29,Cumberland,David Freed,R,1,1,0,0,,0,10.05802708,38.68471954,0.193423598,42.94003868,5.609284333,1
Cumberland_2015 Q4,Cumberland,713,2015,70,14,337,25,229,38,Cumberland,David Freed,R,1,1,0,0,,0,9.817671809,47.26507714,1.963534362,32.11781206,5.329593268,1
Cumberland_2016 Q1,Cumberland,560,2016,57,10,210,32,205,46,Cumberland,David Freed,R,0,NA,NA,NA,,0,10.17857143,37.5,1.785714286,36.60714286,8.214285714,0
Cumberland_2016 Q2,Cumberland,602,2016,47,7,238,39,225,46,Cumberland,David Freed,R,0,NA,NA,NA,,0,7.80730897,39.53488372,1.162790698,37.37541528,7.641196013,0
Cumberland_2016 Q3,Cumberland,524,2016,42,10,211,21,196,44,Cumberland,David Freed,R,0,NA,NA,NA,,0,8.015267176,40.26717557,1.908396947,37.40458015,8.396946565,0
Cumberland_2016 Q4,Cumberland,876,2016,114,1,300,24,360,77,Cumberland,David Freed,R,0,NA,NA,NA,,0,13.01369863,34.24657534,0.114155251,41.09589041,8.789954338,0
Cumberland_2017 Q1,Cumberland,716,2017,98,5,243,44,286,40,Cumberland,David Freed,R,0,NA,NA,NA,,0,13.68715084,33.93854749,0.698324022,39.94413408,5.586592179,0
Cumberland_2017 Q2,Cumberland,768,2017,95,7,263,45,282,76,Cumberland,David Freed,R,0,NA,NA,NA,,0,12.36979167,34.24479167,0.911458333,36.71875,9.895833333,0
Cumberland_2017 Q3,Cumberland,591,2017,61,13,210,41,220,46,Cumberland,David Freed,R,0,NA,NA,NA,,0,10.321489,35.53299492,2.199661591,37.2250423,7.783417936,0
Cumberland_2017 Q4,Cumberland,772,2017,71,8,276,55,270,92,Cumberland,David Freed,R,0,NA,NA,NA,,0,9.196891192,35.75129534,1.03626943,34.97409326,11.91709845,0
Cumberland_2018 Q1,Cumberland,684,2018,66,20,256,54,221,67,Cumberland,David Freed,R,0,NA,NA,NA,,0,9.649122807,37.42690058,2.923976608,32.30994152,9.795321637,0.5
Cumberland_2018 Q2,Cumberland,709,2018,66,8,271,64,241,59,Cumberland,David Freed,R,0,NA,NA,NA,,0,9.308885755,38.22284908,1.128349788,33.99153738,8.32157969,0.5
Cumberland_2018 Q3,Cumberland,487,2018,51,2,179,60,150,45,Cumberland,David Freed,R,0,NA,NA,NA,,0,10.47227926,36.75564682,0.410677618,30.80082136,9.240246407,0.5
Cumberland_2018 Q4,Cumberland,506,2018,65,5,174,31,179,52,Cumberland,David Freed,R,0,NA,NA,NA,,0,12.8458498,34.38735178,0.988142292,35.37549407,10.27667984,0.5
Cumberland_2019 Q1,Cumberland,505,2019,35,11,196,64,146,53,Cumberland,David Freed,R,0,NA,0,1,,0,6.930693069,38.81188119,2.178217822,28.91089109,10.4950495,1
Cumberland_2019 Q2,Cumberland,539,2019,32,7,179,59,219,43,Cumberland,David Freed,R,0,NA,0,1,,0,5.936920223,33.2096475,1.298701299,40.63079777,7.977736549,1
Cumberland_2019 Q3,Cumberland,506,2019,47,5,165,41,199,49,Cumberland,David Freed,R,0,NA,0,1,,0,9.288537549,32.60869565,0.988142292,39.32806324,9.683794466,1
Cumberland_2019 Q4,Cumberland,492,2019,45,10,147,27,223,40,Cumberland,David Freed,R,0,NA,0,1,,0,9.146341463,29.87804878,2.032520325,45.32520325,8.130081301,1
Cumberland_2020 Q1,Cumberland,474,2020,59,NA,175,28,163,49,Cumberland,M.L. Skip Ebert,R,NA,NA,NA,NA,,0,12.44725738,36.91983122,NA,34.38818565,10.33755274,0
Cumberland_2020 Q2,Cumberland,500,2020,47,NA,135,39,234,45,Cumberland,M.L. Skip Ebert,R,NA,NA,NA,NA,,0,9.4,27,NA,46.8,9,0
Cumberland_2020 Q3,Cumberland,597,2020,30,NA,199,64,248,56,Cumberland,M.L. Skip Ebert,R,NA,NA,NA,NA,,0,5.025125628,33.33333333,NA,41.54103853,9.380234506,0
Cumberland_2020 Q4,Cumberland,376,2020,37,NA,113,27,170,29,Cumberland,M.L. Skip Ebert,R,NA,NA,NA,NA,,0,9.840425532,30.05319149,NA,45.21276596,7.712765957,0
Cumberland_2021 Q1,Cumberland,476,2021,20,NA,166,55,200,35,Cumberland,M.L. Skip Ebert,R,NA,NA,NA,NA,,0,4.201680672,34.87394958,NA,42.01680672,7.352941176,0
Cumberland_2021 Q2,Cumberland,519,2021,41,NA,152,36,240,50,Cumberland,M.L. Skip Ebert,R,NA,NA,NA,NA,,0,7.899807322,29.28709056,NA,46.24277457,9.633911368,0
Cumberland_2021 Q3,Cumberland,471,2021,86,NA,151,37,168,29,Cumberland,M.L. Skip Ebert,R,NA,NA,NA,NA,,0,18.25902335,32.05944798,NA,35.66878981,6.157112527,0
Cumberland_2021 Q4,Cumberland,443,2021,44,NA,133,25,206,35,Cumberland,M.L. Skip Ebert,R,NA,NA,NA,NA,,0,9.93227991,30.02257336,NA,46.50112867,7.900677201,0
Dauphin_2013 Q1,Dauphin,919,2013,136,NA,136,91,442,114,Dauphin,Ed Marisco,R,1,1,0,0,,0,14.79869423,14.79869423,NA,48.09575626,12.40478781,0
Dauphin_2013 Q2,Dauphin,480,2013,114,NA,63,63,191,49,Dauphin,Ed Marisco,R,1,1,0,0,,0,23.75,13.125,NA,39.79166667,10.20833333,0
Dauphin_2013 Q3,Dauphin,1615,2013,378,NA,230,179,651,177,Dauphin,Ed Marisco,R,1,1,0,0,,0,23.40557276,14.24148607,NA,40.30959752,10.95975232,0
Dauphin_2013 Q4,Dauphin,1779,2013,316,1,264,192,797,209,Dauphin,Ed Marisco,R,1,1,0,0,,0,17.76278808,14.83979764,0.056211355,44.80044969,11.74817313,0
Dauphin_2014 Q1,Dauphin,1747,2014,238,NA,245,203,839,222,Dauphin,Ed Marisco,R,1,1,0,0,,0,13.62335432,14.02404121,NA,48.02518603,12.70749857,0.5
Dauphin_2014 Q2,Dauphin,1606,2014,245,NA,258,205,727,171,Dauphin,Ed Marisco,R,1,1,0,0,,0,15.25529265,16.06475716,NA,45.26774595,10.64757161,0.5
Dauphin_2014 Q3,Dauphin,1223,2014,179,6,147,146,542,203,Dauphin,Ed Marisco,R,1,1,0,0,,0,14.63614064,12.01962388,0.490596893,44.31725266,16.59852821,0.5
Dauphin_2014 Q4,Dauphin,26,2014,10,NA,4,NA,12,NA,Dauphin,Ed Marisco,R,1,1,0,0,,0,38.46153846,15.38461538,NA,46.15384615,NA,0.5
Dauphin_2015 Q1,Dauphin,170,2015,30,NA,23,45,64,8,Dauphin,Ed Marisco,R,1,1,0,0,,0,17.64705882,13.52941176,NA,37.64705882,4.705882353,1
Dauphin_2015 Q2,Dauphin,999,2015,130,NA,141,115,425,188,Dauphin,Ed Marisco,R,1,1,0,0,,0,13.01301301,14.11411411,NA,42.54254254,18.81881882,1
Dauphin_2015 Q3,Dauphin,1062,2015,155,NA,179,135,438,155,Dauphin,Ed Marisco,R,1,1,0,0,,0,14.59510358,16.85499058,NA,41.24293785,14.59510358,1
Dauphin_2015 Q4,Dauphin,20,2015,5,NA,2,NA,11,2,Dauphin,Ed Marisco,R,1,1,0,0,,0,25,10,NA,55,10,1
Dauphin_2016 Q1,Dauphin,1836,2016,260,2,274,223,754,323,Dauphin,Ed Marisco,R,NA,NA,NA,NA,,0,14.16122004,14.92374728,0.108932462,41.06753813,17.59259259,0
Dauphin_2016 Q2,Dauphin,1298,2016,216,10,178,152,531,211,Dauphin,Ed Marisco,R,NA,NA,NA,NA,,0,16.64098613,13.71340524,0.770416025,40.90909091,16.25577812,0
Dauphin_2016 Q3,Dauphin,1059,2016,98,2,151,120,537,151,Dauphin,Ed Marisco,R,NA,NA,NA,NA,,0,9.25401322,14.25873466,0.188857413,50.7082153,14.25873466,0
Dauphin_2016 Q4,Dauphin,106,2016,13,NA,6,6,55,26,Dauphin,Ed Marisco,R,NA,NA,NA,NA,,0,12.26415094,5.660377358,NA,51.88679245,24.52830189,0
Dauphin_2017 Q1,Dauphin,754,2017,80,3,133,90,310,138,Dauphin,Ed Marisco,R,NA,NA,NA,NA,,0,10.61007958,17.63925729,0.397877984,41.11405836,18.30238727,0
Dauphin_2017 Q2,Dauphin,549,2017,61,NA,75,77,233,103,Dauphin,Ed Marisco,R,NA,NA,NA,NA,,0,11.11111111,13.66120219,NA,42.44080146,18.76138434,0
Dauphin_2017 Q3,Dauphin,228,2017,30,NA,36,33,97,32,Dauphin,Ed Marisco,R,NA,NA,NA,NA,,0,13.15789474,15.78947368,NA,42.54385965,14.03508772,0
Dauphin_2017 Q4,Dauphin,281,2017,38,3,46,35,119,40,Dauphin,Ed Marisco,R,NA,NA,NA,NA,,0,13.52313167,16.37010676,1.067615658,42.34875445,14.23487544,0
Dauphin_2018 Q1,Dauphin,1238,2018,154,2,174,161,569,178,Dauphin,Fran Chardo,R,1,1,0,0,,0,12.43941842,14.0549273,0.161550889,45.96122779,14.37802908,0.5
Dauphin_2018 Q2,Dauphin,1383,2018,177,4,175,189,593,245,Dauphin,Fran Chardo,R,1,1,0,0,,0,12.79826464,12.65365148,0.28922632,42.87780188,17.71511208,0.5
Dauphin_2018 Q3,Dauphin,1341,2018,167,23,171,157,594,229,Dauphin,Fran Chardo,R,1,1,0,0,,0,12.45339299,12.75167785,1.715137957,44.29530201,17.07680835,0.5
Dauphin_2018 Q4,Dauphin,583,2018,95,NA,93,81,196,118,Dauphin,Fran Chardo,R,1,1,0,0,,0,16.29502573,15.95197256,NA,33.61921098,20.24013722,0.5
Dauphin_2019 Q1,Dauphin,1470,2019,211,3,204,228,613,211,Dauphin,Fran Chardo,R,1,1,0,0,,0,14.3537415,13.87755102,0.204081633,41.70068027,14.3537415,1
Dauphin_2019 Q2,Dauphin,1471,2019,212,NA,164,255,593,247,Dauphin,Fran Chardo,R,1,1,0,0,,0,14.41196465,11.14887831,NA,40.31271244,16.79129844,1
Dauphin_2019 Q3,Dauphin,1500,2019,202,NA,185,259,605,249,Dauphin,Fran Chardo,R,1,1,0,0,,0,13.46666667,12.33333333,NA,40.33333333,16.6,1
Dauphin_2019 Q4,Dauphin,1150,2019,129,NA,154,219,505,143,Dauphin,Fran Chardo,R,1,1,0,0,,0,11.2173913,13.39130435,NA,43.91304348,12.43478261,1
Dauphin_2020 Q1,Dauphin,1164,2020,164,NA,106,194,473,227,Dauphin,Fran Chardo,R,NA,NA,NA,NA,,0,14.08934708,9.10652921,NA,40.63573883,19.50171821,0
Dauphin_2020 Q2,Dauphin,561,2020,62,NA,72,81,227,119,Dauphin,Fran Chardo,R,NA,NA,NA,NA,,0,11.0516934,12.8342246,NA,40.46345811,21.21212121,0
Dauphin_2020 Q3,Dauphin,1136,2020,119,NA,93,207,479,238,Dauphin,Fran Chardo,R,NA,NA,NA,NA,,0,10.47535211,8.186619718,NA,42.16549296,20.95070423,0
Dauphin_2020 Q4,Dauphin,1116,2020,116,NA,124,213,467,196,Dauphin,Fran Chardo,R,NA,NA,NA,NA,,0,10.39426523,11.11111111,NA,41.84587814,17.56272401,0
Dauphin_2021 Q1,Dauphin,1444,2021,149,NA,165,241,588,301,Dauphin,Fran Chardo,R,NA,NA,NA,NA,,0,10.31855956,11.4265928,NA,40.72022161,20.84487535,0
Dauphin_2021 Q2,Dauphin,780,2021,82,NA,109,132,317,140,Dauphin,Fran Chardo,R,NA,NA,NA,NA,,0,10.51282051,13.97435897,NA,40.64102564,17.94871795,0
Dauphin_2021 Q3,Dauphin,598,2021,146,NA,48,78,219,107,Dauphin,Fran Chardo,R,NA,NA,NA,NA,,0,24.41471572,8.026755853,NA,36.62207358,17.89297659,0
Dauphin_2021 Q4,Dauphin,133,2021,21,NA,18,19,40,35,Dauphin,Fran Chardo,R,NA,NA,NA,NA,,0,15.78947368,13.53383459,NA,30.07518797,26.31578947,0
Delaware_2013 Q1,Delaware,2110,2013,242,NA,769,137,915,47,Delaware,Jack Wheelan,R,1,1,0,0,,0,11.46919431,36.44549763,NA,43.36492891,2.227488152,0
Delaware_2013 Q2,Delaware,2122,2013,284,2,763,75,948,50,Delaware,Jack Wheelan,R,1,1,0,0,,0,13.38360038,35.95664467,0.094250707,44.67483506,2.356267672,0
Delaware_2013 Q3,Delaware,2093,2013,241,NA,768,110,915,59,Delaware,Jack Wheelan,R,1,1,0,0,,0,11.51457238,36.69374104,NA,43.71715241,2.81892021,0
Delaware_2013 Q4,Delaware,2060,2013,186,NA,724,126,956,68,Delaware,Jack Wheelan,R,1,1,0,0,,0,9.029126214,35.14563107,NA,46.40776699,3.300970874,0
Delaware_2014 Q1,Delaware,1908,2014,241,NA,681,136,804,46,Delaware,Jack Wheelan,R,1,1,0,0,,0,12.63102725,35.6918239,NA,42.13836478,2.410901468,0.5
Delaware_2014 Q2,Delaware,1905,2014,236,NA,641,175,792,61,Delaware,Jack Wheelan,R,1,1,0,0,,0,12.38845144,33.64829396,NA,41.57480315,3.202099738,0.5
Delaware_2014 Q3,Delaware,1907,2014,166,NA,745,140,771,85,Delaware,Jack Wheelan,R,1,1,0,0,,0,8.704771893,39.06659675,NA,40.42999476,4.457262716,0.5
Delaware_2014 Q4,Delaware,2024,2014,173,3,813,156,805,74,Delaware,Jack Wheelan,R,1,1,0,0,,0,8.54743083,40.16798419,0.148221344,39.77272727,3.656126482,0.5
Delaware_2015 Q1,Delaware,2003,2015,202,1,721,182,836,61,Delaware,Jack Wheelan,R,1,1,0,0,,0,10.08487269,35.99600599,0.049925112,41.73739391,3.045431852,1
Delaware_2015 Q2,Delaware,1891,2015,179,1,688,187,764,72,Delaware,Jack Wheelan,R,1,1,0,0,,0,9.465891063,36.38286621,0.052882073,40.40190375,3.807509254,1
Delaware_2015 Q3,Delaware,1877,2015,188,NA,697,127,801,64,Delaware,Jack Wheelan,R,1,1,0,0,,0,10.01598295,37.13372403,NA,42.67448055,3.409696324,1
Delaware_2015 Q4,Delaware,1880,2015,182,NA,673,142,814,69,Delaware,Jack Wheelan,R,1,1,0,0,,0,9.680851064,35.79787234,NA,43.29787234,3.670212766,1
Delaware_2016 Q1,Delaware,1986,2016,235,NA,704,138,826,83,Delaware,Jack Wheelan,R,NA,NA,NA,NA,,0,11.83282981,35.44813696,NA,41.59113797,4.179254783,0
Delaware_2016 Q2,Delaware,1844,2016,180,NA,677,161,747,79,Delaware,Jack Wheelan,R,NA,NA,NA,NA,,0,9.761388286,36.71366594,NA,40.50976139,4.284164859,0
Delaware_2016 Q3,Delaware,1945,2016,214,1,666,125,877,62,Delaware,Jack Wheelan,R,NA,NA,NA,NA,,0,11.00257069,34.24164524,0.051413882,45.08997429,3.187660668,0
Delaware_2016 Q4,Delaware,1881,2016,162,1,644,139,856,79,Delaware,Jack Wheelan,R,NA,NA,NA,NA,,0,8.612440191,34.23710792,0.053163211,45.50770867,4.199893674,0
Delaware_2017 Q1,Delaware,1957,2017,185,2,691,166,844,69,Delaware,Jack Wheelan,R,NA,NA,NA,NA,,0,9.453244762,35.30914665,0.102197241,43.12723556,3.525804803,0
Delaware_2017 Q2,Delaware,2107,2017,262,NA,675,174,894,102,Delaware,Jack Wheelan,R,NA,NA,NA,NA,,0,12.43474134,32.03607024,NA,42.42999525,4.84100617,0
Delaware_2017 Q3,Delaware,1949,2017,199,NA,608,144,917,81,Delaware,Jack Wheelan,R,NA,NA,NA,NA,,0,10.21036429,31.19548486,NA,47.04976911,4.155977424,0
Delaware_2017 Q4,Delaware,1921,2017,209,NA,665,112,850,85,Delaware,Jack Wheelan,R,NA,NA,NA,NA,,0,10.87975013,34.61738678,NA,44.24778761,4.424778761,0
Delaware_2018 Q1,Delaware,1647,2018,138,NA,552,94,774,89,Delaware,Kat Copeland,R,NA,NA,NA,NA,,0,8.378870674,33.5154827,NA,46.99453552,5.40376442,0.5
Delaware_2018 Q2,Delaware,2040,2018,217,1,698,128,903,93,Delaware,Kat Copeland,R,NA,NA,NA,NA,,0,10.6372549,34.21568627,0.049019608,44.26470588,4.558823529,0.5
Delaware_2018 Q3,Delaware,2168,2018,279,NA,678,141,974,96,Delaware,Kat Copeland,R,NA,NA,NA,NA,,0,12.86900369,31.27306273,NA,44.92619926,4.42804428,0.5
Delaware_2018 Q4,Delaware,1747,2018,160,1,569,137,800,80,Delaware,Kat Copeland,R,NA,NA,NA,NA,,0,9.158557527,32.57012021,0.057240985,45.79278764,4.579278764,0.5
Delaware_2019 Q1,Delaware,1867,2019,210,5,634,141,806,71,Delaware,Kat Copeland,R,0,NA,NA,NA,,0,11.24799143,33.95822175,0.26780932,43.17086235,3.802892341,1
Delaware_2019 Q2,Delaware,1946,2019,175,5,690,116,837,123,Delaware,Kat Copeland,R,0,NA,NA,NA,,0,8.992805755,35.45734841,0.256937307,43.01130524,6.32065776,1
Delaware_2019 Q3,Delaware,1941,2019,160,1,688,132,839,121,Delaware,Kat Copeland,R,0,NA,NA,NA,,0,8.243173622,35.44564657,0.051519835,43.22514168,6.233900052,1
Delaware_2019 Q4,Delaware,1657,2019,188,1,618,88,671,91,Delaware,Kat Copeland,R,0,NA,NA,NA,,0,11.34580567,37.29631865,0.06035003,40.49487025,5.491852746,1
Delaware_2020 Q1,Delaware,1495,2020,155,NA,600,90,632,18,Delaware,Jack Stollsteimer,D,NA,NA,NA,NA,,1,10.36789298,40.13377926,NA,42.27424749,1.204013378,0
Delaware_2020 Q2,Delaware,505,2020,35,NA,201,43,220,6,Delaware,Jack Stollsteimer,D,NA,NA,NA,NA,,1,6.930693069,39.8019802,NA,43.56435644,1.188118812,0
Delaware_2020 Q3,Delaware,861,2020,63,NA,314,77,400,7,Delaware,Jack Stollsteimer,D,NA,NA,NA,NA,,1,7.317073171,36.46922184,NA,46.45760743,0.81300813,0
Delaware_2020 Q4,Delaware,735,2020,70,NA,259,81,319,6,Delaware,Jack Stollsteimer,D,NA,NA,NA,NA,,1,9.523809524,35.23809524,NA,43.40136054,0.816326531,0
Delaware_2021 Q1,Delaware,1067,2021,68,NA,381,99,514,5,Delaware,Jack Stollsteimer,D,NA,NA,NA,NA,,1,6.373008435,35.70759138,NA,48.17244611,0.468603561,0.5
Delaware_2021 Q2,Delaware,1124,2021,94,NA,429,95,494,12,Delaware,Jack Stollsteimer,D,NA,NA,NA,NA,,1,8.362989324,38.16725979,NA,43.95017794,1.067615658,0.5
Delaware_2021 Q3,Delaware,1071,2021,103,NA,373,101,487,7,Delaware,Jack Stollsteimer,D,NA,NA,NA,NA,,1,9.617180205,34.82726424,NA,45.47152194,0.653594771,0.5
Delaware_2021 Q4,Delaware,1174,2021,166,NA,396,95,510,7,Delaware,Jack Stollsteimer,D,NA,NA,NA,NA,,1,14.13969336,33.73083475,NA,43.44122658,0.596252129,0.5
Elk_2013 Q1,Elk,79,2013,13,NA,10,8,48,NA,Elk,Bradley Kraus,R,0,NA,0,0,,0,16.4556962,12.65822785,NA,60.75949367,NA,1
Elk_2013 Q2,Elk,71,2013,1,NA,22,4,42,2,Elk,Bradley Kraus,R,0,NA,0,0,,0,1.408450704,30.98591549,NA,59.15492958,2.816901408,1
Elk_2013 Q3,Elk,71,2013,NA,NA,10,10,51,NA,Elk,Bradley Kraus,R,0,NA,0,0,,0,NA,14.08450704,NA,71.83098592,NA,1
Elk_2013 Q4,Elk,76,2013,7,NA,12,11,46,NA,Elk,Bradley Kraus,R,0,NA,0,0,,0,9.210526316,15.78947368,NA,60.52631579,NA,1
Elk_2014 Q1,Elk,56,2014,2,NA,6,10,38,NA,Elk,Shawn McMahon,D,1,1,0,0,,0,3.571428571,10.71428571,NA,67.85714286,NA,0
Elk_2014 Q2,Elk,75,2014,7,NA,22,6,40,NA,Elk,Shawn McMahon,D,1,1,0,0,,0,9.333333333,29.33333333,NA,53.33333333,NA,0
Elk_2014 Q3,Elk,58,2014,1,NA,19,NA,38,NA,Elk,Shawn McMahon,D,1,1,0,0,,0,1.724137931,32.75862069,NA,65.51724138,NA,0
Elk_2014 Q4,Elk,71,2014,12,NA,25,NA,34,NA,Elk,Shawn McMahon,D,1,1,0,0,,0,16.90140845,35.21126761,NA,47.88732394,NA,0
Elk_2015 Q1,Elk,88,2015,20,NA,18,2,48,NA,Elk,Shawn McMahon,D,1,1,0,0,,0,22.72727273,20.45454545,NA,54.54545455,NA,0
Elk_2015 Q2,Elk,68,2015,13,NA,15,6,34,NA,Elk,Shawn McMahon,D,1,1,0,0,,0,19.11764706,22.05882353,NA,50,NA,0
Elk_2015 Q3,Elk,51,2015,11,2,11,2,25,NA,Elk,Shawn McMahon,D,1,1,0,0,,0,21.56862745,21.56862745,3.921568627,49.01960784,NA,0
Elk_2015 Q4,Elk,61,2015,13,NA,19,4,25,NA,Elk,Shawn McMahon,D,1,1,0,0,,0,21.31147541,31.14754098,NA,40.98360656,NA,0
Elk_2016 Q1,Elk,33,2016,2,NA,10,1,20,NA,Elk,Shawn McMahon,D,1,1,0,0,,0,6.060606061,30.3030303,NA,60.60606061,NA,0.5
Elk_2016 Q2,Elk,39,2016,12,NA,9,3,14,1,Elk,Shawn McMahon,D,1,1,0,0,,0,30.76923077,23.07692308,NA,35.8974359,2.564102564,0.5
Elk_2016 Q3,Elk,26,2016,8,NA,5,NA,13,NA,Elk,Shawn McMahon,D,1,1,0,0,,0,30.76923077,19.23076923,NA,50,NA,0.5
Elk_2016 Q4,Elk,20,2016,3,NA,6,1,10,NA,Elk,Shawn McMahon,D,1,1,0,0,,0,15,30,NA,50,NA,0.5
Elk_2017 Q1,Elk,50,2017,14,NA,9,3,24,NA,Elk,Shawn McMahon,D,1,1,0,0,,0,28,18,NA,48,NA,1
Elk_2017 Q2,Elk,22,2017,7,NA,8,NA,7,NA,Elk,Shawn McMahon,D,1,1,0,0,,0,31.81818182,36.36363636,NA,31.81818182,NA,1
Elk_2017 Q3,Elk,39,2017,5,NA,12,NA,22,NA,Elk,Shawn McMahon,D,1,1,0,0,,0,12.82051282,30.76923077,NA,56.41025641,NA,1
Elk_2017 Q4,Elk,17,2017,2,NA,5,NA,9,1,Elk,Shawn McMahon,D,1,1,0,0,,0,11.76470588,29.41176471,NA,52.94117647,5.882352941,1
Elk_2018 Q1,Elk,26,2018,7,NA,9,NA,9,1,Elk,Shawn McMahon,D,NA,NA,NA,NA,,0,26.92307692,34.61538462,NA,34.61538462,3.846153846,0
Elk_2018 Q2,Elk,26,2018,8,NA,8,NA,10,NA,Elk,Shawn McMahon,D,NA,NA,NA,NA,,0,30.76923077,30.76923077,NA,38.46153846,NA,0
Elk_2018 Q3,Elk,62,2018,11,NA,12,1,38,NA,Elk,Shawn McMahon,D,NA,NA,NA,NA,,0,17.74193548,19.35483871,NA,61.29032258,NA,0
Elk_2018 Q4,Elk,50,2018,2,NA,12,2,33,1,Elk,Shawn McMahon,D,NA,NA,NA,NA,,0,4,24,NA,66,2,0
Elk_2019 Q1,Elk,108,2019,11,NA,34,NA,63,NA,Elk,Thomas Coppolo,R,1,1,0,0,,0,10.18518519,31.48148148,NA,58.33333333,NA,0
Elk_2019 Q2,Elk,76,2019,12,NA,25,NA,38,1,Elk,Thomas Coppolo,R,1,1,0,0,,0,15.78947368,32.89473684,NA,50,1.315789474,0
Elk_2019 Q3,Elk,156,2019,9,NA,48,NA,99,NA,Elk,Thomas Coppolo,R,1,1,0,0,,0,5.769230769,30.76923077,NA,63.46153846,NA,0
Elk_2019 Q4,Elk,112,2019,46,NA,25,NA,40,1,Elk,Thomas Coppolo,R,1,1,0,0,,0,41.07142857,22.32142857,NA,35.71428571,0.892857143,0
Elk_2020 Q1,Elk,81,2020,8,NA,30,NA,43,NA,Elk,Thomas Coppolo,R,1,1,0,0,,0,9.87654321,37.03703704,NA,53.08641975,NA,0.5
Elk_2020 Q2,Elk,35,2020,NA,NA,11,NA,24,NA,Elk,Thomas Coppolo,R,1,1,0,0,,0,NA,31.42857143,NA,68.57142857,NA,0.5
Elk_2020 Q3,Elk,108,2020,18,NA,20,NA,70,NA,Elk,Thomas Coppolo,R,1,1,0,0,,0,16.66666667,18.51851852,NA,64.81481481,NA,0.5
Elk_2020 Q4,Elk,71,2020,7,NA,20,NA,44,NA,Elk,Thomas Coppolo,R,1,1,0,0,,0,9.85915493,28.16901408,NA,61.97183099,NA,0.5
Elk_2021 Q1,Elk,49,2021,11,NA,17,NA,19,2,Elk,Thomas Coppolo,R,1,1,0,0,,0,22.44897959,34.69387755,NA,38.7755102,4.081632653,1
Elk_2021 Q2,Elk,91,2021,20,NA,17,NA,50,4,Elk,Thomas Coppolo,R,1,1,0,0,,0,21.97802198,18.68131868,NA,54.94505495,4.395604396,1
Elk_2021 Q3,Elk,140,2021,19,NA,27,NA,91,3,Elk,Thomas Coppolo,R,1,1,0,0,,0,13.57142857,19.28571429,NA,65,2.142857143,1
Elk_2021 Q4,Elk,113,2021,16,NA,26,4,59,8,Elk,Thomas Coppolo,R,1,1,0,0,,0,14.15929204,23.00884956,NA,52.21238938,7.079646018,1
Erie_2013 Q1,Erie,611,2013,139,NA,101,127,217,27,Erie,Jack Daneri,R,1,1,0,0,,0,22.74959083,16.53027823,NA,35.51554828,4.41898527,0
Erie_2013 Q2,Erie,679,2013,173,NA,119,151,208,28,Erie,Jack Daneri,R,1,1,0,0,,0,25.47864507,17.5257732,NA,30.63328424,4.12371134,0
Erie_2013 Q3,Erie,615,2013,123,NA,127,106,218,41,Erie,Jack Daneri,R,1,1,0,0,,0,20,20.6504065,NA,35.44715447,6.666666667,0
Erie_2013 Q4,Erie,639,2013,158,NA,128,130,199,24,Erie,Jack Daneri,R,1,1,0,0,,0,24.72613459,20.0312989,NA,31.14241002,3.755868545,0
Erie_2014 Q1,Erie,682,2014,174,NA,145,115,224,24,Erie,Jack Daneri,R,1,1,0,0,,0,25.51319648,21.26099707,NA,32.84457478,3.519061584,0.5
Erie_2014 Q2,Erie,807,2014,212,NA,193,154,218,30,Erie,Jack Daneri,R,1,1,0,0,,0,26.27013631,23.9157373,NA,27.01363073,3.717472119,0.5
Erie_2014 Q3,Erie,585,2014,137,NA,115,114,193,26,Erie,Jack Daneri,R,1,1,0,0,,0,23.41880342,19.65811966,NA,32.99145299,4.444444444,0.5
Erie_2014 Q4,Erie,598,2014,142,NA,109,136,194,17,Erie,Jack Daneri,R,1,1,0,0,,0,23.7458194,18.22742475,NA,32.44147157,2.842809365,0.5
Erie_2015 Q1,Erie,698,2015,226,NA,100,119,231,22,Erie,Jack Daneri,R,1,1,0,0,,0,32.3782235,14.32664756,NA,33.09455587,3.151862464,1
Erie_2015 Q2,Erie,587,2015,117,NA,95,128,226,21,Erie,Jack Daneri,R,1,1,0,0,,0,19.9318569,16.18398637,NA,38.50085179,3.577512777,1
Erie_2015 Q3,Erie,658,2015,170,NA,128,125,212,23,Erie,Jack Daneri,R,1,1,0,0,,0,25.83586626,19.45288754,NA,32.21884498,3.495440729,1
Erie_2015 Q4,Erie,661,2015,148,NA,120,138,234,21,Erie,Jack Daneri,R,1,1,0,0,,0,22.3903177,18.15431165,NA,35.40090772,3.177004539,1
Erie_2016 Q1,Erie,693,2016,159,NA,97,129,287,21,Erie,Jack Daneri,R,1,1,0,0,,0,22.94372294,13.997114,NA,41.41414141,3.03030303,0
Erie_2016 Q2,Erie,753,2016,100,NA,145,183,297,28,Erie,Jack Daneri,R,1,1,0,0,,0,13.28021248,19.2563081,NA,39.44223108,3.718459495,0
Erie_2016 Q3,Erie,647,2016,95,NA,105,107,318,22,Erie,Jack Daneri,R,1,1,0,0,,0,14.68315301,16.22874807,NA,49.14992272,3.400309119,0
Erie_2016 Q4,Erie,864,2016,152,NA,165,135,391,21,Erie,Jack Daneri,R,1,1,0,0,,0,17.59259259,19.09722222,NA,45.25462963,2.430555556,0
Erie_2017 Q1,Erie,745,2017,134,NA,150,109,331,21,Erie,Jack Daneri,R,1,1,0,0,,0,17.98657718,20.13422819,NA,44.4295302,2.818791946,0
Erie_2017 Q2,Erie,791,2017,129,NA,162,134,351,15,Erie,Jack Daneri,R,1,1,0,0,,0,16.30847029,20.48040455,NA,44.37420986,1.896333755,0
Erie_2017 Q3,Erie,857,2017,180,NA,167,149,339,22,Erie,Jack Daneri,R,1,1,0,0,,0,21.00350058,19.4865811,NA,39.55659277,2.567094516,0
Erie_2017 Q4,Erie,815,2017,124,NA,153,156,370,12,Erie,Jack Daneri,R,1,1,0,0,,0,15.21472393,18.77300613,NA,45.39877301,1.472392638,0
Erie_2018 Q1,Erie,748,2018,131,NA,150,132,315,20,Erie,Jack Daneri,R,1,1,0,0,,0,17.51336898,20.05347594,NA,42.11229947,2.673796791,0.5
Erie_2018 Q2,Erie,856,2018,139,NA,160,147,385,25,Erie,Jack Daneri,R,1,1,0,0,,0,16.23831776,18.69158879,NA,44.97663551,2.920560748,0.5
Erie_2018 Q3,Erie,626,2018,95,NA,87,124,292,28,Erie,Jack Daneri,R,1,1,0,0,,0,15.17571885,13.89776358,NA,46.64536741,4.47284345,0.5
Erie_2018 Q4,Erie,722,2018,136,NA,132,114,318,22,Erie,Jack Daneri,R,1,1,0,0,,0,18.8365651,18.28254848,NA,44.04432133,3.047091413,0.5
Erie_2019 Q1,Erie,720,2019,86,NA,132,170,322,10,Erie,Jack Daneri,R,1,1,0,0,,0,11.94444444,18.33333333,NA,44.72222222,1.388888889,1
Erie_2019 Q2,Erie,657,2019,138,NA,79,118,316,6,Erie,Jack Daneri,R,1,1,0,0,,0,21.00456621,12.02435312,NA,48.09741248,0.913242009,1
Erie_2019 Q3,Erie,634,2019,106,NA,120,125,278,5,Erie,Jack Daneri,R,1,1,0,0,,0,16.7192429,18.92744479,NA,43.84858044,0.788643533,1
Erie_2019 Q4,Erie,659,2019,101,NA,95,131,320,12,Erie,Jack Daneri,R,1,1,0,0,,0,15.3262519,14.41578149,NA,48.55842185,1.820940819,1
Erie_2020 Q1,Erie,688,2020,71,NA,125,141,336,15,Erie,Jack Daneri,R,NA,NA,NA,NA,,0,10.31976744,18.16860465,NA,48.8372093,2.180232558,0
Erie_2020 Q2,Erie,372,2020,53,NA,79,54,181,5,Erie,Jack Daneri,R,NA,NA,NA,NA,,0,14.24731183,21.23655914,NA,48.65591398,1.344086022,0
Erie_2020 Q3,Erie,602,2020,54,NA,92,156,292,8,Erie,Jack Daneri,R,NA,NA,NA,NA,,0,8.970099668,15.28239203,NA,48.50498339,1.328903654,0
Erie_2020 Q4,Erie,464,2020,65,NA,80,85,225,9,Erie,Jack Daneri,R,NA,NA,NA,NA,,0,14.00862069,17.24137931,NA,48.49137931,1.939655172,0
Erie_2021 Q1,Erie,549,2021,87,NA,60,123,266,13,Erie,Jack Daneri,R,NA,NA,NA,NA,,0,15.84699454,10.92896175,NA,48.45173042,2.367941712,0
Erie_2021 Q2,Erie,779,2021,141,NA,112,151,358,17,Erie,Jack Daneri,R,NA,NA,NA,NA,,0,18.10012837,14.37740693,NA,45.9563543,2.182284981,0
Erie_2021 Q3,Erie,719,2021,106,NA,84,166,351,12,Erie,Jack Daneri,R,NA,NA,NA,NA,,0,14.74269819,11.68289291,NA,48.8178025,1.668984701,0
Erie_2021 Q4,Erie,674,2021,128,NA,123,113,301,9,Erie,Jack Daneri,R,NA,NA,NA,NA,,0,18.99109792,18.24925816,NA,44.65875371,1.335311573,0
Fayette_2013 Q1,Fayette,800,2013,99,1,110,94,115,381,Fayette,,,NA,NA,NA,NA,emailed,NA,12.375,13.75,0.125,14.375,47.625,0
Fayette_2013 Q2,Fayette,854,2013,86,1,110,99,142,416,Fayette,,,NA,NA,NA,NA,,NA,10.07025761,12.88056206,0.117096019,16.62763466,48.71194379,0
Fayette_2013 Q3,Fayette,1220,2013,177,1,127,107,161,647,Fayette,,,NA,NA,NA,NA,,NA,14.50819672,10.40983607,0.081967213,13.19672131,53.03278689,0
Fayette_2013 Q4,Fayette,1008,2013,116,6,80,106,183,517,Fayette,,,NA,NA,NA,NA,,NA,11.50793651,7.936507937,0.595238095,18.1547619,51.28968254,0
Fayette_2014 Q1,Fayette,1157,2014,177,12,108,67,123,670,Fayette,,,NA,NA,NA,NA,,NA,15.29818496,9.334485739,1.037165082,10.63094209,57.90838375,0
Fayette_2014 Q2,Fayette,883,2014,124,7,88,64,159,441,Fayette,,,NA,NA,NA,NA,,NA,14.04303511,9.966024915,0.792751982,18.00679502,49.94337486,0
Fayette_2014 Q3,Fayette,1131,2014,141,25,97,92,206,570,Fayette,,,NA,NA,NA,NA,,NA,12.4668435,8.57648099,2.210433245,18.21396994,50.39787798,0
Fayette_2014 Q4,Fayette,1019,2014,120,5,88,82,176,548,Fayette,,,NA,NA,NA,NA,,NA,11.77625123,8.635917566,0.490677134,17.27183513,53.77821394,0
Fayette_2015 Q1,Fayette,1039,2015,114,10,97,115,191,512,Fayette,,,NA,NA,NA,NA,,NA,10.97208855,9.335899904,0.962463908,18.38306064,49.27815207,0
Fayette_2015 Q2,Fayette,909,2015,102,7,86,88,172,454,Fayette,,,NA,NA,NA,NA,,NA,11.22112211,9.460946095,0.770077008,18.92189219,49.9449945,0
Fayette_2015 Q3,Fayette,915,2015,109,1,65,80,146,514,Fayette,,,NA,NA,NA,NA,,NA,11.91256831,7.103825137,0.109289617,15.95628415,56.17486339,0
Fayette_2015 Q4,Fayette,755,2015,50,32,75,73,177,348,Fayette,,,NA,NA,NA,NA,,NA,6.622516556,9.933774834,4.238410596,23.44370861,46.09271523,0
Fayette_2016 Q1,Fayette,1437,2016,206,2,56,75,149,949,Fayette,Richard Bower,R,NA,NA,NA,NA,,0,14.33542102,3.897007655,0.139178845,10.36882394,66.04036186,0
Fayette_2016 Q2,Fayette,1054,2016,132,11,69,135,216,491,Fayette,Richard Bower,R,NA,NA,NA,NA,,0,12.52371917,6.546489564,1.043643264,20.49335863,46.58444023,0
Fayette_2016 Q3,Fayette,865,2016,118,29,34,77,170,437,Fayette,Richard Bower,R,NA,NA,NA,NA,,0,13.6416185,3.930635838,3.352601156,19.65317919,50.52023121,0
Fayette_2016 Q4,Fayette,1100,2016,89,10,52,186,230,533,Fayette,Richard Bower,R,NA,NA,NA,NA,,0,8.090909091,4.727272727,0.909090909,20.90909091,48.45454545,0
Fayette_2017 Q1,Fayette,1311,2017,116,13,43,175,252,712,Fayette,Richard Bower,R,NA,NA,NA,NA,,0,8.848207475,3.279938978,0.991609458,19.22196796,54.30968726,0
Fayette_2017 Q2,Fayette,1263,2017,137,16,61,155,253,641,Fayette,Richard Bower,R,NA,NA,NA,NA,,0,10.84718923,4.829770388,1.26682502,20.03167063,50.75217736,0
Fayette_2017 Q3,Fayette,1110,2017,97,NA,52,132,238,591,Fayette,Richard Bower,R,NA,NA,NA,NA,,0,8.738738739,4.684684685,NA,21.44144144,53.24324324,0
Fayette_2017 Q4,Fayette,1067,2017,110,NA,39,138,240,540,Fayette,Richard Bower,R,NA,NA,NA,NA,,0,10.30927835,3.655107779,NA,22.49297095,50.60918463,0
Fayette_2018 Q1,Fayette,2271,2018,112,NA,25,163,196,1775,Fayette,Richard Bower,R,NA,NA,NA,NA,,0,4.931748129,1.100836636,NA,8.630559225,78.15940114,0
Fayette_2018 Q2,Fayette,995,2018,97,17,30,131,210,510,Fayette,Richard Bower,R,NA,NA,NA,NA,,0,9.748743719,3.015075377,1.708542714,21.10552764,51.25628141,0
Fayette_2018 Q3,Fayette,1306,2018,110,1,36,187,248,724,Fayette,Richard Bower,R,NA,NA,NA,NA,,0,8.422664625,2.756508423,0.076569678,18.98928025,55.43644717,0
Fayette_2018 Q4,Fayette,908,2018,51,38,22,128,191,478,Fayette,Richard Bower,R,NA,NA,NA,NA,,0,5.616740088,2.422907489,4.185022026,21.03524229,52.64317181,0
Fayette_2019 Q1,Fayette,805,2019,69,NA,37,136,135,428,Fayette,Richard Bower,R,NA,NA,NA,NA,,0,8.571428571,4.596273292,NA,16.77018634,53.16770186,0
Fayette_2019 Q2,Fayette,1212,2019,77,22,27,155,203,728,Fayette,Richard Bower,R,NA,NA,NA,NA,,0,6.353135314,2.227722772,1.815181518,16.74917492,60.0660066,0
Fayette_2019 Q3,Fayette,968,2019,85,NA,36,135,227,485,Fayette,Richard Bower,R,NA,NA,NA,NA,,0,8.780991736,3.719008264,NA,23.45041322,50.10330579,0
Fayette_2019 Q4,Fayette,1118,2019,79,8,31,232,204,564,Fayette,Richard Bower,R,NA,NA,NA,NA,,0,7.066189624,2.772808587,0.715563506,18.24686941,50.44722719,0
Fayette_2020 Q1,Fayette,1212,2020,130,NA,28,134,170,750,Fayette,Richard Bower,R,NA,NA,NA,NA,,0,10.72607261,2.310231023,NA,14.02640264,61.88118812,0
Fayette_2020 Q2,Fayette,607,2020,50,NA,21,114,140,282,Fayette,Richard Bower,R,NA,NA,NA,NA,,0,8.23723229,3.459637562,NA,23.06425041,46.45799012,0
Fayette_2020 Q3,Fayette,755,2020,62,NA,15,155,160,363,Fayette,Richard Bower,R,NA,NA,NA,NA,,0,8.21192053,1.986754967,NA,21.19205298,48.0794702,0
Fayette_2020 Q4,Fayette,571,2020,28,NA,10,109,114,310,Fayette,Richard Bower,R,NA,NA,NA,NA,,0,4.903677758,1.751313485,NA,19.96497373,54.29071804,0
Fayette_2021 Q1,Fayette,772,2021,54,NA,19,153,131,415,Fayette,Richard Bower,R,NA,NA,NA,NA,,0,6.994818653,2.461139896,NA,16.96891192,53.75647668,0
Fayette_2021 Q2,Fayette,1095,2021,78,NA,20,187,189,621,Fayette,Richard Bower,R,NA,NA,NA,NA,,0,7.123287671,1.826484018,NA,17.26027397,56.71232877,0
Fayette_2021 Q3,Fayette,1405,2021,63,NA,16,226,215,885,Fayette,Richard Bower,R,NA,NA,NA,NA,,0,4.483985765,1.138790036,NA,15.3024911,62.98932384,0
Fayette_2021 Q4,Fayette,1073,2021,68,NA,23,196,199,587,Fayette,Richard Bower,R,NA,NA,NA,NA,,0,6.337371855,2.143522833,NA,18.54613234,54.70643057,0
Forest_2013 Q1,Forest,6,2013,2,NA,2,NA,2,NA,Forest,Elizabeth Ziegler,R,0,NA,NA,NA,,0,33.33333333,33.33333333,NA,33.33333333,NA,0
Forest_2013 Q2,Forest,20,2013,9,NA,6,NA,5,NA,Forest,Elizabeth Ziegler,R,0,NA,NA,NA,,0,45,30,NA,25,NA,0
Forest_2013 Q3,Forest,7,2013,3,NA,3,NA,1,NA,Forest,Elizabeth Ziegler,R,0,NA,NA,NA,,0,42.85714286,42.85714286,NA,14.28571429,NA,0
Forest_2013 Q4,Forest,5,2013,1,NA,3,NA,1,NA,Forest,Elizabeth Ziegler,R,0,NA,NA,NA,,0,20,60,NA,20,NA,0
Forest_2014 Q1,Forest,19,2014,6,NA,9,2,2,NA,Forest,Elizabeth Ziegler,R,0,NA,NA,NA,,0,31.57894737,47.36842105,NA,10.52631579,NA,0.5
Forest_2014 Q2,Forest,14,2014,3,NA,3,NA,8,NA,Forest,Elizabeth Ziegler,R,0,NA,NA,NA,,0,21.42857143,21.42857143,NA,57.14285714,NA,0.5
Forest_2014 Q3,Forest,7,2014,NA,NA,4,NA,2,1,Forest,Elizabeth Ziegler,R,0,NA,NA,NA,,0,NA,57.14285714,NA,28.57142857,14.28571429,0.5
Forest_2014 Q4,Forest,8,2014,4,NA,2,2,NA,NA,Forest,Elizabeth Ziegler,R,0,NA,NA,NA,,0,50,25,NA,NA,NA,0.5
Forest_2015 Q1,Forest,11,2015,6,NA,5,NA,NA,NA,Forest,Elizabeth Ziegler,R,0,NA,1,0,,0,54.54545455,45.45454545,NA,NA,NA,1
Forest_2015 Q2,Forest,8,2015,2,NA,5,NA,1,NA,Forest,Elizabeth Ziegler,R,0,NA,1,0,,0,25,62.5,NA,12.5,NA,1
Forest_2015 Q3,Forest,8,2015,NA,NA,3,3,2,NA,Forest,Elizabeth Ziegler,R,0,NA,1,0,,0,NA,37.5,NA,25,NA,1
Forest_2015 Q4,Forest,33,2015,11,NA,5,1,13,3,Forest,Elizabeth Ziegler,R,0,NA,1,0,,0,33.33333333,15.15151515,NA,39.39393939,9.090909091,1
Forest_2016 Q1,Forest,5,2016,1,NA,3,NA,NA,1,Forest,Barbara Litten,R,0,NA,NA,NA,,0,20,60,NA,NA,20,0
Forest_2016 Q2,Forest,13,2016,8,NA,2,NA,3,NA,Forest,Barbara Litten,R,0,NA,NA,NA,,0,61.53846154,15.38461538,NA,23.07692308,NA,0
Forest_2016 Q3,Forest,21,2016,4,NA,9,3,3,2,Forest,Barbara Litten,R,0,NA,NA,NA,,0,19.04761905,42.85714286,NA,14.28571429,9.523809524,0
Forest_2016 Q4,Forest,9,2016,2,NA,4,NA,2,1,Forest,Barbara Litten,R,0,NA,NA,NA,,0,22.22222222,44.44444444,NA,22.22222222,11.11111111,0
Forest_2017 Q1,Forest,28,2017,20,NA,2,1,5,NA,Forest,Barbara Litten,R,0,NA,NA,NA,,0,71.42857143,7.142857143,NA,17.85714286,NA,0
Forest_2017 Q2,Forest,25,2017,11,NA,6,2,5,1,Forest,Barbara Litten,R,0,NA,NA,NA,,0,44,24,NA,20,4,0
Forest_2017 Q3,Forest,25,2017,12,NA,1,5,7,NA,Forest,Barbara Litten,R,0,NA,NA,NA,,0,48,4,NA,28,NA,0
Forest_2017 Q4,Forest,14,2017,5,NA,2,NA,7,NA,Forest,Barbara Litten,R,0,NA,NA,NA,,0,35.71428571,14.28571429,NA,50,NA,0
Forest_2018 Q1,Forest,18,2018,7,NA,3,NA,7,1,Forest,Barbara Litten,R,0,NA,NA,NA,,0,38.88888889,16.66666667,NA,38.88888889,5.555555556,0.5
Forest_2018 Q2,Forest,26,2018,2,NA,5,5,12,2,Forest,Barbara Litten,R,0,NA,NA,NA,,0,7.692307692,19.23076923,NA,46.15384615,7.692307692,0.5
Forest_2018 Q3,Forest,21,2018,6,NA,5,2,5,3,Forest,Barbara Litten,R,0,NA,NA,NA,,0,28.57142857,23.80952381,NA,23.80952381,14.28571429,0.5
Forest_2018 Q4,Forest,20,2018,5,NA,1,7,7,NA,Forest,Barbara Litten,R,0,NA,NA,NA,,0,25,5,NA,35,NA,0.5
Forest_2019 Q1,Forest,16,2019,10,NA,2,2,2,NA,Forest,Barbara Litten,R,0,NA,0,0,,0,62.5,12.5,NA,12.5,NA,1
Forest_2019 Q2,Forest,22,2019,3,NA,6,5,8,NA,Forest,Barbara Litten,R,0,NA,0,0,,0,13.63636364,27.27272727,NA,36.36363636,NA,1
Forest_2019 Q3,Forest,29,2019,10,2,2,2,11,2,Forest,Barbara Litten,R,0,NA,0,0,,0,34.48275862,6.896551724,6.896551724,37.93103448,6.896551724,1
Forest_2019 Q4,Forest,23,2019,8,NA,3,6,5,1,Forest,Barbara Litten,R,0,NA,0,0,,0,34.7826087,13.04347826,NA,21.73913043,4.347826087,1
Forest_2020 Q1,Forest,19,2020,6,NA,6,3,2,2,Forest,Alyce Busch,D,NA,NA,NA,NA,,0,31.57894737,31.57894737,NA,10.52631579,10.52631579,0
Forest_2020 Q2,Forest,4,2020,NA,NA,2,1,1,NA,Forest,Alyce Busch,D,NA,NA,NA,NA,,0,NA,50,NA,25,NA,0
Forest_2020 Q3,Forest,9,2020,NA,NA,1,1,7,NA,Forest,Alyce Busch,D,NA,NA,NA,NA,,0,NA,11.11111111,NA,77.77777778,NA,0
Forest_2020 Q4,Forest,12,2020,1,NA,1,6,4,NA,Forest,Alyce Busch,D,NA,NA,NA,NA,,0,8.333333333,8.333333333,NA,33.33333333,NA,0
Forest_2021 Q1,Forest,5,2021,NA,NA,2,1,2,NA,Forest,Alyce Busch,D,NA,NA,NA,NA,,0,NA,40,NA,40,NA,0
Forest_2021 Q2,Forest,5,2021,NA,NA,2,1,2,NA,Forest,Alyce Busch,D,NA,NA,NA,NA,,0,NA,40,NA,40,NA,0
Forest_2021 Q3,Forest,5,2021,NA,NA,2,3,NA,NA,Forest,Alyce Busch,D,NA,NA,NA,NA,,0,NA,40,NA,NA,NA,0
Forest_2021 Q4,Forest,15,2021,3,NA,NA,1,10,1,Forest,Alyce Busch,D,NA,NA,NA,NA,,0,20,NA,NA,66.66666667,6.666666667,0
Franklin_2013 Q1,Franklin,464,2013,62,8,186,38,169,1,Franklin,Matt Fogal,R,1,1,0,0,,0,13.36206897,40.0862069,1.724137931,36.42241379,0.215517241,0
Franklin_2013 Q2,Franklin,529,2013,77,5,222,42,181,2,Franklin,Matt Fogal,R,1,1,0,0,,0,14.5557656,41.96597353,0.945179584,34.21550095,0.378071834,0
Franklin_2013 Q3,Franklin,522,2013,63,7,225,46,180,1,Franklin,Matt Fogal,R,1,1,0,0,,0,12.06896552,43.10344828,1.340996169,34.48275862,0.191570881,0
Franklin_2013 Q4,Franklin,530,2013,58,12,194,64,202,NA,Franklin,Matt Fogal,R,1,1,0,0,,0,10.94339623,36.60377358,2.264150943,38.11320755,NA,0
Franklin_2014 Q1,Franklin,477,2014,51,3,164,92,167,NA,Franklin,Matt Fogal,R,1,1,0,0,,0,10.6918239,34.38155136,0.628930818,35.01048218,NA,0.5
Franklin_2014 Q2,Franklin,479,2014,42,1,159,89,187,1,Franklin,Matt Fogal,R,1,1,0,0,,0,8.768267223,33.19415449,0.208768267,39.03966597,0.208768267,0.5
Franklin_2014 Q3,Franklin,417,2014,48,3,143,65,157,1,Franklin,Matt Fogal,R,1,1,0,0,,0,11.51079137,34.29256595,0.71942446,37.6498801,0.239808153,0.5
Franklin_2014 Q4,Franklin,439,2014,68,NA,142,55,172,2,Franklin,Matt Fogal,R,1,1,0,0,,0,15.48974943,32.34624146,NA,39.17995444,0.455580866,0.5
Franklin_2015 Q1,Franklin,476,2015,91,2,134,78,156,15,Franklin,Matt Fogal,R,1,1,0,0,,0,19.11764706,28.1512605,0.420168067,32.77310924,3.151260504,1
Franklin_2015 Q2,Franklin,431,2015,38,3,151,70,154,15,Franklin,Matt Fogal,R,1,1,0,0,,0,8.816705336,35.03480278,0.696055684,35.73085847,3.480278422,1
Franklin_2015 Q3,Franklin,497,2015,73,2,131,77,176,38,Franklin,Matt Fogal,R,1,1,0,0,,0,14.68812877,26.35814889,0.402414487,35.41247485,7.645875252,1
Franklin_2015 Q4,Franklin,418,2015,64,NA,106,63,167,18,Franklin,Matt Fogal,R,1,1,0,0,,0,15.31100478,25.35885167,NA,39.95215311,4.306220096,1
Franklin_2016 Q1,Franklin,426,2016,51,2,125,72,165,11,Franklin,Matt Fogal,R,1,1,0,0,,0,11.97183099,29.342723,0.469483568,38.73239437,2.582159624,0
Franklin_2016 Q2,Franklin,453,2016,61,10,126,80,157,19,Franklin,Matt Fogal,R,1,1,0,0,,0,13.46578366,27.81456954,2.207505519,34.65783664,4.194260486,0
Franklin_2016 Q3,Franklin,519,2016,84,7,137,73,190,28,Franklin,Matt Fogal,R,1,1,0,0,,0,16.1849711,26.39691715,1.348747592,36.6088632,5.394990366,0
Franklin_2016 Q4,Franklin,496,2016,52,1,142,64,198,39,Franklin,Matt Fogal,R,1,1,0,0,,0,10.48387097,28.62903226,0.201612903,39.91935484,7.862903226,0
Franklin_2017 Q1,Franklin,458,2017,45,2,128,78,171,34,Franklin,Matt Fogal,R,1,1,0,0,,0,9.825327511,27.94759825,0.436681223,37.33624454,7.423580786,0
Franklin_2017 Q2,Franklin,502,2017,76,1,104,112,157,52,Franklin,Matt Fogal,R,1,1,0,0,,0,15.13944223,20.71713147,0.199203187,31.2749004,10.35856574,0
Franklin_2017 Q3,Franklin,458,2017,60,3,120,93,155,27,Franklin,Matt Fogal,R,1,1,0,0,,0,13.10043668,26.20087336,0.655021834,33.84279476,5.895196507,0
Franklin_2017 Q4,Franklin,456,2017,93,NA,107,78,146,32,Franklin,Matt Fogal,R,1,1,0,0,,0,20.39473684,23.46491228,NA,32.01754386,7.01754386,0
Franklin_2018 Q1,Franklin,467,2018,57,2,109,95,170,34,Franklin,Matt Fogal,R,1,1,0,0,,0,12.20556745,23.34047109,0.428265525,36.40256959,7.280513919,0.5
Franklin_2018 Q2,Franklin,524,2018,100,NA,117,110,174,23,Franklin,Matt Fogal,R,1,1,0,0,,0,19.08396947,22.32824427,NA,33.20610687,4.389312977,0.5
Franklin_2018 Q3,Franklin,459,2018,62,NA,114,108,157,18,Franklin,Matt Fogal,R,1,1,0,0,,0,13.50762527,24.83660131,NA,34.20479303,3.921568627,0.5
Franklin_2018 Q4,Franklin,459,2018,110,NA,99,110,125,15,Franklin,Matt Fogal,R,1,1,0,0,,0,23.96514161,21.56862745,NA,27.23311547,3.267973856,0.5
Franklin_2019 Q1,Franklin,494,2019,78,NA,109,134,152,21,Franklin,Matt Fogal,R,1,1,0,0,,0,15.78947368,22.06477733,NA,30.76923077,4.251012146,1
Franklin_2019 Q2,Franklin,430,2019,76,1,110,83,145,15,Franklin,Matt Fogal,R,1,1,0,0,,0,17.6744186,25.58139535,0.23255814,33.72093023,3.488372093,1
Franklin_2019 Q3,Franklin,516,2019,81,NA,139,117,163,16,Franklin,Matt Fogal,R,1,1,0,0,,0,15.69767442,26.9379845,NA,31.58914729,3.100775194,1
Franklin_2019 Q4,Franklin,486,2019,125,NA,82,106,150,23,Franklin,Matt Fogal,R,1,1,0,0,,0,25.72016461,16.87242798,NA,30.86419753,4.732510288,1
Franklin_2020 Q1,Franklin,463,2020,118,NA,129,79,106,31,Franklin,Matt Fogal,R,NA,NA,NA,NA,,0,25.48596112,27.86177106,NA,22.89416847,6.695464363,0
Franklin_2020 Q2,Franklin,222,2020,33,NA,102,30,47,10,Franklin,Matt Fogal,R,NA,NA,NA,NA,,0,14.86486486,45.94594595,NA,21.17117117,4.504504505,0
Franklin_2020 Q3,Franklin,374,2020,54,NA,137,49,108,26,Franklin,Matt Fogal,R,NA,NA,NA,NA,,0,14.43850267,36.63101604,NA,28.87700535,6.951871658,0
Franklin_2020 Q4,Franklin,254,2020,43,NA,106,28,68,9,Franklin,Matt Fogal,R,NA,NA,NA,NA,,0,16.92913386,41.73228346,NA,26.77165354,3.543307087,0
Franklin_2021 Q1,Franklin,279,2021,68,NA,101,35,66,9,Franklin,Matt Fogal,I,NA,NA,NA,NA,,0,24.37275986,36.20071685,NA,23.65591398,3.225806452,0
Franklin_2021 Q2,Franklin,377,2021,80,NA,159,43,75,20,Franklin,Matt Fogal,I,NA,NA,NA,NA,,0,21.22015915,42.17506631,NA,19.8938992,5.305039788,0
Franklin_2021 Q3,Franklin,354,2021,66,NA,115,66,92,15,Franklin,Matt Fogal,I,NA,NA,NA,NA,,0,18.6440678,32.48587571,NA,25.98870056,4.237288136,0
Franklin_2021 Q4,Franklin,413,2021,105,NA,142,51,90,25,Franklin,Matt Fogal,I,NA,NA,NA,NA,,0,25.42372881,34.38256659,NA,21.79176755,6.053268765,0
Fulton_2013 Q1,Fulton,47,2013,2,5,13,8,16,3,Fulton,Travis Kendall,R,1,1,0,0,,0,4.255319149,27.65957447,10.63829787,34.04255319,6.382978723,0
Fulton_2013 Q2,Fulton,30,2013,11,NA,8,3,8,NA,Fulton,Travis Kendall,R,1,1,0,0,,0,36.66666667,26.66666667,NA,26.66666667,NA,0
Fulton_2013 Q3,Fulton,45,2013,12,3,5,6,19,NA,Fulton,Travis Kendall,R,1,1,0,0,,0,26.66666667,11.11111111,6.666666667,42.22222222,NA,0
Fulton_2013 Q4,Fulton,50,2013,14,1,10,12,13,NA,Fulton,Travis Kendall,R,1,1,0,0,,0,28,20,2,26,NA,0
Fulton_2014 Q1,Fulton,44,2014,7,NA,13,10,14,NA,Fulton,Travis Kendall,R,1,1,0,0,,0,15.90909091,29.54545455,NA,31.81818182,NA,0.5
Fulton_2014 Q2,Fulton,41,2014,NA,3,15,5,18,NA,Fulton,Travis Kendall,R,1,1,0,0,,0,NA,36.58536585,7.317073171,43.90243902,NA,0.5
Fulton_2014 Q3,Fulton,45,2014,8,NA,14,9,14,NA,Fulton,Travis Kendall,R,1,1,0,0,,0,17.77777778,31.11111111,NA,31.11111111,NA,0.5
Fulton_2014 Q4,Fulton,32,2014,4,NA,7,9,12,NA,Fulton,Travis Kendall,R,1,1,0,0,,0,12.5,21.875,NA,37.5,NA,0.5
Fulton_2015 Q1,Fulton,51,2015,8,2,6,15,20,NA,Fulton,Travis Kendall,R,1,1,0,0,,0,15.68627451,11.76470588,3.921568627,39.21568627,NA,1
Fulton_2015 Q2,Fulton,49,2015,15,3,6,9,16,NA,Fulton,Travis Kendall,R,1,1,0,0,,0,30.6122449,12.24489796,6.12244898,32.65306122,NA,1
Fulton_2015 Q3,Fulton,53,2015,19,1,4,6,23,NA,Fulton,Travis Kendall,R,1,1,0,0,,0,35.8490566,7.547169811,1.886792453,43.39622642,NA,1
Fulton_2015 Q4,Fulton,45,2015,14,NA,4,8,19,NA,Fulton,Travis Kendall,R,1,1,0,0,,0,31.11111111,8.888888889,NA,42.22222222,NA,1
Fulton_2016 Q1,Fulton,44,2016,12,NA,2,13,17,NA,Fulton,Travis Kendall,R,1,1,0,0,,0,27.27272727,4.545454545,NA,38.63636364,NA,0
Fulton_2016 Q2,Fulton,48,2016,15,NA,3,15,15,NA,Fulton,Travis Kendall,R,1,1,0,0,,0,31.25,6.25,NA,31.25,NA,0
Fulton_2016 Q3,Fulton,28,2016,3,NA,2,12,11,NA,Fulton,Travis Kendall,R,1,1,0,0,,0,10.71428571,7.142857143,NA,39.28571429,NA,0
Fulton_2016 Q4,Fulton,24,2016,4,NA,1,6,13,NA,Fulton,Travis Kendall,R,1,1,0,0,,0,16.66666667,4.166666667,NA,54.16666667,NA,0
Fulton_2017 Q1,Fulton,54,2017,15,NA,6,22,11,NA,Fulton,Travis Kendall,R,1,1,0,0,,0,27.77777778,11.11111111,NA,20.37037037,NA,0
Fulton_2017 Q2,Fulton,47,2017,15,NA,4,15,13,NA,Fulton,Travis Kendall,R,1,1,0,0,,0,31.91489362,8.510638298,NA,27.65957447,NA,0
Fulton_2017 Q3,Fulton,28,2017,5,NA,7,7,9,NA,Fulton,Travis Kendall,R,1,1,0,0,,0,17.85714286,25,NA,32.14285714,NA,0
Fulton_2017 Q4,Fulton,41,2017,14,NA,3,11,13,NA,Fulton,Travis Kendall,R,1,1,0,0,,0,34.14634146,7.317073171,NA,31.70731707,NA,0
Fulton_2018 Q1,Fulton,46,2018,15,NA,3,6,22,NA,Fulton,Travis Kendall,R,1,1,0,0,,0,32.60869565,6.52173913,NA,47.82608696,NA,0.5
Fulton_2018 Q2,Fulton,44,2018,11,NA,7,5,21,NA,Fulton,Travis Kendall,R,1,1,0,0,,0,25,15.90909091,NA,47.72727273,NA,0.5
Fulton_2018 Q3,Fulton,38,2018,10,NA,4,13,11,NA,Fulton,Travis Kendall,R,1,1,0,0,,0,26.31578947,10.52631579,NA,28.94736842,NA,0.5
Fulton_2018 Q4,Fulton,53,2018,2,NA,11,12,27,1,Fulton,Travis Kendall,R,1,1,0,0,,0,3.773584906,20.75471698,NA,50.94339623,1.886792453,0.5
Fulton_2019 Q1,Fulton,45,2019,2,NA,10,15,18,NA,Fulton,Travis Kendall,R,1,1,0,0,,0,4.444444444,22.22222222,NA,40,NA,1
Fulton_2019 Q2,Fulton,52,2019,23,NA,4,18,7,NA,Fulton,Travis Kendall,R,1,1,0,0,,0,44.23076923,7.692307692,NA,13.46153846,NA,1
Fulton_2019 Q3,Fulton,54,2019,13,2,5,14,20,NA,Fulton,Travis Kendall,R,1,1,0,0,,0,24.07407407,9.259259259,3.703703704,37.03703704,NA,1
Fulton_2019 Q4,Fulton,54,2019,21,NA,8,8,17,NA,Fulton,Travis Kendall,R,1,1,0,0,,0,38.88888889,14.81481481,NA,31.48148148,NA,1
Fulton_2020 Q1,Fulton,39,2020,7,NA,8,12,11,1,Fulton,Travis Kendall,R,NA,NA,NA,NA,,0,17.94871795,20.51282051,NA,28.20512821,2.564102564,0
Fulton_2020 Q2,Fulton,17,2020,2,NA,3,4,8,NA,Fulton,Travis Kendall,R,NA,NA,NA,NA,,0,11.76470588,17.64705882,NA,47.05882353,NA,0
Fulton_2020 Q3,Fulton,52,2020,20,NA,1,16,14,1,Fulton,Travis Kendall,R,NA,NA,NA,NA,,0,38.46153846,1.923076923,NA,26.92307692,1.923076923,0
Fulton_2020 Q4,Fulton,34,2020,9,NA,4,10,10,1,Fulton,Travis Kendall,R,NA,NA,NA,NA,,0,26.47058824,11.76470588,NA,29.41176471,2.941176471,0
Fulton_2021 Q1,Fulton,17,2021,2,NA,9,2,4,NA,Fulton,Travis Kendall,R,NA,NA,NA,NA,,0,11.76470588,52.94117647,NA,23.52941176,NA,0
Fulton_2021 Q2,Fulton,35,2021,7,NA,9,7,12,NA,Fulton,Travis Kendall,R,NA,NA,NA,NA,,0,20,25.71428571,NA,34.28571429,NA,0
Fulton_2021 Q3,Fulton,23,2021,7,NA,4,6,6,NA,Fulton,Travis Kendall,R,NA,NA,NA,NA,,0,30.43478261,17.39130435,NA,26.08695652,NA,0
Fulton_2021 Q4,Fulton,41,2021,7,NA,7,10,17,NA,Fulton,Travis Kendall,R,NA,NA,NA,NA,,0,17.07317073,17.07317073,NA,41.46341463,NA,0
Greene_2013 Q1,Greene,134,2013,40,NA,51,2,41,NA,Greene,Marjorie Fox,D,1,1,0,0,,0,29.85074627,38.05970149,NA,30.59701493,NA,0
Greene_2013 Q2,Greene,142,2013,16,NA,51,8,65,2,Greene,Marjorie Fox,D,1,1,0,0,,0,11.26760563,35.91549296,NA,45.77464789,1.408450704,0
Greene_2013 Q3,Greene,138,2013,12,NA,55,16,51,4,Greene,Marjorie Fox,D,1,1,0,0,,0,8.695652174,39.85507246,NA,36.95652174,2.898550725,0
Greene_2013 Q4,Greene,154,2013,14,NA,83,5,52,NA,Greene,Marjorie Fox,D,1,1,0,0,,0,9.090909091,53.8961039,NA,33.76623377,NA,0
Greene_2014 Q1,Greene,156,2014,31,11,62,6,46,NA,Greene,Marjorie Fox,D,1,1,0,0,,0,19.87179487,39.74358974,7.051282051,29.48717949,NA,0.5
Greene_2014 Q2,Greene,137,2014,41,9,48,9,30,NA,Greene,Marjorie Fox,D,1,1,0,0,,0,29.9270073,35.03649635,6.569343066,21.89781022,NA,0.5
Greene_2014 Q3,Greene,98,2014,17,2,48,9,21,1,Greene,Marjorie Fox,D,1,1,0,0,,0,17.34693878,48.97959184,2.040816327,21.42857143,1.020408163,0.5
Greene_2014 Q4,Greene,113,2014,21,16,31,9,35,1,Greene,Marjorie Fox,D,1,1,0,0,,0,18.5840708,27.43362832,14.15929204,30.97345133,0.884955752,0.5
Greene_2015 Q1,Greene,66,2015,11,1,25,5,24,NA,Greene,Marjorie Fox,D,1,1,0,0,,0,16.66666667,37.87878788,1.515151515,36.36363636,NA,1
Greene_2015 Q2,Greene,204,2015,34,47,61,29,30,3,Greene,Marjorie Fox,D,1,1,0,0,,0,16.66666667,29.90196078,23.03921569,14.70588235,1.470588235,1
Greene_2015 Q3,Greene,117,2015,17,NA,40,14,45,1,Greene,Marjorie Fox,D,1,1,0,0,,0,14.52991453,34.18803419,NA,38.46153846,0.854700855,1
Greene_2015 Q4,Greene,131,2015,42,NA,36,20,33,NA,Greene,Marjorie Fox,D,1,1,0,0,,0,32.0610687,27.48091603,NA,25.19083969,NA,1
Greene_2016 Q1,Greene,225,2016,155,NA,37,9,24,NA,Greene,Marjorie Fox,D,0,NA,NA,NA,,0,68.88888889,16.44444444,NA,10.66666667,NA,0
Greene_2016 Q2,Greene,170,2016,60,1,31,15,63,NA,Greene,Marjorie Fox,D,0,NA,NA,NA,,0,35.29411765,18.23529412,0.588235294,37.05882353,NA,0
Greene_2016 Q3,Greene,110,2016,26,3,33,10,36,2,Greene,Marjorie Fox,D,0,NA,NA,NA,,0,23.63636364,30,2.727272727,32.72727273,1.818181818,0
Greene_2016 Q4,Greene,80,2016,16,3,30,8,23,NA,Greene,Marjorie Fox,D,0,NA,NA,NA,,0,20,37.5,3.75,28.75,NA,0
Greene_2017 Q1,Greene,91,2017,20,NA,25,21,25,NA,Greene,Marjorie Fox,D,0,NA,NA,NA,,0,21.97802198,27.47252747,NA,27.47252747,NA,0
Greene_2017 Q2,Greene,188,2017,130,NA,11,7,17,23,Greene,Marjorie Fox,D,0,NA,NA,NA,,0,69.14893617,5.85106383,NA,9.042553191,12.23404255,0
Greene_2017 Q3,Greene,67,2017,15,NA,25,9,17,1,Greene,Marjorie Fox,D,0,NA,NA,NA,,0,22.3880597,37.31343284,NA,25.37313433,1.492537313,0
Greene_2017 Q4,Greene,115,2017,37,NA,31,7,39,1,Greene,Marjorie Fox,D,0,NA,NA,NA,,0,32.17391304,26.95652174,NA,33.91304348,0.869565217,0
Greene_2018 Q1,Greene,81,2018,43,NA,15,8,15,NA,Greene,Marjorie Fox,D,0,NA,NA,NA,,0,53.08641975,18.51851852,NA,18.51851852,NA,0.5
Greene_2018 Q2,Greene,91,2018,15,NA,35,18,22,1,Greene,Marjorie Fox,D,0,NA,NA,NA,,0,16.48351648,38.46153846,NA,24.17582418,1.098901099,0.5
Greene_2018 Q3,Greene,28,2018,7,NA,10,3,7,1,Greene,Marjorie Fox,D,0,NA,NA,NA,,0,25,35.71428571,NA,25,3.571428571,0.5
Greene_2018 Q4,Greene,127,2018,69,NA,23,4,31,NA,Greene,Marjorie Fox,D,0,NA,NA,NA,,0,54.33070866,18.11023622,NA,24.40944882,NA,0.5
Greene_2019 Q1,Greene,66,2019,14,NA,18,16,18,NA,Greene,Marjorie Fox,D,0,NA,1,1,,0,21.21212121,27.27272727,NA,27.27272727,NA,1
Greene_2019 Q2,Greene,88,2019,8,NA,26,15,37,2,Greene,Marjorie Fox,D,0,NA,1,1,,0,9.090909091,29.54545455,NA,42.04545455,2.272727273,1
Greene_2019 Q3,Greene,84,2019,15,NA,37,12,20,NA,Greene,Marjorie Fox,D,0,NA,1,1,,0,17.85714286,44.04761905,NA,23.80952381,NA,1
Greene_2019 Q4,Greene,108,2019,2,NA,39,12,55,NA,Greene,Marjorie Fox,D,0,NA,1,1,,0,1.851851852,36.11111111,NA,50.92592593,NA,1
Greene_2020 Q1,Greene,87,2020,7,NA,27,34,18,1,Greene,David Russo,R,NA,NA,NA,NA,,0,8.045977011,31.03448276,NA,20.68965517,1.149425287,0
Greene_2020 Q2,Greene,50,2020,13,NA,17,6,13,1,Greene,David Russo,R,NA,NA,NA,NA,,0,26,34,NA,26,2,0
Greene_2020 Q3,Greene,96,2020,8,NA,36,13,35,4,Greene,David Russo,R,NA,NA,NA,NA,,0,8.333333333,37.5,NA,36.45833333,4.166666667,0
Greene_2020 Q4,Greene,95,2020,5,NA,17,10,62,1,Greene,David Russo,R,NA,NA,NA,NA,,0,5.263157895,17.89473684,NA,65.26315789,1.052631579,0
Greene_2021 Q1,Greene,98,2021,5,NA,32,21,40,NA,Greene,David Russo,R,NA,NA,NA,NA,,0,5.102040816,32.65306122,NA,40.81632653,NA,0
Greene_2021 Q2,Greene,76,2021,10,NA,12,17,32,5,Greene,David Russo,R,NA,NA,NA,NA,,0,13.15789474,15.78947368,NA,42.10526316,6.578947368,0
Greene_2021 Q3,Greene,119,2021,17,NA,39,15,42,6,Greene,David Russo,R,NA,NA,NA,NA,,0,14.28571429,32.77310924,NA,35.29411765,5.042016807,0
Greene_2021 Q4,Greene,144,2021,46,NA,43,13,36,6,Greene,David Russo,R,NA,NA,NA,NA,,0,31.94444444,29.86111111,NA,25,4.166666667,0
Huntingdon_2013 Q1,Huntingdon,105,2013,13,NA,23,3,62,4,Huntingdon,George Zanic,R,0,NA,NA,NA,,0,12.38095238,21.9047619,NA,59.04761905,3.80952381,0
Huntingdon_2013 Q2,Huntingdon,148,2013,63,NA,23,7,53,2,Huntingdon,George Zanic,R,0,NA,NA,NA,,0,42.56756757,15.54054054,NA,35.81081081,1.351351351,0
Huntingdon_2013 Q3,Huntingdon,119,2013,32,NA,22,2,54,9,Huntingdon,George Zanic,R,0,NA,NA,NA,,0,26.8907563,18.48739496,NA,45.37815126,7.56302521,0
Huntingdon_2013 Q4,Huntingdon,100,2013,25,NA,31,12,31,1,Huntingdon,George Zanic,R,0,NA,NA,NA,,0,25,31,NA,31,1,0
Huntingdon_2014 Q1,Huntingdon,117,2014,9,4,41,13,49,1,Huntingdon,George Zanic,R,0,NA,NA,NA,,0,7.692307692,35.04273504,3.418803419,41.88034188,0.854700855,0.5
Huntingdon_2014 Q2,Huntingdon,105,2014,14,4,29,8,50,NA,Huntingdon,George Zanic,R,0,NA,NA,NA,,0,13.33333333,27.61904762,3.80952381,47.61904762,NA,0.5
Huntingdon_2014 Q3,Huntingdon,100,2014,11,7,22,NA,59,1,Huntingdon,George Zanic,R,0,NA,NA,NA,,0,11,22,7,59,1,0.5
Huntingdon_2014 Q4,Huntingdon,126,2014,30,7,34,NA,54,1,Huntingdon,George Zanic,R,0,NA,NA,NA,,0,23.80952381,26.98412698,5.555555556,42.85714286,0.793650794,0.5
Huntingdon_2015 Q1,Huntingdon,120,2015,34,NA,31,NA,55,NA,Huntingdon,George Zanic,R,0,NA,0,0,,0,28.33333333,25.83333333,NA,45.83333333,NA,1
Huntingdon_2015 Q2,Huntingdon,99,2015,19,5,31,NA,42,2,Huntingdon,George Zanic,R,0,NA,0,0,,0,19.19191919,31.31313131,5.050505051,42.42424242,2.02020202,1
Huntingdon_2015 Q3,Huntingdon,109,2015,26,2,18,NA,62,1,Huntingdon,George Zanic,R,0,NA,0,0,,0,23.85321101,16.51376147,1.834862385,56.88073394,0.917431193,1
Huntingdon_2015 Q4,Huntingdon,87,2015,24,9,9,9,31,5,Huntingdon,George Zanic,R,0,NA,0,0,,0,27.5862069,10.34482759,10.34482759,35.63218391,5.747126437,1
Huntingdon_2016 Q1,Huntingdon,147,2016,52,NA,16,17,62,NA,Huntingdon,David Smith,R,1,1,0,0,,0,35.37414966,10.88435374,NA,42.17687075,NA,0
Huntingdon_2016 Q2,Huntingdon,98,2016,15,6,18,11,43,5,Huntingdon,David Smith,R,1,1,0,0,,0,15.30612245,18.36734694,6.12244898,43.87755102,5.102040816,0
Huntingdon_2016 Q3,Huntingdon,107,2016,25,3,19,2,57,1,Huntingdon,David Smith,R,1,1,0,0,,0,23.36448598,17.75700935,2.803738318,53.27102804,0.934579439,0
Huntingdon_2016 Q4,Huntingdon,88,2016,28,3,17,1,38,1,Huntingdon,David Smith,R,1,1,0,0,,0,31.81818182,19.31818182,3.409090909,43.18181818,1.136363636,0
Huntingdon_2017 Q1,Huntingdon,152,2017,37,NA,19,5,87,4,Huntingdon,David Smith,R,1,1,0,0,,0,24.34210526,12.5,NA,57.23684211,2.631578947,0
Huntingdon_2017 Q2,Huntingdon,96,2017,21,4,20,3,40,8,Huntingdon,David Smith,R,1,1,0,0,,0,21.875,20.83333333,4.166666667,41.66666667,8.333333333,0
Huntingdon_2017 Q3,Huntingdon,128,2017,29,8,20,6,62,3,Huntingdon,David Smith,R,1,1,0,0,,0,22.65625,15.625,6.25,48.4375,2.34375,0
Huntingdon_2017 Q4,Huntingdon,100,2017,25,2,18,2,49,4,Huntingdon,David Smith,R,1,1,0,0,,0,25,18,2,49,4,0
Huntingdon_2018 Q1,Huntingdon,99,2018,25,1,17,NA,54,2,Huntingdon,David Smith,R,1,1,0,0,,0,25.25252525,17.17171717,1.01010101,54.54545455,2.02020202,0.5
Huntingdon_2018 Q2,Huntingdon,120,2018,31,3,8,NA,70,8,Huntingdon,David Smith,R,1,1,0,0,,0,25.83333333,6.666666667,2.5,58.33333333,6.666666667,0.5
Huntingdon_2018 Q3,Huntingdon,77,2018,24,NA,16,2,34,1,Huntingdon,David Smith,R,1,1,0,0,,0,31.16883117,20.77922078,NA,44.15584416,1.298701299,0.5
Huntingdon_2018 Q4,Huntingdon,202,2018,62,3,33,NA,88,16,Huntingdon,David Smith,R,1,1,0,0,,0,30.69306931,16.33663366,1.485148515,43.56435644,7.920792079,0.5
Huntingdon_2019 Q1,Huntingdon,174,2019,47,NA,39,10,67,11,Huntingdon,David Smith,R,1,1,0,0,,0,27.01149425,22.4137931,NA,38.50574713,6.32183908,1
Huntingdon_2019 Q2,Huntingdon,197,2019,39,15,43,10,73,17,Huntingdon,David Smith,R,1,1,0,0,,0,19.79695431,21.82741117,7.614213198,37.05583756,8.629441624,1
Huntingdon_2019 Q3,Huntingdon,146,2019,32,NA,41,13,57,3,Huntingdon,David Smith,R,1,1,0,0,,0,21.91780822,28.08219178,NA,39.04109589,2.054794521,1
Huntingdon_2019 Q4,Huntingdon,190,2019,23,NA,56,15,86,10,Huntingdon,David Smith,R,1,1,0,0,,0,12.10526316,29.47368421,NA,45.26315789,5.263157895,1
Huntingdon_2020 Q1,Huntingdon,113,2020,22,NA,24,18,45,4,Huntingdon,David Smith,R,NA,NA,NA,NA,,0,19.46902655,21.23893805,NA,39.82300885,3.539823009,0
Huntingdon_2020 Q2,Huntingdon,91,2020,17,NA,37,8,27,2,Huntingdon,David Smith,R,NA,NA,NA,NA,,0,18.68131868,40.65934066,NA,29.67032967,2.197802198,0
Huntingdon_2020 Q3,Huntingdon,76,2020,9,NA,17,8,39,3,Huntingdon,David Smith,R,NA,NA,NA,NA,,0,11.84210526,22.36842105,NA,51.31578947,3.947368421,0
Huntingdon_2020 Q4,Huntingdon,89,2020,29,NA,22,8,26,4,Huntingdon,David Smith,R,NA,NA,NA,NA,,0,32.58426966,24.71910112,NA,29.21348315,4.494382022,0
Huntingdon_2021 Q1,Huntingdon,145,2021,32,NA,18,16,64,15,Huntingdon,David Smith,R,NA,NA,NA,NA,,0,22.06896552,12.4137931,NA,44.13793103,10.34482759,0
Huntingdon_2021 Q2,Huntingdon,125,2021,32,NA,20,10,55,8,Huntingdon,David Smith,R,NA,NA,NA,NA,,0,25.6,16,NA,44,6.4,0
Huntingdon_2021 Q3,Huntingdon,125,2021,32,NA,15,10,59,9,Huntingdon,David Smith,R,NA,NA,NA,NA,,0,25.6,12,NA,47.2,7.2,0
Huntingdon_2021 Q4,Huntingdon,153,2021,38,NA,30,10,65,10,Huntingdon,David Smith,R,NA,NA,NA,NA,,0,24.83660131,19.60784314,NA,42.48366013,6.535947712,0
Indiana_2013 Q1,Indiana,222,2013,33,NA,71,18,96,4,Indiana,,,NA,NA,NA,NA,Emailed,NA,14.86486486,31.98198198,NA,43.24324324,1.801801802,0
Indiana_2013 Q2,Indiana,227,2013,60,NA,38,13,112,4,Indiana,,,NA,NA,NA,NA,,NA,26.43171806,16.74008811,NA,49.33920705,1.762114537,0
Indiana_2013 Q3,Indiana,237,2013,31,NA,65,18,117,6,Indiana,,,NA,NA,NA,NA,,NA,13.08016878,27.42616034,NA,49.36708861,2.53164557,0
Indiana_2013 Q4,Indiana,186,2013,24,NA,58,10,88,6,Indiana,,,NA,NA,NA,NA,,NA,12.90322581,31.1827957,NA,47.31182796,3.225806452,0
Indiana_2014 Q1,Indiana,191,2014,25,2,45,8,96,15,Indiana,,,NA,NA,NA,NA,,NA,13.08900524,23.56020942,1.047120419,50.2617801,7.853403141,0
Indiana_2014 Q2,Indiana,199,2014,19,NA,57,9,110,4,Indiana,,,NA,NA,NA,NA,,NA,9.547738693,28.64321608,NA,55.27638191,2.010050251,0
Indiana_2014 Q3,Indiana,223,2014,32,NA,71,3,100,17,Indiana,,,NA,NA,NA,NA,,NA,14.34977578,31.83856502,NA,44.84304933,7.623318386,0
Indiana_2014 Q4,Indiana,267,2014,26,NA,73,25,134,9,Indiana,,,NA,NA,NA,NA,,NA,9.737827715,27.34082397,NA,50.18726592,3.370786517,0
Indiana_2015 Q1,Indiana,194,2015,17,NA,67,16,90,4,Indiana,,,NA,NA,NA,NA,,NA,8.762886598,34.53608247,NA,46.39175258,2.06185567,0
Indiana_2015 Q2,Indiana,220,2015,21,2,52,12,122,11,Indiana,,,NA,NA,NA,NA,,NA,9.545454545,23.63636364,0.909090909,55.45454545,5,0
Indiana_2015 Q3,Indiana,236,2015,15,NA,70,19,121,11,Indiana,,,NA,NA,NA,NA,,NA,6.355932203,29.66101695,NA,51.27118644,4.661016949,0
Indiana_2015 Q4,Indiana,140,2015,17,NA,40,10,66,7,Indiana,,,NA,NA,NA,NA,,NA,12.14285714,28.57142857,NA,47.14285714,5,0
Indiana_2016 Q1,Indiana,162,2016,7,NA,73,6,70,6,Indiana,,,NA,NA,NA,NA,,NA,4.320987654,45.0617284,NA,43.20987654,3.703703704,0
Indiana_2016 Q2,Indiana,226,2016,19,2,84,12,100,9,Indiana,,,NA,NA,NA,NA,,NA,8.407079646,37.16814159,0.884955752,44.24778761,3.982300885,0
Indiana_2016 Q3,Indiana,185,2016,9,NA,53,8,109,6,Indiana,,,NA,NA,NA,NA,,NA,4.864864865,28.64864865,NA,58.91891892,3.243243243,0
Indiana_2016 Q4,Indiana,183,2016,14,NA,38,19,109,3,Indiana,,,NA,NA,NA,NA,,NA,7.650273224,20.76502732,NA,59.56284153,1.639344262,0
Indiana_2017 Q1,Indiana,219,2017,20,1,48,26,121,3,Indiana,,,NA,NA,NA,NA,,NA,9.132420091,21.91780822,0.456621005,55.25114155,1.369863014,0
Indiana_2017 Q2,Indiana,188,2017,25,NA,41,12,102,8,Indiana,,,NA,NA,NA,NA,,NA,13.29787234,21.80851064,NA,54.25531915,4.255319149,0
Indiana_2017 Q3,Indiana,217,2017,43,NA,43,7,116,8,Indiana,,,NA,NA,NA,NA,,NA,19.8156682,19.8156682,NA,53.4562212,3.686635945,0
Indiana_2017 Q4,Indiana,262,2017,20,NA,62,16,149,15,Indiana,,,NA,NA,NA,NA,,NA,7.633587786,23.66412214,NA,56.87022901,5.72519084,0
Indiana_2018 Q1,Indiana,249,2018,37,NA,78,15,108,11,Indiana,,,NA,NA,NA,NA,,NA,14.85943775,31.3253012,NA,43.37349398,4.417670683,0
Indiana_2018 Q2,Indiana,227,2018,25,NA,67,15,102,18,Indiana,,,NA,NA,NA,NA,,NA,11.01321586,29.5154185,NA,44.9339207,7.929515419,0
Indiana_2018 Q3,Indiana,229,2018,55,NA,48,14,106,6,Indiana,,,NA,NA,NA,NA,,NA,24.01746725,20.96069869,NA,46.28820961,2.620087336,0
Indiana_2018 Q4,Indiana,223,2018,30,NA,71,12,105,5,Indiana,,,NA,NA,NA,NA,,NA,13.4529148,31.83856502,NA,47.08520179,2.242152466,0
Indiana_2019 Q1,Indiana,169,2019,17,NA,48,11,83,10,Indiana,,,NA,NA,NA,NA,,NA,10.0591716,28.40236686,NA,49.11242604,5.917159763,0
Indiana_2019 Q2,Indiana,231,2019,22,NA,63,19,115,12,Indiana,,,NA,NA,NA,NA,,NA,9.523809524,27.27272727,NA,49.78354978,5.194805195,0
Indiana_2019 Q3,Indiana,182,2019,27,2,55,10,80,8,Indiana,,,NA,NA,NA,NA,,NA,14.83516484,30.21978022,1.098901099,43.95604396,4.395604396,0
Indiana_2019 Q4,Indiana,236,2019,29,NA,74,15,107,11,Indiana,,,NA,NA,NA,NA,,NA,12.28813559,31.3559322,NA,45.33898305,4.661016949,0
Indiana_2020 Q1,Indiana,214,2020,42,NA,54,12,98,8,Indiana,,,NA,NA,NA,NA,,NA,19.62616822,25.23364486,NA,45.79439252,3.738317757,0
Indiana_2020 Q2,Indiana,219,2020,33,NA,69,16,94,7,Indiana,,,NA,NA,NA,NA,,NA,15.06849315,31.50684932,NA,42.92237443,3.196347032,0
Indiana_2020 Q3,Indiana,144,2020,11,NA,42,25,63,3,Indiana,,,NA,NA,NA,NA,,NA,7.638888889,29.16666667,NA,43.75,2.083333333,0
Indiana_2020 Q4,Indiana,153,2020,48,NA,26,10,59,10,Indiana,,,NA,NA,NA,NA,,NA,31.37254902,16.99346405,NA,38.5620915,6.535947712,0
Indiana_2021 Q1,Indiana,192,2021,11,NA,53,36,84,8,Indiana,,,NA,NA,NA,NA,,NA,5.729166667,27.60416667,NA,43.75,4.166666667,0
Indiana_2021 Q2,Indiana,186,2021,24,NA,50,21,79,12,Indiana,,,NA,NA,NA,NA,,NA,12.90322581,26.88172043,NA,42.47311828,6.451612903,0
Indiana_2021 Q3,Indiana,212,2021,24,NA,50,18,107,13,Indiana,,,NA,NA,NA,NA,,NA,11.32075472,23.58490566,NA,50.47169811,6.132075472,0
Indiana_2021 Q4,Indiana,317,2021,64,NA,89,22,127,15,Indiana,,,NA,NA,NA,NA,,NA,20.18927445,28.07570978,NA,40.06309148,4.731861199,0
Jefferson_2013 Q1,Jefferson,139,2013,24,2,35,11,66,1,Jefferson,Jeff Burkett,R,NA,NA,NA,NA,canot find email,0,17.26618705,25.17985612,1.438848921,47.48201439,0.71942446,0
Jefferson_2013 Q2,Jefferson,127,2013,37,2,26,6,56,NA,Jefferson,Jeff Burkett,R,NA,NA,NA,NA,,0,29.13385827,20.47244094,1.57480315,44.09448819,NA,0
Jefferson_2013 Q3,Jefferson,139,2013,24,1,49,7,58,NA,Jefferson,Jeff Burkett,R,NA,NA,NA,NA,,0,17.26618705,35.25179856,0.71942446,41.72661871,NA,0
Jefferson_2013 Q4,Jefferson,155,2013,34,NA,51,9,60,1,Jefferson,Jeff Burkett,R,NA,NA,NA,NA,,0,21.93548387,32.90322581,NA,38.70967742,0.64516129,0
Jefferson_2014 Q1,Jefferson,189,2014,35,2,62,6,83,1,Jefferson,Jeff Burkett,R,NA,NA,NA,NA,,0,18.51851852,32.8042328,1.058201058,43.91534392,0.529100529,0
Jefferson_2014 Q2,Jefferson,140,2014,48,2,29,4,57,NA,Jefferson,Jeff Burkett,R,NA,NA,NA,NA,,0,34.28571429,20.71428571,1.428571429,40.71428571,NA,0
Jefferson_2014 Q3,Jefferson,157,2014,40,1,44,4,67,1,Jefferson,Jeff Burkett,R,NA,NA,NA,NA,,0,25.47770701,28.02547771,0.636942675,42.67515924,0.636942675,0
Jefferson_2014 Q4,Jefferson,160,2014,26,NA,38,7,89,NA,Jefferson,Jeff Burkett,R,NA,NA,NA,NA,,0,16.25,23.75,NA,55.625,NA,0
Jefferson_2015 Q1,Jefferson,120,2015,20,2,30,8,59,1,Jefferson,Jeff Burkett,R,NA,NA,NA,NA,,0,16.66666667,25,1.666666667,49.16666667,0.833333333,0
Jefferson_2015 Q2,Jefferson,88,2015,6,NA,27,4,51,NA,Jefferson,Jeff Burkett,R,NA,NA,NA,NA,,0,6.818181818,30.68181818,NA,57.95454545,NA,0
Jefferson_2015 Q3,Jefferson,145,2015,45,1,33,9,57,NA,Jefferson,Jeff Burkett,R,NA,NA,NA,NA,,0,31.03448276,22.75862069,0.689655172,39.31034483,NA,0
Jefferson_2015 Q4,Jefferson,113,2015,9,2,43,8,50,1,Jefferson,Jeff Burkett,R,NA,NA,NA,NA,,0,7.96460177,38.05309735,1.769911504,44.24778761,0.884955752,0
Jefferson_2016 Q1,Jefferson,144,2016,19,NA,54,4,67,NA,Jefferson,Jeff Burkett,R,NA,NA,NA,NA,,0,13.19444444,37.5,NA,46.52777778,NA,0
Jefferson_2016 Q2,Jefferson,155,2016,46,2,47,2,58,NA,Jefferson,Jeff Burkett,R,NA,NA,NA,NA,,0,29.67741935,30.32258065,1.290322581,37.41935484,NA,0
Jefferson_2016 Q3,Jefferson,168,2016,28,4,49,10,74,3,Jefferson,Jeff Burkett,R,NA,NA,NA,NA,,0,16.66666667,29.16666667,2.380952381,44.04761905,1.785714286,0
Jefferson_2016 Q4,Jefferson,138,2016,49,NA,29,3,57,NA,Jefferson,Jeff Burkett,R,NA,NA,NA,NA,,0,35.50724638,21.01449275,NA,41.30434783,NA,0
Jefferson_2017 Q1,Jefferson,136,2017,21,1,34,7,62,11,Jefferson,Jeff Burkett,R,NA,NA,NA,NA,,0,15.44117647,25,0.735294118,45.58823529,8.088235294,0
Jefferson_2017 Q2,Jefferson,186,2017,84,1,24,7,70,NA,Jefferson,Jeff Burkett,R,NA,NA,NA,NA,,0,45.16129032,12.90322581,0.537634409,37.6344086,NA,0
Jefferson_2017 Q3,Jefferson,121,2017,24,2,32,15,48,NA,Jefferson,Jeff Burkett,R,NA,NA,NA,NA,,0,19.83471074,26.44628099,1.652892562,39.66942149,NA,0
Jefferson_2017 Q4,Jefferson,80,2017,8,2,22,12,35,1,Jefferson,Jeff Burkett,R,NA,NA,NA,NA,,0,10,27.5,2.5,43.75,1.25,0
Jefferson_2018 Q1,Jefferson,156,2018,38,NA,34,18,66,NA,Jefferson,Jeff Burkett,R,NA,NA,NA,NA,,0,24.35897436,21.79487179,NA,42.30769231,NA,0
Jefferson_2018 Q2,Jefferson,170,2018,81,NA,43,23,22,1,Jefferson,Jeff Burkett,R,NA,NA,NA,NA,,0,47.64705882,25.29411765,NA,12.94117647,0.588235294,0
Jefferson_2018 Q3,Jefferson,108,2018,31,4,22,21,29,1,Jefferson,Jeff Burkett,R,NA,NA,NA,NA,,0,28.7037037,20.37037037,3.703703704,26.85185185,0.925925926,0
Jefferson_2018 Q4,Jefferson,71,2018,27,NA,20,6,17,1,Jefferson,Jeff Burkett,R,NA,NA,NA,NA,,0,38.02816901,28.16901408,NA,23.94366197,1.408450704,0
Jefferson_2019 Q1,Jefferson,55,2019,32,NA,9,3,11,NA,Jefferson,Jeff Burkett,R,NA,NA,NA,NA,,0,58.18181818,16.36363636,NA,20,NA,0
Jefferson_2019 Q2,Jefferson,64,2019,10,1,12,2,39,NA,Jefferson,Jeff Burkett,R,NA,NA,NA,NA,,0,15.625,18.75,1.5625,60.9375,NA,0
Jefferson_2019 Q3,Jefferson,68,2019,11,NA,21,4,32,NA,Jefferson,Jeff Burkett,R,NA,NA,NA,NA,,0,16.17647059,30.88235294,NA,47.05882353,NA,0
Jefferson_2019 Q4,Jefferson,48,2019,14,NA,10,7,17,NA,Jefferson,Jeff Burkett,R,NA,NA,NA,NA,,0,29.16666667,20.83333333,NA,35.41666667,NA,0
Jefferson_2020 Q1,Jefferson,124,2020,17,NA,24,14,67,2,Jefferson,Jeff Burkett,R,NA,NA,NA,NA,,0,13.70967742,19.35483871,NA,54.03225806,1.612903226,0
Jefferson_2020 Q2,Jefferson,104,2020,22,NA,19,18,45,NA,Jefferson,Jeff Burkett,R,NA,NA,NA,NA,,0,21.15384615,18.26923077,NA,43.26923077,NA,0
Jefferson_2020 Q3,Jefferson,155,2020,18,NA,28,29,78,2,Jefferson,Jeff Burkett,R,NA,NA,NA,NA,,0,11.61290323,18.06451613,NA,50.32258065,1.290322581,0
Jefferson_2020 Q4,Jefferson,117,2020,17,NA,27,9,63,1,Jefferson,Jeff Burkett,R,NA,NA,NA,NA,,0,14.52991453,23.07692308,NA,53.84615385,0.854700855,0
Jefferson_2021 Q1,Jefferson,155,2021,16,NA,26,23,89,1,Jefferson,Jeff Burkett,R,NA,NA,NA,NA,,0,10.32258065,16.77419355,NA,57.41935484,0.64516129,0
Jefferson_2021 Q2,Jefferson,226,2021,92,NA,25,31,76,2,Jefferson,Jeff Burkett,R,NA,NA,NA,NA,,0,40.7079646,11.0619469,NA,33.62831858,0.884955752,0
Jefferson_2021 Q3,Jefferson,137,2021,14,NA,24,20,77,2,Jefferson,Jeff Burkett,R,NA,NA,NA,NA,,0,10.2189781,17.51824818,NA,56.20437956,1.459854015,0
Jefferson_2021 Q4,Jefferson,168,2021,98,NA,18,15,37,NA,Jefferson,Jeff Burkett,R,NA,NA,NA,NA,,0,58.33333333,10.71428571,NA,22.02380952,NA,0
Juniata_2013 Q1,Juniata,63,2013,12,3,13,1,34,NA,Juniata,Cory Snook,R,1,1,0,0,,0,19.04761905,20.63492063,4.761904762,53.96825397,NA,0
Juniata_2013 Q2,Juniata,83,2013,38,NA,13,1,29,2,Juniata,Cory Snook,R,1,1,0,0,,0,45.78313253,15.6626506,NA,34.93975904,2.409638554,0
Juniata_2013 Q3,Juniata,60,2013,20,NA,16,1,22,1,Juniata,Cory Snook,R,1,1,0,0,,0,33.33333333,26.66666667,NA,36.66666667,1.666666667,0
Juniata_2013 Q4,Juniata,31,2013,3,NA,13,NA,14,1,Juniata,Cory Snook,R,1,1,0,0,,0,9.677419355,41.93548387,NA,45.16129032,3.225806452,0
Juniata_2014 Q1,Juniata,73,2014,2,4,24,2,41,NA,Juniata,Cory Snook,R,1,1,0,0,,0,2.739726027,32.87671233,5.479452055,56.16438356,NA,0.5
Juniata_2014 Q2,Juniata,44,2014,2,NA,14,2,26,NA,Juniata,Cory Snook,R,1,1,0,0,,0,4.545454545,31.81818182,NA,59.09090909,NA,0.5
Juniata_2014 Q3,Juniata,72,2014,8,NA,22,4,38,NA,Juniata,Cory Snook,R,1,1,0,0,,0,11.11111111,30.55555556,NA,52.77777778,NA,0.5
Juniata_2014 Q4,Juniata,69,2014,10,NA,26,5,26,2,Juniata,Cory Snook,R,1,1,0,0,,0,14.49275362,37.68115942,NA,37.68115942,2.898550725,0.5
Juniata_2015 Q1,Juniata,41,2015,3,NA,18,NA,20,NA,Juniata,Cory Snook,R,1,1,0,0,,0,7.317073171,43.90243902,NA,48.7804878,NA,1
Juniata_2015 Q2,Juniata,39,2015,7,NA,14,2,16,NA,Juniata,Cory Snook,R,1,1,0,0,,0,17.94871795,35.8974359,NA,41.02564103,NA,1
Juniata_2015 Q3,Juniata,48,2015,5,2,12,3,26,NA,Juniata,Cory Snook,R,1,1,0,0,,0,10.41666667,25,4.166666667,54.16666667,NA,1
Juniata_2015 Q4,Juniata,56,2015,17,NA,15,2,21,1,Juniata,Cory Snook,R,1,1,0,0,,0,30.35714286,26.78571429,NA,37.5,1.785714286,1
Juniata_2016 Q1,Juniata,72,2016,10,NA,19,3,40,NA,Juniata,Cory Snook,R,1,1,0,0,,0,13.88888889,26.38888889,NA,55.55555556,NA,0
Juniata_2016 Q2,Juniata,43,2016,9,NA,12,4,18,NA,Juniata,Cory Snook,R,1,1,0,0,,0,20.93023256,27.90697674,NA,41.86046512,NA,0
Juniata_2016 Q3,Juniata,79,2016,5,7,18,NA,49,NA,Juniata,Cory Snook,R,1,1,0,0,,0,6.329113924,22.78481013,8.860759494,62.02531646,NA,0
Juniata_2016 Q4,Juniata,44,2016,2,4,11,3,24,NA,Juniata,Cory Snook,R,1,1,0,0,,0,4.545454545,25,9.090909091,54.54545455,NA,0
Juniata_2017 Q1,Juniata,53,2017,NA,NA,16,3,34,NA,Juniata,Cory Snook,R,1,1,0,0,,0,NA,30.18867925,NA,64.1509434,NA,0
Juniata_2017 Q2,Juniata,61,2017,7,2,16,5,30,1,Juniata,Cory Snook,R,1,1,0,0,,0,11.47540984,26.2295082,3.278688525,49.18032787,1.639344262,0
Juniata_2017 Q3,Juniata,89,2017,30,1,26,2,29,1,Juniata,Cory Snook,R,1,1,0,0,,0,33.70786517,29.21348315,1.123595506,32.58426966,1.123595506,0
Juniata_2017 Q4,Juniata,43,2017,9,NA,8,5,19,2,Juniata,Cory Snook,R,1,1,0,0,,0,20.93023256,18.60465116,NA,44.18604651,4.651162791,0
Juniata_2018 Q1,Juniata,65,2018,9,2,12,7,33,2,Juniata,Cory Snook,R,1,1,0,0,,0,13.84615385,18.46153846,3.076923077,50.76923077,3.076923077,0.5
Juniata_2018 Q2,Juniata,75,2018,20,NA,19,1,35,NA,Juniata,Cory Snook,R,1,1,0,0,,0,26.66666667,25.33333333,NA,46.66666667,NA,0.5
Juniata_2018 Q3,Juniata,52,2018,6,1,14,8,23,NA,Juniata,Cory Snook,R,1,1,0,0,,0,11.53846154,26.92307692,1.923076923,44.23076923,NA,0.5
Juniata_2018 Q4,Juniata,69,2018,9,NA,21,4,34,1,Juniata,Cory Snook,R,1,1,0,0,,0,13.04347826,30.43478261,NA,49.27536232,1.449275362,0.5
Juniata_2019 Q1,Juniata,57,2019,3,NA,14,9,30,1,Juniata,Cory Snook,R,1,1,0,0,,0,5.263157895,24.56140351,NA,52.63157895,1.754385965,1
Juniata_2019 Q2,Juniata,91,2019,5,2,22,12,50,NA,Juniata,Cory Snook,R,1,1,0,0,,0,5.494505495,24.17582418,2.197802198,54.94505495,NA,1
Juniata_2019 Q3,Juniata,63,2019,16,NA,15,5,26,1,Juniata,Cory Snook,R,1,1,0,0,,0,25.3968254,23.80952381,NA,41.26984127,1.587301587,1
Juniata_2019 Q4,Juniata,48,2019,6,NA,7,5,30,NA,Juniata,Cory Snook,R,1,1,0,0,,0,12.5,14.58333333,NA,62.5,NA,1
Juniata_2020 Q1,Juniata,60,2020,12,NA,9,12,27,NA,Juniata,Cory Snook,R,NA,NA,NA,NA,,0,20,15,NA,45,NA,0
Juniata_2020 Q2,Juniata,43,2020,2,NA,9,2,29,1,Juniata,Cory Snook,R,NA,NA,NA,NA,,0,4.651162791,20.93023256,NA,67.44186047,2.325581395,0
Juniata_2020 Q3,Juniata,60,2020,6,NA,13,5,35,1,Juniata,Cory Snook,R,NA,NA,NA,NA,,0,10,21.66666667,NA,58.33333333,1.666666667,0
Juniata_2020 Q4,Juniata,47,2020,13,NA,7,4,23,NA,Juniata,Cory Snook,R,NA,NA,NA,NA,,0,27.65957447,14.89361702,NA,48.93617021,NA,0
Juniata_2021 Q1,Juniata,84,2021,11,NA,10,16,42,5,Juniata,Cory Snook,R,NA,NA,NA,NA,,0,13.0952381,11.9047619,NA,50,5.952380952,0.5
Juniata_2021 Q2,Juniata,68,2021,28,NA,8,7,22,3,Juniata,Cory Snook,R,NA,NA,NA,NA,,0,41.17647059,11.76470588,NA,32.35294118,4.411764706,0.5
Juniata_2021 Q3,Juniata,96,2021,42,NA,15,11,27,1,Juniata,Cory Snook,R,NA,NA,NA,NA,,0,43.75,15.625,NA,28.125,1.041666667,0.5
Juniata_2021 Q4,Juniata,32,2021,4,NA,12,1,14,1,Juniata,Cory Snook,R,NA,NA,NA,NA,,0,12.5,37.5,NA,43.75,3.125,0.5
Lackawanna_2013 Q1,Lackawanna,562,2013,195,4,98,104,161,NA,Lackawanna,Andy Jarbola,D,1,1,0,0,,0,34.6975089,17.43772242,0.711743772,28.64768683,NA,1
Lackawanna_2013 Q2,Lackawanna,526,2013,150,23,107,84,160,2,Lackawanna,Andy Jarbola,D,1,1,0,0,,0,28.51711027,20.34220532,4.372623574,30.41825095,0.380228137,1
Lackawanna_2013 Q3,Lackawanna,456,2013,133,16,78,75,148,6,Lackawanna,Andy Jarbola,D,1,1,0,0,,0,29.16666667,17.10526316,3.50877193,32.45614035,1.315789474,1
Lackawanna_2013 Q4,Lackawanna,432,2013,90,13,120,78,128,3,Lackawanna,Andy Jarbola,D,1,1,0,0,,0,20.83333333,27.77777778,3.009259259,29.62962963,0.694444444,1
Lackawanna_2014 Q1,Lackawanna,530,2014,112,4,145,93,172,4,Lackawanna,Andy Jarbola,D,0,NA,NA,NA,,0,21.13207547,27.35849057,0.754716981,32.45283019,0.754716981,0
Lackawanna_2014 Q2,Lackawanna,496,2014,119,12,100,61,202,2,Lackawanna,Andy Jarbola,D,0,NA,NA,NA,,0,23.99193548,20.16129032,2.419354839,40.72580645,0.403225806,0
Lackawanna_2014 Q3,Lackawanna,458,2014,117,9,106,87,139,NA,Lackawanna,Andy Jarbola,D,0,NA,NA,NA,,0,25.54585153,23.1441048,1.965065502,30.34934498,NA,0
Lackawanna_2014 Q4,Lackawanna,442,2014,133,6,97,68,134,4,Lackawanna,Andy Jarbola,D,0,NA,NA,NA,,0,30.09049774,21.94570136,1.357466063,30.31674208,0.904977376,0
Lackawanna_2015 Q1,Lackawanna,393,2015,94,3,98,63,133,2,Lackawanna,Andy Jarbola,D,0,NA,NA,NA,,0,23.91857506,24.93638677,0.763358779,33.84223919,0.508905852,0
Lackawanna_2015 Q2,Lackawanna,499,2015,165,4,96,77,157,NA,Lackawanna,Andy Jarbola,D,0,NA,NA,NA,,0,33.06613226,19.23847695,0.801603206,31.46292585,NA,0
Lackawanna_2015 Q3,Lackawanna,403,2015,103,10,82,65,143,NA,Lackawanna,Andy Jarbola,D,0,NA,NA,NA,,0,25.55831266,20.34739454,2.481389578,35.48387097,NA,0
Lackawanna_2015 Q4,Lackawanna,413,2015,129,13,83,58,129,1,Lackawanna,Andy Jarbola,D,0,NA,NA,NA,,0,31.23486683,20.0968523,3.147699758,31.23486683,0.242130751,0
Lackawanna_2016 Q1,Lackawanna,410,2016,93,3,111,51,149,3,Lackawanna,Andy Jarbola,D,0,NA,NA,NA,,0,22.68292683,27.07317073,0.731707317,36.34146341,0.731707317,0.5
Lackawanna_2016 Q2,Lackawanna,482,2016,98,2,116,81,181,4,Lackawanna,Andy Jarbola,D,0,NA,NA,NA,,0,20.33195021,24.06639004,0.414937759,37.55186722,0.829875519,0.5
Lackawanna_2016 Q3,Lackawanna,346,2016,73,2,115,53,102,1,Lackawanna,Andy Jarbola,D,0,NA,NA,NA,,0,21.0982659,33.23699422,0.578034682,29.47976879,0.289017341,0.5
Lackawanna_2016 Q4,Lackawanna,497,2016,113,4,127,69,181,3,Lackawanna,Andy Jarbola,D,0,NA,NA,NA,,0,22.73641851,25.55331992,0.804828974,36.41851107,0.60362173,0.5
Lackawanna_2017 Q1,Lackawanna,494,2017,103,3,112,72,201,3,Lackawanna,Andy Jarbola,D,0,NA,0,1,,0,20.85020243,22.67206478,0.607287449,40.68825911,0.607287449,1
Lackawanna_2017 Q2,Lackawanna,431,2017,98,4,91,89,147,2,Lackawanna,Andy Jarbola,D,0,NA,0,1,,0,22.73781903,21.1136891,0.928074246,34.10672854,0.464037123,1
Lackawanna_2017 Q3,Lackawanna,461,2017,114,3,103,95,141,5,Lackawanna,Andy Jarbola,D,0,NA,0,1,,0,24.72885033,22.34273319,0.650759219,30.5856833,1.084598698,1
Lackawanna_2017 Q4,Lackawanna,568,2017,123,3,116,90,230,6,Lackawanna,Andy Jarbola,D,0,NA,0,1,,0,21.65492958,20.42253521,0.528169014,40.49295775,1.056338028,1
Lackawanna_2018 Q1,Lackawanna,503,2018,143,6,89,83,178,4,Lackawanna,Mark Powell,D,1,1,0,1,,0,28.42942346,17.69383698,1.192842942,35.38767396,0.795228628,0
Lackawanna_2018 Q2,Lackawanna,431,2018,127,6,72,69,154,3,Lackawanna,Mark Powell,D,1,1,0,1,,0,29.46635731,16.70533643,1.392111369,35.73085847,0.696055684,0
Lackawanna_2018 Q3,Lackawanna,446,2018,108,7,88,67,171,5,Lackawanna,Mark Powell,D,1,1,0,1,,0,24.21524664,19.7309417,1.569506726,38.34080717,1.121076233,0
Lackawanna_2018 Q4,Lackawanna,374,2018,83,3,95,44,144,5,Lackawanna,Mark Powell,D,1,1,0,1,,0,22.19251337,25.40106952,0.802139037,38.5026738,1.336898396,0
Lackawanna_2019 Q1,Lackawanna,458,2019,98,3,106,75,172,4,Lackawanna,Mark Powell,D,1,1,0,1,,0,21.39737991,23.1441048,0.655021834,37.55458515,0.873362445,0
Lackawanna_2019 Q2,Lackawanna,496,2019,91,7,106,95,196,1,Lackawanna,Mark Powell,D,1,1,0,1,,0,18.34677419,21.37096774,1.411290323,39.51612903,0.201612903,0
Lackawanna_2019 Q3,Lackawanna,400,2019,73,12,84,72,154,5,Lackawanna,Mark Powell,D,1,1,0,1,,0,18.25,21,3,38.5,1.25,0
Lackawanna_2019 Q4,Lackawanna,388,2019,99,2,73,85,125,4,Lackawanna,Mark Powell,D,1,1,0,1,,0,25.51546392,18.81443299,0.515463918,32.21649485,1.030927835,0
Lackawanna_2020 Q1,Lackawanna,496,2020,116,4,105,73,192,6,Lackawanna,Mark Powell,D,1,1,0,1,,0,23.38709677,21.16935484,0.806451613,38.70967742,1.209677419,0.5
Lackawanna_2020 Q2,Lackawanna,256,2020,57,NA,54,44,99,2,Lackawanna,Mark Powell,D,1,1,0,1,,0,22.265625,21.09375,NA,38.671875,0.78125,0.5
Lackawanna_2020 Q3,Lackawanna,443,2020,69,NA,69,50,189,66,Lackawanna,Mark Powell,D,1,1,0,1,,0,15.57562077,15.57562077,NA,42.66365688,14.89841986,0.5
Lackawanna_2020 Q4,Lackawanna,350,2020,68,NA,75,53,150,4,Lackawanna,Mark Powell,D,1,1,0,1,,0,19.42857143,21.42857143,NA,42.85714286,1.142857143,0.5
Lackawanna_2021 Q1,Lackawanna,424,2021,74,NA,68,68,207,7,Lackawanna,Mark Powell,D,1,1,0,1,,0,17.45283019,16.03773585,NA,48.82075472,1.650943396,1
Lackawanna_2021 Q2,Lackawanna,461,2021,71,NA,74,68,244,4,Lackawanna,Mark Powell,D,1,1,0,1,,0,15.40130152,16.05206074,NA,52.92841649,0.867678959,1
Lackawanna_2021 Q3,Lackawanna,400,2021,83,NA,92,70,152,3,Lackawanna,Mark Powell,D,1,1,0,1,,0,20.75,23,NA,38,0.75,1
Lackawanna_2021 Q4,Lackawanna,453,2021,99,NA,93,73,178,10,Lackawanna,Mark Powell,D,1,1,0,1,,0,21.85430464,20.52980132,NA,39.29359823,2.207505519,1
Lancaster_2013 Q1,Lancaster,2068,2013,450,7,506,63,1012,30,Lancaster,Craig Stedman,R,1,1,0,0,,0,21.76015474,24.46808511,0.338491296,48.93617021,1.450676983,0
Lancaster_2013 Q2,Lancaster,2297,2013,686,8,548,63,963,29,Lancaster,Craig Stedman,R,1,1,0,0,,0,29.86504136,23.85720505,0.348280366,41.92424902,1.262516326,0
Lancaster_2013 Q3,Lancaster,1510,2013,325,43,430,79,620,13,Lancaster,Craig Stedman,R,1,1,0,0,,0,21.52317881,28.47682119,2.847682119,41.05960265,0.860927152,0
Lancaster_2013 Q4,Lancaster,1687,2013,404,13,498,66,687,19,Lancaster,Craig Stedman,R,1,1,0,0,,0,23.9478364,29.51985774,0.770598696,40.72317724,1.126259632,0
Lancaster_2014 Q1,Lancaster,1741,2014,353,33,494,79,755,27,Lancaster,Craig Stedman,R,1,1,0,0,,0,20.27570362,28.37449742,1.895462378,43.36588168,1.550832855,0.5
Lancaster_2014 Q2,Lancaster,1731,2014,406,17,506,82,693,27,Lancaster,Craig Stedman,R,1,1,0,0,,0,23.45465049,29.231658,0.982091277,40.03466205,1.559792028,0.5
Lancaster_2014 Q3,Lancaster,1420,2014,395,3,412,48,554,8,Lancaster,Craig Stedman,R,1,1,0,0,,0,27.81690141,29.01408451,0.211267606,39.01408451,0.563380282,0.5
Lancaster_2014 Q4,Lancaster,1485,2014,399,22,447,46,563,8,Lancaster,Craig Stedman,R,1,1,0,0,,0,26.86868687,30.1010101,1.481481481,37.91245791,0.538720539,0.5
Lancaster_2015 Q1,Lancaster,1321,2015,290,14,339,75,574,29,Lancaster,Craig Stedman,R,1,1,0,0,,0,21.95306586,25.66237699,1.059803179,43.45193036,2.195306586,1
Lancaster_2015 Q2,Lancaster,1397,2015,423,23,376,51,467,57,Lancaster,Craig Stedman,R,1,1,0,0,,0,30.27916965,26.91481747,1.646385111,33.42877595,4.080171797,1
Lancaster_2015 Q3,Lancaster,1732,2015,478,60,452,68,614,60,Lancaster,Craig Stedman,R,1,1,0,0,,0,27.59815242,26.09699769,3.464203233,35.45034642,3.464203233,1
Lancaster_2015 Q4,Lancaster,1385,2015,308,16,425,47,550,39,Lancaster,Craig Stedman,R,1,1,0,0,,0,22.23826715,30.68592058,1.155234657,39.71119134,2.815884477,1
Lancaster_2016 Q1,Lancaster,1526,2016,428,12,364,76,597,49,Lancaster,Craig Stedman,R,0,NA,NA,NA,,0,28.04718218,23.85321101,0.786369594,39.12188729,3.211009174,0
Lancaster_2016 Q2,Lancaster,1696,2016,459,5,449,60,635,88,Lancaster,Craig Stedman,R,0,NA,NA,NA,,0,27.06367925,26.4740566,0.294811321,37.44103774,5.188679245,0
Lancaster_2016 Q3,Lancaster,1333,2016,290,8,314,50,550,121,Lancaster,Craig Stedman,R,0,NA,NA,NA,,0,21.75543886,23.55588897,0.600150038,41.26031508,9.077269317,0
Lancaster_2016 Q4,Lancaster,281,2016,76,4,80,7,99,15,Lancaster,Craig Stedman,R,0,NA,NA,NA,,0,27.04626335,28.46975089,1.423487544,35.23131673,5.338078292,0
Lancaster_2017 Q1,Lancaster,1538,2017,476,3,368,72,541,78,Lancaster,Craig Stedman,R,0,NA,NA,NA,,0,30.94928479,23.92717815,0.195058518,35.17555267,5.071521456,0
Lancaster_2017 Q2,Lancaster,1568,2017,332,19,410,101,614,92,Lancaster,Craig Stedman,R,0,NA,NA,NA,,0,21.17346939,26.14795918,1.211734694,39.15816327,5.867346939,0
Lancaster_2017 Q3,Lancaster,1473,2017,390,38,352,68,514,111,Lancaster,Craig Stedman,R,0,NA,NA,NA,,0,26.47657841,23.89680923,2.579769179,34.89477257,7.535641548,0
Lancaster_2017 Q4,Lancaster,1345,2017,289,NA,346,65,524,121,Lancaster,Craig Stedman,R,0,NA,NA,NA,,0,21.48698885,25.72490706,NA,38.95910781,8.996282528,0
Lancaster_2018 Q1,Lancaster,1459,2018,342,NA,356,68,606,87,Lancaster,Craig Stedman,R,0,NA,NA,NA,,0,23.44071282,24.40027416,NA,41.53529815,5.962988348,0.5
Lancaster_2018 Q2,Lancaster,1640,2018,359,12,414,77,561,217,Lancaster,Craig Stedman,R,0,NA,NA,NA,,0,21.8902439,25.24390244,0.731707317,34.20731707,13.23170732,0.5
Lancaster_2018 Q3,Lancaster,1422,2018,230,15,385,72,553,167,Lancaster,Craig Stedman,R,0,NA,NA,NA,,0,16.17440225,27.0745429,1.054852321,38.88888889,11.7440225,0.5
Lancaster_2018 Q4,Lancaster,1486,2018,311,11,443,80,511,130,Lancaster,Craig Stedman,R,0,NA,NA,NA,,0,20.92866756,29.8115747,0.740242261,34.38761777,8.748317631,0.5
Lancaster_2019 Q1,Lancaster,1852,2019,320,12,462,104,766,188,Lancaster,Craig Stedman,R,0,NA,0,1,,0,17.27861771,24.94600432,0.647948164,41.36069114,10.1511879,1
Lancaster_2019 Q2,Lancaster,1503,2019,277,2,392,104,601,127,Lancaster,Craig Stedman,R,0,NA,0,1,,0,18.42980705,26.08117099,0.133067199,39.98669328,8.449767132,1
Lancaster_2019 Q3,Lancaster,1605,2019,374,21,403,91,603,113,Lancaster,Craig Stedman,R,0,NA,0,1,,0,23.30218069,25.10903427,1.308411215,37.57009346,7.040498442,1
Lancaster_2019 Q4,Lancaster,1321,2019,264,14,364,99,470,110,Lancaster,Craig Stedman,R,0,NA,0,1,,0,19.98485995,27.55488266,1.059803179,35.57910674,8.327024981,1
Lancaster_2020 Q1,Lancaster,1535,2020,333,3,338,107,574,180,Lancaster,Heather Adams,R,NA,NA,NA,NA,,0,21.69381107,22.01954397,0.195439739,37.39413681,11.72638436,0
Lancaster_2020 Q2,Lancaster,839,2020,140,NA,232,88,279,100,Lancaster,Heather Adams,R,NA,NA,NA,NA,,0,16.68653159,27.65196663,NA,33.25387366,11.91895113,0
Lancaster_2020 Q3,Lancaster,1220,2020,110,NA,330,143,489,148,Lancaster,Heather Adams,R,NA,NA,NA,NA,,0,9.016393443,27.04918033,NA,40.08196721,12.13114754,0
Lancaster_2020 Q4,Lancaster,950,2020,100,NA,251,95,379,125,Lancaster,Heather Adams,R,NA,NA,NA,NA,,0,10.52631579,26.42105263,NA,39.89473684,13.15789474,0
Lancaster_2021 Q1,Lancaster,1154,2021,161,NA,279,123,449,142,Lancaster,Heather Adams,R,NA,NA,NA,NA,,0,13.95147314,24.17677643,NA,38.90814558,12.305026,0.5
Lancaster_2021 Q2,Lancaster,1328,2021,278,NA,276,127,423,224,Lancaster,Heather Adams,R,NA,NA,NA,NA,,0,20.93373494,20.78313253,NA,31.85240964,16.86746988,0.5
Lancaster_2021 Q3,Lancaster,1073,2021,201,NA,219,112,364,177,Lancaster,Heather Adams,R,NA,NA,NA,NA,,0,18.73252563,20.41006524,NA,33.92357875,16.49580615,0.5
Lancaster_2021 Q4,Lancaster,1157,2021,166,NA,274,119,408,190,Lancaster,Heather Adams,R,NA,NA,NA,NA,,0,14.3474503,23.68193604,NA,35.26361279,16.42178047,0.5
Lawrence_2013 Q1,Lawrence,218,2013,46,2,65,29,66,10,Lawrence,Joshua Lamancusa,D,1,1,0,0,,0,21.10091743,29.81651376,0.917431193,30.27522936,4.587155963,1
Lawrence_2013 Q2,Lawrence,249,2013,38,NA,50,43,96,22,Lawrence,Joshua Lamancusa,D,1,1,0,0,,0,15.26104418,20.08032129,NA,38.55421687,8.835341365,1
Lawrence_2013 Q3,Lawrence,252,2013,40,16,62,42,81,11,Lawrence,Joshua Lamancusa,D,1,1,0,0,,0,15.87301587,24.6031746,6.349206349,32.14285714,4.365079365,1
Lawrence_2013 Q4,Lawrence,231,2013,70,1,41,26,68,25,Lawrence,Joshua Lamancusa,D,1,1,0,0,,0,30.3030303,17.74891775,0.432900433,29.43722944,10.82251082,1
Lawrence_2014 Q1,Lawrence,275,2014,41,NA,63,59,93,19,Lawrence,Joshua Lamancusa,D,1,1,0,0,,0,14.90909091,22.90909091,NA,33.81818182,6.909090909,0
Lawrence_2014 Q2,Lawrence,239,2014,62,NA,62,25,72,18,Lawrence,Joshua Lamancusa,D,1,1,0,0,,0,25.94142259,25.94142259,NA,30.12552301,7.531380753,0
Lawrence_2014 Q3,Lawrence,170,2014,35,4,42,32,53,4,Lawrence,Joshua Lamancusa,D,1,1,0,0,,0,20.58823529,24.70588235,2.352941176,31.17647059,2.352941176,0
Lawrence_2014 Q4,Lawrence,141,2014,16,NA,50,18,51,6,Lawrence,Joshua Lamancusa,D,1,1,0,0,,0,11.34751773,35.46099291,NA,36.17021277,4.255319149,0
Lawrence_2015 Q1,Lawrence,179,2015,34,NA,58,32,46,9,Lawrence,Joshua Lamancusa,D,1,1,0,0,,0,18.99441341,32.40223464,NA,25.69832402,5.027932961,0
Lawrence_2015 Q2,Lawrence,176,2015,33,3,55,21,54,10,Lawrence,Joshua Lamancusa,D,1,1,0,0,,0,18.75,31.25,1.704545455,30.68181818,5.681818182,0
Lawrence_2015 Q3,Lawrence,164,2015,48,1,50,21,41,3,Lawrence,Joshua Lamancusa,D,1,1,0,0,,0,29.26829268,30.48780488,0.609756098,25,1.829268293,0
Lawrence_2015 Q4,Lawrence,153,2015,21,1,41,25,54,11,Lawrence,Joshua Lamancusa,D,1,1,0,0,,0,13.7254902,26.79738562,0.653594771,35.29411765,7.189542484,0
Lawrence_2016 Q1,Lawrence,199,2016,13,NA,67,37,60,22,Lawrence,Joshua Lamancusa,D,1,1,0,0,,0,6.532663317,33.66834171,NA,30.15075377,11.05527638,0.5
Lawrence_2016 Q2,Lawrence,204,2016,48,4,68,32,43,9,Lawrence,Joshua Lamancusa,D,1,1,0,0,,0,23.52941176,33.33333333,1.960784314,21.07843137,4.411764706,0.5
Lawrence_2016 Q3,Lawrence,168,2016,23,NA,43,26,58,18,Lawrence,Joshua Lamancusa,D,1,1,0,0,,0,13.69047619,25.5952381,NA,34.52380952,10.71428571,0.5
Lawrence_2016 Q4,Lawrence,150,2016,25,NA,53,23,45,4,Lawrence,Joshua Lamancusa,D,1,1,0,0,,0,16.66666667,35.33333333,NA,30,2.666666667,0.5
Lawrence_2017 Q1,Lawrence,162,2017,23,NA,57,25,50,7,Lawrence,Joshua Lamancusa,D,1,1,0,0,,0,14.19753086,35.18518519,NA,30.86419753,4.320987654,1
Lawrence_2017 Q2,Lawrence,236,2017,38,1,43,29,41,84,Lawrence,Joshua Lamancusa,D,1,1,0,0,,0,16.10169492,18.22033898,0.423728814,17.37288136,35.59322034,1
Lawrence_2017 Q3,Lawrence,143,2017,34,NA,42,20,44,3,Lawrence,Joshua Lamancusa,D,1,1,0,0,,0,23.77622378,29.37062937,NA,30.76923077,2.097902098,1
Lawrence_2017 Q4,Lawrence,101,2017,15,2,30,20,32,2,Lawrence,Joshua Lamancusa,D,1,1,0,0,,0,14.85148515,29.7029703,1.98019802,31.68316832,1.98019802,1
Lawrence_2018 Q1,Lawrence,174,2018,20,NA,47,34,52,21,Lawrence,Joshua Lamancusa,D,1,1,0,0,,0,11.49425287,27.01149425,NA,29.88505747,12.06896552,0
Lawrence_2018 Q2,Lawrence,119,2018,23,NA,38,23,31,4,Lawrence,Joshua Lamancusa,D,1,1,0,0,,0,19.32773109,31.93277311,NA,26.05042017,3.361344538,0
Lawrence_2018 Q3,Lawrence,129,2018,11,NA,45,27,36,10,Lawrence,Joshua Lamancusa,D,1,1,0,0,,0,8.527131783,34.88372093,NA,27.90697674,7.751937984,0
Lawrence_2018 Q4,Lawrence,144,2018,34,2,38,19,38,13,Lawrence,Joshua Lamancusa,D,1,1,0,0,,0,23.61111111,26.38888889,1.388888889,26.38888889,9.027777778,0
Lawrence_2019 Q1,Lawrence,143,2019,25,1,41,36,30,10,Lawrence,Joshua Lamancusa,D,1,1,0,0,,0,17.48251748,28.67132867,0.699300699,20.97902098,6.993006993,0
Lawrence_2019 Q2,Lawrence,127,2019,24,NA,58,16,25,4,Lawrence,Joshua Lamancusa,D,1,1,0,0,,0,18.8976378,45.66929134,NA,19.68503937,3.149606299,0
Lawrence_2019 Q3,Lawrence,107,2019,12,NA,40,25,23,7,Lawrence,Joshua Lamancusa,D,1,1,0,0,,0,11.21495327,37.38317757,NA,21.4953271,6.542056075,0
Lawrence_2019 Q4,Lawrence,120,2019,14,NA,51,24,23,8,Lawrence,Joshua Lamancusa,D,1,1,0,0,,0,11.66666667,42.5,NA,19.16666667,6.666666667,0
Lawrence_2020 Q1,Lawrence,139,2020,22,NA,28,34,39,16,Lawrence,Joshua Lamancusa,D,1,1,0,0,,0,15.82733813,20.14388489,NA,28.05755396,11.51079137,0.5
Lawrence_2020 Q2,Lawrence,88,2020,4,NA,26,30,19,9,Lawrence,Joshua Lamancusa,D,1,1,0,0,,0,4.545454545,29.54545455,NA,21.59090909,10.22727273,0.5
Lawrence_2020 Q3,Lawrence,126,2020,17,NA,36,27,37,9,Lawrence,Joshua Lamancusa,D,1,1,0,0,,0,13.49206349,28.57142857,NA,29.36507937,7.142857143,0.5
Lawrence_2020 Q4,Lawrence,43,2020,5,NA,15,6,15,2,Lawrence,Joshua Lamancusa,D,1,1,0,0,,0,11.62790698,34.88372093,NA,34.88372093,4.651162791,0.5
Lawrence_2021 Q1,Lawrence,156,2021,33,NA,45,23,38,17,Lawrence,Joshua Lamancusa,D,1,1,0,0,,0,21.15384615,28.84615385,NA,24.35897436,10.8974359,1
Lawrence_2021 Q2,Lawrence,132,2021,28,NA,49,25,28,2,Lawrence,Joshua Lamancusa,D,1,1,0,0,,0,21.21212121,37.12121212,NA,21.21212121,1.515151515,1
Lawrence_2021 Q3,Lawrence,115,2021,21,NA,32,35,21,6,Lawrence,Joshua Lamancusa,D,1,1,0,0,,0,18.26086957,27.82608696,NA,18.26086957,5.217391304,1
Lawrence_2021 Q4,Lawrence,131,2021,17,NA,41,30,34,9,Lawrence,Joshua Lamancusa,D,1,1,0,0,,0,12.97709924,31.29770992,NA,25.95419847,6.870229008,1
Lebanon_2013 Q1,Lebanon,645,2013,183,NA,172,50,217,23,Lebanon,David Arnold,R,NA,NA,0,1,,0,28.37209302,26.66666667,NA,33.64341085,3.565891473,1
Lebanon_2013 Q2,Lebanon,540,2013,125,NA,178,25,198,14,Lebanon,David Arnold,R,NA,NA,0,1,,0,23.14814815,32.96296296,NA,36.66666667,2.592592593,1
Lebanon_2013 Q3,Lebanon,733,2013,297,NA,153,32,238,13,Lebanon,David Arnold,R,NA,NA,0,1,,0,40.51841746,20.87312415,NA,32.46930423,1.773533424,1
Lebanon_2013 Q4,Lebanon,698,2013,138,5,216,43,279,17,Lebanon,David Arnold,R,NA,NA,0,1,,0,19.77077364,30.94555874,0.716332378,39.9713467,2.435530086,1
Lebanon_2014 Q1,Lebanon,625,2014,108,3,219,31,251,13,Lebanon,David Arnold,R,1,1,0,0,,0,17.28,35.04,0.48,40.16,2.08,0
Lebanon_2014 Q2,Lebanon,675,2014,133,7,266,36,212,21,Lebanon,David Arnold,R,1,1,0,0,,0,19.7037037,39.40740741,1.037037037,31.40740741,3.111111111,0
Lebanon_2014 Q3,Lebanon,635,2014,128,19,206,29,228,25,Lebanon,David Arnold,R,1,1,0,0,,0,20.15748031,32.44094488,2.992125984,35.90551181,3.937007874,0
Lebanon_2014 Q4,Lebanon,789,2014,121,NA,312,57,254,45,Lebanon,David Arnold,R,1,1,0,0,,0,15.33586819,39.54372624,NA,32.19264892,5.703422053,0
Lebanon_2015 Q1,Lebanon,692,2015,144,2,185,58,262,41,Lebanon,David Arnold,R,1,1,0,0,,0,20.80924855,26.73410405,0.289017341,37.86127168,5.924855491,0
Lebanon_2015 Q2,Lebanon,815,2015,141,NA,297,54,292,31,Lebanon,David Arnold,R,1,1,0,0,,0,17.3006135,36.44171779,NA,35.82822086,3.803680982,0
Lebanon_2015 Q3,Lebanon,904,2015,141,NA,352,50,324,37,Lebanon,David Arnold,R,1,1,0,0,,0,15.59734513,38.9380531,NA,35.84070796,4.092920354,0
Lebanon_2015 Q4,Lebanon,727,2015,118,NA,230,42,295,42,Lebanon,David Arnold,R,1,1,0,0,,0,16.23108666,31.63686382,NA,40.57771664,5.777166437,0
Lebanon_2016 Q1,Lebanon,855,2016,208,NA,251,52,312,32,Lebanon,David Arnold,R,1,1,0,0,,0,24.32748538,29.35672515,NA,36.49122807,3.742690058,0.5
Lebanon_2016 Q2,Lebanon,251,2016,46,NA,92,15,80,18,Lebanon,David Arnold,R,1,1,0,0,,0,18.32669323,36.65338645,NA,31.87250996,7.171314741,0.5
Lebanon_2016 Q3,Lebanon,8,2016,NA,NA,NA,4,3,1,Lebanon,David Arnold,R,1,1,0,0,,0,NA,NA,NA,37.5,12.5,0.5
Lebanon_2016 Q4,Lebanon,6,2016,NA,NA,1,2,NA,3,Lebanon,David Arnold,R,1,1,0,0,,0,NA,16.66666667,NA,NA,50,0.5
Lebanon_2017 Q1,Lebanon,657,2017,113,NA,180,60,259,45,Lebanon,David Arnold,R,1,1,0,0,,0,17.19939117,27.39726027,NA,39.42161339,6.849315068,1
Lebanon_2017 Q2,Lebanon,405,2017,50,NA,129,47,156,23,Lebanon,David Arnold,R,1,1,0,0,,0,12.34567901,31.85185185,NA,38.51851852,5.679012346,1
Lebanon_2017 Q3,Lebanon,131,2017,34,NA,45,NA,52,NA,Lebanon,David Arnold,R,1,1,0,0,,0,25.95419847,34.35114504,NA,39.69465649,NA,1
Lebanon_2017 Q4,Lebanon,0,2017,NA,NA,NA,NA,NA,NA,Lebanon,David Arnold,R,1,1,0,0,,0,NA,NA,NA,NA,NA,1
Lebanon_2018 Q1,Lebanon,559,2018,129,NA,174,37,172,47,Lebanon,David Arnold,R,1,1,0,0,,0,23.07692308,31.12701252,NA,30.76923077,8.407871199,0
Lebanon_2018 Q2,Lebanon,560,2018,104,NA,196,35,175,50,Lebanon,David Arnold,R,1,1,0,0,,0,18.57142857,35,NA,31.25,8.928571429,0
Lebanon_2018 Q3,Lebanon,207,2018,40,2,56,8,73,28,Lebanon,David Arnold,R,1,1,0,0,,0,19.3236715,27.0531401,0.966183575,35.26570048,13.52657005,0
Lebanon_2018 Q4,Lebanon,80,2018,8,NA,17,3,39,13,Lebanon,David Arnold,R,1,1,0,0,,0,10,21.25,NA,48.75,16.25,0
Lebanon_2019 Q1,Lebanon,632,2019,144,NA,200,54,193,41,Lebanon,David Arnold,R,1,1,0,0,,0,22.78481013,31.64556962,NA,30.53797468,6.487341772,0
Lebanon_2019 Q2,Lebanon,750,2019,92,NA,244,71,265,78,Lebanon,David Arnold,R,1,1,0,0,,0,12.26666667,32.53333333,NA,35.33333333,10.4,0
Lebanon_2019 Q3,Lebanon,787,2019,158,NA,214,105,249,61,Lebanon,David Arnold,R,1,1,0,0,,0,20.07623888,27.19186785,NA,31.63913596,7.750952986,0
Lebanon_2019 Q4,Lebanon,726,2019,96,NA,194,75,318,43,Lebanon,David Arnold,R,1,1,0,0,,0,13.2231405,26.72176309,NA,43.80165289,5.922865014,0
Lebanon_2020 Q1,Lebanon,626,2020,136,NA,147,63,224,56,Lebanon,Pier Hess,R,1,1,0,0,,0,21.72523962,23.48242812,NA,35.7827476,8.945686901,0.5
Lebanon_2020 Q2,Lebanon,336,2020,59,NA,109,23,124,21,Lebanon,Pier Hess,R,1,1,0,0,,0,17.55952381,32.44047619,NA,36.9047619,6.25,0.5
Lebanon_2020 Q3,Lebanon,666,2020,82,NA,194,101,240,49,Lebanon,Pier Hess,R,1,1,0,0,,0,12.31231231,29.12912913,NA,36.03603604,7.357357357,0.5
Lebanon_2020 Q4,Lebanon,426,2020,83,NA,115,41,148,39,Lebanon,Pier Hess,R,1,1,0,0,,0,19.48356808,26.99530516,NA,34.74178404,9.154929577,0.5
Lebanon_2021 Q1,Lebanon,640,2021,79,NA,190,66,232,73,Lebanon,Pier Hess,R,1,1,0,0,,0,12.34375,29.6875,NA,36.25,11.40625,1
Lebanon_2021 Q2,Lebanon,565,2021,56,NA,195,88,180,46,Lebanon,Pier Hess,R,1,1,0,0,,0,9.911504425,34.51327434,NA,31.85840708,8.14159292,1
Lebanon_2021 Q3,Lebanon,544,2021,96,NA,158,66,183,41,Lebanon,Pier Hess,R,1,1,0,0,,0,17.64705882,29.04411765,NA,33.63970588,7.536764706,1
Lebanon_2021 Q4,Lebanon,550,2021,87,NA,159,77,183,44,Lebanon,Pier Hess,R,1,1,0,0,,0,15.81818182,28.90909091,NA,33.27272727,8,1
Lehigh_2013 Q1,Lehigh,1022,2013,261,NA,310,105,309,37,Lehigh,Jim Martin,R,1,1,0,0,,0,25.53816047,30.33268102,NA,30.23483366,3.62035225,0
Lehigh_2013 Q2,Lehigh,828,2013,127,NA,322,65,294,20,Lehigh,Jim Martin,R,1,1,0,0,,0,15.33816425,38.88888889,NA,35.50724638,2.415458937,0
Lehigh_2013 Q3,Lehigh,846,2013,145,NA,304,82,290,25,Lehigh,Jim Martin,R,1,1,0,0,,0,17.13947991,35.93380615,NA,34.27895981,2.955082742,0
Lehigh_2013 Q4,Lehigh,980,2013,196,NA,333,76,333,42,Lehigh,Jim Martin,R,1,1,0,0,,0,20,33.97959184,NA,33.97959184,4.285714286,0
Lehigh_2014 Q1,Lehigh,1139,2014,233,NA,326,124,422,34,Lehigh,Jim Martin,R,1,1,0,0,,0,20.45654083,28.62159789,NA,37.0500439,2.985074627,0.5
Lehigh_2014 Q2,Lehigh,1030,2014,293,NA,325,88,279,45,Lehigh,Jim Martin,R,1,1,0,0,,0,28.44660194,31.55339806,NA,27.08737864,4.368932039,0.5
Lehigh_2014 Q3,Lehigh,1070,2014,312,NA,329,74,319,36,Lehigh,Jim Martin,R,1,1,0,0,,0,29.1588785,30.74766355,NA,29.81308411,3.364485981,0.5
Lehigh_2014 Q4,Lehigh,982,2014,188,NA,356,114,293,31,Lehigh,Jim Martin,R,1,1,0,0,,0,19.14460285,36.25254582,NA,29.83706721,3.156822811,0.5
Lehigh_2015 Q1,Lehigh,1048,2015,252,NA,306,121,320,49,Lehigh,Jim Martin,R,1,1,0,0,,0,24.04580153,29.19847328,NA,30.53435115,4.675572519,1
Lehigh_2015 Q2,Lehigh,923,2015,212,NA,301,70,304,36,Lehigh,Jim Martin,R,1,1,0,0,,0,22.96858072,32.61105092,NA,32.93607801,3.900325027,1
Lehigh_2015 Q3,Lehigh,809,2015,139,NA,276,72,285,37,Lehigh,Jim Martin,R,1,1,0,0,,0,17.18170581,34.11619283,NA,35.22867738,4.57354759,1
Lehigh_2015 Q4,Lehigh,884,2015,199,NA,261,110,267,47,Lehigh,Jim Martin,R,1,1,0,0,,0,22.51131222,29.52488688,NA,30.20361991,5.316742081,1
Lehigh_2016 Q1,Lehigh,829,2016,135,NA,312,87,253,42,Lehigh,Jim Martin,R,1,1,1,0,,0,16.28468034,37.63570567,NA,30.51869723,5.066344994,0
Lehigh_2016 Q2,Lehigh,1109,2016,281,NA,308,111,353,56,Lehigh,Jim Martin,R,1,1,1,0,,0,25.33814247,27.77276826,NA,31.83047791,5.049594229,0
Lehigh_2016 Q3,Lehigh,702,2016,91,NA,245,93,238,35,Lehigh,Jim Martin,R,1,1,1,0,,0,12.96296296,34.9002849,NA,33.9031339,4.985754986,0
Lehigh_2016 Q4,Lehigh,797,2016,112,2,301,96,240,46,Lehigh,Jim Martin,R,1,1,1,0,,0,14.05269762,37.76662484,0.250941029,30.11292346,5.771643664,0
Lehigh_2017 Q1,Lehigh,853,2017,111,1,301,83,316,41,Lehigh,Jim Martin,R,1,1,1,0,,0,13.01289566,35.28722157,0.117233294,37.04572098,4.806565064,0
Lehigh_2017 Q2,Lehigh,795,2017,135,NA,264,77,280,39,Lehigh,Jim Martin,R,1,1,1,0,,0,16.98113208,33.20754717,NA,35.22012579,4.905660377,0
Lehigh_2017 Q3,Lehigh,800,2017,149,NA,267,65,274,45,Lehigh,Jim Martin,R,1,1,1,0,,0,18.625,33.375,NA,34.25,5.625,0
Lehigh_2017 Q4,Lehigh,831,2017,127,NA,293,68,299,44,Lehigh,Jim Martin,R,1,1,1,0,,0,15.28279182,35.25872443,NA,35.98074609,5.294825511,0
Lehigh_2018 Q1,Lehigh,928,2018,100,NA,355,104,312,57,Lehigh,Jim Martin,R,1,1,1,0,,0,10.77586207,38.25431034,NA,33.62068966,6.142241379,0.5
Lehigh_2018 Q2,Lehigh,855,2018,147,NA,282,82,283,61,Lehigh,Jim Martin,R,1,1,1,0,,0,17.19298246,32.98245614,NA,33.0994152,7.134502924,0.5
Lehigh_2018 Q3,Lehigh,913,2018,158,1,318,100,281,55,Lehigh,Jim Martin,R,1,1,1,0,,0,17.30558598,34.83023001,0.109529025,30.77765608,6.024096386,0.5
Lehigh_2018 Q4,Lehigh,900,2018,96,NA,314,125,316,49,Lehigh,Jim Martin,R,1,1,1,0,,0,10.66666667,34.88888889,NA,35.11111111,5.444444444,0.5
Lehigh_2019 Q1,Lehigh,888,2019,120,1,294,128,282,63,Lehigh,Jim Martin,R,1,1,1,0,,0,13.51351351,33.10810811,0.112612613,31.75675676,7.094594595,1
Lehigh_2019 Q2,Lehigh,804,2019,136,NA,250,91,267,60,Lehigh,Jim Martin,R,1,1,1,0,,0,16.91542289,31.09452736,NA,33.20895522,7.462686567,1
Lehigh_2019 Q3,Lehigh,810,2019,89,5,282,101,268,65,Lehigh,Jim Martin,R,1,1,1,0,,0,10.98765432,34.81481481,0.617283951,33.08641975,8.024691358,1
Lehigh_2019 Q4,Lehigh,806,2019,210,2,223,84,246,41,Lehigh,Jim Martin,R,1,1,1,0,,0,26.05459057,27.6674938,0.248138958,30.52109181,5.086848635,1
Lehigh_2020 Q1,Lehigh,642,2020,69,NA,212,95,222,44,Lehigh,Jim Martin,R,NA,NA,NA,NA,,0,10.74766355,33.02180685,NA,34.57943925,6.853582555,0
Lehigh_2020 Q2,Lehigh,311,2020,17,NA,140,38,94,22,Lehigh,Jim Martin,R,NA,NA,NA,NA,,0,5.466237942,45.01607717,NA,30.22508039,7.073954984,0
Lehigh_2020 Q3,Lehigh,530,2020,56,NA,207,44,192,31,Lehigh,Jim Martin,R,NA,NA,NA,NA,,0,10.56603774,39.05660377,NA,36.22641509,5.849056604,0
Lehigh_2020 Q4,Lehigh,464,2020,51,NA,193,10,172,38,Lehigh,Jim Martin,R,NA,NA,NA,NA,,0,10.99137931,41.59482759,NA,37.06896552,8.189655172,0
Lehigh_2021 Q1,Lehigh,613,2021,46,NA,197,76,241,53,Lehigh,Jim Martin,R,NA,NA,NA,NA,,0,7.504078303,32.137031,NA,39.31484502,8.646003263,0
Lehigh_2021 Q2,Lehigh,624,2021,89,NA,182,58,242,53,Lehigh,Jim Martin,R,NA,NA,NA,NA,,0,14.26282051,29.16666667,NA,38.78205128,8.493589744,0
Lehigh_2021 Q3,Lehigh,720,2021,124,NA,242,40,284,30,Lehigh,Jim Martin,R,NA,NA,NA,NA,,0,17.22222222,33.61111111,NA,39.44444444,4.166666667,0
Lehigh_2021 Q4,Lehigh,829,2021,108,NA,318,72,289,42,Lehigh,Jim Martin,R,NA,NA,NA,NA,,0,13.02774427,38.35946924,NA,34.86127865,5.066344994,0
Luzerne_2013 Q1,Luzerne,961,2013,140,1,249,213,356,2,Luzerne,Stephanie Salavantis,R,1,1,0,1,,0,14.56815817,25.91050989,0.104058273,37.04474506,0.208116545,0
Luzerne_2013 Q2,Luzerne,928,2013,143,17,259,166,338,5,Luzerne,Stephanie Salavantis,R,1,1,0,1,,0,15.40948276,27.90948276,1.831896552,36.42241379,0.538793103,0
Luzerne_2013 Q3,Luzerne,954,2013,111,NA,236,132,474,1,Luzerne,Stephanie Salavantis,R,1,1,0,1,,0,11.63522013,24.73794549,NA,49.68553459,0.104821803,0
Luzerne_2013 Q4,Luzerne,1067,2013,190,5,246,160,462,4,Luzerne,Stephanie Salavantis,R,1,1,0,1,,0,17.80693533,23.05529522,0.468603561,43.29896907,0.374882849,0
Luzerne_2014 Q1,Luzerne,937,2014,145,3,224,162,396,7,Luzerne,Stephanie Salavantis,R,1,1,0,1,,0,15.47491996,23.90608324,0.320170758,42.26254002,0.747065101,0
Luzerne_2014 Q2,Luzerne,993,2014,192,16,217,161,398,9,Luzerne,Stephanie Salavantis,R,1,1,0,1,,0,19.33534743,21.8529708,1.611278953,40.08056395,0.906344411,0
Luzerne_2014 Q3,Luzerne,989,2014,162,15,291,138,376,7,Luzerne,Stephanie Salavantis,R,1,1,0,1,,0,16.380182,29.42366026,1.516683519,38.0182002,0.707785642,0
Luzerne_2014 Q4,Luzerne,1018,2014,190,15,249,138,422,4,Luzerne,Stephanie Salavantis,R,1,1,0,1,,0,18.66404715,24.45972495,1.473477407,41.45383104,0.392927308,0
Luzerne_2015 Q1,Luzerne,926,2015,206,16,223,146,324,11,Luzerne,Stephanie Salavantis,R,1,1,0,1,,0,22.2462203,24.08207343,1.727861771,34.98920086,1.187904968,0
Luzerne_2015 Q2,Luzerne,1162,2015,281,NA,245,198,434,4,Luzerne,Stephanie Salavantis,R,1,1,0,0,,0,24.18244406,21.08433735,NA,37.34939759,0.344234079,0
Luzerne_2015 Q3,Luzerne,1126,2015,298,26,230,158,413,1,Luzerne,Stephanie Salavantis,R,1,1,0,0,,0,26.46536412,20.42628774,2.309058615,36.67850799,0.088809947,0
Luzerne_2015 Q4,Luzerne,934,2015,170,11,206,169,377,1,Luzerne,Stephanie Salavantis,R,1,1,0,0,,0,18.2012848,22.05567452,1.177730193,40.3640257,0.107066381,0
Luzerne_2016 Q1,Luzerne,851,2016,173,3,196,142,335,2,Luzerne,Stephanie Salavantis,R,1,1,0,0,,0,20.32902468,23.03172738,0.352526439,39.36545241,0.235017626,0
Luzerne_2016 Q2,Luzerne,1016,2016,187,50,214,143,419,3,Luzerne,Stephanie Salavantis,R,1,1,0,0,,0,18.40551181,21.06299213,4.921259843,41.24015748,0.295275591,0
Luzerne_2016 Q3,Luzerne,797,2016,163,19,154,90,368,3,Luzerne,Stephanie Salavantis,R,1,1,0,0,,0,20.45169385,19.32245922,2.383939774,46.17314931,0.376411543,0
Luzerne_2016 Q4,Luzerne,916,2016,120,9,174,141,467,5,Luzerne,Stephanie Salavantis,R,1,1,0,0,,0,13.10043668,18.99563319,0.982532751,50.98253275,0.545851528,0
Luzerne_2017 Q1,Luzerne,848,2017,113,25,161,128,416,5,Luzerne,Stephanie Salavantis,R,1,1,0,0,,0,13.3254717,18.98584906,2.948113208,49.05660377,0.589622642,0
Luzerne_2017 Q2,Luzerne,1055,2017,116,50,282,138,463,6,Luzerne,Stephanie Salavantis,R,1,1,0,0,,0,10.99526066,26.72985782,4.739336493,43.88625592,0.568720379,0
Luzerne_2017 Q3,Luzerne,719,2017,72,24,155,108,354,6,Luzerne,Stephanie Salavantis,R,1,1,0,0,,0,10.01390821,21.55771905,3.337969402,49.23504868,0.83449235,0
Luzerne_2017 Q4,Luzerne,869,2017,276,24,142,99,326,2,Luzerne,Stephanie Salavantis,R,1,1,0,0,,0,31.76064442,16.3406214,2.761795167,37.51438435,0.230149597,0
Luzerne_2018 Q1,Luzerne,964,2018,258,13,179,112,398,4,Luzerne,Stephanie Salavantis,R,1,1,0,0,,0,26.76348548,18.56846473,1.348547718,41.28630705,0.414937759,0.5
Luzerne_2018 Q2,Luzerne,1574,2018,602,28,213,184,535,12,Luzerne,Stephanie Salavantis,R,1,1,0,0,,0,38.24650572,13.53240152,1.778907243,33.98983482,0.762388818,0.5
Luzerne_2018 Q3,Luzerne,1101,2018,126,36,196,155,583,5,Luzerne,Stephanie Salavantis,R,1,1,0,0,,0,11.44414169,17.80199818,3.269754768,52.95186194,0.454132607,0.5
Luzerne_2018 Q4,Luzerne,885,2018,101,27,169,160,418,10,Luzerne,Stephanie Salavantis,R,1,1,0,0,,0,11.41242938,19.0960452,3.050847458,47.23163842,1.129943503,0.5
Luzerne_2019 Q1,Luzerne,1007,2019,109,31,194,117,537,19,Luzerne,Stephanie Salavantis,R,1,1,0,0,,0,10.82423039,19.26514399,3.078450844,53.32671301,1.886792453,1
Luzerne_2019 Q2,Luzerne,932,2019,119,37,174,127,460,15,Luzerne,Stephanie Salavantis,R,1,1,0,0,,0,12.76824034,18.6695279,3.969957082,49.35622318,1.60944206,1
Luzerne_2019 Q3,Luzerne,818,2019,110,35,144,119,390,20,Luzerne,Stephanie Salavantis,R,1,1,0,0,,0,13.44743276,17.60391198,4.278728606,47.67726161,2.444987775,1
Luzerne_2019 Q4,Luzerne,846,2019,84,38,159,146,406,13,Luzerne,Stephanie Salavantis,R,1,1,0,0,,0,9.929078014,18.79432624,4.491725768,47.99054374,1.536643026,1
Luzerne_2020 Q1,Luzerne,749,2020,157,1,159,124,292,16,Luzerne,Stephanie Salavantis,R,NA,NA,NA,NA,,0,20.96128171,21.22830441,0.133511348,38.98531375,2.136181575,0
Luzerne_2020 Q2,Luzerne,415,2020,132,NA,108,49,119,7,Luzerne,Stephanie Salavantis,R,NA,NA,NA,NA,,0,31.80722892,26.02409639,NA,28.6746988,1.686746988,0
Luzerne_2020 Q3,Luzerne,615,2020,108,NA,138,98,257,14,Luzerne,Stephanie Salavantis,R,NA,NA,NA,NA,,0,17.56097561,22.43902439,NA,41.78861789,2.276422764,0
Luzerne_2020 Q4,Luzerne,475,2020,136,NA,85,72,174,8,Luzerne,Stephanie Salavantis,R,NA,NA,NA,NA,,0,28.63157895,17.89473684,NA,36.63157895,1.684210526,0
Luzerne_2021 Q1,Luzerne,449,2021,101,NA,84,75,177,12,Luzerne,Stephanie Salavantis,R,NA,NA,NA,NA,,0,22.49443207,18.70824053,NA,39.42093541,2.672605791,0
Luzerne_2021 Q2,Luzerne,834,2021,215,NA,174,109,317,19,Luzerne,Stephanie Salavantis,R,NA,NA,NA,NA,,0,25.7793765,20.86330935,NA,38.00959233,2.278177458,0
Luzerne_2021 Q3,Luzerne,860,2021,151,NA,159,187,338,25,Luzerne,Stephanie Salavantis,R,NA,NA,NA,NA,,0,17.55813953,18.48837209,NA,39.30232558,2.906976744,0
Luzerne_2021 Q4,Luzerne,706,2021,110,NA,147,147,278,24,Luzerne,Stephanie Salavantis,R,NA,NA,NA,NA,,0,15.58073654,20.82152975,NA,39.37677054,3.399433428,0
Lycoming_2013 Q1,Lycoming,649,2013,264,4,28,146,168,39,Lycoming,Eric Linhardt,R,1,1,0,1,,0,40.6779661,4.314329738,0.61633282,25.88597843,6.009244992,0
Lycoming_2013 Q2,Lycoming,487,2013,77,NA,39,127,227,17,Lycoming,Eric Linhardt,R,1,1,0,1,,0,15.8110883,8.008213552,NA,46.61190965,3.490759754,0
Lycoming_2013 Q3,Lycoming,558,2013,169,3,89,75,206,16,Lycoming,Eric Linhardt,R,1,1,0,1,,0,30.28673835,15.94982079,0.537634409,36.91756272,2.867383513,0
Lycoming_2013 Q4,Lycoming,573,2013,117,1,57,113,263,22,Lycoming,Eric Linhardt,R,1,1,0,1,,0,20.41884817,9.947643979,0.17452007,45.89877836,3.839441536,0
Lycoming_2014 Q1,Lycoming,546,2014,88,1,54,143,235,25,Lycoming,Eric Linhardt,R,1,1,0,1,,0,16.11721612,9.89010989,0.183150183,43.04029304,4.578754579,0.5
Lycoming_2014 Q2,Lycoming,566,2014,95,NA,59,132,259,21,Lycoming,Eric Linhardt,R,1,1,0,1,,0,16.7844523,10.42402827,NA,45.75971731,3.71024735,0.5
Lycoming_2014 Q3,Lycoming,539,2014,79,17,73,151,211,8,Lycoming,Eric Linhardt,R,1,1,0,1,,0,14.6567718,13.54359926,3.153988868,39.14656772,1.484230056,0.5
Lycoming_2014 Q4,Lycoming,583,2014,118,8,49,143,242,23,Lycoming,Eric Linhardt,R,1,1,0,1,,0,20.24013722,8.404802744,1.372212693,41.50943396,3.945111492,0.5
Lycoming_2015 Q1,Lycoming,532,2015,97,4,96,89,212,34,Lycoming,Eric Linhardt,R,1,1,0,1,,0,18.23308271,18.04511278,0.751879699,39.84962406,6.390977444,1
Lycoming_2015 Q2,Lycoming,498,2015,110,4,102,68,191,23,Lycoming,Eric Linhardt,R,1,1,0,1,,0,22.08835341,20.48192771,0.803212851,38.35341365,4.618473896,1
Lycoming_2015 Q3,Lycoming,437,2015,88,4,102,23,199,21,Lycoming,Eric Linhardt,R,1,1,0,1,,0,20.13729977,23.3409611,0.915331808,45.53775744,4.805491991,1
Lycoming_2015 Q4,Lycoming,475,2015,118,6,114,24,198,15,Lycoming,Eric Linhardt,R,1,1,0,1,,0,24.84210526,24,1.263157895,41.68421053,3.157894737,1
Lycoming_2016 Q1,Lycoming,539,2016,107,4,145,31,235,17,Lycoming,Eric Linhardt,R,0,NA,NA,NA,,0,19.85157699,26.90166976,0.742115028,43.59925788,3.153988868,0
Lycoming_2016 Q2,Lycoming,594,2016,147,4,141,40,239,23,Lycoming,Eric Linhardt,R,0,NA,NA,NA,,0,24.74747475,23.73737374,0.673400673,40.23569024,3.872053872,0
Lycoming_2016 Q3,Lycoming,779,2016,257,3,160,25,299,35,Lycoming,Eric Linhardt,R,0,NA,NA,NA,,0,32.99101412,20.53915276,0.385109114,38.38254172,4.492939666,0
Lycoming_2016 Q4,Lycoming,536,2016,85,5,145,19,264,18,Lycoming,Eric Linhardt,R,0,NA,NA,NA,,0,15.85820896,27.05223881,0.932835821,49.25373134,3.358208955,0
Lycoming_2017 Q1,Lycoming,600,2017,121,13,161,28,230,47,Lycoming,Eric Linhardt,R,0,NA,NA,NA,,0,20.16666667,26.83333333,2.166666667,38.33333333,7.833333333,0
Lycoming_2017 Q2,Lycoming,584,2017,147,NA,127,33,215,62,Lycoming,Eric Linhardt,R,0,NA,NA,NA,,0,25.17123288,21.74657534,NA,36.81506849,10.61643836,0
Lycoming_2017 Q3,Lycoming,590,2017,186,12,147,25,208,12,Lycoming,Eric Linhardt,R,0,NA,NA,NA,,0,31.52542373,24.91525424,2.033898305,35.25423729,2.033898305,0
Lycoming_2017 Q4,Lycoming,335,2017,59,2,94,16,153,11,Lycoming,Eric Linhardt,R,0,NA,NA,NA,,0,17.6119403,28.05970149,0.597014925,45.67164179,3.28358209,0
Lycoming_2018 Q1,Lycoming,545,2018,93,10,144,36,240,22,Lycoming,Eric Linhardt,R,0,NA,NA,NA,,0,17.06422018,26.42201835,1.834862385,44.03669725,4.036697248,0.5
Lycoming_2018 Q2,Lycoming,468,2018,78,NA,138,44,180,28,Lycoming,Eric Linhardt,R,0,NA,NA,NA,,0,16.66666667,29.48717949,NA,38.46153846,5.982905983,0.5
Lycoming_2018 Q3,Lycoming,323,2018,53,3,94,29,133,11,Lycoming,Eric Linhardt,R,0,NA,NA,NA,,0,16.40866873,29.10216718,0.92879257,41.17647059,3.405572755,0.5
Lycoming_2018 Q4,Lycoming,433,2018,103,3,101,40,151,35,Lycoming,Eric Linhardt,R,0,NA,NA,NA,,0,23.78752887,23.3256351,0.692840647,34.87297921,8.083140878,0.5
Lycoming_2019 Q1,Lycoming,440,2019,52,5,131,59,167,26,Lycoming,Eric Linhardt,R,0,NA,1,0,,0,11.81818182,29.77272727,1.136363636,37.95454545,5.909090909,1
Lycoming_2019 Q2,Lycoming,474,2019,98,NA,117,49,151,59,Lycoming,Eric Linhardt,R,0,NA,1,0,,0,20.67510549,24.6835443,NA,31.85654008,12.44725738,1
Lycoming_2019 Q3,Lycoming,444,2019,80,NA,115,40,157,52,Lycoming,Eric Linhardt,R,0,NA,1,0,,0,18.01801802,25.9009009,NA,35.36036036,11.71171171,1
Lycoming_2019 Q4,Lycoming,364,2019,82,6,96,47,105,28,Lycoming,Eric Linhardt,R,0,NA,1,0,,0,22.52747253,26.37362637,1.648351648,28.84615385,7.692307692,1
Lycoming_2020 Q1,Lycoming,366,2020,71,NA,125,41,95,34,Lycoming,Ryan Gardner,R,NA,NA,NA,NA,,0,19.3989071,34.15300546,NA,25.95628415,9.289617486,0
Lycoming_2020 Q2,Lycoming,319,2020,34,NA,87,53,118,27,Lycoming,Ryan Gardner,R,NA,NA,NA,NA,,0,10.65830721,27.27272727,NA,36.99059561,8.463949843,0
Lycoming_2020 Q3,Lycoming,274,2020,42,NA,57,48,108,19,Lycoming,Ryan Gardner,R,NA,NA,NA,NA,,0,15.32846715,20.80291971,NA,39.41605839,6.934306569,0
Lycoming_2020 Q4,Lycoming,249,2020,31,NA,57,31,100,30,Lycoming,Ryan Gardner,R,NA,NA,NA,NA,,0,12.4497992,22.89156627,NA,40.16064257,12.04819277,0
Lycoming_2021 Q1,Lycoming,465,2021,145,NA,68,50,149,53,Lycoming,Ryan Gardner,R,NA,NA,NA,NA,,0,31.1827957,14.62365591,NA,32.04301075,11.39784946,0
Lycoming_2021 Q2,Lycoming,300,2021,35,NA,76,48,110,31,Lycoming,Ryan Gardner,R,NA,NA,NA,NA,,0,11.66666667,25.33333333,NA,36.66666667,10.33333333,0
Lycoming_2021 Q3,Lycoming,440,2021,115,NA,78,42,174,31,Lycoming,Ryan Gardner,R,NA,NA,NA,NA,,0,26.13636364,17.72727273,NA,39.54545455,7.045454545,0
Lycoming_2021 Q4,Lycoming,348,2021,85,NA,69,40,134,20,Lycoming,Ryan Gardner,R,NA,NA,NA,NA,,0,24.42528736,19.82758621,NA,38.50574713,5.747126437,0
McKean_2013 Q1,McKean,181,2013,38,NA,47,25,66,5,McKean,,,NA,NA,NA,NA,emailed,NA,20.99447514,25.96685083,NA,36.4640884,2.762430939,0
McKean_2013 Q2,McKean,119,2013,18,NA,24,23,52,2,McKean,,,NA,NA,NA,NA,,NA,15.12605042,20.16806723,NA,43.69747899,1.680672269,0
McKean_2013 Q3,McKean,133,2013,19,NA,21,21,70,2,McKean,,,NA,NA,NA,NA,,NA,14.28571429,15.78947368,NA,52.63157895,1.503759398,0
McKean_2013 Q4,McKean,98,2013,17,NA,24,12,43,2,McKean,,,NA,NA,NA,NA,,NA,17.34693878,24.48979592,NA,43.87755102,2.040816327,0
McKean_2014 Q1,McKean,194,2014,33,NA,57,28,74,2,McKean,,,NA,NA,NA,NA,,NA,17.01030928,29.3814433,NA,38.1443299,1.030927835,0
McKean_2014 Q2,McKean,196,2014,70,NA,46,13,65,2,McKean,,,NA,NA,NA,NA,,NA,35.71428571,23.46938776,NA,33.16326531,1.020408163,0
McKean_2014 Q3,McKean,191,2014,47,NA,34,27,80,3,McKean,,,NA,NA,NA,NA,,NA,24.60732984,17.80104712,NA,41.88481675,1.570680628,0
McKean_2014 Q4,McKean,118,2014,28,NA,26,20,44,NA,McKean,,,NA,NA,NA,NA,,NA,23.72881356,22.03389831,NA,37.28813559,NA,0
McKean_2015 Q1,McKean,117,2015,14,NA,36,25,42,NA,McKean,,,NA,NA,NA,NA,,NA,11.96581197,30.76923077,NA,35.8974359,NA,0
McKean_2015 Q2,McKean,121,2015,10,NA,32,21,55,3,McKean,,,NA,NA,NA,NA,,NA,8.26446281,26.44628099,NA,45.45454545,2.479338843,0
McKean_2015 Q3,McKean,122,2015,8,NA,42,18,51,3,McKean,,,NA,NA,NA,NA,,NA,6.557377049,34.42622951,NA,41.80327869,2.459016393,0
McKean_2015 Q4,McKean,53,2015,8,NA,20,7,18,NA,McKean,,,NA,NA,NA,NA,,NA,15.09433962,37.73584906,NA,33.96226415,NA,0
McKean_2016 Q1,McKean,100,2016,14,NA,32,16,34,4,McKean,,,NA,NA,NA,NA,,NA,14,32,NA,34,4,0
McKean_2016 Q2,McKean,131,2016,26,NA,33,11,57,4,McKean,,,NA,NA,NA,NA,,NA,19.84732824,25.19083969,NA,43.51145038,3.053435115,0
McKean_2016 Q3,McKean,134,2016,39,NA,27,9,52,7,McKean,,,NA,NA,NA,NA,,NA,29.10447761,20.14925373,NA,38.80597015,5.223880597,0
McKean_2016 Q4,McKean,140,2016,36,NA,28,10,64,2,McKean,,,NA,NA,NA,NA,,NA,25.71428571,20,NA,45.71428571,1.428571429,0
McKean_2017 Q1,McKean,146,2017,39,NA,24,13,68,2,McKean,,,NA,NA,NA,NA,,NA,26.71232877,16.43835616,NA,46.57534247,1.369863014,0
McKean_2017 Q2,McKean,111,2017,27,NA,24,16,43,1,McKean,,,NA,NA,NA,NA,,NA,24.32432432,21.62162162,NA,38.73873874,0.900900901,0
McKean_2017 Q3,McKean,104,2017,11,NA,28,10,47,8,McKean,,,NA,NA,NA,NA,,NA,10.57692308,26.92307692,NA,45.19230769,7.692307692,0
McKean_2017 Q4,McKean,112,2017,26,NA,28,9,48,1,McKean,,,NA,NA,NA,NA,,NA,23.21428571,25,NA,42.85714286,0.892857143,0
McKean_2018 Q1,McKean,130,2018,42,NA,33,13,40,2,McKean,,,NA,NA,NA,NA,,NA,32.30769231,25.38461538,NA,30.76923077,1.538461538,0
McKean_2018 Q2,McKean,112,2018,34,NA,23,20,33,2,McKean,,,NA,NA,NA,NA,,NA,30.35714286,20.53571429,NA,29.46428571,1.785714286,0
McKean_2018 Q3,McKean,102,2018,11,NA,21,13,51,6,McKean,,,NA,NA,NA,NA,,NA,10.78431373,20.58823529,NA,50,5.882352941,0
McKean_2018 Q4,McKean,120,2018,38,NA,29,8,45,NA,McKean,,,NA,NA,NA,NA,,NA,31.66666667,24.16666667,NA,37.5,NA,0
McKean_2019 Q1,McKean,118,2019,25,NA,37,20,35,1,McKean,,,NA,NA,NA,NA,,NA,21.18644068,31.3559322,NA,29.66101695,0.847457627,0
McKean_2019 Q2,McKean,102,2019,25,NA,30,11,35,1,McKean,,,NA,NA,NA,NA,,NA,24.50980392,29.41176471,NA,34.31372549,0.980392157,0
McKean_2019 Q3,McKean,144,2019,35,NA,33,15,56,5,McKean,,,NA,NA,NA,NA,,NA,24.30555556,22.91666667,NA,38.88888889,3.472222222,0
McKean_2019 Q4,McKean,106,2019,36,NA,30,7,29,4,McKean,,,NA,NA,NA,NA,,NA,33.96226415,28.30188679,NA,27.35849057,3.773584906,0
McKean_2020 Q1,McKean,111,2020,26,NA,30,20,34,1,McKean,,,NA,NA,NA,NA,,NA,23.42342342,27.02702703,NA,30.63063063,0.900900901,0
McKean_2020 Q2,McKean,75,2020,21,NA,19,9,25,1,McKean,,,NA,NA,NA,NA,,NA,28,25.33333333,NA,33.33333333,1.333333333,0
McKean_2020 Q3,McKean,97,2020,15,NA,25,14,43,NA,McKean,,,NA,NA,NA,NA,,NA,15.46391753,25.77319588,NA,44.32989691,NA,0
McKean_2020 Q4,McKean,102,2020,22,NA,22,13,44,1,McKean,,,NA,NA,NA,NA,,NA,21.56862745,21.56862745,NA,43.1372549,0.980392157,0
McKean_2021 Q1,McKean,116,2021,32,NA,25,14,41,4,McKean,,,NA,NA,NA,NA,,NA,27.5862069,21.55172414,NA,35.34482759,3.448275862,0
McKean_2021 Q2,McKean,110,2021,26,NA,15,29,37,3,McKean,,,NA,NA,NA,NA,,NA,23.63636364,13.63636364,NA,33.63636364,2.727272727,0
McKean_2021 Q3,McKean,106,2021,13,NA,26,17,49,1,McKean,,,NA,NA,NA,NA,,NA,12.26415094,24.52830189,NA,46.22641509,0.943396226,0
McKean_2021 Q4,McKean,148,2021,38,NA,45,17,47,1,McKean,,,NA,NA,NA,NA,,NA,25.67567568,30.40540541,NA,31.75675676,0.675675676,0
Mercer_2013 Q1,Mercer,241,2013,43,2,107,NA,84,5,Mercer,Robert Kochems,D,1,0,0,1,,1,17.84232365,44.39834025,0.829875519,34.85477178,2.074688797,0
Mercer_2013 Q2,Mercer,285,2013,50,1,119,NA,102,13,Mercer,Robert Kochems,D,1,0,0,1,,1,17.54385965,41.75438596,0.350877193,35.78947368,4.561403509,0
Mercer_2013 Q3,Mercer,292,2013,53,1,160,1,67,10,Mercer,Robert Kochems,D,1,0,0,1,,1,18.15068493,54.79452055,0.342465753,22.94520548,3.424657534,0
Mercer_2013 Q4,Mercer,367,2013,54,3,170,1,120,19,Mercer,Robert Kochems,D,1,0,0,1,,1,14.71389646,46.32152589,0.817438692,32.69754768,5.177111717,0
Mercer_2014 Q1,Mercer,249,2014,24,1,136,NA,82,6,Mercer,Robert Kochems,D,1,0,0,1,,1,9.638554217,54.6184739,0.401606426,32.93172691,2.409638554,0.5
Mercer_2014 Q2,Mercer,239,2014,41,5,133,1,57,2,Mercer,Robert Kochems,D,1,0,0,1,,1,17.15481172,55.64853556,2.092050209,23.84937238,0.836820084,0.5
Mercer_2014 Q3,Mercer,226,2014,31,3,115,2,71,4,Mercer,Robert Kochems,D,1,0,0,1,,1,13.71681416,50.88495575,1.327433628,31.4159292,1.769911504,0.5
Mercer_2014 Q4,Mercer,270,2014,46,NA,135,8,75,6,Mercer,Robert Kochems,D,1,0,0,1,,1,17.03703704,50,NA,27.77777778,2.222222222,0.5
Mercer_2015 Q1,Mercer,251,2015,67,3,102,4,69,6,Mercer,Robert Kochems,D,1,0,0,1,,1,26.69322709,40.6374502,1.195219124,27.49003984,2.390438247,1
Mercer_2015 Q2,Mercer,244,2015,24,NA,133,5,74,8,Mercer,Robert Kochems,D,1,0,0,1,,1,9.836065574,54.50819672,NA,30.32786885,3.278688525,1
Mercer_2015 Q3,Mercer,195,2015,23,3,87,NA,74,8,Mercer,Robert Kochems,D,1,0,0,1,,1,11.79487179,44.61538462,1.538461538,37.94871795,4.102564103,1
Mercer_2015 Q4,Mercer,227,2015,54,6,108,NA,53,6,Mercer,Robert Kochems,D,1,0,0,1,,1,23.78854626,47.57709251,2.643171806,23.34801762,2.643171806,1
Mercer_2016 Q1,Mercer,203,2016,30,2,113,3,50,5,Mercer,Miles Karson,R,NA,NA,NA,NA,,0,14.77832512,55.66502463,0.985221675,24.63054187,2.463054187,0
Mercer_2016 Q2,Mercer,229,2016,37,3,108,9,60,12,Mercer,Miles Karson,R,NA,NA,NA,NA,,0,16.15720524,47.16157205,1.310043668,26.20087336,5.240174672,0
Mercer_2016 Q3,Mercer,258,2016,26,NA,116,3,103,10,Mercer,Miles Karson,R,NA,NA,NA,NA,,0,10.07751938,44.96124031,NA,39.92248062,3.875968992,0
Mercer_2016 Q4,Mercer,293,2016,39,NA,110,6,125,13,Mercer,Miles Karson,R,NA,NA,NA,NA,,0,13.3105802,37.54266212,NA,42.66211604,4.436860068,0
Mercer_2017 Q1,Mercer,311,2017,36,6,145,4,109,11,Mercer,Miles Karson,R,NA,NA,NA,NA,,0,11.5755627,46.62379421,1.92926045,35.04823151,3.536977492,0
Mercer_2017 Q2,Mercer,296,2017,55,6,127,2,97,9,Mercer,Miles Karson,R,NA,NA,NA,NA,,0,18.58108108,42.90540541,2.027027027,32.77027027,3.040540541,0
Mercer_2017 Q3,Mercer,241,2017,25,1,123,2,85,5,Mercer,Miles Karson,R,NA,NA,NA,NA,,0,10.37344398,51.0373444,0.414937759,35.26970954,2.074688797,0
Mercer_2017 Q4,Mercer,285,2017,36,1,144,3,89,12,Mercer,Miles Karson,R,NA,NA,NA,NA,,0,12.63157895,50.52631579,0.350877193,31.22807018,4.210526316,0
Mercer_2018 Q1,Mercer,339,2018,32,5,141,9,135,17,Mercer,Miles Karson,R,NA,NA,NA,NA,,0,9.439528024,41.59292035,1.474926254,39.82300885,5.014749263,0.5
Mercer_2018 Q2,Mercer,293,2018,29,NA,136,3,110,15,Mercer,Miles Karson,R,NA,NA,NA,NA,,0,9.897610922,46.41638225,NA,37.54266212,5.119453925,0.5
Mercer_2018 Q3,Mercer,227,2018,13,NA,126,3,83,2,Mercer,Miles Karson,R,NA,NA,NA,NA,,0,5.726872247,55.50660793,NA,36.56387665,0.881057269,0.5
Mercer_2018 Q4,Mercer,349,2018,49,2,160,2,112,24,Mercer,Miles Karson,R,NA,NA,NA,NA,,0,14.04011461,45.84527221,0.573065903,32.09169054,6.876790831,0.5
Mercer_2019 Q1,Mercer,368,2019,45,5,162,NA,143,13,Mercer,Miles Karson,R,0,NA,0,0,,0,12.22826087,44.02173913,1.358695652,38.85869565,3.532608696,1
Mercer_2019 Q2,Mercer,447,2019,59,8,179,NA,181,20,Mercer,Miles Karson,R,0,NA,0,0,,0,13.19910515,40.04474273,1.789709172,40.49217002,4.474272931,1
Mercer_2019 Q3,Mercer,302,2019,48,7,133,1,105,8,Mercer,Miles Karson,R,0,NA,0,0,,0,15.89403974,44.0397351,2.317880795,34.76821192,2.649006623,1
Mercer_2019 Q4,Mercer,452,2019,64,16,194,NA,168,10,Mercer,Miles Karson,R,0,NA,0,0,,0,14.15929204,42.92035398,3.539823009,37.16814159,2.212389381,1
Mercer_2020 Q1,Mercer,371,2020,44,NA,145,9,160,13,Mercer,Pete Acker,R,NA,NA,NA,NA,,0,11.85983827,39.08355795,NA,43.12668464,3.504043127,0
Mercer_2020 Q2,Mercer,294,2020,38,NA,94,20,132,10,Mercer,Pete Acker,R,NA,NA,NA,NA,,0,12.92517007,31.97278912,NA,44.89795918,3.401360544,0
Mercer_2020 Q3,Mercer,284,2020,34,NA,91,16,125,18,Mercer,Pete Acker,R,NA,NA,NA,NA,,0,11.97183099,32.04225352,NA,44.01408451,6.338028169,0
Mercer_2020 Q4,Mercer,259,2020,54,NA,78,10,106,11,Mercer,Pete Acker,R,NA,NA,NA,NA,,0,20.84942085,30.11583012,NA,40.92664093,4.247104247,0
Mercer_2021 Q1,Mercer,346,2021,41,NA,91,56,142,16,Mercer,Pete Acker,R,NA,NA,NA,NA,,0,11.84971098,26.30057803,NA,41.04046243,4.624277457,0
Mercer_2021 Q2,Mercer,270,2021,42,NA,67,24,123,14,Mercer,Pete Acker,R,NA,NA,NA,NA,,0,15.55555556,24.81481481,NA,45.55555556,5.185185185,0
Mercer_2021 Q3,Mercer,313,2021,40,NA,80,31,149,13,Mercer,Pete Acker,R,NA,NA,NA,NA,,0,12.77955272,25.55910543,NA,47.60383387,4.153354633,0
Mercer_2021 Q4,Mercer,334,2021,48,NA,97,57,120,12,Mercer,Pete Acker,R,NA,NA,NA,NA,,0,14.37125749,29.04191617,NA,35.92814371,3.592814371,0
Mifflin_2013 Q1,Mufflin,111,2013,21,NA,48,8,31,3,Mufflin,,,NA,NA,NA,NA,Emailed,NA,18.91891892,43.24324324,NA,27.92792793,2.702702703,0
Mifflin_2013 Q2,Mufflin,123,2013,18,1,56,4,38,6,Mufflin,,,NA,NA,NA,NA,,NA,14.63414634,45.52845528,0.81300813,30.89430894,4.87804878,0
Mifflin_2013 Q3,Mufflin,131,2013,31,1,52,2,34,11,Mufflin,,,NA,NA,NA,NA,,NA,23.66412214,39.69465649,0.763358779,25.95419847,8.396946565,0
Mifflin_2013 Q4,Mufflin,157,2013,15,NA,78,5,49,10,Mufflin,,,NA,NA,NA,NA,,NA,9.554140127,49.68152866,NA,31.21019108,6.369426752,0
Mifflin_2014 Q1,Mufflin,134,2014,27,5,44,4,48,6,Mufflin,,,NA,NA,NA,NA,,NA,20.14925373,32.8358209,3.731343284,35.82089552,4.47761194,0.5
Mifflin_2014 Q2,Mufflin,119,2014,10,3,48,3,50,5,Mufflin,,,NA,NA,NA,NA,,NA,8.403361345,40.33613445,2.521008403,42.01680672,4.201680672,0.5
Mifflin_2014 Q3,Mufflin,120,2014,9,NA,67,1,39,4,Mufflin,,,NA,NA,NA,NA,,NA,7.5,55.83333333,NA,32.5,3.333333333,0.5
Mifflin_2014 Q4,Mufflin,136,2014,17,NA,61,2,51,5,Mufflin,,,NA,NA,NA,NA,,NA,12.5,44.85294118,NA,37.5,3.676470588,0.5
Mifflin_2015 Q1,Mufflin,121,2015,12,2,66,3,37,1,Mufflin,Chris Torquato,,0,NA,0,0,,0,9.917355372,54.54545455,1.652892562,30.5785124,0.826446281,1
Mifflin_2015 Q2,Mufflin,125,2015,4,NA,60,5,52,4,Mufflin,Chris Torquato,,0,NA,0,0,,0,3.2,48,NA,41.6,3.2,1
Mifflin_2015 Q3,Mufflin,125,2015,15,2,66,5,34,3,Mufflin,Chris Torquato,,0,NA,0,0,,0,12,52.8,1.6,27.2,2.4,1
Mifflin_2015 Q4,Mufflin,160,2015,11,NA,90,3,49,7,Mufflin,Chris Torquato,,0,NA,0,0,,0,6.875,56.25,NA,30.625,4.375,1
Mifflin_2016 Q1,Mufflin,112,2016,16,NA,51,NA,39,6,Mufflin,Chris Torquato,,1,1,0,0,,0,14.28571429,45.53571429,NA,34.82142857,5.357142857,0
Mifflin_2016 Q2,Mufflin,165,2016,8,NA,91,5,54,7,Mufflin,Chris Torquato,,1,1,0,0,,0,4.848484848,55.15151515,NA,32.72727273,4.242424242,0
Mifflin_2016 Q3,Mufflin,172,2016,21,NA,62,NA,73,16,Mufflin,Chris Torquato,,1,1,0,0,,0,12.20930233,36.04651163,NA,42.44186047,9.302325581,0
Mifflin_2016 Q4,Mufflin,127,2016,15,2,53,NA,56,1,Mufflin,Chris Torquato,,1,1,0,0,,0,11.81102362,41.73228346,1.57480315,44.09448819,0.787401575,0
Mifflin_2017 Q1,Mufflin,152,2017,20,2,63,1,48,18,Mufflin,Chris Torquato,,1,1,0,0,,0,13.15789474,41.44736842,1.315789474,31.57894737,11.84210526,0
Mifflin_2017 Q2,Mufflin,179,2017,39,NA,87,NA,42,11,Mufflin,Chris Torquato,,1,1,0,0,,0,21.7877095,48.60335196,NA,23.46368715,6.145251397,0
Mifflin_2017 Q3,Mufflin,143,2017,25,1,64,1,42,10,Mufflin,Chris Torquato,,1,1,0,0,,0,17.48251748,44.75524476,0.699300699,29.37062937,6.993006993,0
Mifflin_2017 Q4,Mufflin,151,2017,23,3,61,1,53,10,Mufflin,Chris Torquato,,1,1,0,0,,0,15.23178808,40.39735099,1.986754967,35.09933775,6.622516556,0
Mifflin_2018 Q1,Mufflin,162,2018,20,NA,72,1,62,7,Mufflin,Chris Torquato,,1,1,0,0,,0,12.34567901,44.44444444,NA,38.27160494,4.320987654,0.5
Mifflin_2018 Q2,Mufflin,163,2018,26,NA,68,1,54,14,Mufflin,Chris Torquato,,1,1,0,0,,0,15.95092025,41.71779141,NA,33.12883436,8.588957055,0.5
Mifflin_2018 Q3,Mufflin,120,2018,25,NA,58,NA,31,6,Mufflin,Chris Torquato,,1,1,0,0,,0,20.83333333,48.33333333,NA,25.83333333,5,0.5
Mifflin_2018 Q4,Mufflin,115,2018,11,NA,62,NA,37,5,Mufflin,Chris Torquato,,1,1,0,0,,0,9.565217391,53.91304348,NA,32.17391304,4.347826087,0.5
Mifflin_2019 Q1,Mufflin,103,2019,21,2,41,1,33,5,Mufflin,Chris Torquato,,1,1,0,0,,0,20.38834951,39.80582524,1.941747573,32.03883495,4.854368932,1
Mifflin_2019 Q2,Mufflin,150,2019,19,1,56,3,62,9,Mufflin,Chris Torquato,,1,1,0,0,,0,12.66666667,37.33333333,0.666666667,41.33333333,6,1
Mifflin_2019 Q3,Mufflin,140,2019,28,NA,60,NA,43,9,Mufflin,Chris Torquato,,1,1,0,0,,0,20,42.85714286,NA,30.71428571,6.428571429,1
Mifflin_2019 Q4,Mufflin,125,2019,24,NA,51,NA,38,12,Mufflin,Chris Torquato,,1,1,0,0,,0,19.2,40.8,NA,30.4,9.6,1
Mifflin_2020 Q1,Mufflin,144,2020,26,NA,67,1,45,5,Mufflin,Chris Torquato,,NA,NA,NA,NA,,0,18.05555556,46.52777778,NA,31.25,3.472222222,0
Mifflin_2020 Q2,Mufflin,109,2020,24,NA,39,NA,38,8,Mufflin,Chris Torquato,,NA,NA,NA,NA,,0,22.01834862,35.77981651,NA,34.86238532,7.339449541,0
Mifflin_2020 Q3,Mufflin,161,2020,18,NA,40,NA,83,20,Mufflin,Chris Torquato,,NA,NA,NA,NA,,0,11.18012422,24.8447205,NA,51.55279503,12.42236025,0
Mifflin_2020 Q4,Mufflin,86,2020,15,NA,34,NA,33,4,Mufflin,Chris Torquato,,NA,NA,NA,NA,,0,17.44186047,39.53488372,NA,38.37209302,4.651162791,0
Mifflin_2021 Q1,Mufflin,166,2021,27,NA,46,5,84,4,Mufflin,Chris Torquato,,NA,NA,NA,NA,,0,16.26506024,27.71084337,NA,50.60240964,2.409638554,0
Mifflin_2021 Q2,Mufflin,161,2021,20,NA,68,5,63,5,Mufflin,Chris Torquato,,NA,NA,NA,NA,,0,12.42236025,42.23602484,NA,39.13043478,3.105590062,0
Mifflin_2021 Q3,Mufflin,178,2021,32,NA,58,4,81,3,Mufflin,Chris Torquato,,NA,NA,NA,NA,,0,17.97752809,32.58426966,NA,45.50561798,1.685393258,0
Mifflin_2021 Q4,Mufflin,118,2021,7,NA,42,6,62,1,Mufflin,Chris Torquato,,NA,NA,NA,NA,,0,5.93220339,35.59322034,NA,52.54237288,0.847457627,0
Monroe_2013 Q1,Monroe,519,2013,139,23,184,46,123,4,Monroe,David Christine,R,1,1,0,0,,0,26.7822736,35.45279383,4.431599229,23.69942197,0.770712909,0
Monroe_2013 Q2,Monroe,453,2013,112,26,155,57,96,7,Monroe,David Christine,R,1,1,0,0,,0,24.72406181,34.21633554,5.739514349,21.19205298,1.545253863,0
Monroe_2013 Q3,Monroe,359,2013,72,17,138,30,95,7,Monroe,David Christine,R,1,1,0,0,,0,20.05571031,38.44011142,4.735376045,26.46239554,1.949860724,0
Monroe_2013 Q4,Monroe,370,2013,63,22,168,22,93,2,Monroe,David Christine,R,1,1,0,0,,0,17.02702703,45.40540541,5.945945946,25.13513514,0.540540541,0
Monroe_2014 Q1,Monroe,412,2014,103,43,134,54,73,5,Monroe,David Christine,R,1,1,0,0,,0,25,32.52427184,10.4368932,17.7184466,1.213592233,0.5
Monroe_2014 Q2,Monroe,323,2014,72,24,121,32,68,6,Monroe,David Christine,R,1,1,0,0,,0,22.29102167,37.46130031,7.430340557,21.05263158,1.857585139,0.5
Monroe_2014 Q3,Monroe,423,2014,73,42,125,38,137,8,Monroe,David Christine,R,1,1,0,0,,0,17.25768322,29.55082742,9.929078014,32.38770686,1.891252955,0.5
Monroe_2014 Q4,Monroe,251,2014,50,8,93,29,59,12,Monroe,David Christine,R,1,1,0,0,,0,19.92031873,37.05179283,3.187250996,23.5059761,4.780876494,0.5
Monroe_2015 Q1,Monroe,242,2015,60,12,96,20,43,11,Monroe,David Christine,R,1,1,0,0,,0,24.79338843,39.66942149,4.958677686,17.76859504,4.545454545,1
Monroe_2015 Q2,Monroe,407,2015,82,43,125,26,121,10,Monroe,David Christine,R,1,1,0,0,,0,20.14742015,30.71253071,10.56511057,29.72972973,2.457002457,1
Monroe_2015 Q3,Monroe,349,2015,50,47,111,41,87,13,Monroe,David Christine,R,1,1,0,0,,0,14.32664756,31.80515759,13.46704871,24.92836676,3.724928367,1
Monroe_2015 Q4,Monroe,356,2015,89,36,109,26,91,5,Monroe,David Christine,R,1,1,0,0,,0,25,30.61797753,10.11235955,25.56179775,1.404494382,1
Monroe_2016 Q1,Monroe,326,2016,53,42,105,30,91,5,Monroe,David Christine,R,1,1,0,1,,0,16.25766871,32.20858896,12.88343558,27.91411043,1.533742331,0
Monroe_2016 Q2,Monroe,374,2016,74,40,115,23,110,12,Monroe,David Christine,R,1,1,0,1,,0,19.78609626,30.7486631,10.69518717,29.41176471,3.20855615,0
Monroe_2016 Q3,Monroe,357,2016,73,34,125,11,99,15,Monroe,David Christine,R,1,1,0,1,,0,20.44817927,35.0140056,9.523809524,27.73109244,4.201680672,0
Monroe_2016 Q4,Monroe,367,2016,72,4,135,29,123,4,Monroe,David Christine,R,1,1,0,1,,0,19.61852861,36.78474114,1.089918256,33.51498638,1.089918256,0
Monroe_2017 Q1,Monroe,556,2017,95,5,188,25,231,12,Monroe,David Christine,R,1,1,0,1,,0,17.08633094,33.81294964,0.899280576,41.54676259,2.158273381,0
Monroe_2017 Q2,Monroe,414,2017,88,15,124,29,151,7,Monroe,David Christine,R,1,1,0,1,,0,21.25603865,29.95169082,3.623188406,36.47342995,1.690821256,0
Monroe_2017 Q3,Monroe,435,2017,70,7,145,49,163,1,Monroe,David Christine,R,1,1,0,1,,0,16.09195402,33.33333333,1.609195402,37.47126437,0.229885057,0
Monroe_2017 Q4,Monroe,346,2017,60,19,83,34,145,5,Monroe,David Christine,R,1,1,0,1,,0,17.34104046,23.98843931,5.49132948,41.90751445,1.445086705,0
Monroe_2018 Q1,Monroe,364,2018,62,10,99,28,162,3,Monroe,David Christine,R,1,1,0,1,,0,17.03296703,27.1978022,2.747252747,44.50549451,0.824175824,0.5
Monroe_2018 Q2,Monroe,473,2018,61,23,149,35,200,5,Monroe,David Christine,R,1,1,0,1,,0,12.89640592,31.50105708,4.862579281,42.2832981,1.057082452,0.5
Monroe_2018 Q3,Monroe,387,2018,34,30,102,40,175,6,Monroe,David Christine,R,1,1,0,1,,0,8.785529716,26.35658915,7.751937984,45.21963824,1.550387597,0.5
Monroe_2018 Q4,Monroe,338,2018,34,14,104,32,151,3,Monroe,David Christine,R,1,1,0,1,,0,10.0591716,30.76923077,4.142011834,44.67455621,0.887573964,0.5
Monroe_2019 Q1,Monroe,429,2019,40,11,118,55,193,12,Monroe,David Christine,R,1,1,0,1,,0,9.324009324,27.50582751,2.564102564,44.98834499,2.797202797,1
Monroe_2019 Q2,Monroe,521,2019,90,23,119,31,241,17,Monroe,David Christine,R,1,1,0,1,,0,17.27447217,22.84069098,4.414587332,46.2571977,3.262955854,1
Monroe_2019 Q3,Monroe,497,2019,83,24,113,42,229,6,Monroe,David Christine,R,1,1,0,1,,0,16.70020121,22.73641851,4.828973843,46.07645875,1.207243461,1
Monroe_2019 Q4,Monroe,450,2019,68,17,115,42,201,7,Monroe,David Christine,R,1,1,0,1,,0,15.11111111,25.55555556,3.777777778,44.66666667,1.555555556,1
Monroe_2020 Q1,Monroe,429,2020,109,3,108,33,164,12,Monroe,David Christine,R,NA,NA,NA,NA,,0,25.40792541,25.17482517,0.699300699,38.22843823,2.797202797,0
Monroe_2020 Q2,Monroe,280,2020,67,NA,66,25,119,3,Monroe,David Christine,R,NA,NA,NA,NA,,0,23.92857143,23.57142857,NA,42.5,1.071428571,0
Monroe_2020 Q3,Monroe,304,2020,53,NA,47,37,161,6,Monroe,David Christine,R,NA,NA,NA,NA,,0,17.43421053,15.46052632,NA,52.96052632,1.973684211,0
Monroe_2020 Q4,Monroe,317,2020,41,NA,70,22,173,11,Monroe,David Christine,R,NA,NA,NA,NA,,0,12.93375394,22.08201893,NA,54.57413249,3.470031546,0
Monroe_2021 Q1,Monroe,400,2021,73,NA,70,33,209,15,Monroe,David Christine,R,NA,NA,NA,NA,,0,18.25,17.5,NA,52.25,3.75,0
Monroe_2021 Q2,Monroe,366,2021,45,NA,62,31,207,21,Monroe,David Christine,R,NA,NA,NA,NA,,0,12.29508197,16.93989071,NA,56.55737705,5.737704918,0
Monroe_2021 Q3,Monroe,460,2021,77,NA,97,15,237,34,Monroe,David Christine,R,NA,NA,NA,NA,,0,16.73913043,21.08695652,NA,51.52173913,7.391304348,0
Monroe_2021 Q4,Monroe,537,2021,108,NA,132,23,254,20,Monroe,David Christine,R,NA,NA,NA,NA,,0,20.11173184,24.58100559,NA,47.29981378,3.724394786,0
Montgomery_2013 Q1,Montgomery,2080,2013,137,7,781,31,1107,17,Montgomery,Risa Ferman,R,0,NA,NA,NA,,0,6.586538462,37.54807692,0.336538462,53.22115385,0.817307692,0
Montgomery_2013 Q2,Montgomery,1892,2013,150,3,671,36,1013,19,Montgomery,Risa Ferman,R,0,NA,NA,NA,,0,7.928118393,35.46511628,0.158562368,53.54122622,1.00422833,0
Montgomery_2013 Q3,Montgomery,1822,2013,113,NA,701,36,961,11,Montgomery,Risa Ferman,R,0,NA,NA,NA,,0,6.201975851,38.47420417,NA,52.7442371,0.603732162,0
Montgomery_2013 Q4,Montgomery,1751,2013,129,2,631,25,946,18,Montgomery,Risa Ferman,R,0,NA,NA,NA,,0,7.367218732,36.03655054,0.114220445,54.0262707,1.027984009,0
Montgomery_2014 Q1,Montgomery,1790,2014,133,7,614,28,985,23,Montgomery,Risa Ferman,R,0,NA,NA,NA,,0,7.430167598,34.30167598,0.391061453,55.02793296,1.284916201,0
Montgomery_2014 Q2,Montgomery,1967,2014,184,7,737,20,987,32,Montgomery,Risa Ferman,R,0,NA,NA,NA,,0,9.354346721,37.46822572,0.355871886,50.17793594,1.626842908,0
Montgomery_2014 Q3,Montgomery,1896,2014,139,7,694,10,1012,34,Montgomery,Risa Ferman,R,0,NA,NA,NA,,0,7.331223629,36.60337553,0.369198312,53.37552743,1.793248945,0
Montgomery_2014 Q4,Montgomery,1619,2014,158,2,572,13,850,24,Montgomery,Risa Ferman,R,0,NA,NA,NA,,0,9.759110562,35.3304509,0.123533045,52.50154416,1.482396541,0.5
Montgomery_2015 Q1,Montgomery,2076,2015,142,1,771,19,1107,36,Montgomery,Risa Ferman,R,0,NA,NA,NA,,0,6.840077071,37.13872832,0.048169557,53.32369942,1.734104046,0.5
Montgomery_2015 Q2,Montgomery,1591,2015,132,NA,586,9,841,23,Montgomery,Risa Ferman,R,0,NA,NA,NA,,0,8.296668762,36.83218102,NA,52.85983658,1.445631678,0.5
Montgomery_2015 Q3,Montgomery,1342,2015,107,NA,535,16,676,8,Montgomery,Risa Ferman,R,0,NA,NA,NA,,0,7.973174367,39.86587183,NA,50.37257824,0.596125186,0.5
Montgomery_2015 Q4,Montgomery,686,2015,86,NA,225,7,361,7,Montgomery,Risa Ferman,R,0,NA,0,1,,0,12.53644315,32.79883382,NA,52.62390671,1.020408163,1
Montgomery_2016 Q1,Montgomery,1992,2016,125,3,787,41,1017,19,Montgomery,Kevin Steele,D,0,NA,0,1,,0,6.275100402,39.50803213,0.15060241,51.05421687,0.953815261,1
Montgomery_2016 Q2,Montgomery,1856,2016,183,NA,644,38,977,14,Montgomery,Kevin Steele,D,0,NA,0,1,,0,9.859913793,34.69827586,NA,52.64008621,0.754310345,1
Montgomery_2016 Q3,Montgomery,1331,2016,153,1,449,18,686,24,Montgomery,Kevin Steele,D,0,NA,0,1,,0,11.49511645,33.73403456,0.07513148,51.54019534,1.803155522,1
Montgomery_2016 Q4,Montgomery,1218,2016,182,2,337,8,649,40,Montgomery,Kevin Steele,D,1,1,0,0,,0,14.94252874,27.6683087,0.164203612,53.28407225,3.28407225,0
Montgomery_2017 Q1,Montgomery,2004,2017,179,14,721,17,1053,20,Montgomery,Kevin Steele,D,1,1,0,0,,0,8.932135729,35.97804391,0.698602794,52.54491018,0.998003992,0
Montgomery_2017 Q2,Montgomery,2048,2017,243,15,657,42,1053,38,Montgomery,Kevin Steele,D,1,1,0,0,,0,11.86523438,32.08007813,0.732421875,51.41601563,1.85546875,0
Montgomery_2017 Q3,Montgomery,1924,2017,160,19,636,40,1039,30,Montgomery,Kevin Steele,D,1,1,0,0,,0,8.316008316,33.05613306,0.987525988,54.002079,1.559251559,0
Montgomery_2017 Q4,Montgomery,1806,2017,147,4,636,49,961,9,Montgomery,Kevin Steele,D,1,1,0,0,,0,8.139534884,35.21594684,0.221483942,53.21151717,0.49833887,0
Montgomery_2018 Q1,Montgomery,1878,2018,260,18,589,38,932,41,Montgomery,Kevin Steele,D,1,1,0,0,,0,13.84451544,31.36315229,0.958466454,49.62726305,2.183173589,0.5
Montgomery_2018 Q2,Montgomery,1853,2018,191,3,564,38,957,100,Montgomery,Kevin Steele,D,1,1,0,0,,0,10.30760928,30.43712898,0.161899622,51.64597949,5.396654074,0.5
Montgomery_2018 Q3,Montgomery,1615,2018,168,2,548,36,829,32,Montgomery,Kevin Steele,D,1,1,0,0,,0,10.40247678,33.93188854,0.123839009,51.33126935,1.981424149,0.5
Montgomery_2018 Q4,Montgomery,1714,2018,191,7,597,48,847,24,Montgomery,Kevin Steele,D,1,1,0,0,,0,11.14352392,34.83080513,0.4084014,49.41656943,1.400233372,0.5
Montgomery_2019 Q1,Montgomery,1761,2019,178,9,628,42,884,20,Montgomery,Kevin Steele,D,1,1,0,0,,0,10.10789324,35.66155593,0.511073254,50.19875071,1.135718342,1
Montgomery_2019 Q2,Montgomery,1848,2019,242,13,608,50,895,40,Montgomery,Kevin Steele,D,1,1,0,0,,0,13.0952381,32.9004329,0.703463203,48.43073593,2.164502165,1
Montgomery_2019 Q3,Montgomery,2029,2019,217,4,685,34,1072,17,Montgomery,Kevin Steele,D,1,1,0,0,,0,10.69492361,33.76047314,0.197141449,52.83390833,0.837851158,1
Montgomery_2019 Q4,Montgomery,1648,2019,293,11,550,44,710,40,Montgomery,Kevin Steele,D,1,1,0,0,,0,17.77912621,33.37378641,0.667475728,43.08252427,2.427184466,1
Montgomery_2020 Q1,Montgomery,1375,2020,202,NA,445,34,668,26,Montgomery,Kevin Steele,D,NA,NA,NA,NA,,0,14.69090909,32.36363636,NA,48.58181818,1.890909091,0
Montgomery_2020 Q2,Montgomery,417,2020,93,NA,152,18,123,31,Montgomery,Kevin Steele,D,NA,NA,NA,NA,,0,22.30215827,36.45083933,NA,29.49640288,7.434052758,0
Montgomery_2020 Q3,Montgomery,345,2020,37,NA,152,16,127,13,Montgomery,Kevin Steele,D,NA,NA,NA,NA,,0,10.72463768,44.05797101,NA,36.8115942,3.768115942,0
Montgomery_2020 Q4,Montgomery,295,2020,22,NA,109,21,138,5,Montgomery,Kevin Steele,D,NA,NA,NA,NA,,0,7.457627119,36.94915254,NA,46.77966102,1.694915254,0
Montgomery_2021 Q1,Montgomery,660,2021,60,NA,212,41,328,19,Montgomery,Kevin Steele,D,NA,NA,NA,NA,,0,9.090909091,32.12121212,NA,49.6969697,2.878787879,0
Montgomery_2021 Q2,Montgomery,838,2021,82,NA,210,81,441,24,Montgomery,Kevin Steele,D,NA,NA,NA,NA,,0,9.785202864,25.05966587,NA,52.62529833,2.863961814,0
Montgomery_2021 Q3,Montgomery,957,2021,106,NA,225,85,526,15,Montgomery,Kevin Steele,D,NA,NA,NA,NA,,0,11.07628004,23.51097179,NA,54.96342738,1.567398119,0
Montgomery_2021 Q4,Montgomery,1094,2021,125,NA,237,101,597,34,Montgomery,Kevin Steele,D,NA,NA,NA,NA,,0,11.42595978,21.66361974,NA,54.57038391,3.10786106,0
Montour_2013 Q1,Montour,31,2013,4,NA,9,4,9,5,Montour,Rebecca Warren,R,NA,NA,NA,NA,,0,12.90322581,29.03225806,NA,29.03225806,16.12903226,0
Montour_2013 Q2,Montour,60,2013,14,NA,21,3,21,1,Montour,Rebecca Warren,R,NA,NA,NA,NA,,0,23.33333333,35,NA,35,1.666666667,0
Montour_2013 Q3,Montour,36,2013,1,NA,17,NA,16,2,Montour,Rebecca Warren,R,NA,NA,NA,NA,,0,2.777777778,47.22222222,NA,44.44444444,5.555555556,0
Montour_2013 Q4,Montour,45,2013,10,NA,18,NA,17,NA,Montour,Rebecca Warren,R,NA,NA,NA,NA,,0,22.22222222,40,NA,37.77777778,NA,0
Montour_2014 Q1,Montour,55,2014,11,NA,16,NA,28,NA,Montour,Rebecca Warren,R,NA,NA,NA,NA,,0,20,29.09090909,NA,50.90909091,NA,0.5
Montour_2014 Q2,Montour,34,2014,5,NA,12,1,15,1,Montour,Rebecca Warren,R,NA,NA,NA,NA,,0,14.70588235,35.29411765,NA,44.11764706,2.941176471,0.5
Montour_2014 Q3,Montour,61,2014,17,NA,15,NA,27,2,Montour,Rebecca Warren,R,NA,NA,NA,NA,,0,27.86885246,24.59016393,NA,44.26229508,3.278688525,0.5
Montour_2014 Q4,Montour,72,2014,6,NA,33,3,29,1,Montour,Rebecca Warren,R,NA,NA,NA,NA,,0,8.333333333,45.83333333,NA,40.27777778,1.388888889,0.5
Montour_2015 Q1,Montour,45,2015,9,NA,14,NA,21,1,Montour,Rebecca Warren,R,0,NA,0,0,,0,20,31.11111111,NA,46.66666667,2.222222222,1
Montour_2015 Q2,Montour,47,2015,8,NA,17,1,18,3,Montour,Rebecca Warren,R,0,NA,0,0,,0,17.0212766,36.17021277,NA,38.29787234,6.382978723,1
Montour_2015 Q3,Montour,37,2015,1,NA,12,NA,21,3,Montour,Rebecca Warren,R,0,NA,0,0,,0,2.702702703,32.43243243,NA,56.75675676,8.108108108,1
Montour_2015 Q4,Montour,49,2015,3,NA,19,NA,25,2,Montour,Rebecca Warren,R,0,NA,0,0,,0,6.12244898,38.7755102,NA,51.02040816,4.081632653,1
Montour_2016 Q1,Montour,80,2016,3,NA,62,2,12,1,Montour,Angela Mattis,R,1,1,0,0,,0,3.75,77.5,NA,15,1.25,0
Montour_2016 Q2,Montour,38,2016,5,NA,10,2,20,1,Montour,Angela Mattis,R,1,1,0,0,,0,13.15789474,26.31578947,NA,52.63157895,2.631578947,0
Montour_2016 Q3,Montour,25,2016,3,NA,9,3,10,NA,Montour,Angela Mattis,R,1,1,0,0,,0,12,36,NA,40,NA,0
Montour_2016 Q4,Montour,30,2016,NA,NA,9,3,15,3,Montour,Angela Mattis,R,1,1,0,0,,0,NA,30,NA,50,10,0
Montour_2017 Q1,Montour,22,2017,1,1,11,1,5,3,Montour,Angela Mattis,R,1,1,0,0,,0,4.545454545,50,4.545454545,22.72727273,13.63636364,0
Montour_2017 Q2,Montour,41,2017,7,NA,9,1,23,1,Montour,Angela Mattis,R,1,1,0,0,,0,17.07317073,21.95121951,NA,56.09756098,2.43902439,0
Montour_2017 Q3,Montour,17,2017,3,NA,5,NA,7,2,Montour,Angela Mattis,R,1,1,0,0,,0,17.64705882,29.41176471,NA,41.17647059,11.76470588,0
Montour_2017 Q4,Montour,28,2017,3,NA,12,4,8,1,Montour,Angela Mattis,R,1,1,0,0,,0,10.71428571,42.85714286,NA,28.57142857,3.571428571,0
Montour_2018 Q1,Montour,27,2018,6,NA,6,1,10,4,Montour,Angela Mattis,R,1,1,0,0,,0,22.22222222,22.22222222,NA,37.03703704,14.81481481,0.5
Montour_2018 Q2,Montour,33,2018,8,NA,7,NA,18,NA,Montour,Angela Mattis,R,1,1,0,0,,0,24.24242424,21.21212121,NA,54.54545455,NA,0.5
Montour_2018 Q3,Montour,43,2018,5,NA,10,4,18,6,Montour,Angela Mattis,R,1,1,0,0,,0,11.62790698,23.25581395,NA,41.86046512,13.95348837,0.5
Montour_2018 Q4,Montour,23,2018,7,1,6,2,6,1,Montour,Angela Mattis,R,1,1,0,0,,0,30.43478261,26.08695652,4.347826087,26.08695652,4.347826087,0.5
Montour_2019 Q1,Montour,23,2019,6,1,8,2,5,1,Montour,Angela Mattis,R,1,1,0,0,,0,26.08695652,34.7826087,4.347826087,21.73913043,4.347826087,1
Montour_2019 Q2,Montour,28,2019,NA,2,6,2,18,NA,Montour,Angela Mattis,R,1,1,0,0,,0,NA,21.42857143,7.142857143,64.28571429,NA,1
Montour_2019 Q3,Montour,26,2019,2,1,5,NA,18,NA,Montour,Angela Mattis,R,1,1,0,0,,0,7.692307692,19.23076923,3.846153846,69.23076923,NA,1
Montour_2019 Q4,Montour,44,2019,12,1,7,2,20,2,Montour,Angela Mattis,R,1,1,0,0,,0,27.27272727,15.90909091,2.272727273,45.45454545,4.545454545,1
Montour_2020 Q1,Montour,31,2020,7,NA,6,1,15,2,Montour,Angela Mattis,R,NA,NA,NA,NA,,0,22.58064516,19.35483871,NA,48.38709677,6.451612903,0
Montour_2020 Q2,Montour,22,2020,5,NA,3,3,11,NA,Montour,Angela Mattis,R,NA,NA,NA,NA,,0,22.72727273,13.63636364,NA,50,NA,0
Montour_2020 Q3,Montour,28,2020,7,NA,6,3,11,1,Montour,Angela Mattis,R,NA,NA,NA,NA,,0,25,21.42857143,NA,39.28571429,3.571428571,0
Montour_2020 Q4,Montour,16,2020,2,NA,5,4,4,1,Montour,Angela Mattis,R,NA,NA,NA,NA,,0,12.5,31.25,NA,25,6.25,0
Montour_2021 Q1,Montour,23,2021,12,NA,NA,1,10,NA,Montour,Angela Mattis,R,NA,NA,NA,NA,,0,52.17391304,NA,NA,43.47826087,NA,0
Montour_2021 Q2,Montour,18,2021,NA,NA,2,4,10,2,Montour,Angela Mattis,R,NA,NA,NA,NA,,0,NA,11.11111111,NA,55.55555556,11.11111111,0
Montour_2021 Q3,Montour,35,2021,4,NA,13,1,15,2,Montour,Angela Mattis,R,NA,NA,NA,NA,,0,11.42857143,37.14285714,NA,42.85714286,5.714285714,0
Montour_2021 Q4,Montour,17,2021,4,NA,1,6,6,NA,Montour,Angela Mattis,R,NA,NA,NA,NA,,0,23.52941176,5.882352941,NA,35.29411765,NA,0
Northampton_2013 Q1,Northampton,650,2013,88,NA,250,62,206,44,Northampton,John Morganelli,D,1,1,0,0,,0,13.53846154,38.46153846,NA,31.69230769,6.769230769,0
Northampton_2013 Q2,Northampton,745,2013,98,NA,316,39,219,73,Northampton,John Morganelli,D,1,1,0,0,,0,13.15436242,42.41610738,NA,29.39597315,9.798657718,0
Northampton_2013 Q3,Northampton,658,2013,76,NA,277,44,202,59,Northampton,John Morganelli,D,1,1,0,0,,0,11.55015198,42.09726444,NA,30.69908815,8.96656535,0
Northampton_2013 Q4,Northampton,680,2013,119,NA,258,31,208,64,Northampton,John Morganelli,D,1,1,0,0,,0,17.5,37.94117647,NA,30.58823529,9.411764706,0
Northampton_2014 Q1,Northampton,675,2014,89,NA,294,40,199,53,Northampton,John Morganelli,D,1,1,0,0,,0,13.18518519,43.55555556,NA,29.48148148,7.851851852,0.5
Northampton_2014 Q2,Northampton,888,2014,233,1,320,31,235,68,Northampton,John Morganelli,D,1,1,0,0,,0,26.23873874,36.03603604,0.112612613,26.46396396,7.657657658,0.5
Northampton_2014 Q3,Northampton,624,2014,71,NA,257,45,208,43,Northampton,John Morganelli,D,1,1,0,0,,0,11.37820513,41.18589744,NA,33.33333333,6.891025641,0.5
Northampton_2014 Q4,Northampton,751,2014,69,NA,315,24,277,66,Northampton,John Morganelli,D,1,1,0,0,,0,9.187749667,41.94407457,NA,36.88415446,8.78828229,0.5
Northampton_2015 Q1,Northampton,649,2015,88,1,249,33,222,56,Northampton,John Morganelli,D,1,1,0,0,,0,13.55932203,38.36671803,0.154083205,34.20647149,8.628659476,1
Northampton_2015 Q2,Northampton,713,2015,79,2,242,26,292,72,Northampton,John Morganelli,D,1,1,0,0,,0,11.0799439,33.94109397,0.280504909,40.95371669,10.09817672,1
Northampton_2015 Q3,Northampton,717,2015,68,NA,293,51,233,72,Northampton,John Morganelli,D,1,1,0,0,,0,9.483960948,40.86471409,NA,32.49651325,10.041841,1
Northampton_2015 Q4,Northampton,763,2015,72,NA,300,19,297,75,Northampton,John Morganelli,D,1,1,0,0,,0,9.436435125,39.31847969,NA,38.92529489,9.829619921,1
Northampton_2016 Q1,Northampton,668,2016,62,2,251,49,249,55,Northampton,John Morganelli,D,NA,NA,NA,NA,,0,9.281437126,37.5748503,0.299401198,37.2754491,8.233532934,0
Northampton_2016 Q2,Northampton,701,2016,131,NA,238,18,242,72,Northampton,John Morganelli,D,NA,NA,NA,NA,,0,18.68758916,33.95149786,NA,34.52211127,10.27104137,0
Northampton_2016 Q3,Northampton,767,2016,68,NA,308,24,300,67,Northampton,John Morganelli,D,NA,NA,NA,NA,,0,8.865710561,40.15645372,NA,39.11342894,8.735332464,0
Northampton_2016 Q4,Northampton,489,2016,59,2,217,12,174,25,Northampton,John Morganelli,D,NA,NA,NA,NA,,0,12.06543967,44.37627812,0.408997955,35.58282209,5.112474438,0
Northampton_2017 Q1,Northampton,606,2017,69,NA,230,32,221,54,Northampton,John Morganelli,D,NA,NA,NA,NA,,0,11.38613861,37.95379538,NA,36.46864686,8.910891089,0
Northampton_2017 Q2,Northampton,475,2017,46,NA,220,15,166,28,Northampton,John Morganelli,D,NA,NA,NA,NA,,0,9.684210526,46.31578947,NA,34.94736842,5.894736842,0
Northampton_2017 Q3,Northampton,730,2017,111,NA,252,17,264,86,Northampton,John Morganelli,D,NA,NA,NA,NA,,0,15.20547945,34.52054795,NA,36.16438356,11.78082192,0
Northampton_2017 Q4,Northampton,549,2017,46,4,228,17,202,52,Northampton,John Morganelli,D,NA,NA,NA,NA,,0,8.378870674,41.53005464,0.72859745,36.79417122,9.471766849,0
Northampton_2018 Q1,Northampton,685,2018,53,NA,290,3,266,73,Northampton,John Morganelli,D,NA,NA,NA,NA,,0,7.737226277,42.33576642,NA,38.83211679,10.65693431,0.5
Northampton_2018 Q2,Northampton,512,2018,37,1,202,27,194,51,Northampton,John Morganelli,D,NA,NA,NA,NA,,0,7.2265625,39.453125,0.1953125,37.890625,9.9609375,0.5
Northampton_2018 Q3,Northampton,816,2018,150,NA,272,16,297,81,Northampton,John Morganelli,D,NA,NA,NA,NA,,0,18.38235294,33.33333333,NA,36.39705882,9.926470588,0.5
Northampton_2018 Q4,Northampton,576,2018,54,NA,213,11,230,68,Northampton,John Morganelli,D,NA,NA,NA,NA,,0,9.375,36.97916667,NA,39.93055556,11.80555556,0.5
Northampton_2019 Q1,Northampton,662,2019,57,NA,247,44,253,61,Northampton,John Morganelli,D,0,NA,1,1,,0,8.610271903,37.31117825,NA,38.21752266,9.214501511,1
Northampton_2019 Q2,Northampton,774,2019,109,NA,280,10,306,69,Northampton,John Morganelli,D,0,NA,1,1,,0,14.08268734,36.17571059,NA,39.53488372,8.914728682,1
Northampton_2019 Q3,Northampton,661,2019,29,4,264,32,262,70,Northampton,John Morganelli,D,0,NA,1,1,,0,4.387291982,39.93948563,0.605143722,39.63691377,10.59001513,1
Northampton_2019 Q4,Northampton,644,2019,86,NA,220,26,247,65,Northampton,John Morganelli,D,0,NA,1,1,,0,13.35403727,34.16149068,NA,38.35403727,10.0931677,1
Northampton_2020 Q1,Northampton,575,2020,34,NA,240,16,239,46,Northampton,Terry Houck,D,NA,NA,NA,NA,,0,5.913043478,41.73913043,NA,41.56521739,8,0
Northampton_2020 Q2,Northampton,338,2020,30,NA,137,1,146,24,Northampton,Terry Houck,D,NA,NA,NA,NA,,0,8.875739645,40.53254438,NA,43.19526627,7.100591716,0
Northampton_2020 Q3,Northampton,511,2020,40,NA,212,5,210,44,Northampton,Terry Houck,D,NA,NA,NA,NA,,0,7.82778865,41.48727984,NA,41.09589041,8.610567515,0
Northampton_2020 Q4,Northampton,346,2020,33,NA,109,3,151,50,Northampton,Terry Houck,D,NA,NA,NA,NA,,0,9.537572254,31.50289017,NA,43.6416185,14.45086705,0
Northampton_2021 Q1,Northampton,664,2021,64,NA,203,4,332,61,Northampton,Terry Houck,D,NA,NA,NA,NA,,0,9.638554217,30.57228916,NA,50,9.186746988,0
Northampton_2021 Q2,Northampton,540,2021,59,NA,175,7,233,66,Northampton,Terry Houck,D,NA,NA,NA,NA,,0,10.92592593,32.40740741,NA,43.14814815,12.22222222,0
Northampton_2021 Q3,Northampton,631,2021,117,NA,196,18,233,67,Northampton,Terry Houck,D,NA,NA,NA,NA,,0,18.54199683,31.06180666,NA,36.92551506,10.61806656,0
Northampton_2021 Q4,Northampton,588,2021,69,NA,222,20,236,41,Northampton,Terry Houck,D,NA,NA,NA,NA,,0,11.73469388,37.75510204,NA,40.13605442,6.972789116,0
Northumberland_2013 Q1,Northumberland,339,2013,35,NA,97,56,146,5,Northumberland,Toni Rosini,D,0,NA,NA,NA,,1,10.32448378,28.61356932,NA,43.06784661,1.474926254,0
Northumberland_2013 Q2,Northumberland,300,2013,65,NA,63,40,127,5,Northumberland,Toni Rosini,D,0,NA,NA,NA,,1,21.66666667,21,NA,42.33333333,1.666666667,0
Northumberland_2013 Q3,Northumberland,294,2013,43,NA,55,61,130,5,Northumberland,Toni Rosini,D,0,NA,NA,NA,,1,14.62585034,18.70748299,NA,44.21768707,1.700680272,0
Northumberland_2013 Q4,Northumberland,233,2013,42,NA,69,31,89,2,Northumberland,Toni Rosini,D,0,NA,NA,NA,,1,18.02575107,29.61373391,NA,38.19742489,0.858369099,0
Northumberland_2014 Q1,Northumberland,188,2014,31,1,36,46,70,4,Northumberland,Toni Rosini,D,0,NA,NA,NA,,1,16.4893617,19.14893617,0.531914894,37.23404255,2.127659574,0.5
Northumberland_2014 Q2,Northumberland,234,2014,39,NA,53,41,99,2,Northumberland,Toni Rosini,D,0,NA,NA,NA,,1,16.66666667,22.64957265,NA,42.30769231,0.854700855,0.5
Northumberland_2014 Q3,Northumberland,224,2014,43,NA,47,33,99,2,Northumberland,Toni Rosini,D,0,NA,NA,NA,,1,19.19642857,20.98214286,NA,44.19642857,0.892857143,0.5
Northumberland_2014 Q4,Northumberland,264,2014,67,NA,41,47,104,5,Northumberland,Toni Rosini,D,0,NA,NA,NA,,1,25.37878788,15.53030303,NA,39.39393939,1.893939394,0.5
Northumberland_2015 Q1,Northumberland,313,2015,69,1,68,50,124,1,Northumberland,Toni Rosini,D,0,NA,1,1,,1,22.04472843,21.72523962,0.319488818,39.61661342,0.319488818,1
Northumberland_2015 Q2,Northumberland,253,2015,51,NA,56,46,100,NA,Northumberland,Toni Rosini,D,0,NA,1,1,,1,20.15810277,22.13438735,NA,39.5256917,NA,1
Northumberland_2015 Q3,Northumberland,293,2015,62,NA,58,63,108,2,Northumberland,Toni Rosini,D,0,NA,1,1,,1,21.16040956,19.79522184,NA,36.86006826,0.682593857,1
Northumberland_2015 Q4,Northumberland,274,2015,82,NA,57,50,84,1,Northumberland,Toni Rosini,D,0,NA,1,1,,1,29.9270073,20.80291971,NA,30.65693431,0.364963504,1
Northumberland_2016 Q1,Northumberland,159,2016,24,NA,31,34,70,NA,Northumberland,Tony Matulewicz,R,1,1,0,0,,0,15.09433962,19.49685535,NA,44.02515723,NA,0
Northumberland_2016 Q2,Northumberland,209,2016,41,2,46,37,83,NA,Northumberland,Tony Matulewicz,R,1,1,0,0,,0,19.61722488,22.00956938,0.956937799,39.71291866,NA,0
Northumberland_2016 Q3,Northumberland,275,2016,46,1,42,49,134,3,Northumberland,Tony Matulewicz,R,1,1,0,0,,0,16.72727273,15.27272727,0.363636364,48.72727273,1.090909091,0
Northumberland_2016 Q4,Northumberland,251,2016,44,NA,36,35,135,1,Northumberland,Tony Matulewicz,R,1,1,0,0,,0,17.52988048,14.34262948,NA,53.78486056,0.398406375,0
Northumberland_2017 Q1,Northumberland,237,2017,22,3,44,37,130,1,Northumberland,Tony Matulewicz,R,1,1,0,0,,0,9.282700422,18.56540084,1.265822785,54.85232068,0.421940928,0
Northumberland_2017 Q2,Northumberland,241,2017,45,2,51,27,116,NA,Northumberland,Tony Matulewicz,R,1,1,0,0,,0,18.67219917,21.16182573,0.829875519,48.13278008,NA,0
Northumberland_2017 Q3,Northumberland,271,2017,42,NA,64,31,134,NA,Northumberland,Tony Matulewicz,R,1,1,0,0,,0,15.49815498,23.61623616,NA,49.44649446,NA,0
Northumberland_2017 Q4,Northumberland,407,2017,210,NA,45,49,103,NA,Northumberland,Tony Matulewicz,R,1,1,0,0,,0,51.5970516,11.05651106,NA,25.30712531,NA,0
Northumberland_2018 Q1,Northumberland,232,2018,31,4,57,36,104,NA,Northumberland,Tony Matulewicz,R,1,1,0,0,,0,13.36206897,24.56896552,1.724137931,44.82758621,NA,0.5
Northumberland_2018 Q2,Northumberland,211,2018,38,1,43,33,96,NA,Northumberland,Tony Matulewicz,R,1,1,0,0,,0,18.00947867,20.37914692,0.473933649,45.49763033,NA,0.5
Northumberland_2018 Q3,Northumberland,222,2018,34,NA,39,40,109,NA,Northumberland,Tony Matulewicz,R,1,1,0,0,,0,15.31531532,17.56756757,NA,49.0990991,NA,0.5
Northumberland_2018 Q4,Northumberland,175,2018,15,5,43,22,90,NA,Northumberland,Tony Matulewicz,R,1,1,0,0,,0,8.571428571,24.57142857,2.857142857,51.42857143,NA,0.5
Northumberland_2019 Q1,Northumberland,204,2019,35,1,43,42,83,NA,Northumberland,Tony Matulewicz,R,1,1,0,0,,0,17.15686275,21.07843137,0.490196078,40.68627451,NA,1
Northumberland_2019 Q2,Northumberland,234,2019,43,10,31,37,113,NA,Northumberland,Tony Matulewicz,R,1,1,0,0,,0,18.37606838,13.24786325,4.273504274,48.29059829,NA,1
Northumberland_2019 Q3,Northumberland,222,2019,35,10,53,27,97,NA,Northumberland,Tony Matulewicz,R,1,1,0,0,,0,15.76576577,23.87387387,4.504504505,43.69369369,NA,1
Northumberland_2019 Q4,Northumberland,151,2019,13,3,49,19,67,NA,Northumberland,Tony Matulewicz,R,1,1,0,0,,0,8.609271523,32.45033113,1.986754967,44.37086093,NA,1
Northumberland_2020 Q1,Northumberland,225,2020,29,NA,55,29,109,3,Northumberland,Tony Matulewicz,R,NA,NA,NA,NA,,0,12.88888889,24.44444444,NA,48.44444444,1.333333333,0
Northumberland_2020 Q2,Northumberland,145,2020,16,NA,50,21,56,2,Northumberland,Tony Matulewicz,R,NA,NA,NA,NA,,0,11.03448276,34.48275862,NA,38.62068966,1.379310345,0
Northumberland_2020 Q3,Northumberland,176,2020,16,NA,30,45,80,5,Northumberland,Tony Matulewicz,R,NA,NA,NA,NA,,0,9.090909091,17.04545455,NA,45.45454545,2.840909091,0
Northumberland_2020 Q4,Northumberland,102,2020,15,NA,15,8,62,2,Northumberland,Tony Matulewicz,R,NA,NA,NA,NA,,0,14.70588235,14.70588235,NA,60.78431373,1.960784314,0
Northumberland_2021 Q1,Northumberland,364,2021,48,NA,44,39,202,31,Northumberland,Tony Matulewicz,R,NA,NA,NA,NA,,0,13.18681319,12.08791209,NA,55.49450549,8.516483516,0
Northumberland_2021 Q2,Northumberland,306,2021,42,NA,30,25,180,29,Northumberland,Tony Matulewicz,R,NA,NA,NA,NA,,0,13.7254902,9.803921569,NA,58.82352941,9.477124183,0
Northumberland_2021 Q3,Northumberland,346,2021,40,NA,49,43,201,13,Northumberland,Tony Matulewicz,R,NA,NA,NA,NA,,0,11.56069364,14.16184971,NA,58.09248555,3.757225434,0
Northumberland_2021 Q4,Northumberland,328,2021,32,NA,42,40,178,36,Northumberland,Tony Matulewicz,R,NA,NA,NA,NA,,0,9.756097561,12.80487805,NA,54.26829268,10.97560976,0
Perry_2013 Q1,Perry,170,2013,20,NA,52,NA,93,5,Perry,,,1,1,0,0,Emailed,NA,11.76470588,30.58823529,NA,54.70588235,2.941176471,0
Perry_2013 Q2,Perry,138,2013,24,6,47,NA,57,4,Perry,,,1,1,0,0,,NA,17.39130435,34.05797101,4.347826087,41.30434783,2.898550725,0
Perry_2013 Q3,Perry,144,2013,23,NA,52,NA,69,NA,Perry,,,1,1,0,0,,NA,15.97222222,36.11111111,NA,47.91666667,NA,0
Perry_2013 Q4,Perry,187,2013,38,21,59,NA,65,4,Perry,,,1,1,0,0,,NA,20.32085561,31.55080214,11.22994652,34.75935829,2.139037433,0
Perry_2014 Q1,Perry,138,2014,8,4,42,NA,81,3,Perry,,,1,1,0,0,,NA,5.797101449,30.43478261,2.898550725,58.69565217,2.173913043,0
Perry_2014 Q2,Perry,171,2014,24,NA,51,1,94,1,Perry,,,1,1,0,0,,NA,14.03508772,29.8245614,NA,54.97076023,0.584795322,0
Perry_2014 Q3,Perry,129,2014,19,8,55,NA,46,1,Perry,,,1,1,0,0,,NA,14.72868217,42.63565891,6.201550388,35.65891473,0.775193798,0
Perry_2014 Q4,Perry,129,2014,22,NA,41,NA,62,4,Perry,,,1,1,0,0,,NA,17.05426357,31.78294574,NA,48.0620155,3.100775194,0
Perry_2015 Q1,Perry,138,2015,19,NA,49,NA,69,1,Perry,,,1,1,0,0,,NA,13.76811594,35.50724638,NA,50,0.724637681,0.5
Perry_2015 Q2,Perry,127,2015,25,NA,35,NA,66,1,Perry,,,1,1,0,0,,NA,19.68503937,27.55905512,NA,51.96850394,0.787401575,0.5
Perry_2015 Q3,Perry,107,2015,4,5,37,2,56,3,Perry,,,1,1,0,0,,NA,3.738317757,34.57943925,4.672897196,52.3364486,2.803738318,0.5
Perry_2015 Q4,Perry,128,2015,8,9,52,NA,59,NA,Perry,,,1,1,0,0,,NA,6.25,40.625,7.03125,46.09375,NA,0.5
Perry_2016 Q1,Perry,110,2016,11,NA,34,NA,63,2,Perry,,,1,1,0,0,,NA,10,30.90909091,NA,57.27272727,1.818181818,1
Perry_2016 Q2,Perry,156,2016,19,4,50,NA,79,4,Perry,,,1,1,0,0,,NA,12.17948718,32.05128205,2.564102564,50.64102564,2.564102564,1
Perry_2016 Q3,Perry,112,2016,11,NA,38,NA,59,4,Perry,,,1,1,0,0,,NA,9.821428571,33.92857143,NA,52.67857143,3.571428571,1
Perry_2016 Q4,Perry,93,2016,8,2,24,NA,58,1,Perry,,,1,1,0,0,,NA,8.602150538,25.80645161,2.150537634,62.3655914,1.075268817,1
Perry_2017 Q1,Perry,122,2017,35,NA,28,1,56,2,Perry,,,1,1,0,0,,NA,28.68852459,22.95081967,NA,45.90163934,1.639344262,0
Perry_2017 Q2,Perry,97,2017,22,NA,27,1,41,6,Perry,,,1,1,0,0,,NA,22.68041237,27.83505155,NA,42.26804124,6.18556701,0
Perry_2017 Q3,Perry,93,2017,9,NA,38,1,45,NA,Perry,,,1,1,0,0,,NA,9.677419355,40.86021505,NA,48.38709677,NA,0
Perry_2017 Q4,Perry,121,2017,35,NA,35,3,48,NA,Perry,,,1,1,0,0,,NA,28.92561983,28.92561983,NA,39.66942149,NA,0
Perry_2018 Q1,Perry,148,2018,28,1,52,NA,67,NA,Perry,,,1,1,0,0,,NA,18.91891892,35.13513514,0.675675676,45.27027027,NA,0
Perry_2018 Q2,Perry,155,2018,17,1,51,NA,86,NA,Perry,,,1,1,0,0,,NA,10.96774194,32.90322581,0.64516129,55.48387097,NA,0
Perry_2018 Q3,Perry,103,2018,9,NA,43,1,50,NA,Perry,,,1,1,0,0,,NA,8.737864078,41.74757282,NA,48.54368932,NA,0
Perry_2018 Q4,Perry,147,2018,32,NA,35,NA,80,NA,Perry,,,1,1,0,0,,NA,21.76870748,23.80952381,NA,54.42176871,NA,0
Perry_2019 Q1,Perry,105,2019,19,3,46,NA,37,NA,Perry,,,1,1,0,0,,NA,18.0952381,43.80952381,2.857142857,35.23809524,NA,0.5
Perry_2019 Q2,Perry,113,2019,15,4,46,NA,48,NA,Perry,,,1,1,0,0,,NA,13.27433628,40.7079646,3.539823009,42.47787611,NA,0.5
Perry_2019 Q3,Perry,139,2019,56,1,32,NA,50,NA,Perry,,,1,1,0,0,,NA,40.28776978,23.02158273,0.71942446,35.97122302,NA,0.5
Perry_2019 Q4,Perry,77,2019,19,NA,22,NA,36,NA,Perry,,,1,1,0,0,,NA,24.67532468,28.57142857,NA,46.75324675,NA,0.5
Perry_2020 Q1,Perry,129,2020,9,NA,58,1,61,NA,Perry,,,1,1,0,0,,NA,6.976744186,44.96124031,NA,47.28682171,NA,1
Perry_2020 Q2,Perry,84,2020,10,NA,24,NA,49,1,Perry,,,1,1,0,0,,NA,11.9047619,28.57142857,NA,58.33333333,1.19047619,1
Perry_2020 Q3,Perry,98,2020,20,NA,25,2,51,NA,Perry,,,1,1,0,0,,NA,20.40816327,25.51020408,NA,52.04081633,NA,1
Perry_2020 Q4,Perry,105,2020,NA,NA,31,3,71,NA,Perry,,,1,1,0,0,,NA,NA,29.52380952,NA,67.61904762,NA,1
Perry_2021 Q1,Perry,113,2021,15,NA,24,11,60,3,Perry,,,NA,NA,NA,NA,,NA,13.27433628,21.23893805,NA,53.09734513,2.654867257,0
Perry_2021 Q2,Perry,142,2021,45,NA,28,11,58,NA,Perry,,,NA,NA,NA,NA,,NA,31.69014085,19.71830986,NA,40.84507042,NA,0
Perry_2021 Q3,Perry,127,2021,23,NA,34,6,64,NA,Perry,,,NA,NA,NA,NA,,NA,18.11023622,26.77165354,NA,50.39370079,NA,0
Perry_2021 Q4,Perry,117,2021,20,NA,41,NA,56,NA,Perry,,,NA,NA,NA,NA,,NA,17.09401709,35.04273504,NA,47.86324786,NA,0
Philadelphia_2013 Q1,Philadelphia,3011,2013,1001,NA,672,139,1028,171,Philadelphia,Seth Williams,D,1,1,0,1,,0,33.24476918,22.31816672,NA,34.14148124,5.679176353,1
Philadelphia_2013 Q2,Philadelphia,3316,2013,1108,NA,749,196,1096,167,Philadelphia,Seth Williams,D,1,1,0,1,,0,33.41375151,22.58745476,NA,33.05186972,5.036188179,1
Philadelphia_2013 Q3,Philadelphia,2827,2013,870,NA,632,284,931,110,Philadelphia,Seth Williams,D,1,1,0,1,,0,30.7746728,22.35585426,NA,32.93243721,3.891050584,1
Philadelphia_2013 Q4,Philadelphia,2745,2013,828,NA,673,309,848,87,Philadelphia,Seth Williams,D,1,1,0,1,,0,30.16393443,24.51730419,NA,30.89253188,3.169398907,1
Philadelphia_2014 Q1,Philadelphia,3101,2014,860,NA,832,202,1064,143,Philadelphia,Seth Williams,D,0,NA,NA,NA,,0,27.73298936,26.83005482,NA,34.31151242,4.611415672,0
Philadelphia_2014 Q2,Philadelphia,3485,2014,878,3,917,284,1271,132,Philadelphia,Seth Williams,D,0,NA,NA,NA,,0,25.19368723,26.31276901,0.086083214,36.47058824,3.787661406,0
Philadelphia_2014 Q3,Philadelphia,2837,2014,638,4,783,166,1117,129,Philadelphia,Seth Williams,D,0,NA,NA,NA,,0,22.48854424,27.59957702,0.140994008,39.37257667,4.54705675,0
Philadelphia_2014 Q4,Philadelphia,2911,2014,753,2,741,89,1231,95,Philadelphia,Seth Williams,D,0,NA,NA,NA,,0,25.86739952,25.45517004,0.068704912,42.28787358,3.263483339,0
Philadelphia_2015 Q1,Philadelphia,2459,2015,666,NA,686,133,888,86,Philadelphia,Seth Williams,D,0,NA,NA,NA,,0,27.08418056,27.89751932,NA,36.11224075,3.497356649,0
Philadelphia_2015 Q2,Philadelphia,2809,2015,868,1,631,120,999,190,Philadelphia,Seth Williams,D,0,NA,NA,NA,,0,30.9006764,22.46351015,0.035599858,35.56425774,6.763972944,0
Philadelphia_2015 Q3,Philadelphia,1954,2015,614,NA,432,7,754,147,Philadelphia,Seth Williams,D,0,NA,NA,NA,,0,31.42272262,22.10849539,NA,38.58751279,7.523029683,0
Philadelphia_2015 Q4,Philadelphia,1876,2015,583,4,528,1,685,75,Philadelphia,Seth Williams,D,0,NA,NA,NA,,0,31.07675906,28.14498934,0.213219616,36.51385928,3.997867804,0
Philadelphia_2016 Q1,Philadelphia,2705,2016,717,1,660,52,1102,173,Philadelphia,Seth Williams,D,0,NA,NA,NA,,0,26.5064695,24.39926063,0.036968577,40.73937153,6.395563771,0.5
Philadelphia_2016 Q2,Philadelphia,3393,2016,892,1,796,30,1406,268,Philadelphia,Seth Williams,D,0,NA,NA,NA,,0,26.28941939,23.46006484,0.029472443,41.43825523,7.898614795,0.5
Philadelphia_2016 Q3,Philadelphia,2666,2016,656,NA,668,65,1156,121,Philadelphia,Seth Williams,D,0,NA,NA,NA,,0,24.60615154,25.05626407,NA,43.36084021,4.538634659,0.5
Philadelphia_2016 Q4,Philadelphia,2212,2016,521,1,534,58,931,167,Philadelphia,Seth Williams,D,0,NA,NA,NA,,0,23.55334539,24.14104882,0.045207957,42.08860759,7.549728752,0.5
Philadelphia_2017 Q1,Philadelphia,2445,2017,635,NA,554,50,995,211,Philadelphia,Kelley B. Hodge,D,0,NA,1,1,,0,25.97137014,22.65848671,NA,40.69529652,8.629856851,1
Philadelphia_2017 Q2,Philadelphia,2397,2017,779,NA,482,33,929,174,Philadelphia,Kelley B. Hodge,D,0,NA,1,1,,0,32.49895703,20.10846892,NA,38.75677931,7.259073842,1
Philadelphia_2017 Q3,Philadelphia,1968,2017,571,NA,428,39,802,128,Philadelphia,Kelley B. Hodge,D,0,NA,1,1,,0,29.01422764,21.74796748,NA,40.75203252,6.504065041,1
Philadelphia_2017 Q4,Philadelphia,1538,2017,496,6,394,16,528,98,Philadelphia,Kelley B. Hodge,D,0,NA,1,1,,0,32.2496749,25.61768531,0.390117035,34.33029909,6.371911573,1
Philadelphia_2018 Q1,Philadelphia,2297,2018,599,2,584,44,946,122,Philadelphia,Larry Krasner,D,1,1,1,1,,1,26.07749238,25.4244667,0.087070091,41.18415324,5.311275577,0
Philadelphia_2018 Q2,Philadelphia,1734,2018,506,NA,455,36,618,119,Philadelphia,Larry Krasner,D,1,1,1,1,,1,29.1810842,26.23990773,NA,35.64013841,6.862745098,0
Philadelphia_2018 Q3,Philadelphia,1209,2018,288,NA,294,59,480,88,Philadelphia,Larry Krasner,D,1,1,1,1,,1,23.82133995,24.31761787,NA,39.70223325,7.278742763,0
Philadelphia_2018 Q4,Philadelphia,1195,2018,277,NA,314,50,483,71,Philadelphia,Larry Krasner,D,1,1,1,1,,1,23.17991632,26.27615063,NA,40.41841004,5.941422594,0
Philadelphia_2019 Q1,Philadelphia,1164,2019,284,1,345,33,413,88,Philadelphia,Larry Krasner,D,1,1,1,1,,1,24.39862543,29.63917526,0.085910653,35.48109966,7.560137457,0
Philadelphia_2019 Q2,Philadelphia,1221,2019,325,1,357,6,447,85,Philadelphia,Larry Krasner,D,1,1,1,1,,1,26.61752662,29.23832924,0.081900082,36.60933661,6.961506962,0
Philadelphia_2019 Q3,Philadelphia,942,2019,262,NA,292,11,325,52,Philadelphia,Larry Krasner,D,1,1,1,1,,1,27.81316348,30.99787686,NA,34.50106157,5.520169851,0
Philadelphia_2019 Q4,Philadelphia,809,2019,312,NA,176,9,243,69,Philadelphia,Larry Krasner,D,1,1,1,1,,1,38.56613103,21.7552534,NA,30.03708282,8.529048208,0
Philadelphia_2020 Q1,Philadelphia,587,2020,163,NA,183,1,203,37,Philadelphia,Larry Krasner,D,1,1,1,1,,1,27.76831346,31.17546848,NA,34.58262351,6.303236797,0.5
Philadelphia_2020 Q2,Philadelphia,21,2020,4,NA,13,NA,2,2,Philadelphia,Larry Krasner,D,1,1,1,1,,1,19.04761905,61.9047619,NA,9.523809524,9.523809524,0.5
Philadelphia_2020 Q3,Philadelphia,270,2020,86,NA,97,1,56,30,Philadelphia,Larry Krasner,D,1,1,1,1,,1,31.85185185,35.92592593,NA,20.74074074,11.11111111,0.5
Philadelphia_2020 Q4,Philadelphia,273,2020,78,NA,82,5,76,32,Philadelphia,Larry Krasner,D,1,1,1,1,,1,28.57142857,30.03663004,NA,27.83882784,11.72161172,0.5
Philadelphia_2021 Q1,Philadelphia,856,2021,183,NA,336,22,247,68,Philadelphia,Larry Krasner,D,1,1,1,1,,1,21.37850467,39.25233645,NA,28.85514019,7.943925234,1
Philadelphia_2021 Q2,Philadelphia,1440,2021,430,NA,436,68,417,89,Philadelphia,Larry Krasner,D,1,1,1,1,,1,29.86111111,30.27777778,NA,28.95833333,6.180555556,1
Philadelphia_2021 Q3,Philadelphia,2020,2021,534,NA,700,56,551,179,Philadelphia,Larry Krasner,D,1,1,1,1,,1,26.43564356,34.65346535,NA,27.27722772,8.861386139,1
Philadelphia_2021 Q4,Philadelphia,2314,2021,548,NA,684,25,871,186,Philadelphia,Larry Krasner,D,1,1,1,1,,1,23.68193604,29.55920484,NA,37.64044944,8.038029386,1
Pike_2013 Q1,Pike,85,2013,18,NA,36,2,28,1,Pike,Raymond Tonkin,R,1,1,1,1,,0,21.17647059,42.35294118,NA,32.94117647,1.176470588,0
Pike_2013 Q2,Pike,174,2013,70,NA,68,6,28,2,Pike,Raymond Tonkin,R,1,1,1,1,,0,40.22988506,39.08045977,NA,16.09195402,1.149425287,0
Pike_2013 Q3,Pike,119,2013,30,NA,59,3,24,3,Pike,Raymond Tonkin,R,1,1,1,1,,0,25.21008403,49.57983193,NA,20.16806723,2.521008403,0
Pike_2013 Q4,Pike,154,2013,39,NA,69,4,39,3,Pike,Raymond Tonkin,R,1,1,1,1,,0,25.32467532,44.80519481,NA,25.32467532,1.948051948,0
Pike_2014 Q1,Pike,166,2014,63,NA,54,2,47,NA,Pike,Raymond Tonkin,R,1,1,1,1,,0,37.95180723,32.53012048,NA,28.31325301,NA,0.5
Pike_2014 Q2,Pike,186,2014,55,NA,82,2,46,1,Pike,Raymond Tonkin,R,1,1,1,1,,0,29.56989247,44.08602151,NA,24.7311828,0.537634409,0.5
Pike_2014 Q3,Pike,135,2014,42,NA,58,1,30,4,Pike,Raymond Tonkin,R,1,1,1,1,,0,31.11111111,42.96296296,NA,22.22222222,2.962962963,0.5
Pike_2014 Q4,Pike,318,2014,205,2,73,NA,37,1,Pike,Raymond Tonkin,R,1,1,1,1,,0,64.46540881,22.95597484,0.628930818,11.63522013,0.314465409,0.5
Pike_2015 Q1,Pike,143,2015,54,NA,53,1,35,NA,Pike,Raymond Tonkin,R,1,1,1,1,,0,37.76223776,37.06293706,NA,24.47552448,NA,1
Pike_2015 Q2,Pike,199,2015,67,NA,62,6,61,3,Pike,Raymond Tonkin,R,1,1,1,1,,0,33.66834171,31.15577889,NA,30.65326633,1.507537688,1
Pike_2015 Q3,Pike,157,2015,54,NA,62,4,36,1,Pike,Raymond Tonkin,R,1,1,1,1,,0,34.39490446,39.49044586,NA,22.92993631,0.636942675,1
Pike_2015 Q4,Pike,153,2015,41,NA,66,1,40,5,Pike,Raymond Tonkin,R,1,1,1,1,,0,26.79738562,43.1372549,NA,26.14379085,3.267973856,1
Pike_2016 Q1,Pike,133,2016,18,NA,72,NA,36,7,Pike,Raymond Tonkin,R,1,1,0,0,,0,13.53383459,54.13533835,NA,27.06766917,5.263157895,0
Pike_2016 Q2,Pike,166,2016,39,NA,76,2,40,9,Pike,Raymond Tonkin,R,1,1,0,0,,0,23.4939759,45.78313253,NA,24.09638554,5.421686747,0
Pike_2016 Q3,Pike,521,2016,419,NA,54,NA,43,5,Pike,Raymond Tonkin,R,1,1,0,0,,0,80.42226488,10.3646833,NA,8.253358925,0.959692898,0
Pike_2016 Q4,Pike,111,2016,30,NA,47,1,30,3,Pike,Raymond Tonkin,R,1,1,0,0,,0,27.02702703,42.34234234,NA,27.02702703,2.702702703,0
Pike_2017 Q1,Pike,106,2017,17,NA,52,9,28,NA,Pike,Raymond Tonkin,R,1,1,0,0,,0,16.03773585,49.05660377,NA,26.41509434,NA,0
Pike_2017 Q2,Pike,138,2017,35,NA,64,1,35,3,Pike,Raymond Tonkin,R,1,1,0,0,,0,25.36231884,46.37681159,NA,25.36231884,2.173913043,0
Pike_2017 Q3,Pike,125,2017,35,NA,45,5,36,4,Pike,Raymond Tonkin,R,1,1,0,0,,0,28,36,NA,28.8,3.2,0
Pike_2017 Q4,Pike,137,2017,28,NA,45,13,50,1,Pike,Raymond Tonkin,R,1,1,0,0,,0,20.4379562,32.84671533,NA,36.49635036,0.729927007,0
Pike_2018 Q1,Pike,92,2018,27,NA,37,5,22,1,Pike,Raymond Tonkin,R,1,1,0,0,,0,29.34782609,40.2173913,NA,23.91304348,1.086956522,0.5
Pike_2018 Q2,Pike,145,2018,45,NA,43,11,37,9,Pike,Raymond Tonkin,R,1,1,0,0,,0,31.03448276,29.65517241,NA,25.51724138,6.206896552,0.5
Pike_2018 Q3,Pike,119,2018,22,NA,47,3,39,8,Pike,Raymond Tonkin,R,1,1,0,0,,0,18.48739496,39.49579832,NA,32.77310924,6.722689076,0.5
Pike_2018 Q4,Pike,343,2018,231,1,60,5,39,7,Pike,Raymond Tonkin,R,1,1,0,0,,0,67.34693878,17.49271137,0.29154519,11.37026239,2.040816327,0.5
Pike_2019 Q1,Pike,88,2019,29,NA,32,6,18,3,Pike,Raymond Tonkin,R,1,1,0,0,,0,32.95454545,36.36363636,NA,20.45454545,3.409090909,1
Pike_2019 Q2,Pike,177,2019,52,NA,63,8,47,7,Pike,Raymond Tonkin,R,1,1,0,0,,0,29.37853107,35.59322034,NA,26.55367232,3.95480226,1
Pike_2019 Q3,Pike,80,2019,12,NA,33,6,24,5,Pike,Raymond Tonkin,R,1,1,0,0,,0,15,41.25,NA,30,6.25,1
Pike_2019 Q4,Pike,159,2019,18,NA,71,12,47,11,Pike,Raymond Tonkin,R,1,1,0,0,,0,11.32075472,44.65408805,NA,29.55974843,6.918238994,1
Pike_2020 Q1,Pike,117,2020,30,NA,59,3,21,4,Pike,Raymond Tonkin,R,NA,NA,NA,NA,,0,25.64102564,50.42735043,NA,17.94871795,3.418803419,0
Pike_2020 Q2,Pike,65,2020,9,NA,33,NA,22,1,Pike,Raymond Tonkin,R,NA,NA,NA,NA,,0,13.84615385,50.76923077,NA,33.84615385,1.538461538,0
Pike_2020 Q3,Pike,100,2020,29,NA,40,2,23,6,Pike,Raymond Tonkin,R,NA,NA,NA,NA,,0,29,40,NA,23,6,0
Pike_2020 Q4,Pike,117,2020,38,NA,40,8,24,7,Pike,Raymond Tonkin,R,NA,NA,NA,NA,,0,32.47863248,34.18803419,NA,20.51282051,5.982905983,0
Pike_2021 Q1,Pike,102,2021,24,NA,39,9,28,2,Pike,Raymond Tonkin,R,NA,NA,NA,NA,,0,23.52941176,38.23529412,NA,27.45098039,1.960784314,0
Pike_2021 Q2,Pike,148,2021,14,NA,55,9,46,24,Pike,Raymond Tonkin,R,NA,NA,NA,NA,,0,9.459459459,37.16216216,NA,31.08108108,16.21621622,0
Pike_2021 Q3,Pike,90,2021,16,NA,38,5,25,6,Pike,Raymond Tonkin,R,NA,NA,NA,NA,,0,17.77777778,42.22222222,NA,27.77777778,6.666666667,0
Pike_2021 Q4,Pike,123,2021,25,NA,43,3,38,14,Pike,Raymond Tonkin,R,NA,NA,NA,NA,,0,20.32520325,34.95934959,NA,30.89430894,11.38211382,0
Potter_2013 Q1,Potter,58,2013,8,NA,18,2,30,NA,Potter,,,NA,NA,NA,NA,,NA,13.79310345,31.03448276,NA,51.72413793,NA,0
Potter_2013 Q2,Potter,50,2013,15,NA,20,NA,15,NA,Potter,,,NA,NA,NA,NA,,NA,30,40,NA,30,NA,0
Potter_2013 Q3,Potter,47,2013,7,7,16,NA,17,NA,Potter,,,NA,NA,NA,NA,,NA,14.89361702,34.04255319,14.89361702,36.17021277,NA,0
Potter_2013 Q4,Potter,61,2013,12,13,12,1,23,NA,Potter,,,NA,NA,NA,NA,,NA,19.67213115,19.67213115,21.31147541,37.70491803,NA,0
Potter_2014 Q1,Potter,67,2014,5,7,16,NA,31,8,Potter,,,NA,NA,NA,NA,,NA,7.462686567,23.88059701,10.44776119,46.26865672,11.94029851,0
Potter_2014 Q2,Potter,42,2014,NA,11,8,NA,23,NA,Potter,,,NA,NA,NA,NA,,NA,NA,19.04761905,26.19047619,54.76190476,NA,0
Potter_2014 Q3,Potter,35,2014,6,NA,11,NA,18,NA,Potter,,,NA,NA,NA,NA,,NA,17.14285714,31.42857143,NA,51.42857143,NA,0
Potter_2014 Q4,Potter,36,2014,5,3,14,NA,13,1,Potter,,,NA,NA,NA,NA,,NA,13.88888889,38.88888889,8.333333333,36.11111111,2.777777778,0
Potter_2015 Q1,Potter,77,2015,20,1,20,NA,36,NA,Potter,,,NA,NA,NA,NA,,NA,25.97402597,25.97402597,1.298701299,46.75324675,NA,0
Potter_2015 Q2,Potter,41,2015,2,5,10,2,22,NA,Potter,,,NA,NA,NA,NA,,NA,4.87804878,24.3902439,12.19512195,53.65853659,NA,0
Potter_2015 Q3,Potter,29,2015,NA,NA,9,2,18,NA,Potter,,,NA,NA,NA,NA,,NA,NA,31.03448276,NA,62.06896552,NA,0
Potter_2015 Q4,Potter,52,2015,9,NA,19,5,19,NA,Potter,,,NA,NA,NA,NA,,NA,17.30769231,36.53846154,NA,36.53846154,NA,0
Potter_2016 Q1,Potter,55,2016,6,1,16,5,27,NA,Potter,,,NA,NA,NA,NA,,NA,10.90909091,29.09090909,1.818181818,49.09090909,NA,0
Potter_2016 Q2,Potter,70,2016,4,2,14,13,36,1,Potter,,,NA,NA,NA,NA,,NA,5.714285714,20,2.857142857,51.42857143,1.428571429,0
Potter_2016 Q3,Potter,95,2016,10,24,22,12,26,1,Potter,,,NA,NA,NA,NA,,NA,10.52631579,23.15789474,25.26315789,27.36842105,1.052631579,0
Potter_2016 Q4,Potter,55,2016,11,4,16,6,18,NA,Potter,,,NA,NA,NA,NA,,NA,20,29.09090909,7.272727273,32.72727273,NA,0
Potter_2017 Q1,Potter,44,2017,6,NA,16,6,15,1,Potter,,,NA,NA,NA,NA,,NA,13.63636364,36.36363636,NA,34.09090909,2.272727273,0
Potter_2017 Q2,Potter,66,2017,13,3,13,11,25,1,Potter,,,NA,NA,NA,NA,,NA,19.6969697,19.6969697,4.545454545,37.87878788,1.515151515,0
Potter_2017 Q3,Potter,47,2017,7,2,20,4,14,NA,Potter,,,NA,NA,NA,NA,,NA,14.89361702,42.55319149,4.255319149,29.78723404,NA,0
Potter_2017 Q4,Potter,39,2017,1,3,16,6,13,NA,Potter,,,NA,NA,NA,NA,,NA,2.564102564,41.02564103,7.692307692,33.33333333,NA,0
Potter_2018 Q1,Potter,68,2018,6,7,18,15,22,NA,Potter,,,NA,NA,NA,NA,,NA,8.823529412,26.47058824,10.29411765,32.35294118,NA,0
Potter_2018 Q2,Potter,44,2018,12,2,9,3,18,NA,Potter,,,NA,NA,NA,NA,,NA,27.27272727,20.45454545,4.545454545,40.90909091,NA,0
Potter_2018 Q3,Potter,22,2018,1,NA,8,3,10,NA,Potter,,,NA,NA,NA,NA,,NA,4.545454545,36.36363636,NA,45.45454545,NA,0
Potter_2018 Q4,Potter,47,2018,4,NA,27,3,11,2,Potter,,,NA,NA,NA,NA,,NA,8.510638298,57.44680851,NA,23.40425532,4.255319149,0
Potter_2019 Q1,Potter,63,2019,18,1,22,3,18,1,Potter,,,NA,NA,NA,NA,,NA,28.57142857,34.92063492,1.587301587,28.57142857,1.587301587,0
Potter_2019 Q2,Potter,73,2019,11,1,23,7,29,2,Potter,,,NA,NA,NA,NA,,NA,15.06849315,31.50684932,1.369863014,39.7260274,2.739726027,0
Potter_2019 Q3,Potter,86,2019,5,NA,24,21,31,5,Potter,,,NA,NA,NA,NA,,NA,5.813953488,27.90697674,NA,36.04651163,5.813953488,0
Potter_2019 Q4,Potter,104,2019,34,1,33,13,20,3,Potter,,,NA,NA,NA,NA,,NA,32.69230769,31.73076923,0.961538462,19.23076923,2.884615385,0
Potter_2020 Q1,Potter,100,2020,49,8,23,7,10,3,Potter,,,NA,NA,NA,NA,,NA,49,23,8,10,3,0
Potter_2020 Q2,Potter,54,2020,11,NA,16,9,14,4,Potter,,,NA,NA,NA,NA,,NA,20.37037037,29.62962963,NA,25.92592593,7.407407407,0
Potter_2020 Q3,Potter,81,2020,40,NA,14,10,15,2,Potter,,,NA,NA,NA,NA,,NA,49.38271605,17.28395062,NA,18.51851852,2.469135802,0
Potter_2020 Q4,Potter,59,2020,16,NA,27,5,11,NA,Potter,,,NA,NA,NA,NA,,NA,27.11864407,45.76271186,NA,18.6440678,NA,0
Potter_2021 Q1,Potter,53,2021,7,NA,18,13,15,NA,Potter,,,NA,NA,NA,NA,,NA,13.20754717,33.96226415,NA,28.30188679,NA,0
Potter_2021 Q2,Potter,80,2021,15,NA,25,9,28,3,Potter,,,NA,NA,NA,NA,,NA,18.75,31.25,NA,35,3.75,0
Potter_2021 Q3,Potter,80,2021,5,NA,30,12,33,NA,Potter,,,NA,NA,NA,NA,,NA,6.25,37.5,NA,41.25,NA,0
Potter_2021 Q4,Potter,60,2021,11,NA,15,6,25,3,Potter,,,NA,NA,NA,NA,,NA,18.33333333,25,NA,41.66666667,5,0
Schuylkill_2013 Q1,Schuylkill,572,2013,106,20,191,20,235,NA,Schuylkill,,,NA,NA,NA,NA,,NA,18.53146853,33.39160839,3.496503497,41.08391608,NA,0
Schuylkill_2013 Q2,Schuylkill,651,2013,98,8,203,29,312,1,Schuylkill,,,NA,NA,NA,NA,,NA,15.05376344,31.1827957,1.228878648,47.92626728,0.153609831,0
Schuylkill_2013 Q3,Schuylkill,338,2013,62,NA,106,14,155,1,Schuylkill,,,NA,NA,NA,NA,,NA,18.34319527,31.36094675,NA,45.85798817,0.295857988,0
Schuylkill_2013 Q4,Schuylkill,449,2013,112,16,129,15,175,2,Schuylkill,,,NA,NA,NA,NA,,NA,24.94432071,28.73051225,3.563474388,38.97550111,0.445434298,0
Schuylkill_2014 Q1,Schuylkill,317,2014,46,1,106,16,147,1,Schuylkill,,,NA,NA,NA,NA,,NA,14.51104101,33.4384858,0.315457413,46.37223975,0.315457413,0
Schuylkill_2014 Q2,Schuylkill,670,2014,84,64,201,9,312,NA,Schuylkill,,,NA,NA,NA,NA,,NA,12.53731343,30,9.552238806,46.56716418,NA,0
Schuylkill_2014 Q3,Schuylkill,364,2014,80,9,96,9,170,NA,Schuylkill,,,NA,NA,NA,NA,,NA,21.97802198,26.37362637,2.472527473,46.7032967,NA,0
Schuylkill_2014 Q4,Schuylkill,486,2014,83,9,138,8,248,NA,Schuylkill,,,NA,NA,NA,NA,,NA,17.0781893,28.39506173,1.851851852,51.02880658,NA,0
Schuylkill_2015 Q1,Schuylkill,471,2015,67,NA,136,14,252,2,Schuylkill,,,NA,NA,NA,NA,,NA,14.22505308,28.87473461,NA,53.50318471,0.42462845,0
Schuylkill_2015 Q2,Schuylkill,629,2015,106,NA,203,15,304,1,Schuylkill,,,NA,NA,NA,NA,,NA,16.85214626,32.27344992,NA,48.33068362,0.158982512,0
Schuylkill_2015 Q3,Schuylkill,385,2015,54,4,149,8,170,NA,Schuylkill,,,NA,NA,NA,NA,,NA,14.02597403,38.7012987,1.038961039,44.15584416,NA,0
Schuylkill_2015 Q4,Schuylkill,551,2015,94,5,128,16,307,1,Schuylkill,,,NA,NA,NA,NA,,NA,17.05989111,23.23049002,0.907441016,55.7168784,0.181488203,0
Schuylkill_2016 Q1,Schuylkill,437,2016,52,11,119,18,234,3,Schuylkill,,,NA,NA,NA,NA,,NA,11.8993135,27.23112128,2.517162471,53.54691076,0.686498856,0
Schuylkill_2016 Q2,Schuylkill,838,2016,164,7,183,39,441,4,Schuylkill,,,NA,NA,NA,NA,,NA,19.57040573,21.83770883,0.835322196,52.62529833,0.477326969,0
Schuylkill_2016 Q3,Schuylkill,806,2016,260,14,119,26,382,5,Schuylkill,,,NA,NA,NA,NA,,NA,32.25806452,14.76426799,1.736972705,47.39454094,0.620347395,0
Schuylkill_2016 Q4,Schuylkill,519,2016,80,26,112,42,258,1,Schuylkill,,,NA,NA,NA,NA,,NA,15.41425819,21.57996146,5.009633911,49.71098266,0.192678227,0
Schuylkill_2017 Q1,Schuylkill,626,2017,151,NA,143,16,316,NA,Schuylkill,,,NA,NA,NA,NA,,NA,24.12140575,22.84345048,NA,50.47923323,NA,0
Schuylkill_2017 Q2,Schuylkill,635,2017,116,12,165,12,330,NA,Schuylkill,,,NA,NA,NA,NA,,NA,18.26771654,25.98425197,1.88976378,51.96850394,NA,0
Schuylkill_2017 Q3,Schuylkill,610,2017,81,3,144,17,364,1,Schuylkill,,,NA,NA,NA,NA,,NA,13.27868852,23.60655738,0.491803279,59.67213115,0.163934426,0
Schuylkill_2017 Q4,Schuylkill,443,2017,87,4,147,3,202,NA,Schuylkill,,,NA,NA,NA,NA,,NA,19.63882619,33.18284424,0.902934537,45.59819413,NA,0
Schuylkill_2018 Q1,Schuylkill,539,2018,94,12,120,13,300,NA,Schuylkill,,,NA,NA,NA,NA,,NA,17.43970315,22.26345083,2.226345083,55.65862709,NA,0
Schuylkill_2018 Q2,Schuylkill,704,2018,184,15,145,26,333,1,Schuylkill,,,NA,NA,NA,NA,,NA,26.13636364,20.59659091,2.130681818,47.30113636,0.142045455,0
Schuylkill_2018 Q3,Schuylkill,507,2018,155,7,107,19,218,1,Schuylkill,,,NA,NA,NA,NA,,NA,30.57199211,21.10453649,1.380670611,42.99802761,0.197238659,0
Schuylkill_2018 Q4,Schuylkill,401,2018,69,NA,88,7,236,1,Schuylkill,,,NA,NA,NA,NA,,NA,17.20698254,21.94513716,NA,58.85286783,0.249376559,0
Schuylkill_2019 Q1,Schuylkill,1027,2019,203,35,219,39,519,12,Schuylkill,,,NA,NA,NA,NA,,NA,19.76630964,21.32424537,3.407984421,50.53554041,1.168451801,0
Schuylkill_2019 Q2,Schuylkill,794,2019,131,3,206,39,404,11,Schuylkill,,,NA,NA,NA,NA,,NA,16.49874055,25.94458438,0.377833753,50.88161209,1.385390428,0
Schuylkill_2019 Q3,Schuylkill,673,2019,131,35,175,26,298,8,Schuylkill,,,NA,NA,NA,NA,,NA,19.46508172,26.00297177,5.200594354,44.27934621,1.188707281,0
Schuylkill_2019 Q4,Schuylkill,657,2019,137,43,167,28,271,11,Schuylkill,,,NA,NA,NA,NA,,NA,20.85235921,25.41856925,6.544901065,41.24809741,1.674277017,0
Schuylkill_2020 Q1,Schuylkill,674,2020,179,NA,161,12,315,7,Schuylkill,,,NA,NA,NA,NA,,NA,26.5578635,23.88724036,NA,46.73590504,1.038575668,0
Schuylkill_2020 Q2,Schuylkill,449,2020,68,NA,101,20,250,10,Schuylkill,,,NA,NA,NA,NA,,NA,15.14476615,22.49443207,NA,55.67928731,2.227171492,0
Schuylkill_2020 Q3,Schuylkill,687,2020,140,NA,170,26,346,5,Schuylkill,,,NA,NA,NA,NA,,NA,20.37845706,24.74526929,NA,50.36390102,0.727802038,0
Schuylkill_2020 Q4,Schuylkill,358,2020,92,NA,90,16,157,3,Schuylkill,,,NA,NA,NA,NA,,NA,25.69832402,25.1396648,NA,43.8547486,0.837988827,0
Schuylkill_2021 Q1,Schuylkill,549,2021,94,NA,135,18,298,4,Schuylkill,,,NA,NA,NA,NA,,NA,17.12204007,24.59016393,NA,54.28051002,0.72859745,0
Schuylkill_2021 Q2,Schuylkill,624,2021,176,NA,125,19,292,12,Schuylkill,,,NA,NA,NA,NA,,NA,28.20512821,20.03205128,NA,46.79487179,1.923076923,0
Schuylkill_2021 Q3,Schuylkill,610,2021,99,NA,156,14,334,7,Schuylkill,,,NA,NA,NA,NA,,NA,16.2295082,25.57377049,NA,54.75409836,1.147540984,0
Schuylkill_2021 Q4,Schuylkill,389,2021,86,NA,137,9,155,2,Schuylkill,,,NA,NA,NA,NA,,NA,22.10796915,35.218509,NA,39.84575835,0.514138817,0
Snyder_2013 Q1,Snyder,105,2013,20,NA,31,3,51,NA,Snyder,,,NA,NA,NA,NA,Emailed,NA,19.04761905,29.52380952,NA,48.57142857,NA,0
Snyder_2013 Q2,Snyder,72,2013,23,NA,12,12,25,NA,Snyder,,,NA,NA,NA,NA,,NA,31.94444444,16.66666667,NA,34.72222222,NA,0
Snyder_2013 Q3,Snyder,80,2013,2,NA,35,6,37,NA,Snyder,,,NA,NA,NA,NA,,NA,2.5,43.75,NA,46.25,NA,0
Snyder_2013 Q4,Snyder,83,2013,10,NA,30,6,37,NA,Snyder,,,NA,NA,NA,NA,,NA,12.04819277,36.14457831,NA,44.57831325,NA,0
Snyder_2014 Q1,Snyder,81,2014,9,NA,25,8,36,3,Snyder,,,NA,NA,NA,NA,,NA,11.11111111,30.86419753,NA,44.44444444,3.703703704,0
Snyder_2014 Q2,Snyder,95,2014,14,NA,29,12,39,1,Snyder,,,NA,NA,NA,NA,,NA,14.73684211,30.52631579,NA,41.05263158,1.052631579,0
Snyder_2014 Q3,Snyder,68,2014,7,NA,24,5,32,NA,Snyder,,,NA,NA,NA,NA,,NA,10.29411765,35.29411765,NA,47.05882353,NA,0
Snyder_2014 Q4,Snyder,80,2014,14,NA,25,8,32,1,Snyder,,,NA,NA,NA,NA,,NA,17.5,31.25,NA,40,1.25,0
Snyder_2015 Q1,Snyder,116,2015,51,NA,25,8,30,2,Snyder,,,NA,NA,NA,NA,,NA,43.96551724,21.55172414,NA,25.86206897,1.724137931,0
Snyder_2015 Q2,Snyder,102,2015,10,1,24,9,58,NA,Snyder,,,NA,NA,NA,NA,,NA,9.803921569,23.52941176,0.980392157,56.8627451,NA,0
Snyder_2015 Q3,Snyder,81,2015,12,NA,17,4,43,5,Snyder,,,NA,NA,NA,NA,,NA,14.81481481,20.98765432,NA,53.08641975,6.172839506,0
Snyder_2015 Q4,Snyder,83,2015,11,NA,23,10,39,NA,Snyder,,,NA,NA,NA,NA,,NA,13.25301205,27.71084337,NA,46.98795181,NA,0
Snyder_2016 Q1,Snyder,117,2016,23,NA,21,5,65,3,Snyder,,,NA,NA,NA,NA,,NA,19.65811966,17.94871795,NA,55.55555556,2.564102564,0
Snyder_2016 Q2,Snyder,123,2016,36,NA,17,7,59,4,Snyder,,,NA,NA,NA,NA,,NA,29.26829268,13.82113821,NA,47.96747967,3.25203252,0
Snyder_2016 Q3,Snyder,85,2016,16,NA,11,10,47,1,Snyder,,,NA,NA,NA,NA,,NA,18.82352941,12.94117647,NA,55.29411765,1.176470588,0
Snyder_2016 Q4,Snyder,137,2016,17,4,29,7,72,8,Snyder,,,NA,NA,NA,NA,,NA,12.40875912,21.16788321,2.919708029,52.55474453,5.839416058,0
Snyder_2017 Q1,Snyder,119,2017,15,NA,16,18,63,7,Snyder,,,NA,NA,NA,NA,,NA,12.60504202,13.44537815,NA,52.94117647,5.882352941,0
Snyder_2017 Q2,Snyder,93,2017,20,NA,15,11,39,8,Snyder,,,NA,NA,NA,NA,,NA,21.50537634,16.12903226,NA,41.93548387,8.602150538,0
Snyder_2017 Q3,Snyder,102,2017,10,NA,22,5,65,NA,Snyder,,,NA,NA,NA,NA,,NA,9.803921569,21.56862745,NA,63.7254902,NA,0
Snyder_2017 Q4,Snyder,80,2017,14,NA,11,10,43,2,Snyder,,,NA,NA,NA,NA,,NA,17.5,13.75,NA,53.75,2.5,0
Snyder_2018 Q1,Snyder,143,2018,46,NA,21,12,57,7,Snyder,,,NA,NA,NA,NA,,NA,32.16783217,14.68531469,NA,39.86013986,4.895104895,0
Snyder_2018 Q2,Snyder,113,2018,21,NA,26,10,53,3,Snyder,,,NA,NA,NA,NA,,NA,18.5840708,23.00884956,NA,46.90265487,2.654867257,0
Snyder_2018 Q3,Snyder,86,2018,10,7,12,10,47,NA,Snyder,,,NA,NA,NA,NA,,NA,11.62790698,13.95348837,8.139534884,54.65116279,NA,0
Snyder_2018 Q4,Snyder,68,2018,6,NA,13,11,33,5,Snyder,,,NA,NA,NA,NA,,NA,8.823529412,19.11764706,NA,48.52941176,7.352941176,0
Snyder_2019 Q1,Snyder,150,2019,34,NA,22,14,75,5,Snyder,,,NA,NA,NA,NA,,NA,22.66666667,14.66666667,NA,50,3.333333333,0
Snyder_2019 Q2,Snyder,158,2019,22,NA,32,17,82,5,Snyder,,,NA,NA,NA,NA,,NA,13.92405063,20.25316456,NA,51.89873418,3.164556962,0
Snyder_2019 Q3,Snyder,106,2019,19,NA,20,11,53,3,Snyder,,,NA,NA,NA,NA,,NA,17.9245283,18.86792453,NA,50,2.830188679,0
Snyder_2019 Q4,Snyder,88,2019,20,1,17,15,33,2,Snyder,,,NA,NA,NA,NA,,NA,22.72727273,19.31818182,1.136363636,37.5,2.272727273,0
Snyder_2020 Q1,Snyder,145,2020,32,NA,35,14,62,2,Snyder,,,NA,NA,NA,NA,,NA,22.06896552,24.13793103,NA,42.75862069,1.379310345,0
Snyder_2020 Q2,Snyder,94,2020,33,NA,17,10,33,1,Snyder,,,NA,NA,NA,NA,,NA,35.10638298,18.08510638,NA,35.10638298,1.063829787,0
Snyder_2020 Q3,Snyder,117,2020,35,NA,24,16,40,2,Snyder,,,NA,NA,NA,NA,,NA,29.91452991,20.51282051,NA,34.18803419,1.709401709,0
Snyder_2020 Q4,Snyder,93,2020,23,NA,12,23,33,2,Snyder,,,NA,NA,NA,NA,,NA,24.7311828,12.90322581,NA,35.48387097,2.150537634,0
Snyder_2021 Q1,Snyder,128,2021,25,NA,20,27,52,4,Snyder,,,NA,NA,NA,NA,,NA,19.53125,15.625,NA,40.625,3.125,0
Snyder_2021 Q2,Snyder,110,2021,22,NA,13,21,44,10,Snyder,,,NA,NA,NA,NA,,NA,20,11.81818182,NA,40,9.090909091,0
Snyder_2021 Q3,Snyder,109,2021,21,NA,14,21,51,2,Snyder,,,NA,NA,NA,NA,,NA,19.26605505,12.8440367,NA,46.78899083,1.834862385,0
Snyder_2021 Q4,Snyder,73,2021,18,NA,7,17,30,1,Snyder,,,NA,NA,NA,NA,,NA,24.65753425,9.589041096,NA,41.09589041,1.369863014,0
Somerset_2013 Q1,Somerset,150,2013,40,4,46,3,57,NA,Somerset,,,NA,NA,NA,NA,Need to find email,NA,26.66666667,30.66666667,2.666666667,38,NA,0
Somerset_2013 Q2,Somerset,179,2013,43,NA,52,13,68,3,Somerset,,,NA,NA,NA,NA,,NA,24.02234637,29.05027933,NA,37.98882682,1.675977654,0
Somerset_2013 Q3,Somerset,120,2013,17,NA,33,1,66,3,Somerset,,,NA,NA,NA,NA,,NA,14.16666667,27.5,NA,55,2.5,0
Somerset_2013 Q4,Somerset,129,2013,20,NA,39,9,60,1,Somerset,,,NA,NA,NA,NA,,NA,15.50387597,30.23255814,NA,46.51162791,0.775193798,0
Somerset_2014 Q1,Somerset,122,2014,55,1,20,3,41,2,Somerset,,,NA,NA,NA,NA,,NA,45.08196721,16.39344262,0.819672131,33.60655738,1.639344262,0
Somerset_2014 Q2,Somerset,130,2014,30,NA,41,7,49,3,Somerset,,,NA,NA,NA,NA,,NA,23.07692308,31.53846154,NA,37.69230769,2.307692308,0
Somerset_2014 Q3,Somerset,257,2014,64,2,73,10,107,1,Somerset,,,NA,NA,NA,NA,,NA,24.90272374,28.40466926,0.778210117,41.63424125,0.389105058,0
Somerset_2014 Q4,Somerset,125,2014,47,NA,24,7,41,6,Somerset,,,NA,NA,NA,NA,,NA,37.6,19.2,NA,32.8,4.8,0
Somerset_2015 Q1,Somerset,135,2015,36,NA,37,9,50,3,Somerset,,,NA,NA,NA,NA,,NA,26.66666667,27.40740741,NA,37.03703704,2.222222222,0
Somerset_2015 Q2,Somerset,144,2015,33,9,31,8,61,2,Somerset,,,NA,NA,NA,NA,,NA,22.91666667,21.52777778,6.25,42.36111111,1.388888889,0
Somerset_2015 Q3,Somerset,139,2015,19,1,35,12,70,2,Somerset,,,NA,NA,NA,NA,,NA,13.66906475,25.17985612,0.71942446,50.35971223,1.438848921,0
Somerset_2015 Q4,Somerset,192,2015,37,NA,57,8,86,4,Somerset,,,NA,NA,NA,NA,,NA,19.27083333,29.6875,NA,44.79166667,2.083333333,0
Somerset_2016 Q1,Somerset,166,2016,27,1,40,10,81,7,Somerset,,,NA,NA,NA,NA,,NA,16.26506024,24.09638554,0.602409639,48.79518072,4.21686747,0
Somerset_2016 Q2,Somerset,180,2016,27,8,49,13,78,5,Somerset,,,NA,NA,NA,NA,,NA,15,27.22222222,4.444444444,43.33333333,2.777777778,0
Somerset_2016 Q3,Somerset,193,2016,34,7,49,14,87,2,Somerset,,,NA,NA,NA,NA,,NA,17.61658031,25.38860104,3.626943005,45.07772021,1.03626943,0
Somerset_2016 Q4,Somerset,218,2016,45,NA,58,10,102,3,Somerset,,,NA,NA,NA,NA,,NA,20.64220183,26.60550459,NA,46.78899083,1.376146789,0
Somerset_2017 Q1,Somerset,151,2017,26,NA,50,1,73,1,Somerset,,,NA,NA,NA,NA,,NA,17.21854305,33.11258278,NA,48.34437086,0.662251656,0
Somerset_2017 Q2,Somerset,174,2017,45,NA,42,7,80,NA,Somerset,,,NA,NA,NA,NA,,NA,25.86206897,24.13793103,NA,45.97701149,NA,0
Somerset_2017 Q3,Somerset,162,2017,35,NA,40,5,79,3,Somerset,,,NA,NA,NA,NA,,NA,21.60493827,24.69135802,NA,48.7654321,1.851851852,0
Somerset_2017 Q4,Somerset,122,2017,18,4,32,7,59,2,Somerset,,,NA,NA,NA,NA,,NA,14.75409836,26.2295082,3.278688525,48.36065574,1.639344262,0
Somerset_2018 Q1,Somerset,175,2018,44,NA,59,3,68,1,Somerset,,,NA,NA,NA,NA,,NA,25.14285714,33.71428571,NA,38.85714286,0.571428571,0
Somerset_2018 Q2,Somerset,131,2018,18,NA,35,12,62,4,Somerset,,,NA,NA,NA,NA,,NA,13.74045802,26.71755725,NA,47.32824427,3.053435115,0
Somerset_2018 Q3,Somerset,138,2018,27,NA,41,9,53,8,Somerset,,,NA,NA,NA,NA,,NA,19.56521739,29.71014493,NA,38.4057971,5.797101449,0
Somerset_2018 Q4,Somerset,177,2018,40,NA,55,12,67,3,Somerset,,,NA,NA,NA,NA,,NA,22.59887006,31.07344633,NA,37.85310734,1.694915254,0
Somerset_2019 Q1,Somerset,169,2019,41,NA,46,6,75,1,Somerset,,,NA,NA,NA,NA,,NA,24.26035503,27.21893491,NA,44.37869822,0.591715976,0
Somerset_2019 Q2,Somerset,180,2019,27,NA,63,9,77,4,Somerset,,,NA,NA,NA,NA,,NA,15,35,NA,42.77777778,2.222222222,0
Somerset_2019 Q3,Somerset,144,2019,16,NA,40,8,77,3,Somerset,,,NA,NA,NA,NA,,NA,11.11111111,27.77777778,NA,53.47222222,2.083333333,0
Somerset_2019 Q4,Somerset,163,2019,35,NA,42,15,69,2,Somerset,,,NA,NA,NA,NA,,NA,21.47239264,25.76687117,NA,42.33128834,1.226993865,0
Somerset_2020 Q1,Somerset,175,2020,29,NA,51,15,75,5,Somerset,,,NA,NA,NA,NA,,NA,16.57142857,29.14285714,NA,42.85714286,2.857142857,0
Somerset_2020 Q2,Somerset,114,2020,20,NA,43,1,46,4,Somerset,,,NA,NA,NA,NA,,NA,17.54385965,37.71929825,NA,40.35087719,3.50877193,0
Somerset_2020 Q3,Somerset,166,2020,24,NA,46,12,79,5,Somerset,,,NA,NA,NA,NA,,NA,14.45783133,27.71084337,NA,47.59036145,3.012048193,0
Somerset_2020 Q4,Somerset,118,2020,24,NA,28,3,62,1,Somerset,,,NA,NA,NA,NA,,NA,20.33898305,23.72881356,NA,52.54237288,0.847457627,0
Somerset_2021 Q1,Somerset,90,2021,23,NA,19,3,45,NA,Somerset,,,NA,NA,NA,NA,,NA,25.55555556,21.11111111,NA,50,NA,0
Somerset_2021 Q2,Somerset,150,2021,32,NA,33,10,73,2,Somerset,,,NA,NA,NA,NA,,NA,21.33333333,22,NA,48.66666667,1.333333333,0
Somerset_2021 Q3,Somerset,95,2021,29,NA,20,4,40,2,Somerset,,,NA,NA,NA,NA,,NA,30.52631579,21.05263158,NA,42.10526316,2.105263158,0
Somerset_2021 Q4,Somerset,157,2021,31,NA,39,6,73,8,Somerset,,,NA,NA,NA,NA,,NA,19.74522293,24.84076433,NA,46.49681529,5.095541401,0
Sullivan_2013 Q1,Sullivan,11,2013,1,NA,8,NA,2,NA,Sullivan,,,NA,NA,NA,NA,,NA,9.090909091,72.72727273,NA,18.18181818,NA,0
Sullivan_2013 Q2,Sullivan,20,2013,4,NA,6,1,9,NA,Sullivan,,,NA,NA,NA,NA,,NA,20,30,NA,45,NA,0
Sullivan_2013 Q3,Sullivan,10,2013,NA,NA,5,NA,5,NA,Sullivan,,,NA,NA,NA,NA,,NA,NA,50,NA,50,NA,0
Sullivan_2013 Q4,Sullivan,11,2013,4,NA,5,NA,2,NA,Sullivan,,,NA,NA,NA,NA,,NA,36.36363636,45.45454545,NA,18.18181818,NA,0
Sullivan_2014 Q1,Sullivan,13,2014,1,NA,8,NA,3,1,Sullivan,,,NA,NA,NA,NA,,NA,7.692307692,61.53846154,NA,23.07692308,7.692307692,0
Sullivan_2014 Q2,Sullivan,11,2014,3,NA,4,NA,4,NA,Sullivan,,,NA,NA,NA,NA,,NA,27.27272727,36.36363636,NA,36.36363636,NA,0
Sullivan_2014 Q3,Sullivan,12,2014,1,NA,7,NA,4,NA,Sullivan,,,NA,NA,NA,NA,,NA,8.333333333,58.33333333,NA,33.33333333,NA,0
Sullivan_2014 Q4,Sullivan,8,2014,2,NA,4,NA,2,NA,Sullivan,,,NA,NA,NA,NA,,NA,25,50,NA,25,NA,0
Sullivan_2015 Q1,Sullivan,8,2015,1,NA,4,NA,3,NA,Sullivan,,,NA,NA,NA,NA,,NA,12.5,50,NA,37.5,NA,0
Sullivan_2015 Q2,Sullivan,7,2015,NA,NA,6,NA,1,NA,Sullivan,,,NA,NA,NA,NA,,NA,NA,85.71428571,NA,14.28571429,NA,0
Sullivan_2015 Q3,Sullivan,8,2015,2,NA,4,1,1,NA,Sullivan,,,NA,NA,NA,NA,,NA,25,50,NA,12.5,NA,0
Sullivan_2015 Q4,Sullivan,12,2015,1,NA,10,1,NA,NA,Sullivan,,,NA,NA,NA,NA,,NA,8.333333333,83.33333333,NA,NA,NA,0
Sullivan_2016 Q1,Sullivan,7,2016,2,NA,5,NA,NA,NA,Sullivan,,,NA,NA,NA,NA,,NA,28.57142857,71.42857143,NA,NA,NA,0
Sullivan_2016 Q2,Sullivan,11,2016,2,NA,6,NA,2,1,Sullivan,,,NA,NA,NA,NA,,NA,18.18181818,54.54545455,NA,18.18181818,9.090909091,0
Sullivan_2016 Q3,Sullivan,8,2016,NA,NA,5,NA,3,NA,Sullivan,,,NA,NA,NA,NA,,NA,NA,62.5,NA,37.5,NA,0
Sullivan_2016 Q4,Sullivan,6,2016,1,NA,1,NA,4,NA,Sullivan,,,NA,NA,NA,NA,,NA,16.66666667,16.66666667,NA,66.66666667,NA,0
Sullivan_2017 Q1,Sullivan,8,2017,NA,NA,2,NA,6,NA,Sullivan,,,NA,NA,NA,NA,,NA,NA,25,NA,75,NA,0
Sullivan_2017 Q2,Sullivan,6,2017,5,NA,NA,NA,1,NA,Sullivan,,,NA,NA,NA,NA,,NA,83.33333333,NA,NA,16.66666667,NA,0
Sullivan_2017 Q3,Sullivan,8,2017,1,NA,5,NA,2,NA,Sullivan,,,NA,NA,NA,NA,,NA,12.5,62.5,NA,25,NA,0
Sullivan_2017 Q4,Sullivan,16,2017,3,NA,6,1,6,NA,Sullivan,,,NA,NA,NA,NA,,NA,18.75,37.5,NA,37.5,NA,0
Sullivan_2018 Q1,Sullivan,12,2018,2,NA,5,NA,5,NA,Sullivan,,,NA,NA,NA,NA,,NA,16.66666667,41.66666667,NA,41.66666667,NA,0
Sullivan_2018 Q2,Sullivan,7,2018,NA,NA,4,NA,2,1,Sullivan,,,NA,NA,NA,NA,,NA,NA,57.14285714,NA,28.57142857,14.28571429,0
Sullivan_2018 Q3,Sullivan,6,2018,1,NA,3,NA,2,NA,Sullivan,,,NA,NA,NA,NA,,NA,16.66666667,50,NA,33.33333333,NA,0
Sullivan_2018 Q4,Sullivan,6,2018,3,NA,2,1,NA,NA,Sullivan,,,NA,NA,NA,NA,,NA,50,33.33333333,NA,NA,NA,0
Sullivan_2019 Q1,Sullivan,6,2019,2,NA,3,NA,1,NA,Sullivan,,,NA,NA,NA,NA,,NA,33.33333333,50,NA,16.66666667,NA,0
Sullivan_2019 Q2,Sullivan,9,2019,1,NA,5,NA,3,NA,Sullivan,,,NA,NA,NA,NA,,NA,11.11111111,55.55555556,NA,33.33333333,NA,0
Sullivan_2019 Q3,Sullivan,12,2019,3,NA,2,2,5,NA,Sullivan,,,NA,NA,NA,NA,,NA,25,16.66666667,NA,41.66666667,NA,0
Sullivan_2019 Q4,Sullivan,8,2019,1,NA,3,NA,4,NA,Sullivan,,,NA,NA,NA,NA,,NA,12.5,37.5,NA,50,NA,0
Sullivan_2020 Q1,Sullivan,12,2020,1,NA,6,1,4,NA,Sullivan,,,NA,NA,NA,NA,,NA,8.333333333,50,NA,33.33333333,NA,0
Sullivan_2020 Q2,Sullivan,22,2020,3,NA,13,2,4,NA,Sullivan,,,NA,NA,NA,NA,,NA,13.63636364,59.09090909,NA,18.18181818,NA,0
Sullivan_2020 Q3,Sullivan,20,2020,10,NA,5,1,2,2,Sullivan,,,NA,NA,NA,NA,,NA,50,25,NA,10,10,0
Sullivan_2020 Q4,Sullivan,10,2020,2,NA,6,NA,2,NA,Sullivan,,,NA,NA,NA,NA,,NA,20,60,NA,20,NA,0
Sullivan_2021 Q1,Sullivan,4,2021,NA,NA,3,NA,1,NA,Sullivan,,,NA,NA,NA,NA,,NA,NA,75,NA,25,NA,0
Sullivan_2021 Q2,Sullivan,12,2021,NA,NA,9,2,1,NA,Sullivan,,,NA,NA,NA,NA,,NA,NA,75,NA,8.333333333,NA,0
Sullivan_2021 Q3,Sullivan,7,2021,NA,NA,2,NA,4,1,Sullivan,,,NA,NA,NA,NA,,NA,NA,28.57142857,NA,57.14285714,14.28571429,0
Sullivan_2021 Q4,Sullivan,13,2021,4,NA,5,NA,3,1,Sullivan,,,NA,NA,NA,NA,,NA,30.76923077,38.46153846,NA,23.07692308,7.692307692,0
Susquehanna_2013 Q1,Susquehanna,93,2013,16,6,37,3,29,2,Susquehanna,Jason Legg,R,0,NA,NA,NA,,0,17.20430108,39.78494624,6.451612903,31.1827957,2.150537634,0
Susquehanna_2013 Q2,Susquehanna,107,2013,9,1,41,NA,53,3,Susquehanna,Jason Legg,R,0,NA,NA,NA,,0,8.411214953,38.31775701,0.934579439,49.53271028,2.803738318,0
Susquehanna_2013 Q3,Susquehanna,42,2013,6,NA,17,NA,19,NA,Susquehanna,Jason Legg,R,0,NA,NA,NA,,0,14.28571429,40.47619048,NA,45.23809524,NA,0
Susquehanna_2013 Q4,Susquehanna,68,2013,3,NA,31,3,29,2,Susquehanna,Jason Legg,R,0,NA,NA,NA,,0,4.411764706,45.58823529,NA,42.64705882,2.941176471,0
Susquehanna_2014 Q1,Susquehanna,82,2014,6,NA,37,1,35,3,Susquehanna,Jason Legg,R,0,NA,NA,NA,,0,7.317073171,45.12195122,NA,42.68292683,3.658536585,0.5
Susquehanna_2014 Q2,Susquehanna,74,2014,18,NA,24,NA,32,NA,Susquehanna,Jason Legg,R,0,NA,NA,NA,,0,24.32432432,32.43243243,NA,43.24324324,NA,0.5
Susquehanna_2014 Q3,Susquehanna,45,2014,4,NA,22,3,16,NA,Susquehanna,Jason Legg,R,0,NA,NA,NA,,0,8.888888889,48.88888889,NA,35.55555556,NA,0.5
Susquehanna_2014 Q4,Susquehanna,102,2014,15,NA,26,3,57,1,Susquehanna,Jason Legg,R,0,NA,NA,NA,,0,14.70588235,25.49019608,NA,55.88235294,0.980392157,0.5
Susquehanna_2015 Q1,Susquehanna,63,2015,6,NA,37,1,19,NA,Susquehanna,Jason Legg,R,0,NA,0,0,,0,9.523809524,58.73015873,NA,30.15873016,NA,1
Susquehanna_2015 Q2,Susquehanna,46,2015,11,2,10,2,21,NA,Susquehanna,Jason Legg,R,0,NA,0,0,,0,23.91304348,21.73913043,4.347826087,45.65217391,NA,1
Susquehanna_2015 Q3,Susquehanna,50,2015,5,NA,25,2,18,NA,Susquehanna,Jason Legg,R,0,NA,0,0,,0,10,50,NA,36,NA,1
Susquehanna_2015 Q4,Susquehanna,65,2015,7,NA,18,4,36,NA,Susquehanna,Jason Legg,R,0,NA,0,0,,0,10.76923077,27.69230769,NA,55.38461538,NA,1
Susquehanna_2016 Q1,Susquehanna,54,2016,4,2,28,1,19,NA,Susquehanna,Robert Klein,R,0,NA,NA,NA,,0,7.407407407,51.85185185,3.703703704,35.18518519,NA,0
Susquehanna_2016 Q2,Susquehanna,58,2016,9,5,12,7,25,NA,Susquehanna,Robert Klein,R,0,NA,NA,NA,,0,15.51724138,20.68965517,8.620689655,43.10344828,NA,0
Susquehanna_2016 Q3,Susquehanna,34,2016,3,NA,10,2,18,1,Susquehanna,Robert Klein,R,0,NA,NA,NA,,0,8.823529412,29.41176471,NA,52.94117647,2.941176471,0
Susquehanna_2016 Q4,Susquehanna,46,2016,16,5,9,3,13,NA,Susquehanna,Robert Klein,R,0,NA,NA,NA,,0,34.7826087,19.56521739,10.86956522,28.26086957,NA,0
Susquehanna_2017 Q1,Susquehanna,77,2017,29,1,15,6,25,1,Susquehanna,Robert Klein,R,0,NA,NA,NA,,0,37.66233766,19.48051948,1.298701299,32.46753247,1.298701299,0
Susquehanna_2017 Q2,Susquehanna,50,2017,5,NA,13,8,24,NA,Susquehanna,Robert Klein,R,0,NA,NA,NA,,0,10,26,NA,48,NA,0
Susquehanna_2017 Q3,Susquehanna,33,2017,5,NA,9,1,16,2,Susquehanna,Robert Klein,R,0,NA,NA,NA,,0,15.15151515,27.27272727,NA,48.48484848,6.060606061,0
Susquehanna_2017 Q4,Susquehanna,54,2017,2,2,16,10,24,NA,Susquehanna,Robert Klein,R,0,NA,NA,NA,,0,3.703703704,29.62962963,3.703703704,44.44444444,NA,0
Susquehanna_2018 Q1,Susquehanna,60,2018,3,NA,17,10,30,NA,Susquehanna,Robert Klein,R,0,NA,NA,NA,,0,5,28.33333333,NA,50,NA,0.5
Susquehanna_2018 Q2,Susquehanna,53,2018,2,NA,22,7,22,NA,Susquehanna,Robert Klein,R,0,NA,NA,NA,,0,3.773584906,41.50943396,NA,41.50943396,NA,0.5
Susquehanna_2018 Q3,Susquehanna,65,2018,1,NA,12,11,41,NA,Susquehanna,Robert Klein,R,0,NA,NA,NA,,0,1.538461538,18.46153846,NA,63.07692308,NA,0.5
Susquehanna_2018 Q4,Susquehanna,74,2018,2,NA,31,7,32,2,Susquehanna,Robert Klein,R,0,NA,NA,NA,,0,2.702702703,41.89189189,NA,43.24324324,2.702702703,0.5
Susquehanna_2019 Q1,Susquehanna,77,2019,11,NA,25,5,35,1,Susquehanna,Robert Klein,R,0,NA,0,0,,0,14.28571429,32.46753247,NA,45.45454545,1.298701299,1
Susquehanna_2019 Q2,Susquehanna,84,2019,3,2,26,10,42,1,Susquehanna,Robert Klein,R,0,NA,0,0,,0,3.571428571,30.95238095,2.380952381,50,1.19047619,1
Susquehanna_2019 Q3,Susquehanna,64,2019,2,NA,23,8,28,3,Susquehanna,Robert Klein,R,0,NA,0,0,,0,3.125,35.9375,NA,43.75,4.6875,1
Susquehanna_2019 Q4,Susquehanna,54,2019,5,NA,15,9,24,1,Susquehanna,Robert Klein,R,0,NA,0,0,,0,9.259259259,27.77777778,NA,44.44444444,1.851851852,1
Susquehanna_2020 Q1,Susquehanna,80,2020,7,NA,18,11,42,2,Susquehanna,Marion O'Malley,R,NA,NA,NA,NA,,0,8.75,22.5,NA,52.5,2.5,0
Susquehanna_2020 Q2,Susquehanna,62,2020,7,NA,17,9,28,1,Susquehanna,Marion O'Malley,R,NA,NA,NA,NA,,0,11.29032258,27.41935484,NA,45.16129032,1.612903226,0
Susquehanna_2020 Q3,Susquehanna,77,2020,3,NA,15,8,49,2,Susquehanna,Marion O'Malley,R,NA,NA,NA,NA,,0,3.896103896,19.48051948,NA,63.63636364,2.597402597,0
Susquehanna_2020 Q4,Susquehanna,92,2020,11,NA,20,9,47,5,Susquehanna,Marion O'Malley,R,NA,NA,NA,NA,,0,11.95652174,21.73913043,NA,51.08695652,5.434782609,0
Susquehanna_2021 Q1,Susquehanna,122,2021,1,NA,36,6,72,7,Susquehanna,Marion O'Malley,R,NA,NA,NA,NA,,0,0.819672131,29.50819672,NA,59.01639344,5.737704918,0
Susquehanna_2021 Q2,Susquehanna,112,2021,3,NA,18,12,76,3,Susquehanna,Marion O'Malley,R,NA,NA,NA,NA,,0,2.678571429,16.07142857,NA,67.85714286,2.678571429,0
Susquehanna_2021 Q3,Susquehanna,85,2021,10,NA,15,9,44,7,Susquehanna,Marion O'Malley,R,NA,NA,NA,NA,,0,11.76470588,17.64705882,NA,51.76470588,8.235294118,0
Susquehanna_2021 Q4,Susquehanna,96,2021,19,NA,20,6,49,2,Susquehanna,Marion O'Malley,R,NA,NA,NA,NA,,0,19.79166667,20.83333333,NA,51.04166667,2.083333333,0
Tioga_2013 Q1,Tioga,50,2013,6,NA,7,23,13,1,Tioga,George Wheeler,R,0,NA,NA,NA,,0,12,14,NA,26,2,0
Tioga_2013 Q2,Tioga,73,2013,10,NA,9,35,19,NA,Tioga,George Wheeler,R,0,NA,NA,NA,,0,13.69863014,12.32876712,NA,26.02739726,NA,0
Tioga_2013 Q3,Tioga,73,2013,8,3,7,30,24,1,Tioga,George Wheeler,R,0,NA,NA,NA,,0,10.95890411,9.589041096,4.109589041,32.87671233,1.369863014,0
Tioga_2013 Q4,Tioga,79,2013,20,4,11,28,16,NA,Tioga,George Wheeler,R,0,NA,NA,NA,,0,25.3164557,13.92405063,5.063291139,20.25316456,NA,0
Tioga_2014 Q1,Tioga,57,2014,4,NA,4,36,13,NA,Tioga,George Wheeler,R,0,NA,NA,NA,,0,7.01754386,7.01754386,NA,22.80701754,NA,0.5
Tioga_2014 Q2,Tioga,80,2014,18,2,5,32,23,NA,Tioga,George Wheeler,R,0,NA,NA,NA,,0,22.5,6.25,2.5,28.75,NA,0.5
Tioga_2014 Q3,Tioga,51,2014,6,2,4,20,19,NA,Tioga,George Wheeler,R,0,NA,NA,NA,,0,11.76470588,7.843137255,3.921568627,37.25490196,NA,0.5
Tioga_2014 Q4,Tioga,50,2014,5,3,6,14,22,NA,Tioga,George Wheeler,R,0,NA,NA,NA,,0,10,12,6,44,NA,0.5
Tioga_2015 Q1,Tioga,50,2015,8,NA,11,15,16,NA,Tioga,George Wheeler,R,0,NA,1,0,,0,16,22,NA,32,NA,1
Tioga_2015 Q2,Tioga,91,2015,13,1,31,24,22,NA,Tioga,George Wheeler,R,0,NA,1,0,,0,14.28571429,34.06593407,1.098901099,24.17582418,NA,1
Tioga_2015 Q3,Tioga,76,2015,4,1,20,20,28,3,Tioga,George Wheeler,R,0,NA,1,0,,0,5.263157895,26.31578947,1.315789474,36.84210526,3.947368421,1
Tioga_2015 Q4,Tioga,56,2015,1,NA,23,12,20,NA,Tioga,George Wheeler,R,0,NA,1,0,,0,1.785714286,41.07142857,NA,35.71428571,NA,1
Tioga_2016 Q1,Tioga,62,2016,8,NA,20,17,16,1,Tioga,Krista Deats,R,1,1,0,0,,0,12.90322581,32.25806452,NA,25.80645161,1.612903226,0
Tioga_2016 Q2,Tioga,79,2016,9,3,22,11,34,NA,Tioga,Krista Deats,R,1,1,0,0,,0,11.39240506,27.84810127,3.797468354,43.03797468,NA,0
Tioga_2016 Q3,Tioga,97,2016,6,5,39,12,34,1,Tioga,Krista Deats,R,1,1,0,0,,0,6.18556701,40.20618557,5.154639175,35.05154639,1.030927835,0
Tioga_2016 Q4,Tioga,83,2016,3,NA,27,6,46,1,Tioga,Krista Deats,R,1,1,0,0,,0,3.614457831,32.53012048,NA,55.42168675,1.204819277,0
Tioga_2017 Q1,Tioga,77,2017,6,NA,17,10,41,3,Tioga,Krista Deats,R,1,1,0,0,,0,7.792207792,22.07792208,NA,53.24675325,3.896103896,0
Tioga_2017 Q2,Tioga,77,2017,6,2,22,15,31,1,Tioga,Krista Deats,R,1,1,0,0,,0,7.792207792,28.57142857,2.597402597,40.25974026,1.298701299,0
Tioga_2017 Q3,Tioga,79,2017,4,NA,25,22,27,1,Tioga,Krista Deats,R,1,1,0,0,,0,5.063291139,31.64556962,NA,34.17721519,1.265822785,0
Tioga_2017 Q4,Tioga,67,2017,4,NA,23,12,28,NA,Tioga,Krista Deats,R,1,1,0,0,,0,5.970149254,34.32835821,NA,41.79104478,NA,0
Tioga_2018 Q1,Tioga,84,2018,22,NA,19,10,32,1,Tioga,Krista Deats,R,1,1,0,0,,0,26.19047619,22.61904762,NA,38.0952381,1.19047619,0.5
Tioga_2018 Q2,Tioga,56,2018,2,NA,19,8,23,4,Tioga,Krista Deats,R,1,1,0,0,,0,3.571428571,33.92857143,NA,41.07142857,7.142857143,0.5
Tioga_2018 Q3,Tioga,59,2018,5,NA,11,11,31,1,Tioga,Krista Deats,R,1,1,0,0,,0,8.474576271,18.6440678,NA,52.54237288,1.694915254,0.5
Tioga_2018 Q4,Tioga,68,2018,19,NA,13,12,23,1,Tioga,Krista Deats,R,1,1,0,0,,0,27.94117647,19.11764706,NA,33.82352941,1.470588235,0.5
Tioga_2019 Q1,Tioga,68,2019,5,NA,18,10,20,15,Tioga,Krista Deats,R,1,1,0,0,,0,7.352941176,26.47058824,NA,29.41176471,22.05882353,1
Tioga_2019 Q2,Tioga,68,2019,8,NA,21,9,25,5,Tioga,Krista Deats,R,1,1,0,0,,0,11.76470588,30.88235294,NA,36.76470588,7.352941176,1
Tioga_2019 Q3,Tioga,70,2019,8,NA,30,8,19,5,Tioga,Krista Deats,R,1,1,0,0,,0,11.42857143,42.85714286,NA,27.14285714,7.142857143,1
Tioga_2019 Q4,Tioga,76,2019,11,2,26,9,25,3,Tioga,Krista Deats,R,1,1,0,0,,0,14.47368421,34.21052632,2.631578947,32.89473684,3.947368421,1
Tioga_2020 Q1,Tioga,101,2020,12,NA,37,17,31,4,Tioga,Krista Deats,R,NA,NA,NA,NA,,0,11.88118812,36.63366337,NA,30.69306931,3.96039604,0
Tioga_2020 Q2,Tioga,67,2020,5,NA,32,11,17,2,Tioga,Krista Deats,R,NA,NA,NA,NA,,0,7.462686567,47.76119403,NA,25.37313433,2.985074627,0
Tioga_2020 Q3,Tioga,54,2020,7,NA,18,2,23,4,Tioga,Krista Deats,R,NA,NA,NA,NA,,0,12.96296296,33.33333333,NA,42.59259259,7.407407407,0
Tioga_2020 Q4,Tioga,49,2020,3,NA,19,10,13,4,Tioga,Krista Deats,R,NA,NA,NA,NA,,0,6.12244898,38.7755102,NA,26.53061224,8.163265306,0
Tioga_2021 Q1,Tioga,38,2021,11,NA,17,5,5,NA,Tioga,Krista Deats,R,NA,NA,NA,NA,,0,28.94736842,44.73684211,NA,13.15789474,NA,0
Tioga_2021 Q2,Tioga,69,2021,5,NA,29,8,22,5,Tioga,Krista Deats,R,NA,NA,NA,NA,,0,7.246376812,42.02898551,NA,31.88405797,7.246376812,0
Tioga_2021 Q3,Tioga,59,2021,9,NA,28,NA,19,3,Tioga,Krista Deats,R,NA,NA,NA,NA,,0,15.25423729,47.45762712,NA,32.20338983,5.084745763,0
Tioga_2021 Q4,Tioga,65,2021,10,NA,30,8,10,7,Tioga,Krista Deats,R,NA,NA,NA,NA,,0,15.38461538,46.15384615,NA,15.38461538,10.76923077,0
Union_2013 Q1,Union,87,2013,12,NA,31,4,40,NA,Union,,,NA,NA,NA,NA,Emailed,NA,13.79310345,35.63218391,NA,45.97701149,NA,0
Union_2013 Q2,Union,70,2013,18,NA,18,4,29,1,Union,,,NA,NA,NA,NA,,NA,25.71428571,25.71428571,NA,41.42857143,1.428571429,0
Union_2013 Q3,Union,82,2013,20,NA,16,4,42,NA,Union,,,NA,NA,NA,NA,,NA,24.3902439,19.51219512,NA,51.2195122,NA,0
Union_2013 Q4,Union,105,2013,18,NA,22,14,51,NA,Union,,,NA,NA,NA,NA,,NA,17.14285714,20.95238095,NA,48.57142857,NA,0
Union_2014 Q1,Union,90,2014,6,NA,20,10,53,1,Union,,,NA,NA,NA,NA,,NA,6.666666667,22.22222222,NA,58.88888889,1.111111111,0
Union_2014 Q2,Union,86,2014,29,NA,12,7,37,1,Union,,,NA,NA,NA,NA,,NA,33.72093023,13.95348837,NA,43.02325581,1.162790698,0
Union_2014 Q3,Union,156,2014,21,NA,31,8,96,NA,Union,,,NA,NA,NA,NA,,NA,13.46153846,19.87179487,NA,61.53846154,NA,0
Union_2014 Q4,Union,75,2014,17,NA,16,8,34,NA,Union,,,NA,NA,NA,NA,,NA,22.66666667,21.33333333,NA,45.33333333,NA,0
Union_2015 Q1,Union,75,2015,12,NA,8,19,36,NA,Union,,,NA,NA,NA,NA,,NA,16,10.66666667,NA,48,NA,0
Union_2015 Q2,Union,121,2015,20,NA,26,12,62,1,Union,,,NA,NA,NA,NA,,NA,16.52892562,21.48760331,NA,51.23966942,0.826446281,0
Union_2015 Q3,Union,75,2015,11,NA,13,8,41,2,Union,,,NA,NA,NA,NA,,NA,14.66666667,17.33333333,NA,54.66666667,2.666666667,0
Union_2015 Q4,Union,89,2015,23,NA,10,13,43,NA,Union,,,NA,NA,NA,NA,,NA,25.84269663,11.23595506,NA,48.31460674,NA,0
Union_2016 Q1,Union,87,2016,33,NA,7,9,38,NA,Union,,,NA,NA,NA,NA,,NA,37.93103448,8.045977011,NA,43.67816092,NA,0
Union_2016 Q2,Union,68,2016,11,NA,19,10,28,NA,Union,,,NA,NA,NA,NA,,NA,16.17647059,27.94117647,NA,41.17647059,NA,0
Union_2016 Q3,Union,76,2016,7,NA,14,13,42,NA,Union,,,NA,NA,NA,NA,,NA,9.210526316,18.42105263,NA,55.26315789,NA,0
Union_2016 Q4,Union,50,2016,9,NA,11,5,25,NA,Union,,,NA,NA,NA,NA,,NA,18,22,NA,50,NA,0
Union_2017 Q1,Union,104,2017,33,NA,21,13,36,1,Union,,,NA,NA,NA,NA,,NA,31.73076923,20.19230769,NA,34.61538462,0.961538462,0
Union_2017 Q2,Union,87,2017,30,NA,11,11,34,1,Union,,,NA,NA,NA,NA,,NA,34.48275862,12.64367816,NA,39.08045977,1.149425287,0
Union_2017 Q3,Union,62,2017,12,NA,16,5,29,NA,Union,,,NA,NA,NA,NA,,NA,19.35483871,25.80645161,NA,46.77419355,NA,0
Union_2017 Q4,Union,80,2017,20,NA,21,5,34,NA,Union,,,NA,NA,NA,NA,,NA,25,26.25,NA,42.5,NA,0
Union_2018 Q1,Union,85,2018,14,NA,19,9,40,3,Union,,,NA,NA,NA,NA,,NA,16.47058824,22.35294118,NA,47.05882353,3.529411765,0
Union_2018 Q2,Union,72,2018,8,NA,19,15,29,1,Union,,,NA,NA,NA,NA,,NA,11.11111111,26.38888889,NA,40.27777778,1.388888889,0
Union_2018 Q3,Union,66,2018,8,NA,14,14,29,1,Union,,,NA,NA,NA,NA,,NA,12.12121212,21.21212121,NA,43.93939394,1.515151515,0
Union_2018 Q4,Union,73,2018,15,NA,11,13,34,NA,Union,,,NA,NA,NA,NA,,NA,20.54794521,15.06849315,NA,46.57534247,NA,0
Union_2019 Q1,Union,64,2019,12,NA,9,10,31,2,Union,,,NA,NA,NA,NA,,NA,18.75,14.0625,NA,48.4375,3.125,0
Union_2019 Q2,Union,85,2019,20,NA,10,16,35,4,Union,,,NA,NA,NA,NA,,NA,23.52941176,11.76470588,NA,41.17647059,4.705882353,0
Union_2019 Q3,Union,90,2019,14,NA,14,13,49,NA,Union,,,NA,NA,NA,NA,,NA,15.55555556,15.55555556,NA,54.44444444,NA,0
Union_2019 Q4,Union,97,2019,42,NA,7,19,27,2,Union,,,NA,NA,NA,NA,,NA,43.29896907,7.216494845,NA,27.83505155,2.06185567,0
Union_2020 Q1,Union,90,2020,12,NA,11,16,51,NA,Union,,,NA,NA,NA,NA,,NA,13.33333333,12.22222222,NA,56.66666667,NA,0
Union_2020 Q2,Union,53,2020,7,NA,9,8,29,NA,Union,,,NA,NA,NA,NA,,NA,13.20754717,16.98113208,NA,54.71698113,NA,0
Union_2020 Q3,Union,41,2020,2,NA,3,15,20,1,Union,,,NA,NA,NA,NA,,NA,4.87804878,7.317073171,NA,48.7804878,2.43902439,0
Union_2020 Q4,Union,104,2020,3,NA,7,19,73,2,Union,,,NA,NA,NA,NA,,NA,2.884615385,6.730769231,NA,70.19230769,1.923076923,0
Union_2021 Q1,Union,57,2021,10,NA,7,16,23,1,Union,,,NA,NA,NA,NA,,NA,17.54385965,12.28070175,NA,40.35087719,1.754385965,0.5
Union_2021 Q2,Union,105,2021,14,NA,5,34,50,2,Union,,,NA,NA,NA,NA,,NA,13.33333333,4.761904762,NA,47.61904762,1.904761905,0.5
Union_2021 Q3,Union,61,2021,10,NA,5,17,26,3,Union,,,NA,NA,NA,NA,,NA,16.39344262,8.196721311,NA,42.62295082,4.918032787,0.5
Union_2021 Q4,Union,91,2021,11,NA,7,19,49,5,Union,,,NA,NA,NA,NA,,NA,12.08791209,7.692307692,NA,53.84615385,5.494505495,0.5
Venago_2013 Q1,Venago,0,2013,NA,NA,NA,NA,NA,NA,Venago,Marie Veon,R,0,NA,1,1,,0,NA,NA,NA,NA,NA,1
Venago_2013 Q2,Venago,0,2013,NA,NA,NA,NA,NA,NA,Venago,Marie Veon,R,0,NA,1,1,,0,NA,NA,NA,NA,NA,1
Venago_2013 Q3,Venago,0,2013,NA,NA,NA,NA,NA,NA,Venago,Marie Veon,R,0,NA,1,1,,0,NA,NA,NA,NA,NA,1
Venago_2013 Q4,Venago,0,2013,NA,NA,NA,NA,NA,NA,Venago,Marie Veon,R,0,NA,1,1,,0,NA,NA,NA,NA,NA,1
Venago_2014 Q1,Venago,0,2014,NA,NA,NA,NA,NA,NA,Venago,Shaun White,R,1,1,0,0,,0,NA,NA,NA,NA,NA,0
Venago_2014 Q2,Venago,0,2014,NA,NA,NA,NA,NA,NA,Venago,Shaun White,R,1,1,0,0,,0,NA,NA,NA,NA,NA,0
Venago_2014 Q3,Venago,0,2014,NA,NA,NA,NA,NA,NA,Venago,Shaun White,R,1,1,0,0,,0,NA,NA,NA,NA,NA,0
Venago_2014 Q4,Venago,0,2014,NA,NA,NA,NA,NA,NA,Venago,Shaun White,R,1,1,0,0,,0,NA,NA,NA,NA,NA,0
Venago_2015 Q1,Venago,0,2015,NA,NA,NA,NA,NA,NA,Venago,Shaun White,R,1,1,0,0,,0,NA,NA,NA,NA,NA,0
Venago_2015 Q2,Venago,0,2015,NA,NA,NA,NA,NA,NA,Venago,Shaun White,R,1,1,0,0,,0,NA,NA,NA,NA,NA,0
Venago_2015 Q3,Venago,0,2015,NA,NA,NA,NA,NA,NA,Venago,Shaun White,R,1,1,0,0,,0,NA,NA,NA,NA,NA,0
Venago_2015 Q4,Venago,0,2015,NA,NA,NA,NA,NA,NA,Venago,Shaun White,R,1,1,0,0,,0,NA,NA,NA,NA,NA,0
Venago_2016 Q1,Venago,0,2016,NA,NA,NA,NA,NA,NA,Venago,Shaun White,R,1,1,0,0,,0,NA,NA,NA,NA,NA,0.5
Venago_2016 Q2,Venago,0,2016,NA,NA,NA,NA,NA,NA,Venago,Shaun White,R,1,1,0,0,,0,NA,NA,NA,NA,NA,0.5
Venago_2016 Q3,Venago,0,2016,NA,NA,NA,NA,NA,NA,Venago,Shaun White,R,1,1,0,0,,0,NA,NA,NA,NA,NA,0.5
Venago_2016 Q4,Venago,0,2016,NA,NA,NA,NA,NA,NA,Venago,Shaun White,R,1,1,0,0,,0,NA,NA,NA,NA,NA,0.5
Venago_2017 Q1,Venago,0,2017,NA,NA,NA,NA,NA,NA,Venago,Shaun White,R,1,1,0,0,,0,NA,NA,NA,NA,NA,1
Venago_2017 Q2,Venago,0,2017,NA,NA,NA,NA,NA,NA,Venago,Shaun White,R,1,1,0,0,,0,NA,NA,NA,NA,NA,1
Venago_2017 Q3,Venago,0,2017,NA,NA,NA,NA,NA,NA,Venago,Shaun White,R,1,1,0,0,,0,NA,NA,NA,NA,NA,1
Venago_2017 Q4,Venago,0,2017,NA,NA,NA,NA,NA,NA,Venago,Shaun White,R,1,1,0,0,,0,NA,NA,NA,NA,NA,1
Venago_2018 Q1,Venago,0,2018,NA,NA,NA,NA,NA,NA,Venago,Shaun White,R,1,1,0,0,,0,NA,NA,NA,NA,NA,0
Venago_2018 Q2,Venago,0,2018,NA,NA,NA,NA,NA,NA,Venago,Shaun White,R,1,1,0,0,,0,NA,NA,NA,NA,NA,0
Venago_2018 Q3,Venago,0,2018,NA,NA,NA,NA,NA,NA,Venago,Shaun White,R,1,1,0,0,,0,NA,NA,NA,NA,NA,0
Venago_2018 Q4,Venago,0,2018,NA,NA,NA,NA,NA,NA,Venago,Shaun White,R,1,1,0,0,,0,NA,NA,NA,NA,NA,0
Venago_2019 Q1,Venago,0,2019,NA,NA,NA,NA,NA,NA,Venago,Shaun White,R,1,1,0,0,,0,NA,NA,NA,NA,NA,0
Venago_2019 Q2,Venago,0,2019,NA,NA,NA,NA,NA,NA,Venago,Shaun White,R,1,1,0,0,,0,NA,NA,NA,NA,NA,0
Venago_2019 Q3,Venago,0,2019,NA,NA,NA,NA,NA,NA,Venago,Shaun White,R,1,1,0,0,,0,NA,NA,NA,NA,NA,0
Venago_2019 Q4,Venago,0,2019,NA,NA,NA,NA,NA,NA,Venago,Shaun White,R,1,1,0,0,,0,NA,NA,NA,NA,NA,0
Venago_2020 Q1,Venago,0,2020,NA,NA,NA,NA,NA,NA,Venago,Shaun White,R,1,1,0,0,,0,NA,NA,NA,NA,NA,0.5
Venago_2020 Q2,Venago,0,2020,NA,NA,NA,NA,NA,NA,Venago,Shaun White,R,1,1,0,0,,0,NA,NA,NA,NA,NA,0.5
Venago_2020 Q3,Venago,0,2020,NA,NA,NA,NA,NA,NA,Venago,Shaun White,R,1,1,0,0,,0,NA,NA,NA,NA,NA,0.5
Venago_2020 Q4,Venago,0,2020,NA,NA,NA,NA,NA,NA,Venago,Shaun White,R,1,1,0,0,,0,NA,NA,NA,NA,NA,0.5
Venago_2021 Q1,Venago,0,2021,NA,NA,NA,NA,NA,NA,Venago,Shaun White,R,1,1,0,0,,0,NA,NA,NA,NA,NA,1
Venago_2021 Q2,Venago,0,2021,NA,NA,NA,NA,NA,NA,Venago,Shaun White,R,1,1,0,0,,0,NA,NA,NA,NA,NA,1
Venago_2021 Q3,Venago,0,2021,NA,NA,NA,NA,NA,NA,Venago,Shaun White,R,1,1,0,0,,0,NA,NA,NA,NA,NA,1
Venago_2021 Q4,Venago,0,2021,NA,NA,NA,NA,NA,NA,Venago,Shaun White,R,1,1,0,0,,0,NA,NA,NA,NA,NA,1
Warren_2013 Q1,Warren,101,2013,33,NA,36,6,24,2,Warren,,,NA,NA,NA,NA,,NA,32.67326733,35.64356436,NA,23.76237624,1.98019802,0
Warren_2013 Q2,Warren,103,2013,23,NA,41,5,33,1,Warren,,,NA,NA,NA,NA,,NA,22.33009709,39.80582524,NA,32.03883495,0.970873786,0
Warren_2013 Q3,Warren,122,2013,25,NA,49,7,40,1,Warren,,,NA,NA,NA,NA,,NA,20.49180328,40.16393443,NA,32.78688525,0.819672131,0
Warren_2013 Q4,Warren,94,2013,12,NA,50,3,27,2,Warren,,,NA,NA,NA,NA,,NA,12.76595745,53.19148936,NA,28.72340426,2.127659574,0
Warren_2014 Q1,Warren,70,2014,23,NA,22,5,17,3,Warren,,,NA,NA,NA,NA,,NA,32.85714286,31.42857143,NA,24.28571429,4.285714286,0
Warren_2014 Q2,Warren,78,2014,26,NA,18,9,24,1,Warren,,,NA,NA,NA,NA,,NA,33.33333333,23.07692308,NA,30.76923077,1.282051282,0
Warren_2014 Q3,Warren,155,2014,34,NA,44,10,64,3,Warren,,,NA,NA,NA,NA,,NA,21.93548387,28.38709677,NA,41.29032258,1.935483871,0
Warren_2014 Q4,Warren,85,2014,33,NA,24,6,21,1,Warren,,,NA,NA,NA,NA,,NA,38.82352941,28.23529412,NA,24.70588235,1.176470588,0
Warren_2015 Q1,Warren,116,2015,43,NA,25,10,38,NA,Warren,,,NA,NA,NA,NA,,NA,37.06896552,21.55172414,NA,32.75862069,NA,0
Warren_2015 Q2,Warren,96,2015,21,NA,37,6,28,4,Warren,,,NA,NA,NA,NA,,NA,21.875,38.54166667,NA,29.16666667,4.166666667,0
Warren_2015 Q3,Warren,133,2015,38,NA,40,15,36,4,Warren,,,NA,NA,NA,NA,,NA,28.57142857,30.07518797,NA,27.06766917,3.007518797,0
Warren_2015 Q4,Warren,145,2015,29,1,54,16,40,5,Warren,,,NA,NA,NA,NA,,NA,20,37.24137931,0.689655172,27.5862069,3.448275862,0
Warren_2016 Q1,Warren,128,2016,45,NA,32,19,32,NA,Warren,,,NA,NA,NA,NA,,NA,35.15625,25,NA,25,NA,0
Warren_2016 Q2,Warren,99,2016,20,NA,33,15,31,NA,Warren,,,NA,NA,NA,NA,,NA,20.2020202,33.33333333,NA,31.31313131,NA,0
Warren_2016 Q3,Warren,62,2016,12,NA,22,10,16,2,Warren,,,NA,NA,NA,NA,,NA,19.35483871,35.48387097,NA,25.80645161,3.225806452,0
Warren_2016 Q4,Warren,100,2016,13,NA,25,24,36,2,Warren,,,NA,NA,NA,NA,,NA,13,25,NA,36,2,0
Warren_2017 Q1,Warren,140,2017,34,NA,43,20,38,5,Warren,,,NA,NA,NA,NA,,NA,24.28571429,30.71428571,NA,27.14285714,3.571428571,0
Warren_2017 Q2,Warren,114,2017,38,NA,23,18,34,1,Warren,,,NA,NA,NA,NA,,NA,33.33333333,20.1754386,NA,29.8245614,0.877192982,0
Warren_2017 Q3,Warren,117,2017,33,NA,22,25,35,2,Warren,,,NA,NA,NA,NA,,NA,28.20512821,18.8034188,NA,29.91452991,1.709401709,0
Warren_2017 Q4,Warren,131,2017,62,NA,21,15,31,2,Warren,,,NA,NA,NA,NA,,NA,47.32824427,16.03053435,NA,23.66412214,1.526717557,0
Warren_2018 Q1,Warren,100,2018,25,NA,18,22,35,NA,Warren,,,NA,NA,NA,NA,,NA,25,18,NA,35,NA,0
Warren_2018 Q2,Warren,112,2018,30,NA,23,35,21,3,Warren,,,NA,NA,NA,NA,,NA,26.78571429,20.53571429,NA,18.75,2.678571429,0
Warren_2018 Q3,Warren,78,2018,8,NA,24,17,26,3,Warren,,,NA,NA,NA,NA,,NA,10.25641026,30.76923077,NA,33.33333333,3.846153846,0
Warren_2018 Q4,Warren,109,2018,32,NA,30,27,16,4,Warren,,,NA,NA,NA,NA,,NA,29.35779817,27.52293578,NA,14.67889908,3.669724771,0
Warren_2019 Q1,Warren,56,2019,20,NA,11,8,16,1,Warren,,,NA,NA,NA,NA,,NA,35.71428571,19.64285714,NA,28.57142857,1.785714286,0
Warren_2019 Q2,Warren,93,2019,22,NA,22,30,17,2,Warren,,,NA,NA,NA,NA,,NA,23.65591398,23.65591398,NA,18.27956989,2.150537634,0
Warren_2019 Q3,Warren,158,2019,22,NA,28,34,54,20,Warren,,,NA,NA,NA,NA,,NA,13.92405063,17.72151899,NA,34.17721519,12.65822785,0
Warren_2019 Q4,Warren,103,2019,31,NA,21,18,32,1,Warren,,,NA,NA,NA,NA,,NA,30.09708738,20.38834951,NA,31.06796117,0.970873786,0
Warren_2020 Q1,Warren,83,2020,24,NA,17,20,18,4,Warren,,,NA,NA,NA,NA,,NA,28.91566265,20.48192771,NA,21.68674699,4.819277108,0
Warren_2020 Q2,Warren,67,2020,22,NA,16,11,18,NA,Warren,,,NA,NA,NA,NA,,NA,32.8358209,23.88059701,NA,26.86567164,NA,0
Warren_2020 Q3,Warren,111,2020,26,NA,31,21,33,NA,Warren,,,NA,NA,NA,NA,,NA,23.42342342,27.92792793,NA,29.72972973,NA,0
Warren_2020 Q4,Warren,109,2020,45,NA,15,18,31,NA,Warren,,,NA,NA,NA,NA,,NA,41.28440367,13.76146789,NA,28.44036697,NA,0
Warren_2021 Q1,Warren,12,2021,10,NA,1,1,NA,NA,Warren,,,NA,NA,NA,NA,,NA,83.33333333,8.333333333,NA,NA,NA,0
Warren_2021 Q2,Warren,70,2021,22,NA,14,13,21,NA,Warren,,,NA,NA,NA,NA,,NA,31.42857143,20,NA,30,NA,0
Warren_2021 Q3,Warren,176,2021,65,NA,32,41,33,5,Warren,,,NA,NA,NA,NA,,NA,36.93181818,18.18181818,NA,18.75,2.840909091,0
Warren_2021 Q4,Warren,114,2021,29,NA,30,21,33,1,Warren,,,NA,NA,NA,NA,,NA,25.43859649,26.31578947,NA,28.94736842,0.877192982,0
Washington_2013 Q1,Washington,16,2013,NA,NA,NA,1,15,NA,Washington,Eugene Vittone,R,1,1,0,1,,0,NA,NA,NA,93.75,NA,0
Washington_2013 Q2,Washington,4,2013,NA,NA,2,NA,2,NA,Washington,Eugene Vittone,R,1,1,0,1,,0,NA,50,NA,50,NA,0
Washington_2013 Q3,Washington,10,2013,NA,NA,2,1,7,NA,Washington,Eugene Vittone,R,1,1,0,1,,0,NA,20,NA,70,NA,0
Washington_2013 Q4,Washington,4,2013,1,NA,NA,NA,3,NA,Washington,Eugene Vittone,R,1,1,0,1,,0,25,NA,NA,75,NA,0
Washington_2014 Q1,Washington,65,2014,2,NA,17,8,37,1,Washington,Eugene Vittone,R,1,1,0,1,,0,3.076923077,26.15384615,NA,56.92307692,1.538461538,0.5
Washington_2014 Q2,Washington,127,2014,6,NA,45,9,66,1,Washington,Eugene Vittone,R,1,1,0,1,,0,4.724409449,35.43307087,NA,51.96850394,0.787401575,0.5
Washington_2014 Q3,Washington,138,2014,24,1,33,12,67,1,Washington,Eugene Vittone,R,1,1,0,1,,0,17.39130435,23.91304348,0.724637681,48.55072464,0.724637681,0.5
Washington_2014 Q4,Washington,105,2014,3,NA,26,16,60,NA,Washington,Eugene Vittone,R,1,1,0,1,,0,2.857142857,24.76190476,NA,57.14285714,NA,0.5
Washington_2015 Q1,Washington,340,2015,60,NA,80,43,152,5,Washington,Eugene Vittone,R,1,1,0,1,,0,17.64705882,23.52941176,NA,44.70588235,1.470588235,1
Washington_2015 Q2,Washington,549,2015,75,2,103,90,274,5,Washington,Eugene Vittone,R,1,1,0,1,,0,13.66120219,18.76138434,0.364298725,49.90892532,0.910746812,1
Washington_2015 Q3,Washington,383,2015,50,1,51,45,226,10,Washington,Eugene Vittone,R,1,1,0,1,,0,13.05483029,13.31592689,0.261096606,59.0078329,2.610966057,1
Washington_2015 Q4,Washington,251,2015,34,NA,39,24,147,7,Washington,Eugene Vittone,R,1,1,0,1,,0,13.54581673,15.53784861,NA,58.56573705,2.788844622,1
Washington_2016 Q1,Washington,270,2016,28,1,27,57,150,7,Washington,Eugene Vittone,R,1,1,0,1,,0,10.37037037,10,0.37037037,55.55555556,2.592592593,0
Washington_2016 Q2,Washington,365,2016,33,NA,48,89,182,13,Washington,Eugene Vittone,R,1,1,0,1,,0,9.04109589,13.15068493,NA,49.8630137,3.561643836,0
Washington_2016 Q3,Washington,514,2016,21,2,70,80,325,16,Washington,Eugene Vittone,R,1,1,0,1,,0,4.085603113,13.61867704,0.389105058,63.22957198,3.112840467,0
Washington_2016 Q4,Washington,402,2016,12,NA,48,99,233,10,Washington,Eugene Vittone,R,1,1,0,1,,0,2.985074627,11.94029851,NA,57.960199,2.487562189,0
Washington_2017 Q1,Washington,505,2017,23,NA,58,109,297,18,Washington,Eugene Vittone,R,1,1,0,1,,0,4.554455446,11.48514851,NA,58.81188119,3.564356436,0
Washington_2017 Q2,Washington,370,2017,17,1,37,45,254,16,Washington,Eugene Vittone,R,1,1,0,1,,0,4.594594595,10,0.27027027,68.64864865,4.324324324,0
Washington_2017 Q3,Washington,227,2017,15,NA,31,25,146,10,Washington,Eugene Vittone,R,1,1,0,1,,0,6.607929515,13.65638767,NA,64.31718062,4.405286344,0
Washington_2017 Q4,Washington,214,2017,15,NA,33,19,135,12,Washington,Eugene Vittone,R,1,1,0,1,,0,7.009345794,15.42056075,NA,63.08411215,5.607476636,0
Washington_2018 Q1,Washington,456,2018,37,1,78,81,257,2,Washington,Eugene Vittone,R,1,1,0,1,,0,8.114035088,17.10526316,0.219298246,56.35964912,0.438596491,0.5
Washington_2018 Q2,Washington,545,2018,55,1,67,101,320,1,Washington,Eugene Vittone,R,1,1,0,1,,0,10.09174312,12.29357798,0.183486239,58.71559633,0.183486239,0.5
Washington_2018 Q3,Washington,311,2018,37,3,56,16,198,1,Washington,Eugene Vittone,R,1,1,0,1,,0,11.89710611,18.00643087,0.964630225,63.66559486,0.321543408,0.5
Washington_2018 Q4,Washington,197,2018,16,NA,47,22,112,NA,Washington,Eugene Vittone,R,1,1,0,1,,0,8.121827411,23.85786802,NA,56.85279188,NA,0.5
Washington_2019 Q1,Washington,411,2019,56,31,65,41,218,NA,Washington,Eugene Vittone,R,1,1,0,1,,0,13.62530414,15.81508516,7.542579075,53.04136253,NA,1
Washington_2019 Q2,Washington,504,2019,72,38,89,47,256,2,Washington,Eugene Vittone,R,1,1,0,1,,0,14.28571429,17.65873016,7.53968254,50.79365079,0.396825397,1
Washington_2019 Q3,Washington,405,2019,74,31,52,54,194,NA,Washington,Eugene Vittone,R,1,1,0,1,,0,18.27160494,12.83950617,7.654320988,47.90123457,NA,1
Washington_2019 Q4,Washington,418,2019,57,NA,65,59,236,1,Washington,Eugene Vittone,R,1,1,0,1,,0,13.63636364,15.55023923,NA,56.45933014,0.23923445,1
Washington_2020 Q1,Washington,382,2020,47,NA,61,33,239,2,Washington,Eugene Vittone,R,NA,NA,NA,NA,,0,12.30366492,15.96858639,NA,62.56544503,0.523560209,0
Washington_2020 Q2,Washington,220,2020,16,NA,55,19,128,2,Washington,Eugene Vittone,R,NA,NA,NA,NA,,0,7.272727273,25,NA,58.18181818,0.909090909,0
Washington_2020 Q3,Washington,383,2020,34,NA,39,56,226,28,Washington,Eugene Vittone,R,NA,NA,NA,NA,,0,8.877284595,10.18276762,NA,59.0078329,7.310704961,0
Washington_2020 Q4,Washington,309,2020,30,NA,55,47,176,1,Washington,Eugene Vittone,R,NA,NA,NA,NA,,0,9.708737864,17.79935275,NA,56.9579288,0.323624595,0
Washington_2021 Q1,Washington,603,2021,92,NA,64,190,256,1,Washington,Eugene Vittone,R,NA,NA,NA,NA,,0,15.25704809,10.61359867,NA,42.45439469,0.165837479,0
Washington_2021 Q2,Washington,506,2021,33,NA,98,100,271,4,Washington,Eugene Vittone,R,NA,NA,NA,NA,,0,6.52173913,19.36758893,NA,53.55731225,0.790513834,0
Washington_2021 Q3,Washington,489,2021,46,NA,84,151,207,1,Washington,Eugene Vittone,R,NA,NA,NA,NA,,0,9.406952965,17.17791411,NA,42.33128834,0.204498978,0
Washington_2021 Q4,Washington,418,2021,50,NA,90,88,190,NA,Washington,Eugene Vittone,R,NA,NA,NA,NA,,0,11.96172249,21.53110048,NA,45.45454545,NA,0
Wayne_2013 Q1,Wayne,76,2013,7,NA,57,NA,11,1,Wayne,Janine Edwards,R,1,1,1,0,,0,9.210526316,75,NA,14.47368421,1.315789474,0
Wayne_2013 Q2,Wayne,139,2013,24,NA,72,1,30,12,Wayne,Janine Edwards,R,1,1,1,0,,0,17.26618705,51.79856115,NA,21.58273381,8.633093525,0
Wayne_2013 Q3,Wayne,80,2013,20,NA,43,1,13,3,Wayne,Janine Edwards,R,1,1,1,0,,0,25,53.75,NA,16.25,3.75,0
Wayne_2013 Q4,Wayne,112,2013,32,NA,55,NA,13,12,Wayne,Janine Edwards,R,1,1,1,0,,0,28.57142857,49.10714286,NA,11.60714286,10.71428571,0
Wayne_2014 Q1,Wayne,86,2014,18,NA,42,1,21,4,Wayne,Janine Edwards,R,1,1,1,0,,0,20.93023256,48.8372093,NA,24.41860465,4.651162791,0.5
Wayne_2014 Q2,Wayne,124,2014,13,NA,65,1,31,14,Wayne,Janine Edwards,R,1,1,1,0,,0,10.48387097,52.41935484,NA,25,11.29032258,0.5
Wayne_2014 Q3,Wayne,77,2014,13,1,35,6,19,3,Wayne,Janine Edwards,R,1,1,1,0,,0,16.88311688,45.45454545,1.298701299,24.67532468,3.896103896,0.5
Wayne_2014 Q4,Wayne,108,2014,30,NA,45,6,22,5,Wayne,Janine Edwards,R,1,1,1,0,,0,27.77777778,41.66666667,NA,20.37037037,4.62962963,0.5
Wayne_2015 Q1,Wayne,106,2015,35,NA,47,1,21,2,Wayne,Janine Edwards,R,1,1,1,0,,0,33.01886792,44.33962264,NA,19.81132075,1.886792453,1
Wayne_2015 Q2,Wayne,99,2015,32,NA,49,2,14,2,Wayne,Janine Edwards,R,1,1,1,0,,0,32.32323232,49.49494949,NA,14.14141414,2.02020202,1
Wayne_2015 Q3,Wayne,69,2015,17,NA,28,2,17,5,Wayne,Janine Edwards,R,1,1,1,0,,0,24.63768116,40.57971014,NA,24.63768116,7.246376812,1
Wayne_2015 Q4,Wayne,68,2015,4,NA,47,1,13,3,Wayne,Janine Edwards,R,1,1,1,0,,0,5.882352941,69.11764706,NA,19.11764706,4.411764706,1
Wayne_2016 Q1,Wayne,75,2016,9,NA,48,1,13,4,Wayne,Janine Edwards,R,0,NA,NA,NA,,0,12,64,NA,17.33333333,5.333333333,0
Wayne_2016 Q2,Wayne,85,2016,8,NA,54,3,15,5,Wayne,Janine Edwards,R,0,NA,NA,NA,,0,9.411764706,63.52941176,NA,17.64705882,5.882352941,0
Wayne_2016 Q3,Wayne,86,2016,13,NA,43,5,23,2,Wayne,Janine Edwards,R,0,NA,NA,NA,,0,15.11627907,50,NA,26.74418605,2.325581395,0
Wayne_2016 Q4,Wayne,86,2016,17,5,33,3,24,4,Wayne,Janine Edwards,R,0,NA,NA,NA,,0,19.76744186,38.37209302,5.813953488,27.90697674,4.651162791,0
Wayne_2017 Q1,Wayne,98,2017,6,NA,58,2,24,8,Wayne,Janine Edwards,R,0,NA,NA,NA,,0,6.12244898,59.18367347,NA,24.48979592,8.163265306,0
Wayne_2017 Q2,Wayne,91,2017,13,NA,52,NA,26,NA,Wayne,Janine Edwards,R,0,NA,NA,NA,,0,14.28571429,57.14285714,NA,28.57142857,NA,0
Wayne_2017 Q3,Wayne,50,2017,9,NA,35,NA,6,NA,Wayne,Janine Edwards,R,0,NA,NA,NA,,0,18,70,NA,12,NA,0
Wayne_2017 Q4,Wayne,85,2017,24,NA,38,1,18,4,Wayne,Janine Edwards,R,0,NA,NA,NA,,0,28.23529412,44.70588235,NA,21.17647059,4.705882353,0
Wayne_2018 Q1,Wayne,43,2018,10,NA,22,2,8,1,Wayne,Janine Edwards,R,0,NA,NA,NA,,0,23.25581395,51.1627907,NA,18.60465116,2.325581395,0.5
Wayne_2018 Q2,Wayne,84,2018,5,NA,51,1,24,3,Wayne,Janine Edwards,R,0,NA,NA,NA,,0,5.952380952,60.71428571,NA,28.57142857,3.571428571,0.5
Wayne_2018 Q3,Wayne,108,2018,12,NA,62,2,28,4,Wayne,Janine Edwards,R,0,NA,NA,NA,,0,11.11111111,57.40740741,NA,25.92592593,3.703703704,0.5
Wayne_2018 Q4,Wayne,135,2018,25,NA,69,7,26,8,Wayne,Janine Edwards,R,0,NA,NA,NA,,0,18.51851852,51.11111111,NA,19.25925926,5.925925926,0.5
Wayne_2019 Q1,Wayne,94,2019,11,NA,50,7,22,4,Wayne,Janine Edwards,R,0,NA,0,1,,0,11.70212766,53.19148936,NA,23.40425532,4.255319149,1
Wayne_2019 Q2,Wayne,106,2019,25,NA,43,7,25,6,Wayne,Janine Edwards,R,0,NA,0,1,,0,23.58490566,40.56603774,NA,23.58490566,5.660377358,1
Wayne_2019 Q3,Wayne,45,2019,3,NA,26,3,11,2,Wayne,Janine Edwards,R,0,NA,0,1,,0,6.666666667,57.77777778,NA,24.44444444,4.444444444,1
Wayne_2019 Q4,Wayne,104,2019,14,NA,57,4,28,1,Wayne,Janine Edwards,R,0,NA,0,1,,0,13.46153846,54.80769231,NA,26.92307692,0.961538462,1
Wayne_2020 Q1,Wayne,36,2020,9,NA,13,5,9,NA,Wayne,A.G. Howell,R,NA,NA,NA,NA,,0,25,36.11111111,NA,25,NA,0
Wayne_2020 Q2,Wayne,48,2020,13,NA,22,5,5,3,Wayne,A.G. Howell,R,NA,NA,NA,NA,,0,27.08333333,45.83333333,NA,10.41666667,6.25,0
Wayne_2020 Q3,Wayne,31,2020,12,NA,13,3,3,NA,Wayne,A.G. Howell,R,NA,NA,NA,NA,,0,38.70967742,41.93548387,NA,9.677419355,NA,0
Wayne_2020 Q4,Wayne,93,2020,18,NA,25,12,32,6,Wayne,A.G. Howell,R,NA,NA,NA,NA,,0,19.35483871,26.88172043,NA,34.40860215,6.451612903,0
Wayne_2021 Q1,Wayne,77,2021,14,NA,32,11,19,1,Wayne,A.G. Howell,R,NA,NA,NA,NA,,0,18.18181818,41.55844156,NA,24.67532468,1.298701299,0.5
Wayne_2021 Q2,Wayne,94,2021,19,NA,37,7,25,6,Wayne,A.G. Howell,R,NA,NA,NA,NA,,0,20.21276596,39.36170213,NA,26.59574468,6.382978723,0.5
Wayne_2021 Q3,Wayne,101,2021,22,NA,34,12,29,4,Wayne,A.G. Howell,R,NA,NA,NA,NA,,0,21.78217822,33.66336634,NA,28.71287129,3.96039604,0.5
Wayne_2021 Q4,Wayne,93,2021,18,NA,35,6,33,1,Wayne,A.G. Howell,R,NA,NA,NA,NA,,0,19.35483871,37.6344086,NA,35.48387097,1.075268817,0.5
Westmoreland_2013 Q1,Westmoreland,1163,2013,103,2,300,129,441,188,Westmoreland,John Peck,D,1,1,1,1,,0,8.856405847,25.79535684,0.171969046,37.91917455,16.16509028,1
Westmoreland_2013 Q2,Westmoreland,1607,2013,178,11,331,170,575,342,Westmoreland,John Peck,D,1,1,1,1,,0,11.07654014,20.59738643,0.684505289,35.78095831,21.28189172,1
Westmoreland_2013 Q3,Westmoreland,1095,2013,121,41,253,121,443,116,Westmoreland,John Peck,D,1,1,1,1,,0,11.05022831,23.10502283,3.744292237,40.456621,10.59360731,1
Westmoreland_2013 Q4,Westmoreland,1371,2013,162,3,318,135,554,199,Westmoreland,John Peck,D,1,1,1,1,,0,11.81619256,23.19474836,0.218818381,40.40846098,14.51495259,1
Westmoreland_2014 Q1,Westmoreland,1359,2014,173,1,293,149,522,221,Westmoreland,John Peck,D,1,1,0,0,,0,12.72994849,21.55997057,0.073583517,38.41059603,16.26195732,0
Westmoreland_2014 Q2,Westmoreland,1348,2014,106,23,304,145,543,227,Westmoreland,John Peck,D,1,1,0,0,,0,7.863501484,22.55192878,1.706231454,40.28189911,16.83976261,0
Westmoreland_2014 Q3,Westmoreland,1311,2014,108,11,303,162,533,194,Westmoreland,John Peck,D,1,1,0,0,,0,8.23798627,23.11212815,0.839054157,40.6559878,14.79786423,0
Westmoreland_2014 Q4,Westmoreland,1614,2014,180,18,327,207,628,254,Westmoreland,John Peck,D,1,1,0,0,,0,11.15241636,20.26022305,1.115241636,38.90954151,15.73729864,0
Westmoreland_2015 Q1,Westmoreland,1275,2015,104,NA,341,145,537,148,Westmoreland,John Peck,D,1,1,0,0,,0,8.156862745,26.74509804,NA,42.11764706,11.60784314,0
Westmoreland_2015 Q2,Westmoreland,1248,2015,104,5,323,98,523,195,Westmoreland,John Peck,D,1,1,0,0,,0,8.333333333,25.88141026,0.400641026,41.90705128,15.625,0
Westmoreland_2015 Q3,Westmoreland,1209,2015,116,4,297,138,494,160,Westmoreland,John Peck,D,1,1,0,0,,0,9.594706369,24.56575682,0.330851944,40.86021505,13.23407775,0
Westmoreland_2015 Q4,Westmoreland,823,2015,56,16,159,105,415,72,Westmoreland,John Peck,D,1,1,0,0,,0,6.804374241,19.31956258,1.944106926,50.42527339,8.748481166,0
Westmoreland_2016 Q1,Westmoreland,1288,2016,66,1,300,155,613,153,Westmoreland,John Peck,D,1,1,0,0,,0,5.124223602,23.29192547,0.077639752,47.5931677,11.87888199,0.5
Westmoreland_2016 Q2,Westmoreland,1415,2016,121,37,358,169,641,89,Westmoreland,John Peck,D,1,1,0,0,,0,8.551236749,25.30035336,2.614840989,45.30035336,6.28975265,0.5
Westmoreland_2016 Q3,Westmoreland,1575,2016,108,5,365,153,758,186,Westmoreland,John Peck,D,1,1,0,0,,0,6.857142857,23.17460317,0.317460317,48.12698413,11.80952381,0.5
Westmoreland_2016 Q4,Westmoreland,1445,2016,136,8,330,145,643,183,Westmoreland,John Peck,D,1,1,0,0,,0,9.411764706,22.83737024,0.553633218,44.4982699,12.66435986,0.5
Westmoreland_2017 Q1,Westmoreland,1678,2017,132,3,438,136,769,200,Westmoreland,John Peck,D,1,1,0,0,,0,7.866507747,26.10250298,0.178784267,45.8283671,11.91895113,1
Westmoreland_2017 Q2,Westmoreland,1425,2017,84,6,309,147,658,221,Westmoreland,John Peck,D,1,1,0,0,,0,5.894736842,21.68421053,0.421052632,46.1754386,15.50877193,1
Westmoreland_2017 Q3,Westmoreland,1382,2017,117,9,325,130,599,202,Westmoreland,John Peck,D,1,1,0,0,,0,8.465991317,23.51664255,0.651230101,43.34298119,14.61649783,1
Westmoreland_2017 Q4,Westmoreland,1368,2017,144,4,349,139,597,135,Westmoreland,John Peck,D,1,1,0,0,,0,10.52631579,25.51169591,0.292397661,43.64035088,9.868421053,1
Westmoreland_2018 Q1,Westmoreland,1475,2018,162,NA,414,138,577,184,Westmoreland,John Peck,D,1,1,0,0,,0,10.98305085,28.06779661,NA,39.11864407,12.47457627,0
Westmoreland_2018 Q2,Westmoreland,1268,2018,130,5,342,164,495,132,Westmoreland,John Peck,D,1,1,0,0,,0,10.25236593,26.97160883,0.394321767,39.03785489,10.41009464,0
Westmoreland_2018 Q3,Westmoreland,1317,2018,119,9,395,139,536,119,Westmoreland,John Peck,D,1,1,0,0,,0,9.035687168,29.99240699,0.683371298,40.69855733,9.035687168,0
Westmoreland_2018 Q4,Westmoreland,1105,2018,116,NA,264,133,503,89,Westmoreland,John Peck,D,1,1,0,0,,0,10.49773756,23.89140271,NA,45.52036199,8.054298643,0
Westmoreland_2019 Q1,Westmoreland,1346,2019,194,2,343,159,525,123,Westmoreland,John Peck,D,1,1,0,0,,0,14.41307578,25.48291233,0.14858841,39.00445765,9.138187221,0
Westmoreland_2019 Q2,Westmoreland,1291,2019,88,NA,307,175,584,137,Westmoreland,John Peck,D,1,1,0,0,,0,6.816421379,23.78001549,NA,45.23625097,10.61192874,0
Westmoreland_2019 Q3,Westmoreland,1252,2019,87,4,348,131,546,136,Westmoreland,John Peck,D,1,1,0,0,,0,6.948881789,27.79552716,0.319488818,43.61022364,10.86261981,0
Westmoreland_2019 Q4,Westmoreland,1494,2019,84,NA,369,196,688,157,Westmoreland,John Peck,D,1,1,0,0,,0,5.62248996,24.69879518,NA,46.05087015,10.50870147,0
Westmoreland_2020 Q1,Westmoreland,930,2020,81,NA,230,106,424,89,Westmoreland,John Peck,D,1,1,0,0,,0,8.709677419,24.7311828,NA,45.59139785,9.569892473,0.5
Westmoreland_2020 Q2,Westmoreland,452,2020,39,NA,144,38,206,25,Westmoreland,John Peck,D,1,1,0,0,,0,8.628318584,31.85840708,NA,45.57522124,5.530973451,0.5
Westmoreland_2020 Q3,Westmoreland,1099,2020,101,NA,244,142,469,143,Westmoreland,John Peck,D,1,1,0,0,,0,9.190172884,22.20200182,NA,42.67515924,13.01182894,0.5
Westmoreland_2020 Q4,Westmoreland,894,2020,65,NA,198,115,400,116,Westmoreland,John Peck,D,1,1,0,0,,0,7.270693512,22.14765101,NA,44.74272931,12.9753915,0.5
Westmoreland_2021 Q1,Westmoreland,1385,2021,76,NA,270,190,707,142,Westmoreland,John Peck,D,1,1,0,0,,0,5.487364621,19.49458484,NA,51.04693141,10.25270758,1
Westmoreland_2021 Q2,Westmoreland,1199,2021,97,NA,247,141,523,191,Westmoreland,John Peck,D,1,1,0,0,,0,8.090075063,20.60050042,NA,43.61968307,15.92994162,1
Westmoreland_2021 Q3,Westmoreland,1272,2021,110,NA,303,131,623,105,Westmoreland,John Peck,D,1,1,0,0,,0,8.647798742,23.82075472,NA,48.97798742,8.254716981,1
Westmoreland_2021 Q4,Westmoreland,1174,2021,63,NA,234,138,617,122,Westmoreland,John Peck,D,1,1,0,0,,0,5.366269165,19.9318569,NA,52.55536627,10.39182283,1
Wyoming_2013 Q1,Wyoming,97,2013,27,2,41,5,21,1,Wyoming,Jeff Mitchell,D,1,1,0,0,,0,27.83505155,42.26804124,2.06185567,21.64948454,1.030927835,0
Wyoming_2013 Q2,Wyoming,106,2013,23,NA,43,17,22,1,Wyoming,Jeff Mitchell,D,1,1,0,0,,0,21.69811321,40.56603774,NA,20.75471698,0.943396226,0
Wyoming_2013 Q3,Wyoming,77,2013,15,2,37,9,13,1,Wyoming,Jeff Mitchell,D,1,1,0,0,,0,19.48051948,48.05194805,2.597402597,16.88311688,1.298701299,0
Wyoming_2013 Q4,Wyoming,77,2013,16,5,39,4,12,1,Wyoming,Jeff Mitchell,D,1,1,0,0,,0,20.77922078,50.64935065,6.493506494,15.58441558,1.298701299,0
Wyoming_2014 Q1,Wyoming,89,2014,19,2,33,13,22,NA,Wyoming,Jeff Mitchell,D,1,1,0,0,,0,21.34831461,37.07865169,2.247191011,24.71910112,NA,0
Wyoming_2014 Q2,Wyoming,108,2014,29,5,38,11,25,NA,Wyoming,Jeff Mitchell,D,1,1,0,0,,0,26.85185185,35.18518519,4.62962963,23.14814815,NA,0
Wyoming_2014 Q3,Wyoming,74,2014,13,5,33,6,16,1,Wyoming,Jeff Mitchell,D,1,1,0,0,,0,17.56756757,44.59459459,6.756756757,21.62162162,1.351351351,0
Wyoming_2014 Q4,Wyoming,80,2014,8,2,40,10,17,3,Wyoming,Jeff Mitchell,D,1,1,0,0,,0,10,50,2.5,21.25,3.75,0
Wyoming_2015 Q1,Wyoming,100,2015,12,4,40,18,25,1,Wyoming,Jeff Mitchell,D,1,1,0,0,,0,12,40,4,25,1,0
Wyoming_2015 Q2,Wyoming,82,2015,13,2,34,13,20,NA,Wyoming,Jeff Mitchell,D,1,1,0,0,,0,15.85365854,41.46341463,2.43902439,24.3902439,NA,0
Wyoming_2015 Q3,Wyoming,70,2015,10,1,34,7,18,NA,Wyoming,Jeff Mitchell,D,1,1,0,0,,0,14.28571429,48.57142857,1.428571429,25.71428571,NA,0
Wyoming_2015 Q4,Wyoming,123,2015,22,1,50,22,28,NA,Wyoming,Jeff Mitchell,D,1,1,0,0,,0,17.88617886,40.6504065,0.81300813,22.76422764,NA,0
Wyoming_2016 Q1,Wyoming,68,2016,13,3,31,8,13,NA,Wyoming,Jeff Mitchell,D,1,1,0,0,,0,19.11764706,45.58823529,4.411764706,19.11764706,NA,0.5
Wyoming_2016 Q2,Wyoming,138,2016,42,1,46,15,33,1,Wyoming,Jeff Mitchell,D,1,1,0,0,,0,30.43478261,33.33333333,0.724637681,23.91304348,0.724637681,0.5
Wyoming_2016 Q3,Wyoming,104,2016,17,3,36,6,41,1,Wyoming,Jeff Mitchell,D,1,1,0,0,,0,16.34615385,34.61538462,2.884615385,39.42307692,0.961538462,0.5
Wyoming_2016 Q4,Wyoming,104,2016,30,1,28,14,30,1,Wyoming,Jeff Mitchell,D,1,1,0,0,,0,28.84615385,26.92307692,0.961538462,28.84615385,0.961538462,0.5
Wyoming_2017 Q1,Wyoming,107,2017,25,3,29,10,39,1,Wyoming,Jeff Mitchell,D,1,1,0,0,,0,23.36448598,27.10280374,2.803738318,36.44859813,0.934579439,1
Wyoming_2017 Q2,Wyoming,102,2017,16,1,31,16,37,1,Wyoming,Jeff Mitchell,D,1,1,0,0,,0,15.68627451,30.39215686,0.980392157,36.2745098,0.980392157,1
Wyoming_2017 Q3,Wyoming,109,2017,33,1,32,10,33,NA,Wyoming,Jeff Mitchell,D,1,1,0,0,,0,30.27522936,29.35779817,0.917431193,30.27522936,NA,1
Wyoming_2017 Q4,Wyoming,70,2017,14,NA,25,8,23,NA,Wyoming,Jeff Mitchell,D,1,1,0,0,,0,20,35.71428571,NA,32.85714286,NA,1
Wyoming_2018 Q1,Wyoming,97,2018,29,NA,33,15,17,3,Wyoming,Jeff Mitchell,D,1,0,1,1,,0,29.89690722,34.02061856,NA,17.5257732,3.092783505,0
Wyoming_2018 Q2,Wyoming,83,2018,21,1,25,15,20,1,Wyoming,Jeff Mitchell,D,1,0,1,1,,0,25.30120482,30.12048193,1.204819277,24.09638554,1.204819277,0
Wyoming_2018 Q3,Wyoming,65,2018,9,NA,31,7,18,NA,Wyoming,Jeff Mitchell,D,1,0,1,1,,0,13.84615385,47.69230769,NA,27.69230769,NA,0
Wyoming_2018 Q4,Wyoming,91,2018,17,NA,39,17,18,NA,Wyoming,Jeff Mitchell,D,1,0,1,1,,0,18.68131868,42.85714286,NA,19.78021978,NA,0
Wyoming_2019 Q1,Wyoming,92,2019,28,NA,32,8,23,1,Wyoming,Jeff Mitchell,D,1,0,1,1,,0,30.43478261,34.7826087,NA,25,1.086956522,0
Wyoming_2019 Q2,Wyoming,88,2019,19,3,29,14,22,1,Wyoming,Jeff Mitchell,D,1,0,1,1,,0,21.59090909,32.95454545,3.409090909,25,1.136363636,0
Wyoming_2019 Q3,Wyoming,65,2019,10,NA,25,12,18,NA,Wyoming,Jeff Mitchell,D,1,0,1,1,,0,15.38461538,38.46153846,NA,27.69230769,NA,0
Wyoming_2019 Q4,Wyoming,86,2019,16,NA,38,12,20,NA,Wyoming,Jeff Mitchell,D,1,0,1,1,,0,18.60465116,44.18604651,NA,23.25581395,NA,0
Wyoming_2020 Q1,Wyoming,72,2020,22,NA,23,10,14,3,Wyoming,Jeff Mitchell,D,1,0,1,1,,0,30.55555556,31.94444444,NA,19.44444444,4.166666667,0.5
Wyoming_2020 Q2,Wyoming,75,2020,23,NA,33,4,15,NA,Wyoming,Jeff Mitchell,D,1,0,1,1,,0,30.66666667,44,NA,20,NA,0.5
Wyoming_2020 Q3,Wyoming,57,2020,6,NA,28,9,14,NA,Wyoming,Jeff Mitchell,D,1,0,1,1,,0,10.52631579,49.12280702,NA,24.56140351,NA,0.5
Wyoming_2020 Q4,Wyoming,72,2020,8,NA,28,5,31,NA,Wyoming,Jeff Mitchell,D,1,0,1,1,,0,11.11111111,38.88888889,NA,43.05555556,NA,0.5
Wyoming_2021 Q1,Wyoming,94,2021,21,NA,19,8,44,2,Wyoming,Jeff Mitchell,D,1,0,1,1,,0,22.34042553,20.21276596,NA,46.80851064,2.127659574,1
Wyoming_2021 Q2,Wyoming,98,2021,18,NA,35,6,38,1,Wyoming,Jeff Mitchell,D,1,0,1,1,,0,18.36734694,35.71428571,NA,38.7755102,1.020408163,1
Wyoming_2021 Q3,Wyoming,69,2021,14,NA,26,5,23,1,Wyoming,Jeff Mitchell,D,1,0,1,1,,0,20.28985507,37.68115942,NA,33.33333333,1.449275362,1
Wyoming_2021 Q4,Wyoming,62,2021,14,NA,23,9,16,NA,Wyoming,Jeff Mitchell,D,1,0,1,1,,0,22.58064516,37.09677419,NA,25.80645161,NA,1
York_2013 Q1,York,2184,2013,267,5,503,373,1028,8,York,Tom Kearney,R,1,1,1,0,,0,12.22527473,23.03113553,0.228937729,47.06959707,0.366300366,1
York_2013 Q2,York,1742,2013,169,7,468,310,775,13,York,Tom Kearney,R,0,NA,NA,NA,,0,9.701492537,26.86567164,0.401836969,44.489093,0.746268657,0
York_2013 Q3,York,1891,2013,251,10,402,344,870,14,York,Tom Kearney,R,0,NA,NA,NA,,0,13.27340032,21.25859334,0.52882073,46.00740349,0.740349022,0
York_2013 Q4,York,1669,2013,174,21,348,274,845,7,York,Tom Kearney,R,0,NA,NA,NA,,0,10.42540443,20.85080887,1.258238466,50.62911923,0.419412822,0
York_2014 Q1,York,2231,2014,313,2,441,328,1136,11,York,Tom Kearney,R,0,NA,NA,NA,,0,14.02958315,19.76692066,0.089645899,50.91887046,0.493052443,0
York_2014 Q2,York,1940,2014,233,11,454,257,977,8,York,Tom Kearney,R,0,NA,NA,NA,,0,12.01030928,23.40206186,0.567010309,50.36082474,0.412371134,0
York_2014 Q3,York,2004,2014,207,3,423,380,983,8,York,Tom Kearney,R,0,NA,NA,NA,,0,10.32934132,21.10778443,0.149700599,49.05189621,0.399201597,0
York_2014 Q4,York,1757,2014,172,8,403,305,862,7,York,Tom Kearney,R,0,NA,NA,NA,,0,9.789413773,22.93682413,0.455321571,49.06089926,0.398406375,0
York_2015 Q1,York,1207,2015,137,7,313,188,554,8,York,Tom Kearney,R,0,NA,NA,NA,,0,11.35045568,25.93206297,0.57995029,45.89892295,0.662800331,0
York_2015 Q2,York,1930,2015,203,5,502,236,973,11,York,Tom Kearney,R,0,NA,NA,NA,,0,10.51813472,26.01036269,0.259067358,50.41450777,0.569948187,0
York_2015 Q3,York,1243,2015,105,23,283,197,630,5,York,Tom Kearney,R,0,NA,NA,NA,,0,8.447304907,22.76749799,1.850362027,50.68382944,0.402252615,0
York_2015 Q4,York,2006,2015,194,NA,523,319,962,8,York,Tom Kearney,R,0,NA,NA,NA,,0,9.670987039,26.07178465,NA,47.95613161,0.398803589,0
York_2016 Q1,York,1421,2016,112,25,347,260,659,18,York,Tom Kearney,R,0,NA,NA,NA,,0,7.881773399,24.41942294,1.759324419,46.3757917,1.266713582,0.5
York_2016 Q2,York,2318,2016,194,8,585,343,1167,21,York,Tom Kearney,R,0,NA,NA,NA,,0,8.369283865,25.23727351,0.345125108,50.34512511,0.905953408,0.5
York_2016 Q3,York,1702,2016,229,6,373,253,830,11,York,Tom Kearney,R,0,NA,NA,NA,,0,13.45475911,21.91539365,0.352526439,48.76615746,0.646298472,0.5
York_2016 Q4,York,1854,2016,160,17,407,258,998,14,York,Tom Kearney,R,0,NA,NA,NA,,0,8.629989213,21.95253506,0.916936354,53.82955771,0.755124056,0.5
York_2017 Q1,York,1413,2017,166,7,374,194,663,9,York,Tom Kearney,R,0,NA,0,0,,0,11.74805379,26.46850672,0.495399858,46.92144374,0.636942675,1
York_2017 Q2,York,2015,2017,192,16,475,278,1041,13,York,Tom Kearney,R,0,NA,0,0,,0,9.52853598,23.57320099,0.794044665,51.66253102,0.64516129,1
York_2017 Q3,York,1419,2017,144,3,323,208,726,15,York,Tom Kearney,R,0,NA,0,0,,0,10.14799154,22.76250881,0.21141649,51.1627907,1.057082452,1
York_2017 Q4,York,1962,2017,240,6,398,329,978,11,York,Tom Kearney,R,0,NA,0,0,,0,12.2324159,20.28542304,0.305810398,49.8470948,0.560652396,1
York_2018 Q1,York,1496,2018,144,11,355,251,723,12,York,Dave Sunday,R,1,1,0,0,,0,9.625668449,23.72994652,0.735294118,48.32887701,0.802139037,0
York_2018 Q2,York,1809,2018,150,40,384,295,930,10,York,Dave Sunday,R,1,1,0,0,,0,8.291873964,21.22719735,2.21116639,51.40961857,0.552791598,0
York_2018 Q3,York,1441,2018,156,29,307,257,667,25,York,Dave Sunday,R,1,1,0,0,,0,10.82581541,21.30464955,2.012491325,46.28730049,1.734906315,0
York_2018 Q4,York,1692,2018,209,19,322,275,848,19,York,Dave Sunday,R,1,1,0,0,,0,12.35224586,19.03073286,1.122931442,50.11820331,1.122931442,0
York_2019 Q1,York,1403,2019,183,30,255,276,631,28,York,Dave Sunday,R,1,1,0,0,,0,13.04347826,18.17533856,2.138275125,44.97505346,1.99572345,0
York_2019 Q2,York,1831,2019,164,37,375,335,898,22,York,Dave Sunday,R,1,1,0,0,,0,8.956854178,20.48061169,2.020753687,49.04423812,1.201529219,0
York_2019 Q3,York,1328,2019,97,17,293,273,633,15,York,Dave Sunday,R,1,1,0,0,,0,7.304216867,22.06325301,1.280120482,47.66566265,1.129518072,0
York_2019 Q4,York,1768,2019,139,5,366,420,822,16,York,Dave Sunday,R,1,1,0,0,,0,7.86199095,20.70135747,0.28280543,46.49321267,0.904977376,0
York_2020 Q1,York,1118,2020,161,NA,227,226,479,25,York,Dave Sunday,R,1,1,0,0,,0,14.40071556,20.30411449,NA,42.84436494,2.236135957,0.5
York_2020 Q2,York,754,2020,89,NA,185,179,268,33,York,Dave Sunday,R,1,1,0,0,,0,11.80371353,24.53580902,NA,35.54376658,4.376657825,0.5
York_2020 Q3,York,1035,2020,75,NA,187,270,463,40,York,Dave Sunday,R,1,1,0,0,,0,7.246376812,18.06763285,NA,44.73429952,3.8647343,0.5
York_2020 Q4,York,1027,2020,93,NA,165,265,458,46,York,Dave Sunday,R,1,1,0,0,,0,9.055501461,16.06621227,NA,44.59591042,4.479065239,0.5
York_2021 Q1,York,1169,2021,102,NA,194,306,509,58,York,Dave Sunday,R,1,1,0,0,,0,8.72540633,16.59538067,NA,43.54148845,4.96150556,1
York_2021 Q2,York,1179,2021,134,NA,190,285,513,57,York,Dave Sunday,R,1,1,0,0,,0,11.36556404,16.11535199,NA,43.51145038,4.834605598,1
York_2021 Q3,York,1171,2021,128,NA,233,242,520,48,York,Dave Sunday,R,1,1,0,0,,0,10.93082835,19.89752348,NA,44.40649018,4.099060632,1
York_2021 Q4,York,1172,2021,165,NA,188,271,501,47,York,Dave Sunday,R,1,1,0,0,,0,14.07849829,16.04095563,NA,42.74744027,4.010238908,1
